mtllib STATION_HOME.mtl
o STATION_HOME_M01CMD_Deck-col
usemtl Deck
v -8.5000 -0.3000 -0.0000
v 8.5000 -0.3000 -0.0000
v -8.5000 -0.3000 -30.0000
v 8.5000 -0.3000 -30.0000
v -8.5000 0.0000 -0.0000
v 8.5000 0.0000 -0.0000
v -8.5000 0.0000 -30.0000
v 8.5000 0.0000 -30.0000
v -8.5000 3.7000 -20.0000
v 8.5000 3.7000 -20.0000
v -8.5000 3.7000 -30.0000
v 8.5000 3.7000 -30.0000
v -8.5000 4.0000 -20.0000
v 8.5000 4.0000 -20.0000
v -8.5000 4.0000 -30.0000
v 8.5000 4.0000 -30.0000
f 5 7 3 1
f 2 4 8 6
f 1 2 6 5
f 7 8 4 3
f 3 4 2 1
f 5 6 8 7
f 13 15 11 9
f 10 12 16 14
f 9 10 14 13
f 15 16 12 11
f 11 12 10 9
f 13 14 16 15
o STATION_HOME_M01CMD_Hull-col
usemtl Hull
v -9.0000 8.0000 0.4000
v 9.0000 8.0000 0.4000
v -9.0000 8.0000 -30.4000
v 9.0000 8.0000 -30.4000
v -9.0000 8.4000 0.4000
v 9.0000 8.4000 0.4000
v -9.0000 8.4000 -30.4000
v 9.0000 8.4000 -30.4000
v -9.0000 -0.7000 0.4000
v 9.0000 -0.7000 0.4000
v -9.0000 -0.7000 -30.4000
v 9.0000 -0.7000 -30.4000
v -9.0000 -0.3000 0.4000
v 9.0000 -0.3000 0.4000
v -9.0000 -0.3000 -30.4000
v 9.0000 -0.3000 -30.4000
v -9.0000 -0.3000 -0.0000
v -8.5000 -0.3000 -0.0000
v -9.0000 -0.3000 -9.0000
v -8.5000 -0.3000 -9.0000
v -9.0000 8.0000 -0.0000
v -8.5000 8.0000 -0.0000
v -9.0000 8.0000 -9.0000
v -8.5000 8.0000 -9.0000
v -9.0000 -0.3000 -9.0000
v -8.5000 -0.3000 -9.0000
v -9.0000 -0.3000 -11.0000
v -8.5000 -0.3000 -11.0000
v -9.0000 0.0000 -9.0000
v -8.5000 0.0000 -9.0000
v -9.0000 0.0000 -11.0000
v -8.5000 0.0000 -11.0000
v -9.0000 2.6000 -9.0000
v -8.5000 2.6000 -9.0000
v -9.0000 2.6000 -11.0000
v -8.5000 2.6000 -11.0000
v -9.0000 8.0000 -9.0000
v -8.5000 8.0000 -9.0000
v -9.0000 8.0000 -11.0000
v -8.5000 8.0000 -11.0000
v -9.0000 -0.3000 -11.0000
v -8.5000 -0.3000 -11.0000
v -9.0000 -0.3000 -30.0000
v -8.5000 -0.3000 -30.0000
v -9.0000 8.0000 -11.0000
v -8.5000 8.0000 -11.0000
v -9.0000 8.0000 -30.0000
v -8.5000 8.0000 -30.0000
v 8.5000 -0.3000 -0.0000
v 9.0000 -0.3000 -0.0000
v 8.5000 -0.3000 -9.0000
v 9.0000 -0.3000 -9.0000
v 8.5000 8.0000 -0.0000
v 9.0000 8.0000 -0.0000
v 8.5000 8.0000 -9.0000
v 9.0000 8.0000 -9.0000
v 8.5000 -0.3000 -9.0000
v 9.0000 -0.3000 -9.0000
v 8.5000 -0.3000 -11.0000
v 9.0000 -0.3000 -11.0000
v 8.5000 0.0000 -9.0000
v 9.0000 0.0000 -9.0000
v 8.5000 0.0000 -11.0000
v 9.0000 0.0000 -11.0000
v 8.5000 2.6000 -9.0000
v 9.0000 2.6000 -9.0000
v 8.5000 2.6000 -11.0000
v 9.0000 2.6000 -11.0000
v 8.5000 8.0000 -9.0000
v 9.0000 8.0000 -9.0000
v 8.5000 8.0000 -11.0000
v 9.0000 8.0000 -11.0000
v 8.5000 -0.3000 -11.0000
v 9.0000 -0.3000 -11.0000
v 8.5000 -0.3000 -30.0000
v 9.0000 -0.3000 -30.0000
v 8.5000 8.0000 -11.0000
v 9.0000 8.0000 -11.0000
v 8.5000 8.0000 -30.0000
v 9.0000 8.0000 -30.0000
v -9.0000 -0.3000 0.4000
v -0.9000 -0.3000 0.4000
v -9.0000 -0.3000 -0.0000
v -0.9000 -0.3000 -0.0000
v -9.0000 8.0000 0.4000
v -0.9000 8.0000 0.4000
v -9.0000 8.0000 -0.0000
v -0.9000 8.0000 -0.0000
v -0.9000 -0.3000 0.4000
v 0.9000 -0.3000 0.4000
v -0.9000 -0.3000 -0.0000
v 0.9000 -0.3000 -0.0000
v -0.9000 0.0000 0.4000
v 0.9000 0.0000 0.4000
v -0.9000 0.0000 -0.0000
v 0.9000 0.0000 -0.0000
v -0.9000 2.8000 0.4000
v 0.9000 2.8000 0.4000
v -0.9000 2.8000 -0.0000
v 0.9000 2.8000 -0.0000
v -0.9000 8.0000 0.4000
v 0.9000 8.0000 0.4000
v -0.9000 8.0000 -0.0000
v 0.9000 8.0000 -0.0000
v 0.9000 -0.3000 0.4000
v 9.0000 -0.3000 0.4000
v 0.9000 -0.3000 -0.0000
v 9.0000 -0.3000 -0.0000
v 0.9000 8.0000 0.4000
v 9.0000 8.0000 0.4000
v 0.9000 8.0000 -0.0000
v 9.0000 8.0000 -0.0000
v -9.0000 -0.3000 -30.0000
v -0.9000 -0.3000 -30.0000
v -9.0000 -0.3000 -30.4000
v -0.9000 -0.3000 -30.4000
v -9.0000 8.0000 -30.0000
v -0.9000 8.0000 -30.0000
v -9.0000 8.0000 -30.4000
v -0.9000 8.0000 -30.4000
v -0.9000 -0.3000 -30.0000
v 0.9000 -0.3000 -30.0000
v -0.9000 -0.3000 -30.4000
v 0.9000 -0.3000 -30.4000
v -0.9000 0.0000 -30.0000
v 0.9000 0.0000 -30.0000
v -0.9000 0.0000 -30.4000
v 0.9000 0.0000 -30.4000
v -0.9000 2.8000 -30.0000
v 0.9000 2.8000 -30.0000
v -0.9000 2.8000 -30.4000
v 0.9000 2.8000 -30.4000
v -0.9000 8.0000 -30.0000
v 0.9000 8.0000 -30.0000
v -0.9000 8.0000 -30.4000
v 0.9000 8.0000 -30.4000
v 0.9000 -0.3000 -30.0000
v 9.0000 -0.3000 -30.0000
v 0.9000 -0.3000 -30.4000
v 9.0000 -0.3000 -30.4000
v 0.9000 8.0000 -30.0000
v 9.0000 8.0000 -30.0000
v 0.9000 8.0000 -30.4000
v 9.0000 8.0000 -30.4000
f 21 23 19 17
f 18 20 24 22
f 17 18 22 21
f 23 24 20 19
f 19 20 18 17
f 21 22 24 23
f 29 31 27 25
f 26 28 32 30
f 25 26 30 29
f 31 32 28 27
f 27 28 26 25
f 29 30 32 31
f 37 39 35 33
f 34 36 40 38
f 33 34 38 37
f 39 40 36 35
f 35 36 34 33
f 37 38 40 39
f 45 47 43 41
f 42 44 48 46
f 41 42 46 45
f 47 48 44 43
f 43 44 42 41
f 45 46 48 47
f 53 55 51 49
f 50 52 56 54
f 49 50 54 53
f 55 56 52 51
f 51 52 50 49
f 53 54 56 55
f 61 63 59 57
f 58 60 64 62
f 57 58 62 61
f 63 64 60 59
f 59 60 58 57
f 61 62 64 63
f 69 71 67 65
f 66 68 72 70
f 65 66 70 69
f 71 72 68 67
f 67 68 66 65
f 69 70 72 71
f 77 79 75 73
f 74 76 80 78
f 73 74 78 77
f 79 80 76 75
f 75 76 74 73
f 77 78 80 79
f 85 87 83 81
f 82 84 88 86
f 81 82 86 85
f 87 88 84 83
f 83 84 82 81
f 85 86 88 87
f 93 95 91 89
f 90 92 96 94
f 89 90 94 93
f 95 96 92 91
f 91 92 90 89
f 93 94 96 95
f 101 103 99 97
f 98 100 104 102
f 97 98 102 101
f 103 104 100 99
f 99 100 98 97
f 101 102 104 103
f 109 111 107 105
f 106 108 112 110
f 105 106 110 109
f 111 112 108 107
f 107 108 106 105
f 109 110 112 111
f 117 119 115 113
f 114 116 120 118
f 113 114 118 117
f 119 120 116 115
f 115 116 114 113
f 117 118 120 119
f 125 127 123 121
f 122 124 128 126
f 121 122 126 125
f 127 128 124 123
f 123 124 122 121
f 125 126 128 127
f 133 135 131 129
f 130 132 136 134
f 129 130 134 133
f 135 136 132 131
f 131 132 130 129
f 133 134 136 135
f 141 143 139 137
f 138 140 144 142
f 137 138 142 141
f 143 144 140 139
f 139 140 138 137
f 141 142 144 143
f 149 151 147 145
f 146 148 152 150
f 145 146 150 149
f 151 152 148 147
f 147 148 146 145
f 149 150 152 151
f 157 159 155 153
f 154 156 160 158
f 153 154 158 157
f 159 160 156 155
f 155 156 154 153
f 157 158 160 159
o STATION_HOME_M01CMD_Interior-col
usemtl Interior
v -8.5000 0.0000 -19.9000
v -1.2000 0.0000 -19.9000
v -8.5000 0.0000 -20.1000
v -1.2000 0.0000 -20.1000
v -8.5000 4.0000 -19.9000
v -1.2000 4.0000 -19.9000
v -8.5000 4.0000 -20.1000
v -1.2000 4.0000 -20.1000
v -1.2000 3.0000 -19.9000
v 1.2000 3.0000 -19.9000
v -1.2000 3.0000 -20.1000
v 1.2000 3.0000 -20.1000
v -1.2000 4.0000 -19.9000
v 1.2000 4.0000 -19.9000
v -1.2000 4.0000 -20.1000
v 1.2000 4.0000 -20.1000
v 1.2000 0.0000 -19.9000
v 8.5000 0.0000 -19.9000
v 1.2000 0.0000 -20.1000
v 8.5000 0.0000 -20.1000
v 1.2000 4.0000 -19.9000
v 8.5000 4.0000 -19.9000
v 1.2000 4.0000 -20.1000
v 8.5000 4.0000 -20.1000
v -1.4000 0.0000 -20.0000
v -1.2000 0.0000 -20.0000
v -1.4000 0.0000 -24.2000
v -1.2000 0.0000 -24.2000
v -1.4000 4.0000 -20.0000
v -1.2000 4.0000 -20.0000
v -1.4000 4.0000 -24.2000
v -1.2000 4.0000 -24.2000
v -1.4000 2.6000 -24.2000
v -1.2000 2.6000 -24.2000
v -1.4000 2.6000 -25.8000
v -1.2000 2.6000 -25.8000
v -1.4000 4.0000 -24.2000
v -1.2000 4.0000 -24.2000
v -1.4000 4.0000 -25.8000
v -1.2000 4.0000 -25.8000
v -1.4000 0.0000 -25.8000
v -1.2000 0.0000 -25.8000
v -1.4000 0.0000 -30.0000
v -1.2000 0.0000 -30.0000
v -1.4000 4.0000 -25.8000
v -1.2000 4.0000 -25.8000
v -1.4000 4.0000 -30.0000
v -1.2000 4.0000 -30.0000
v 1.2000 0.0000 -20.0000
v 1.4000 0.0000 -20.0000
v 1.2000 0.0000 -24.2000
v 1.4000 0.0000 -24.2000
v 1.2000 4.0000 -20.0000
v 1.4000 4.0000 -20.0000
v 1.2000 4.0000 -24.2000
v 1.4000 4.0000 -24.2000
v 1.2000 2.6000 -24.2000
v 1.4000 2.6000 -24.2000
v 1.2000 2.6000 -25.8000
v 1.4000 2.6000 -25.8000
v 1.2000 4.0000 -24.2000
v 1.4000 4.0000 -24.2000
v 1.2000 4.0000 -25.8000
v 1.4000 4.0000 -25.8000
v 1.2000 0.0000 -25.8000
v 1.4000 0.0000 -25.8000
v 1.2000 0.0000 -30.0000
v 1.4000 0.0000 -30.0000
v 1.2000 4.0000 -25.8000
v 1.4000 4.0000 -25.8000
v 1.2000 4.0000 -30.0000
v 1.4000 4.0000 -30.0000
f 165 167 163 161
f 162 164 168 166
f 161 162 166 165
f 167 168 164 163
f 163 164 162 161
f 165 166 168 167
f 173 175 171 169
f 170 172 176 174
f 169 170 174 173
f 175 176 172 171
f 171 172 170 169
f 173 174 176 175
f 181 183 179 177
f 178 180 184 182
f 177 178 182 181
f 183 184 180 179
f 179 180 178 177
f 181 182 184 183
f 189 191 187 185
f 186 188 192 190
f 185 186 190 189
f 191 192 188 187
f 187 188 186 185
f 189 190 192 191
f 197 199 195 193
f 194 196 200 198
f 193 194 198 197
f 199 200 196 195
f 195 196 194 193
f 197 198 200 199
f 205 207 203 201
f 202 204 208 206
f 201 202 206 205
f 207 208 204 203
f 203 204 202 201
f 205 206 208 207
f 213 215 211 209
f 210 212 216 214
f 209 210 214 213
f 215 216 212 211
f 211 212 210 209
f 213 214 216 215
f 221 223 219 217
f 218 220 224 222
f 217 218 222 221
f 223 224 220 219
f 219 220 218 217
f 221 222 224 223
f 229 231 227 225
f 226 228 232 230
f 225 226 230 229
f 231 232 228 227
f 227 228 226 225
f 229 230 232 231
o STATION_HOME_M01CMD_Furniture-col
usemtl Furniture
v 7.7000 0.0000 -20.6000
v 8.4000 0.0000 -20.6000
v 7.7000 0.0000 -29.4000
v 8.4000 0.0000 -29.4000
v 7.7000 1.1000 -20.6000
v 8.4000 1.1000 -20.6000
v 7.7000 1.1000 -29.4000
v 8.4000 1.1000 -29.4000
v -8.4000 0.0000 -20.6000
v -7.9000 0.0000 -20.6000
v -8.4000 0.0000 -23.0000
v -7.9000 0.0000 -23.0000
v -8.4000 2.0000 -20.6000
v -7.9000 2.0000 -20.6000
v -8.4000 2.0000 -23.0000
v -7.9000 2.0000 -23.0000
v -4.0000 0.0000 -24.4000
v -2.6000 0.0000 -24.4000
v -4.0000 0.0000 -25.6000
v -2.6000 0.0000 -25.6000
v -4.0000 0.7500 -24.4000
v -2.6000 0.7500 -24.4000
v -4.0000 0.7500 -25.6000
v -2.6000 0.7500 -25.6000
v 0.8500 0.0000 -20.4000
v 1.2000 0.0000 -20.4000
v 0.8500 0.0000 -21.6000
v 1.2000 0.0000 -21.6000
v 0.8500 2.0000 -20.4000
v 1.2000 2.0000 -20.4000
v 0.8500 2.0000 -21.6000
v 1.2000 2.0000 -21.6000
v -2.4000 0.0000 -10.0000
v -2.5608 0.0000 -10.6000
v -3.0000 0.0000 -11.0392
v -3.6000 0.0000 -11.2000
v -4.2000 0.0000 -11.0392
v -4.6392 0.0000 -10.6000
v -4.8000 0.0000 -10.0000
v -4.6392 0.0000 -9.4000
v -4.2000 0.0000 -8.9608
v -3.6000 0.0000 -8.8000
v -3.0000 0.0000 -8.9608
v -2.5608 0.0000 -9.4000
v -2.4000 0.9000 -10.0000
v -2.5608 0.9000 -10.6000
v -3.0000 0.9000 -11.0392
v -3.6000 0.9000 -11.2000
v -4.2000 0.9000 -11.0392
v -4.6392 0.9000 -10.6000
v -4.8000 0.9000 -10.0000
v -4.6392 0.9000 -9.4000
v -4.2000 0.9000 -8.9608
v -3.6000 0.9000 -8.8000
v -3.0000 0.9000 -8.9608
v -2.5608 0.9000 -9.4000
v -8.4500 0.6000 -4.7000
v -8.0500 0.6000 -4.7000
v -8.4500 0.6000 -5.7000
v -8.0500 0.6000 -5.7000
v -8.4500 2.0000 -4.7000
v -8.0500 2.0000 -4.7000
v -8.4500 2.0000 -5.7000
v -8.0500 2.0000 -5.7000
v 8.0500 0.6000 -9.5000
v 8.4500 0.6000 -9.5000
v 8.0500 0.6000 -10.5000
v 8.4500 0.6000 -10.5000
v 8.0500 2.0000 -9.5000
v 8.4500 2.0000 -9.5000
v 8.0500 2.0000 -10.5000
v 8.4500 2.0000 -10.5000
v -8.4500 0.6000 -14.3000
v -8.0500 0.6000 -14.3000
v -8.4500 0.6000 -15.3000
v -8.0500 0.6000 -15.3000
v -8.4500 2.0000 -14.3000
v -8.0500 2.0000 -14.3000
v -8.4500 2.0000 -15.3000
v -8.0500 2.0000 -15.3000
f 237 239 235 233
f 234 236 240 238
f 233 234 238 237
f 239 240 236 235
f 235 236 234 233
f 237 238 240 239
f 245 247 243 241
f 242 244 248 246
f 241 242 246 245
f 247 248 244 243
f 243 244 242 241
f 245 246 248 247
f 253 255 251 249
f 250 252 256 254
f 249 250 254 253
f 255 256 252 251
f 251 252 250 249
f 253 254 256 255
f 261 263 259 257
f 258 260 264 262
f 257 258 262 261
f 263 264 260 259
f 259 260 258 257
f 261 262 264 263
f 265 266 278 277
f 266 267 279 278
f 267 268 280 279
f 268 269 281 280
f 269 270 282 281
f 270 271 283 282
f 271 272 284 283
f 272 273 285 284
f 273 274 286 285
f 274 275 287 286
f 275 276 288 287
f 276 265 277 288
f 276 275 274 273 272 271 270 269 268 267 266 265
f 277 278 279 280 281 282 283 284 285 286 287 288
f 293 295 291 289
f 290 292 296 294
f 289 290 294 293
f 295 296 292 291
f 291 292 290 289
f 293 294 296 295
f 301 303 299 297
f 298 300 304 302
f 297 298 302 301
f 303 304 300 299
f 299 300 298 297
f 301 302 304 303
f 309 311 307 305
f 306 308 312 310
f 305 306 310 309
f 311 312 308 307
f 307 308 306 305
f 309 310 312 311
o STATION_HOME_M01CMD_Cover-col
usemtl Cover
v -3.6000 0.0000 -4.7000
v -2.6000 0.0000 -4.7000
v -3.6000 0.0000 -5.7000
v -2.6000 0.0000 -5.7000
v -3.6000 1.1000 -4.7000
v -2.6000 1.1000 -4.7000
v -3.6000 1.1000 -5.7000
v -2.6000 1.1000 -5.7000
v -3.6000 0.0000 -14.3000
v -2.6000 0.0000 -14.3000
v -3.6000 0.0000 -15.3000
v -2.6000 0.0000 -15.3000
v -3.6000 1.1000 -14.3000
v -2.6000 1.1000 -14.3000
v -3.6000 1.1000 -15.3000
v -2.6000 1.1000 -15.3000
f 317 319 315 313
f 314 316 320 318
f 313 314 318 317
f 319 320 316 315
f 315 316 314 313
f 317 318 320 319
f 325 327 323 321
f 322 324 328 326
f 321 322 326 325
f 327 328 324 323
f 323 324 322 321
f 325 326 328 327
o STATION_HOME_M01CMD_Hazard
usemtl Hazard
v -9.1200 0.0000 -8.7000
v -9.0000 0.0000 -8.7000
v -9.1200 0.0000 -9.0000
v -9.0000 0.0000 -9.0000
v -9.1200 2.9000 -8.7000
v -9.0000 2.9000 -8.7000
v -9.1200 2.9000 -9.0000
v -9.0000 2.9000 -9.0000
v -9.1200 0.0000 -11.0000
v -9.0000 0.0000 -11.0000
v -9.1200 0.0000 -11.3000
v -9.0000 0.0000 -11.3000
v -9.1200 2.9000 -11.0000
v -9.0000 2.9000 -11.0000
v -9.1200 2.9000 -11.3000
v -9.0000 2.9000 -11.3000
v 9.0000 0.0000 -8.7000
v 9.1200 0.0000 -8.7000
v 9.0000 0.0000 -9.0000
v 9.1200 0.0000 -9.0000
v 9.0000 2.9000 -8.7000
v 9.1200 2.9000 -8.7000
v 9.0000 2.9000 -9.0000
v 9.1200 2.9000 -9.0000
v 9.0000 0.0000 -11.0000
v 9.1200 0.0000 -11.0000
v 9.0000 0.0000 -11.3000
v 9.1200 0.0000 -11.3000
v 9.0000 2.9000 -11.0000
v 9.1200 2.9000 -11.0000
v 9.0000 2.9000 -11.3000
v 9.1200 2.9000 -11.3000
v -1.2000 2.8000 0.4400
v 1.2000 2.8000 0.4400
v -1.2000 2.8000 0.4000
v 1.2000 2.8000 0.4000
v -1.2000 3.0000 0.4400
v 1.2000 3.0000 0.4400
v -1.2000 3.0000 0.4000
v 1.2000 3.0000 0.4000
v -8.0500 1.8000 -4.7000
v -8.0300 1.8000 -4.7000
v -8.0500 1.8000 -5.7000
v -8.0300 1.8000 -5.7000
v -8.0500 2.0000 -4.7000
v -8.0300 2.0000 -4.7000
v -8.0500 2.0000 -5.7000
v -8.0300 2.0000 -5.7000
v 8.0300 1.8000 -9.5000
v 8.0500 1.8000 -9.5000
v 8.0300 1.8000 -10.5000
v 8.0500 1.8000 -10.5000
v 8.0300 2.0000 -9.5000
v 8.0500 2.0000 -9.5000
v 8.0300 2.0000 -10.5000
v 8.0500 2.0000 -10.5000
v -8.0500 1.8000 -14.3000
v -8.0300 1.8000 -14.3000
v -8.0500 1.8000 -15.3000
v -8.0300 1.8000 -15.3000
v -8.0500 2.0000 -14.3000
v -8.0300 2.0000 -14.3000
v -8.0500 2.0000 -15.3000
v -8.0300 2.0000 -15.3000
f 333 335 331 329
f 330 332 336 334
f 329 330 334 333
f 335 336 332 331
f 331 332 330 329
f 333 334 336 335
f 341 343 339 337
f 338 340 344 342
f 337 338 342 341
f 343 344 340 339
f 339 340 338 337
f 341 342 344 343
f 349 351 347 345
f 346 348 352 350
f 345 346 350 349
f 351 352 348 347
f 347 348 346 345
f 349 350 352 351
f 357 359 355 353
f 354 356 360 358
f 353 354 358 357
f 359 360 356 355
f 355 356 354 353
f 357 358 360 359
f 365 367 363 361
f 362 364 368 366
f 361 362 366 365
f 367 368 364 363
f 363 364 362 361
f 365 366 368 367
f 373 375 371 369
f 370 372 376 374
f 369 370 374 373
f 375 376 372 371
f 371 372 370 369
f 373 374 376 375
f 381 383 379 377
f 378 380 384 382
f 377 378 382 381
f 383 384 380 379
f 379 380 378 377
f 381 382 384 383
f 389 391 387 385
f 386 388 392 390
f 385 386 390 389
f 391 392 388 387
f 387 388 386 385
f 389 390 392 391
o STATION_HOME_M01CMD_Lights
usemtl Lights
v 7.6800 0.8000 -20.8000
v 7.7000 0.8000 -20.8000
v 7.6800 0.8000 -29.2000
v 7.7000 0.8000 -29.2000
v 7.6800 1.0500 -20.8000
v 7.7000 1.0500 -20.8000
v 7.6800 1.0500 -29.2000
v 7.7000 1.0500 -29.2000
v 2.7000 1.0000 -24.3000
v 3.7000 1.0000 -24.3000
v 2.7000 1.0000 -25.7000
v 3.7000 1.0000 -25.7000
v 2.7000 1.0300 -24.3000
v 3.7000 1.0300 -24.3000
v 2.7000 1.0300 -25.7000
v 3.7000 1.0300 -25.7000
v -0.3000 3.6200 -20.5000
v 0.3000 3.6200 -20.5000
v -0.3000 3.6200 -29.5000
v 0.3000 3.6200 -29.5000
v -0.3000 3.7000 -20.5000
v 0.3000 3.7000 -20.5000
v -0.3000 3.7000 -29.5000
v 0.3000 3.7000 -29.5000
v -0.4000 7.8800 -0.9000
v 0.4000 7.8800 -0.9000
v -0.4000 7.8800 -19.1000
v 0.4000 7.8800 -19.1000
v -0.4000 7.9600 -0.9000
v 0.4000 7.9600 -0.9000
v -0.4000 7.9600 -19.1000
v 0.4000 7.9600 -19.1000
v -2.6000 10.0000 -26.9500
v 2.6000 10.0000 -26.9500
v -2.6000 10.0000 -27.0200
v 2.6000 10.0000 -27.0200
v -2.6000 10.3000 -26.9500
v 2.6000 10.3000 -26.9500
v -2.6000 10.3000 -27.0200
v 2.6000 10.3000 -27.0200
f 397 399 395 393
f 394 396 400 398
f 393 394 398 397
f 399 400 396 395
f 395 396 394 393
f 397 398 400 399
f 405 407 403 401
f 402 404 408 406
f 401 402 406 405
f 407 408 404 403
f 403 404 402 401
f 405 406 408 407
f 413 415 411 409
f 410 412 416 414
f 409 410 414 413
f 415 416 412 411
f 411 412 410 409
f 413 414 416 415
f 421 423 419 417
f 418 420 424 422
f 417 418 422 421
f 423 424 420 419
f 419 420 418 417
f 421 422 424 423
f 429 431 427 425
f 426 428 432 430
f 425 426 430 429
f 431 432 428 427
f 427 428 426 425
f 429 430 432 431
o STATION_HOME_M01CMD_Machinery-col
usemtl Engine
v 1.6000 0.0000 -1.4000
v 6.5000 0.0000 -1.4000
v 1.6000 0.0000 -18.6000
v 6.5000 0.0000 -18.6000
v 1.6000 2.4000 -1.4000
v 6.5000 2.4000 -1.4000
v 1.6000 2.4000 -18.6000
v 6.5000 2.4000 -18.6000
f 437 439 435 433
f 434 436 440 438
f 433 434 438 437
f 439 440 436 435
f 435 436 434 433
f 437 438 440 439
o STATION_HOME_M01CMD_Glow
usemtl EngineGlow
v -2.6000 0.9000 -10.0000
v -2.7340 0.9000 -10.5000
v -3.1000 0.9000 -10.8660
v -3.6000 0.9000 -11.0000
v -4.1000 0.9000 -10.8660
v -4.4660 0.9000 -10.5000
v -4.6000 0.9000 -10.0000
v -4.4660 0.9000 -9.5000
v -4.1000 0.9000 -9.1340
v -3.6000 0.9000 -9.0000
v -3.1000 0.9000 -9.1340
v -2.7340 0.9000 -9.5000
v -2.6000 0.9300 -10.0000
v -2.7340 0.9300 -10.5000
v -3.1000 0.9300 -10.8660
v -3.6000 0.9300 -11.0000
v -4.1000 0.9300 -10.8660
v -4.4660 0.9300 -10.5000
v -4.6000 0.9300 -10.0000
v -4.4660 0.9300 -9.5000
v -4.1000 0.9300 -9.1340
v -3.6000 0.9300 -9.0000
v -3.1000 0.9300 -9.1340
v -2.7340 0.9300 -9.5000
f 441 442 454 453
f 442 443 455 454
f 443 444 456 455
f 444 445 457 456
f 445 446 458 457
f 446 447 459 458
f 447 448 460 459
f 448 449 461 460
f 449 450 462 461
f 450 451 463 462
f 451 452 464 463
f 452 441 453 464
f 452 451 450 449 448 447 446 445 444 443 442 441
f 453 454 455 456 457 458 459 460 461 462 463 464
o STATION_HOME_M01CMD_Armor
usemtl Armor
v -4.0000 8.4000 -9.0000
v 4.0000 8.4000 -9.0000
v -4.0000 8.4000 -27.0000
v 4.0000 8.4000 -27.0000
v -2.5000 10.9000 -9.0000
v 2.5000 10.9000 -9.0000
v -2.5000 10.9000 -27.0000
v 2.5000 10.9000 -27.0000
f 469 471 467 465
f 466 468 472 470
f 465 466 470 469
f 471 472 468 467
f 467 468 466 465
f 469 470 472 471
o STATION_HOME_M01CMD_AirlockPort_Door-col
usemtl Door
v -8.8000 0.0000 -8.9500
v -8.7000 0.0000 -8.9500
v -8.8000 0.0000 -11.0500
v -8.7000 0.0000 -11.0500
v -8.8000 2.6000 -8.9500
v -8.7000 2.6000 -8.9500
v -8.8000 2.6000 -11.0500
v -8.7000 2.6000 -11.0500
f 477 479 475 473
f 474 476 480 478
f 473 474 478 477
f 479 480 476 475
f 475 476 474 473
f 477 478 480 479
o STATION_HOME_M01CMD_AirlockStbd_Door-col
usemtl Door
v 8.7000 0.0000 -8.9500
v 8.8000 0.0000 -8.9500
v 8.7000 0.0000 -11.0500
v 8.8000 0.0000 -11.0500
v 8.7000 2.6000 -8.9500
v 8.8000 2.6000 -8.9500
v 8.7000 2.6000 -11.0500
v 8.8000 2.6000 -11.0500
f 485 487 483 481
f 482 484 488 486
f 481 482 486 485
f 487 488 484 483
f 483 484 482 481
f 485 486 488 487
o STATION_HOME_M01CMD_Connector_Back_Door-col
usemtl Door
v -0.9500 0.0000 0.2500
v 0.9500 0.0000 0.2500
v -0.9500 0.0000 0.1500
v 0.9500 0.0000 0.1500
v -0.9500 2.8000 0.2500
v 0.9500 2.8000 0.2500
v -0.9500 2.8000 0.1500
v 0.9500 2.8000 0.1500
f 493 495 491 489
f 490 492 496 494
f 489 490 494 493
f 495 496 492 491
f 491 492 490 489
f 493 494 496 495
o STATION_HOME_M01CMD_Connector_Front_Door-col
usemtl Door
v -0.9500 0.0000 -30.1500
v 0.9500 0.0000 -30.1500
v -0.9500 0.0000 -30.2500
v 0.9500 0.0000 -30.2500
v -0.9500 2.8000 -30.1500
v 0.9500 2.8000 -30.1500
v -0.9500 2.8000 -30.2500
v 0.9500 2.8000 -30.2500
f 501 503 499 497
f 498 500 504 502
f 497 498 502 501
f 503 504 500 499
f 499 500 498 497
f 501 502 504 503
o STATION_HOME_M01CMD_ControlConsole-col
usemtl Furniture
v 2.6000 0.0000 -24.2000
v 3.8000 0.0000 -24.2000
v 2.6000 0.0000 -25.8000
v 3.8000 0.0000 -25.8000
v 2.6000 1.0000 -24.2000
v 3.8000 1.0000 -24.2000
v 2.6000 1.0000 -25.8000
v 3.8000 1.0000 -25.8000
f 509 511 507 505
f 506 508 512 510
f 505 506 510 509
f 511 512 508 507
f 507 508 506 505
f 509 510 512 511
o STATION_HOME_M01CMD_StatusLight
usemtl Lights
v -0.5000 8.4000 -28.5000
v 0.5000 8.4000 -28.5000
v -0.5000 8.4000 -29.5000
v 0.5000 8.4000 -29.5000
v -0.5000 8.7000 -28.5000
v 0.5000 8.7000 -28.5000
v -0.5000 8.7000 -29.5000
v 0.5000 8.7000 -29.5000
f 517 519 515 513
f 514 516 520 518
f 513 514 518 517
f 519 520 516 515
f 515 516 514 513
f 517 518 520 519
o STATION_HOME_T01_Deck-col
usemtl Deck
v -1.4000 -0.3000 -30.4000
v 1.4000 -0.3000 -30.4000
v -1.4000 -0.3000 -45.6000
v 1.4000 -0.3000 -45.6000
v -1.4000 0.0000 -30.4000
v 1.4000 0.0000 -30.4000
v -1.4000 0.0000 -45.6000
v 1.4000 0.0000 -45.6000
f 525 527 523 521
f 522 524 528 526
f 521 522 526 525
f 527 528 524 523
f 523 524 522 521
f 525 526 528 527
o STATION_HOME_T01_Hull-col
usemtl Hull
v -1.8000 3.2000 -30.4000
v 1.8000 3.2000 -30.4000
v -1.8000 3.2000 -45.6000
v 1.8000 3.2000 -45.6000
v -1.8000 3.6000 -30.4000
v 1.8000 3.6000 -30.4000
v -1.8000 3.6000 -45.6000
v 1.8000 3.6000 -45.6000
v -1.8000 -0.7000 -30.4000
v 1.8000 -0.7000 -30.4000
v -1.8000 -0.7000 -45.6000
v 1.8000 -0.7000 -45.6000
v -1.8000 -0.3000 -30.4000
v 1.8000 -0.3000 -30.4000
v -1.8000 -0.3000 -45.6000
v 1.8000 -0.3000 -45.6000
v -1.8000 -0.3000 -30.4000
v -1.4000 -0.3000 -30.4000
v -1.8000 -0.3000 -31.4000
v -1.4000 -0.3000 -31.4000
v -1.8000 3.2000 -30.4000
v -1.4000 3.2000 -30.4000
v -1.8000 3.2000 -31.4000
v -1.4000 3.2000 -31.4000
v -1.8000 -0.3000 -31.4000
v -1.4000 -0.3000 -31.4000
v -1.8000 -0.3000 -44.6000
v -1.4000 -0.3000 -44.6000
v -1.8000 1.2000 -31.4000
v -1.4000 1.2000 -31.4000
v -1.8000 1.2000 -44.6000
v -1.4000 1.2000 -44.6000
v -1.8000 2.4000 -31.4000
v -1.4000 2.4000 -31.4000
v -1.8000 2.4000 -44.6000
v -1.4000 2.4000 -44.6000
v -1.8000 3.2000 -31.4000
v -1.4000 3.2000 -31.4000
v -1.8000 3.2000 -44.6000
v -1.4000 3.2000 -44.6000
v -1.8000 -0.3000 -44.6000
v -1.4000 -0.3000 -44.6000
v -1.8000 -0.3000 -45.6000
v -1.4000 -0.3000 -45.6000
v -1.8000 3.2000 -44.6000
v -1.4000 3.2000 -44.6000
v -1.8000 3.2000 -45.6000
v -1.4000 3.2000 -45.6000
v 1.4000 -0.3000 -30.4000
v 1.8000 -0.3000 -30.4000
v 1.4000 -0.3000 -31.4000
v 1.8000 -0.3000 -31.4000
v 1.4000 3.2000 -30.4000
v 1.8000 3.2000 -30.4000
v 1.4000 3.2000 -31.4000
v 1.8000 3.2000 -31.4000
v 1.4000 -0.3000 -31.4000
v 1.8000 -0.3000 -31.4000
v 1.4000 -0.3000 -44.6000
v 1.8000 -0.3000 -44.6000
v 1.4000 1.2000 -31.4000
v 1.8000 1.2000 -31.4000
v 1.4000 1.2000 -44.6000
v 1.8000 1.2000 -44.6000
v 1.4000 2.4000 -31.4000
v 1.8000 2.4000 -31.4000
v 1.4000 2.4000 -44.6000
v 1.8000 2.4000 -44.6000
v 1.4000 3.2000 -31.4000
v 1.8000 3.2000 -31.4000
v 1.4000 3.2000 -44.6000
v 1.8000 3.2000 -44.6000
v 1.4000 -0.3000 -44.6000
v 1.8000 -0.3000 -44.6000
v 1.4000 -0.3000 -45.6000
v 1.8000 -0.3000 -45.6000
v 1.4000 3.2000 -44.6000
v 1.8000 3.2000 -44.6000
v 1.4000 3.2000 -45.6000
v 1.8000 3.2000 -45.6000
f 533 535 531 529
f 530 532 536 534
f 529 530 534 533
f 535 536 532 531
f 531 532 530 529
f 533 534 536 535
f 541 543 539 537
f 538 540 544 542
f 537 538 542 541
f 543 544 540 539
f 539 540 538 537
f 541 542 544 543
f 549 551 547 545
f 546 548 552 550
f 545 546 550 549
f 551 552 548 547
f 547 548 546 545
f 549 550 552 551
f 557 559 555 553
f 554 556 560 558
f 553 554 558 557
f 559 560 556 555
f 555 556 554 553
f 557 558 560 559
f 565 567 563 561
f 562 564 568 566
f 561 562 566 565
f 567 568 564 563
f 563 564 562 561
f 565 566 568 567
f 573 575 571 569
f 570 572 576 574
f 569 570 574 573
f 575 576 572 571
f 571 572 570 569
f 573 574 576 575
f 581 583 579 577
f 578 580 584 582
f 577 578 582 581
f 583 584 580 579
f 579 580 578 577
f 581 582 584 583
f 589 591 587 585
f 586 588 592 590
f 585 586 590 589
f 591 592 588 587
f 587 588 586 585
f 589 590 592 591
f 597 599 595 593
f 594 596 600 598
f 593 594 598 597
f 599 600 596 595
f 595 596 594 593
f 597 598 600 599
f 605 607 603 601
f 602 604 608 606
f 601 602 606 605
f 607 608 604 603
f 603 604 602 601
f 605 606 608 607
o STATION_HOME_T01_Lights
usemtl Lights
v -0.3000 3.1200 -30.9000
v 0.3000 3.1200 -30.9000
v -0.3000 3.1200 -45.1000
v 0.3000 3.1200 -45.1000
v -0.3000 3.2000 -30.9000
v 0.3000 3.2000 -30.9000
v -0.3000 3.2000 -45.1000
v 0.3000 3.2000 -45.1000
f 613 615 611 609
f 610 612 616 614
f 609 610 614 613
f 615 616 612 611
f 611 612 610 609
f 613 614 616 615
o STATION_HOME_T01_Glass-col
usemtl Glass
v -1.6000 1.2000 -31.4000
v -1.5500 1.2000 -31.4000
v -1.6000 1.2000 -44.6000
v -1.5500 1.2000 -44.6000
v -1.6000 2.4000 -31.4000
v -1.5500 2.4000 -31.4000
v -1.6000 2.4000 -44.6000
v -1.5500 2.4000 -44.6000
v 1.5500 1.2000 -31.4000
v 1.6000 1.2000 -31.4000
v 1.5500 1.2000 -44.6000
v 1.6000 1.2000 -44.6000
v 1.5500 2.4000 -31.4000
v 1.6000 2.4000 -31.4000
v 1.5500 2.4000 -44.6000
v 1.6000 2.4000 -44.6000
f 621 623 619 617
f 618 620 624 622
f 617 618 622 621
f 623 624 620 619
f 619 620 618 617
f 621 622 624 623
f 629 631 627 625
f 626 628 632 630
f 625 626 630 629
f 631 632 628 627
f 627 628 626 625
f 629 630 632 631
o STATION_HOME_H01_Deck-col
usemtl Deck
v -4.0000 -0.3000 -46.0000
v 4.0000 -0.3000 -46.0000
v -4.0000 -0.3000 -54.0000
v 4.0000 -0.3000 -54.0000
v -4.0000 0.0000 -46.0000
v 4.0000 0.0000 -46.0000
v -4.0000 0.0000 -54.0000
v 4.0000 0.0000 -54.0000
f 637 639 635 633
f 634 636 640 638
f 633 634 638 637
f 639 640 636 635
f 635 636 634 633
f 637 638 640 639
o STATION_HOME_H01_Hull-col
usemtl Hull
v -4.4000 4.0000 -45.6000
v 4.4000 4.0000 -45.6000
v -4.4000 4.0000 -54.4000
v 4.4000 4.0000 -54.4000
v -4.4000 4.4000 -45.6000
v 4.4000 4.4000 -45.6000
v -4.4000 4.4000 -54.4000
v 4.4000 4.4000 -54.4000
v -4.4000 -0.7000 -45.6000
v 4.4000 -0.7000 -45.6000
v -4.4000 -0.7000 -54.4000
v 4.4000 -0.7000 -54.4000
v -4.4000 -0.3000 -45.6000
v 4.4000 -0.3000 -45.6000
v -4.4000 -0.3000 -54.4000
v 4.4000 -0.3000 -54.4000
v -4.4000 -0.3000 -45.6000
v -1.1000 -0.3000 -45.6000
v -4.4000 -0.3000 -46.0000
v -1.1000 -0.3000 -46.0000
v -4.4000 4.0000 -45.6000
v -1.1000 4.0000 -45.6000
v -4.4000 4.0000 -46.0000
v -1.1000 4.0000 -46.0000
v -1.1000 -0.3000 -45.6000
v 1.1000 -0.3000 -45.6000
v -1.1000 -0.3000 -46.0000
v 1.1000 -0.3000 -46.0000
v -1.1000 0.0000 -45.6000
v 1.1000 0.0000 -45.6000
v -1.1000 0.0000 -46.0000
v 1.1000 0.0000 -46.0000
v -1.1000 3.0000 -45.6000
v 1.1000 3.0000 -45.6000
v -1.1000 3.0000 -46.0000
v 1.1000 3.0000 -46.0000
v -1.1000 4.0000 -45.6000
v 1.1000 4.0000 -45.6000
v -1.1000 4.0000 -46.0000
v 1.1000 4.0000 -46.0000
v 1.1000 -0.3000 -45.6000
v 4.4000 -0.3000 -45.6000
v 1.1000 -0.3000 -46.0000
v 4.4000 -0.3000 -46.0000
v 1.1000 4.0000 -45.6000
v 4.4000 4.0000 -45.6000
v 1.1000 4.0000 -46.0000
v 4.4000 4.0000 -46.0000
v -4.4000 -0.3000 -54.0000
v -1.1000 -0.3000 -54.0000
v -4.4000 -0.3000 -54.4000
v -1.1000 -0.3000 -54.4000
v -4.4000 4.0000 -54.0000
v -1.1000 4.0000 -54.0000
v -4.4000 4.0000 -54.4000
v -1.1000 4.0000 -54.4000
v -1.1000 -0.3000 -54.0000
v 1.1000 -0.3000 -54.0000
v -1.1000 -0.3000 -54.4000
v 1.1000 -0.3000 -54.4000
v -1.1000 0.0000 -54.0000
v 1.1000 0.0000 -54.0000
v -1.1000 0.0000 -54.4000
v 1.1000 0.0000 -54.4000
v -1.1000 3.0000 -54.0000
v 1.1000 3.0000 -54.0000
v -1.1000 3.0000 -54.4000
v 1.1000 3.0000 -54.4000
v -1.1000 4.0000 -54.0000
v 1.1000 4.0000 -54.0000
v -1.1000 4.0000 -54.4000
v 1.1000 4.0000 -54.4000
v 1.1000 -0.3000 -54.0000
v 4.4000 -0.3000 -54.0000
v 1.1000 -0.3000 -54.4000
v 4.4000 -0.3000 -54.4000
v 1.1000 4.0000 -54.0000
v 4.4000 4.0000 -54.0000
v 1.1000 4.0000 -54.4000
v 4.4000 4.0000 -54.4000
v -4.4000 -0.3000 -45.6000
v -4.0000 -0.3000 -45.6000
v -4.4000 -0.3000 -48.9000
v -4.0000 -0.3000 -48.9000
v -4.4000 4.0000 -45.6000
v -4.0000 4.0000 -45.6000
v -4.4000 4.0000 -48.9000
v -4.0000 4.0000 -48.9000
v -4.4000 -0.3000 -48.9000
v -4.0000 -0.3000 -48.9000
v -4.4000 -0.3000 -51.1000
v -4.0000 -0.3000 -51.1000
v -4.4000 0.0000 -48.9000
v -4.0000 0.0000 -48.9000
v -4.4000 0.0000 -51.1000
v -4.0000 0.0000 -51.1000
v -4.4000 3.0000 -48.9000
v -4.0000 3.0000 -48.9000
v -4.4000 3.0000 -51.1000
v -4.0000 3.0000 -51.1000
v -4.4000 4.0000 -48.9000
v -4.0000 4.0000 -48.9000
v -4.4000 4.0000 -51.1000
v -4.0000 4.0000 -51.1000
v -4.4000 -0.3000 -51.1000
v -4.0000 -0.3000 -51.1000
v -4.4000 -0.3000 -54.4000
v -4.0000 -0.3000 -54.4000
v -4.4000 4.0000 -51.1000
v -4.0000 4.0000 -51.1000
v -4.4000 4.0000 -54.4000
v -4.0000 4.0000 -54.4000
v 4.0000 -0.3000 -45.6000
v 4.4000 -0.3000 -45.6000
v 4.0000 -0.3000 -48.9000
v 4.4000 -0.3000 -48.9000
v 4.0000 4.0000 -45.6000
v 4.4000 4.0000 -45.6000
v 4.0000 4.0000 -48.9000
v 4.4000 4.0000 -48.9000
v 4.0000 -0.3000 -48.9000
v 4.4000 -0.3000 -48.9000
v 4.0000 -0.3000 -51.1000
v 4.4000 -0.3000 -51.1000
v 4.0000 0.0000 -48.9000
v 4.4000 0.0000 -48.9000
v 4.0000 0.0000 -51.1000
v 4.4000 0.0000 -51.1000
v 4.0000 3.0000 -48.9000
v 4.4000 3.0000 -48.9000
v 4.0000 3.0000 -51.1000
v 4.4000 3.0000 -51.1000
v 4.0000 4.0000 -48.9000
v 4.4000 4.0000 -48.9000
v 4.0000 4.0000 -51.1000
v 4.4000 4.0000 -51.1000
v 4.0000 -0.3000 -51.1000
v 4.4000 -0.3000 -51.1000
v 4.0000 -0.3000 -54.4000
v 4.4000 -0.3000 -54.4000
v 4.0000 4.0000 -51.1000
v 4.4000 4.0000 -51.1000
v 4.0000 4.0000 -54.4000
v 4.4000 4.0000 -54.4000
f 645 647 643 641
f 642 644 648 646
f 641 642 646 645
f 647 648 644 643
f 643 644 642 641
f 645 646 648 647
f 653 655 651 649
f 650 652 656 654
f 649 650 654 653
f 655 656 652 651
f 651 652 650 649
f 653 654 656 655
f 661 663 659 657
f 658 660 664 662
f 657 658 662 661
f 663 664 660 659
f 659 660 658 657
f 661 662 664 663
f 669 671 667 665
f 666 668 672 670
f 665 666 670 669
f 671 672 668 667
f 667 668 666 665
f 669 670 672 671
f 677 679 675 673
f 674 676 680 678
f 673 674 678 677
f 679 680 676 675
f 675 676 674 673
f 677 678 680 679
f 685 687 683 681
f 682 684 688 686
f 681 682 686 685
f 687 688 684 683
f 683 684 682 681
f 685 686 688 687
f 693 695 691 689
f 690 692 696 694
f 689 690 694 693
f 695 696 692 691
f 691 692 690 689
f 693 694 696 695
f 701 703 699 697
f 698 700 704 702
f 697 698 702 701
f 703 704 700 699
f 699 700 698 697
f 701 702 704 703
f 709 711 707 705
f 706 708 712 710
f 705 706 710 709
f 711 712 708 707
f 707 708 706 705
f 709 710 712 711
f 717 719 715 713
f 714 716 720 718
f 713 714 718 717
f 719 720 716 715
f 715 716 714 713
f 717 718 720 719
f 725 727 723 721
f 722 724 728 726
f 721 722 726 725
f 727 728 724 723
f 723 724 722 721
f 725 726 728 727
f 733 735 731 729
f 730 732 736 734
f 729 730 734 733
f 735 736 732 731
f 731 732 730 729
f 733 734 736 735
f 741 743 739 737
f 738 740 744 742
f 737 738 742 741
f 743 744 740 739
f 739 740 738 737
f 741 742 744 743
f 749 751 747 745
f 746 748 752 750
f 745 746 750 749
f 751 752 748 747
f 747 748 746 745
f 749 750 752 751
f 757 759 755 753
f 754 756 760 758
f 753 754 758 757
f 759 760 756 755
f 755 756 754 753
f 757 758 760 759
f 765 767 763 761
f 762 764 768 766
f 761 762 766 765
f 767 768 764 763
f 763 764 762 761
f 765 766 768 767
f 773 775 771 769
f 770 772 776 774
f 769 770 774 773
f 775 776 772 771
f 771 772 770 769
f 773 774 776 775
f 781 783 779 777
f 778 780 784 782
f 777 778 782 781
f 783 784 780 779
f 779 780 778 777
f 781 782 784 783
o STATION_HOME_H01_Lights
usemtl Lights
v -1.0000 3.9200 -49.0000
v 1.0000 3.9200 -49.0000
v -1.0000 3.9200 -51.0000
v 1.0000 3.9200 -51.0000
v -1.0000 4.0000 -49.0000
v 1.0000 4.0000 -49.0000
v -1.0000 4.0000 -51.0000
v 1.0000 4.0000 -51.0000
f 789 791 787 785
f 786 788 792 790
f 785 786 790 789
f 791 792 788 787
f 787 788 786 785
f 789 790 792 791
o STATION_HOME_T01R_Deck-col
usemtl Deck
v 4.4000 -0.3000 -51.4000
v 4.4000 -0.3000 -48.6000
v 10.4000 -0.3000 -51.4000
v 10.4000 -0.3000 -48.6000
v 4.4000 0.0000 -51.4000
v 4.4000 0.0000 -48.6000
v 10.4000 0.0000 -51.4000
v 10.4000 0.0000 -48.6000
f 797 799 795 793
f 794 796 800 798
f 793 794 798 797
f 799 800 796 795
f 795 796 794 793
f 797 798 800 799
o STATION_HOME_T01R_Hull-col
usemtl Hull
v 4.4000 3.2000 -51.8000
v 4.4000 3.2000 -48.2000
v 10.4000 3.2000 -51.8000
v 10.4000 3.2000 -48.2000
v 4.4000 3.6000 -51.8000
v 4.4000 3.6000 -48.2000
v 10.4000 3.6000 -51.8000
v 10.4000 3.6000 -48.2000
v 4.4000 -0.7000 -51.8000
v 4.4000 -0.7000 -48.2000
v 10.4000 -0.7000 -51.8000
v 10.4000 -0.7000 -48.2000
v 4.4000 -0.3000 -51.8000
v 4.4000 -0.3000 -48.2000
v 10.4000 -0.3000 -51.8000
v 10.4000 -0.3000 -48.2000
v 4.4000 -0.3000 -51.8000
v 4.4000 -0.3000 -51.4000
v 5.4000 -0.3000 -51.8000
v 5.4000 -0.3000 -51.4000
v 4.4000 3.2000 -51.8000
v 4.4000 3.2000 -51.4000
v 5.4000 3.2000 -51.8000
v 5.4000 3.2000 -51.4000
v 5.4000 -0.3000 -51.8000
v 5.4000 -0.3000 -51.4000
v 9.4000 -0.3000 -51.8000
v 9.4000 -0.3000 -51.4000
v 5.4000 1.2000 -51.8000
v 5.4000 1.2000 -51.4000
v 9.4000 1.2000 -51.8000
v 9.4000 1.2000 -51.4000
v 5.4000 2.4000 -51.8000
v 5.4000 2.4000 -51.4000
v 9.4000 2.4000 -51.8000
v 9.4000 2.4000 -51.4000
v 5.4000 3.2000 -51.8000
v 5.4000 3.2000 -51.4000
v 9.4000 3.2000 -51.8000
v 9.4000 3.2000 -51.4000
v 9.4000 -0.3000 -51.8000
v 9.4000 -0.3000 -51.4000
v 10.4000 -0.3000 -51.8000
v 10.4000 -0.3000 -51.4000
v 9.4000 3.2000 -51.8000
v 9.4000 3.2000 -51.4000
v 10.4000 3.2000 -51.8000
v 10.4000 3.2000 -51.4000
v 4.4000 -0.3000 -48.6000
v 4.4000 -0.3000 -48.2000
v 5.4000 -0.3000 -48.6000
v 5.4000 -0.3000 -48.2000
v 4.4000 3.2000 -48.6000
v 4.4000 3.2000 -48.2000
v 5.4000 3.2000 -48.6000
v 5.4000 3.2000 -48.2000
v 5.4000 -0.3000 -48.6000
v 5.4000 -0.3000 -48.2000
v 9.4000 -0.3000 -48.6000
v 9.4000 -0.3000 -48.2000
v 5.4000 1.2000 -48.6000
v 5.4000 1.2000 -48.2000
v 9.4000 1.2000 -48.6000
v 9.4000 1.2000 -48.2000
v 5.4000 2.4000 -48.6000
v 5.4000 2.4000 -48.2000
v 9.4000 2.4000 -48.6000
v 9.4000 2.4000 -48.2000
v 5.4000 3.2000 -48.6000
v 5.4000 3.2000 -48.2000
v 9.4000 3.2000 -48.6000
v 9.4000 3.2000 -48.2000
v 9.4000 -0.3000 -48.6000
v 9.4000 -0.3000 -48.2000
v 10.4000 -0.3000 -48.6000
v 10.4000 -0.3000 -48.2000
v 9.4000 3.2000 -48.6000
v 9.4000 3.2000 -48.2000
v 10.4000 3.2000 -48.6000
v 10.4000 3.2000 -48.2000
f 805 807 803 801
f 802 804 808 806
f 801 802 806 805
f 807 808 804 803
f 803 804 802 801
f 805 806 808 807
f 813 815 811 809
f 810 812 816 814
f 809 810 814 813
f 815 816 812 811
f 811 812 810 809
f 813 814 816 815
f 821 823 819 817
f 818 820 824 822
f 817 818 822 821
f 823 824 820 819
f 819 820 818 817
f 821 822 824 823
f 829 831 827 825
f 826 828 832 830
f 825 826 830 829
f 831 832 828 827
f 827 828 826 825
f 829 830 832 831
f 837 839 835 833
f 834 836 840 838
f 833 834 838 837
f 839 840 836 835
f 835 836 834 833
f 837 838 840 839
f 845 847 843 841
f 842 844 848 846
f 841 842 846 845
f 847 848 844 843
f 843 844 842 841
f 845 846 848 847
f 853 855 851 849
f 850 852 856 854
f 849 850 854 853
f 855 856 852 851
f 851 852 850 849
f 853 854 856 855
f 861 863 859 857
f 858 860 864 862
f 857 858 862 861
f 863 864 860 859
f 859 860 858 857
f 861 862 864 863
f 869 871 867 865
f 866 868 872 870
f 865 866 870 869
f 871 872 868 867
f 867 868 866 865
f 869 870 872 871
f 877 879 875 873
f 874 876 880 878
f 873 874 878 877
f 879 880 876 875
f 875 876 874 873
f 877 878 880 879
o STATION_HOME_T01R_Lights
usemtl Lights
v 4.9000 3.1200 -50.3000
v 4.9000 3.1200 -49.7000
v 9.9000 3.1200 -50.3000
v 9.9000 3.1200 -49.7000
v 4.9000 3.2000 -50.3000
v 4.9000 3.2000 -49.7000
v 9.9000 3.2000 -50.3000
v 9.9000 3.2000 -49.7000
f 885 887 883 881
f 882 884 888 886
f 881 882 886 885
f 887 888 884 883
f 883 884 882 881
f 885 886 888 887
o STATION_HOME_T01R_Glass-col
usemtl Glass
v 5.4000 1.2000 -51.6000
v 5.4000 1.2000 -51.5500
v 9.4000 1.2000 -51.6000
v 9.4000 1.2000 -51.5500
v 5.4000 2.4000 -51.6000
v 5.4000 2.4000 -51.5500
v 9.4000 2.4000 -51.6000
v 9.4000 2.4000 -51.5500
v 5.4000 1.2000 -48.4500
v 5.4000 1.2000 -48.4000
v 9.4000 1.2000 -48.4500
v 9.4000 1.2000 -48.4000
v 5.4000 2.4000 -48.4500
v 5.4000 2.4000 -48.4000
v 9.4000 2.4000 -48.4500
v 9.4000 2.4000 -48.4000
f 893 895 891 889
f 890 892 896 894
f 889 890 894 893
f 895 896 892 891
f 891 892 890 889
f 893 894 896 895
f 901 903 899 897
f 898 900 904 902
f 897 898 902 901
f 903 904 900 899
f 899 900 898 897
f 901 902 904 903
o STATION_HOME_M02RCT_Deck-col
usemtl Deck
v 10.8000 -0.3000 -58.5000
v 10.8000 -0.3000 -41.5000
v 30.8000 -0.3000 -58.5000
v 30.8000 -0.3000 -41.5000
v 10.8000 0.0000 -58.5000
v 10.8000 0.0000 -41.5000
v 30.8000 0.0000 -58.5000
v 30.8000 0.0000 -41.5000
v 20.8000 3.7000 -58.5000
v 20.8000 3.7000 -41.5000
v 30.8000 3.7000 -58.5000
v 30.8000 3.7000 -41.5000
v 20.8000 4.0000 -58.5000
v 20.8000 4.0000 -41.5000
v 30.8000 4.0000 -58.5000
v 30.8000 4.0000 -41.5000
f 909 911 907 905
f 906 908 912 910
f 905 906 910 909
f 911 912 908 907
f 907 908 906 905
f 909 910 912 911
f 917 919 915 913
f 914 916 920 918
f 913 914 918 917
f 919 920 916 915
f 915 916 914 913
f 917 918 920 919
o STATION_HOME_M02RCT_Hull-col
usemtl Hull
v 10.4000 8.0000 -59.0000
v 10.4000 8.0000 -41.0000
v 31.2000 8.0000 -59.0000
v 31.2000 8.0000 -41.0000
v 10.4000 8.4000 -59.0000
v 10.4000 8.4000 -41.0000
v 31.2000 8.4000 -59.0000
v 31.2000 8.4000 -41.0000
v 10.4000 -0.7000 -59.0000
v 10.4000 -0.7000 -41.0000
v 31.2000 -0.7000 -59.0000
v 31.2000 -0.7000 -41.0000
v 10.4000 -0.3000 -59.0000
v 10.4000 -0.3000 -41.0000
v 31.2000 -0.3000 -59.0000
v 31.2000 -0.3000 -41.0000
v 10.8000 -0.3000 -59.0000
v 10.8000 -0.3000 -58.5000
v 14.8000 -0.3000 -59.0000
v 14.8000 -0.3000 -58.5000
v 10.8000 8.0000 -59.0000
v 10.8000 8.0000 -58.5000
v 14.8000 8.0000 -59.0000
v 14.8000 8.0000 -58.5000
v 14.8000 -0.3000 -59.0000
v 14.8000 -0.3000 -58.5000
v 16.8000 -0.3000 -59.0000
v 16.8000 -0.3000 -58.5000
v 14.8000 0.0000 -59.0000
v 14.8000 0.0000 -58.5000
v 16.8000 0.0000 -59.0000
v 16.8000 0.0000 -58.5000
v 14.8000 2.6000 -59.0000
v 14.8000 2.6000 -58.5000
v 16.8000 2.6000 -59.0000
v 16.8000 2.6000 -58.5000
v 14.8000 8.0000 -59.0000
v 14.8000 8.0000 -58.5000
v 16.8000 8.0000 -59.0000
v 16.8000 8.0000 -58.5000
v 16.8000 -0.3000 -59.0000
v 16.8000 -0.3000 -58.5000
v 30.8000 -0.3000 -59.0000
v 30.8000 -0.3000 -58.5000
v 16.8000 8.0000 -59.0000
v 16.8000 8.0000 -58.5000
v 30.8000 8.0000 -59.0000
v 30.8000 8.0000 -58.5000
v 10.8000 -0.3000 -41.5000
v 10.8000 -0.3000 -41.0000
v 14.8000 -0.3000 -41.5000
v 14.8000 -0.3000 -41.0000
v 10.8000 8.0000 -41.5000
v 10.8000 8.0000 -41.0000
v 14.8000 8.0000 -41.5000
v 14.8000 8.0000 -41.0000
v 14.8000 -0.3000 -41.5000
v 14.8000 -0.3000 -41.0000
v 16.8000 -0.3000 -41.5000
v 16.8000 -0.3000 -41.0000
v 14.8000 0.0000 -41.5000
v 14.8000 0.0000 -41.0000
v 16.8000 0.0000 -41.5000
v 16.8000 0.0000 -41.0000
v 14.8000 2.6000 -41.5000
v 14.8000 2.6000 -41.0000
v 16.8000 2.6000 -41.5000
v 16.8000 2.6000 -41.0000
v 14.8000 8.0000 -41.5000
v 14.8000 8.0000 -41.0000
v 16.8000 8.0000 -41.5000
v 16.8000 8.0000 -41.0000
v 16.8000 -0.3000 -41.5000
v 16.8000 -0.3000 -41.0000
v 30.8000 -0.3000 -41.5000
v 30.8000 -0.3000 -41.0000
v 16.8000 8.0000 -41.5000
v 16.8000 8.0000 -41.0000
v 30.8000 8.0000 -41.5000
v 30.8000 8.0000 -41.0000
v 10.4000 -0.3000 -59.0000
v 10.4000 -0.3000 -50.9000
v 10.8000 -0.3000 -59.0000
v 10.8000 -0.3000 -50.9000
v 10.4000 8.0000 -59.0000
v 10.4000 8.0000 -50.9000
v 10.8000 8.0000 -59.0000
v 10.8000 8.0000 -50.9000
v 10.4000 -0.3000 -50.9000
v 10.4000 -0.3000 -49.1000
v 10.8000 -0.3000 -50.9000
v 10.8000 -0.3000 -49.1000
v 10.4000 0.0000 -50.9000
v 10.4000 0.0000 -49.1000
v 10.8000 0.0000 -50.9000
v 10.8000 0.0000 -49.1000
v 10.4000 2.8000 -50.9000
v 10.4000 2.8000 -49.1000
v 10.8000 2.8000 -50.9000
v 10.8000 2.8000 -49.1000
v 10.4000 8.0000 -50.9000
v 10.4000 8.0000 -49.1000
v 10.8000 8.0000 -50.9000
v 10.8000 8.0000 -49.1000
v 10.4000 -0.3000 -49.1000
v 10.4000 -0.3000 -41.0000
v 10.8000 -0.3000 -49.1000
v 10.8000 -0.3000 -41.0000
v 10.4000 8.0000 -49.1000
v 10.4000 8.0000 -41.0000
v 10.8000 8.0000 -49.1000
v 10.8000 8.0000 -41.0000
v 30.8000 -0.3000 -59.0000
v 30.8000 -0.3000 -50.9000
v 31.2000 -0.3000 -59.0000
v 31.2000 -0.3000 -50.9000
v 30.8000 8.0000 -59.0000
v 30.8000 8.0000 -50.9000
v 31.2000 8.0000 -59.0000
v 31.2000 8.0000 -50.9000
v 30.8000 -0.3000 -50.9000
v 30.8000 -0.3000 -49.1000
v 31.2000 -0.3000 -50.9000
v 31.2000 -0.3000 -49.1000
v 30.8000 0.0000 -50.9000
v 30.8000 0.0000 -49.1000
v 31.2000 0.0000 -50.9000
v 31.2000 0.0000 -49.1000
v 30.8000 2.8000 -50.9000
v 30.8000 2.8000 -49.1000
v 31.2000 2.8000 -50.9000
v 31.2000 2.8000 -49.1000
v 30.8000 8.0000 -50.9000
v 30.8000 8.0000 -49.1000
v 31.2000 8.0000 -50.9000
v 31.2000 8.0000 -49.1000
v 30.8000 -0.3000 -49.1000
v 30.8000 -0.3000 -41.0000
v 31.2000 -0.3000 -49.1000
v 31.2000 -0.3000 -41.0000
v 30.8000 8.0000 -49.1000
v 30.8000 8.0000 -41.0000
v 31.2000 8.0000 -49.1000
v 31.2000 8.0000 -41.0000
f 925 927 923 921
f 922 924 928 926
f 921 922 926 925
f 927 928 924 923
f 923 924 922 921
f 925 926 928 927
f 933 935 931 929
f 930 932 936 934
f 929 930 934 933
f 935 936 932 931
f 931 932 930 929
f 933 934 936 935
f 941 943 939 937
f 938 940 944 942
f 937 938 942 941
f 943 944 940 939
f 939 940 938 937
f 941 942 944 943
f 949 951 947 945
f 946 948 952 950
f 945 946 950 949
f 951 952 948 947
f 947 948 946 945
f 949 950 952 951
f 957 959 955 953
f 954 956 960 958
f 953 954 958 957
f 959 960 956 955
f 955 956 954 953
f 957 958 960 959
f 965 967 963 961
f 962 964 968 966
f 961 962 966 965
f 967 968 964 963
f 963 964 962 961
f 965 966 968 967
f 973 975 971 969
f 970 972 976 974
f 969 970 974 973
f 975 976 972 971
f 971 972 970 969
f 973 974 976 975
f 981 983 979 977
f 978 980 984 982
f 977 978 982 981
f 983 984 980 979
f 979 980 978 977
f 981 982 984 983
f 989 991 987 985
f 986 988 992 990
f 985 986 990 989
f 991 992 988 987
f 987 988 986 985
f 989 990 992 991
f 997 999 995 993
f 994 996 1000 998
f 993 994 998 997
f 999 1000 996 995
f 995 996 994 993
f 997 998 1000 999
f 1005 1007 1003 1001
f 1002 1004 1008 1006
f 1001 1002 1006 1005
f 1007 1008 1004 1003
f 1003 1004 1002 1001
f 1005 1006 1008 1007
f 1013 1015 1011 1009
f 1010 1012 1016 1014
f 1009 1010 1014 1013
f 1015 1016 1012 1011
f 1011 1012 1010 1009
f 1013 1014 1016 1015
f 1021 1023 1019 1017
f 1018 1020 1024 1022
f 1017 1018 1022 1021
f 1023 1024 1020 1019
f 1019 1020 1018 1017
f 1021 1022 1024 1023
f 1029 1031 1027 1025
f 1026 1028 1032 1030
f 1025 1026 1030 1029
f 1031 1032 1028 1027
f 1027 1028 1026 1025
f 1029 1030 1032 1031
f 1037 1039 1035 1033
f 1034 1036 1040 1038
f 1033 1034 1038 1037
f 1039 1040 1036 1035
f 1035 1036 1034 1033
f 1037 1038 1040 1039
f 1045 1047 1043 1041
f 1042 1044 1048 1046
f 1041 1042 1046 1045
f 1047 1048 1044 1043
f 1043 1044 1042 1041
f 1045 1046 1048 1047
f 1053 1055 1051 1049
f 1050 1052 1056 1054
f 1049 1050 1054 1053
f 1055 1056 1052 1051
f 1051 1052 1050 1049
f 1053 1054 1056 1055
f 1061 1063 1059 1057
f 1058 1060 1064 1062
f 1057 1058 1062 1061
f 1063 1064 1060 1059
f 1059 1060 1058 1057
f 1061 1062 1064 1063
o STATION_HOME_M02RCT_Interior-col
usemtl Interior
v 20.7000 0.0000 -58.5000
v 20.7000 0.0000 -51.2000
v 20.9000 0.0000 -58.5000
v 20.9000 0.0000 -51.2000
v 20.7000 4.0000 -58.5000
v 20.7000 4.0000 -51.2000
v 20.9000 4.0000 -58.5000
v 20.9000 4.0000 -51.2000
v 20.7000 3.0000 -51.2000
v 20.7000 3.0000 -48.8000
v 20.9000 3.0000 -51.2000
v 20.9000 3.0000 -48.8000
v 20.7000 4.0000 -51.2000
v 20.7000 4.0000 -48.8000
v 20.9000 4.0000 -51.2000
v 20.9000 4.0000 -48.8000
v 20.7000 0.0000 -48.8000
v 20.7000 0.0000 -41.5000
v 20.9000 0.0000 -48.8000
v 20.9000 0.0000 -41.5000
v 20.7000 4.0000 -48.8000
v 20.7000 4.0000 -41.5000
v 20.9000 4.0000 -48.8000
v 20.9000 4.0000 -41.5000
v 20.8000 0.0000 -51.4000
v 20.8000 0.0000 -51.2000
v 25.0000 0.0000 -51.4000
v 25.0000 0.0000 -51.2000
v 20.8000 4.0000 -51.4000
v 20.8000 4.0000 -51.2000
v 25.0000 4.0000 -51.4000
v 25.0000 4.0000 -51.2000
v 25.0000 2.6000 -51.4000
v 25.0000 2.6000 -51.2000
v 26.6000 2.6000 -51.4000
v 26.6000 2.6000 -51.2000
v 25.0000 4.0000 -51.4000
v 25.0000 4.0000 -51.2000
v 26.6000 4.0000 -51.4000
v 26.6000 4.0000 -51.2000
v 26.6000 0.0000 -51.4000
v 26.6000 0.0000 -51.2000
v 30.8000 0.0000 -51.4000
v 30.8000 0.0000 -51.2000
v 26.6000 4.0000 -51.4000
v 26.6000 4.0000 -51.2000
v 30.8000 4.0000 -51.4000
v 30.8000 4.0000 -51.2000
v 20.8000 0.0000 -48.8000
v 20.8000 0.0000 -48.6000
v 25.0000 0.0000 -48.8000
v 25.0000 0.0000 -48.6000
v 20.8000 4.0000 -48.8000
v 20.8000 4.0000 -48.6000
v 25.0000 4.0000 -48.8000
v 25.0000 4.0000 -48.6000
v 25.0000 2.6000 -48.8000
v 25.0000 2.6000 -48.6000
v 26.6000 2.6000 -48.8000
v 26.6000 2.6000 -48.6000
v 25.0000 4.0000 -48.8000
v 25.0000 4.0000 -48.6000
v 26.6000 4.0000 -48.8000
v 26.6000 4.0000 -48.6000
v 26.6000 0.0000 -48.8000
v 26.6000 0.0000 -48.6000
v 30.8000 0.0000 -48.8000
v 30.8000 0.0000 -48.6000
v 26.6000 4.0000 -48.8000
v 26.6000 4.0000 -48.6000
v 30.8000 4.0000 -48.8000
v 30.8000 4.0000 -48.6000
f 1069 1071 1067 1065
f 1066 1068 1072 1070
f 1065 1066 1070 1069
f 1071 1072 1068 1067
f 1067 1068 1066 1065
f 1069 1070 1072 1071
f 1077 1079 1075 1073
f 1074 1076 1080 1078
f 1073 1074 1078 1077
f 1079 1080 1076 1075
f 1075 1076 1074 1073
f 1077 1078 1080 1079
f 1085 1087 1083 1081
f 1082 1084 1088 1086
f 1081 1082 1086 1085
f 1087 1088 1084 1083
f 1083 1084 1082 1081
f 1085 1086 1088 1087
f 1093 1095 1091 1089
f 1090 1092 1096 1094
f 1089 1090 1094 1093
f 1095 1096 1092 1091
f 1091 1092 1090 1089
f 1093 1094 1096 1095
f 1101 1103 1099 1097
f 1098 1100 1104 1102
f 1097 1098 1102 1101
f 1103 1104 1100 1099
f 1099 1100 1098 1097
f 1101 1102 1104 1103
f 1109 1111 1107 1105
f 1106 1108 1112 1110
f 1105 1106 1110 1109
f 1111 1112 1108 1107
f 1107 1108 1106 1105
f 1109 1110 1112 1111
f 1117 1119 1115 1113
f 1114 1116 1120 1118
f 1113 1114 1118 1117
f 1119 1120 1116 1115
f 1115 1116 1114 1113
f 1117 1118 1120 1119
f 1125 1127 1123 1121
f 1122 1124 1128 1126
f 1121 1122 1126 1125
f 1127 1128 1124 1123
f 1123 1124 1122 1121
f 1125 1126 1128 1127
f 1133 1135 1131 1129
f 1130 1132 1136 1134
f 1129 1130 1134 1133
f 1135 1136 1132 1131
f 1131 1132 1130 1129
f 1133 1134 1136 1135
o STATION_HOME_M02RCT_Furniture-col
usemtl Furniture
v 21.4000 0.0000 -42.3000
v 21.4000 0.0000 -41.6000
v 30.2000 0.0000 -42.3000
v 30.2000 0.0000 -41.6000
v 21.4000 1.1000 -42.3000
v 21.4000 1.1000 -41.6000
v 30.2000 1.1000 -42.3000
v 30.2000 1.1000 -41.6000
v 21.4000 0.0000 -58.4000
v 21.4000 0.0000 -57.9000
v 23.8000 0.0000 -58.4000
v 23.8000 0.0000 -57.9000
v 21.4000 2.0000 -58.4000
v 21.4000 2.0000 -57.9000
v 23.8000 2.0000 -58.4000
v 23.8000 2.0000 -57.9000
v 25.2000 0.0000 -54.0000
v 25.2000 0.0000 -52.6000
v 26.4000 0.0000 -54.0000
v 26.4000 0.0000 -52.6000
v 25.2000 0.7500 -54.0000
v 25.2000 0.7500 -52.6000
v 26.4000 0.7500 -54.0000
v 26.4000 0.7500 -52.6000
v 21.2000 0.0000 -49.1500
v 21.2000 0.0000 -48.8000
v 22.4000 0.0000 -49.1500
v 22.4000 0.0000 -48.8000
v 21.2000 2.0000 -49.1500
v 21.2000 2.0000 -48.8000
v 22.4000 2.0000 -49.1500
v 22.4000 2.0000 -48.8000
v 13.0000 0.6000 -58.4500
v 13.0000 0.6000 -58.0500
v 14.0000 0.6000 -58.4500
v 14.0000 0.6000 -58.0500
v 13.0000 2.0000 -58.4500
v 13.0000 2.0000 -58.0500
v 14.0000 2.0000 -58.4500
v 14.0000 2.0000 -58.0500
v 15.3000 0.6000 -41.9500
v 15.3000 0.6000 -41.5500
v 16.3000 0.6000 -41.9500
v 16.3000 0.6000 -41.5500
v 15.3000 2.0000 -41.9500
v 15.3000 2.0000 -41.5500
v 16.3000 2.0000 -41.9500
v 16.3000 2.0000 -41.5500
v 17.6000 0.6000 -58.4500
v 17.6000 0.6000 -58.0500
v 18.6000 0.6000 -58.4500
v 18.6000 0.6000 -58.0500
v 17.6000 2.0000 -58.4500
v 17.6000 2.0000 -58.0500
v 18.6000 2.0000 -58.4500
v 18.6000 2.0000 -58.0500
f 1141 1143 1139 1137
f 1138 1140 1144 1142
f 1137 1138 1142 1141
f 1143 1144 1140 1139
f 1139 1140 1138 1137
f 1141 1142 1144 1143
f 1149 1151 1147 1145
f 1146 1148 1152 1150
f 1145 1146 1150 1149
f 1151 1152 1148 1147
f 1147 1148 1146 1145
f 1149 1150 1152 1151
f 1157 1159 1155 1153
f 1154 1156 1160 1158
f 1153 1154 1158 1157
f 1159 1160 1156 1155
f 1155 1156 1154 1153
f 1157 1158 1160 1159
f 1165 1167 1163 1161
f 1162 1164 1168 1166
f 1161 1162 1166 1165
f 1167 1168 1164 1163
f 1163 1164 1162 1161
f 1165 1166 1168 1167
f 1173 1175 1171 1169
f 1170 1172 1176 1174
f 1169 1170 1174 1173
f 1175 1176 1172 1171
f 1171 1172 1170 1169
f 1173 1174 1176 1175
f 1181 1183 1179 1177
f 1178 1180 1184 1182
f 1177 1178 1182 1181
f 1183 1184 1180 1179
f 1179 1180 1178 1177
f 1181 1182 1184 1183
f 1189 1191 1187 1185
f 1186 1188 1192 1190
f 1185 1186 1190 1189
f 1191 1192 1188 1187
f 1187 1188 1186 1185
f 1189 1190 1192 1191
o STATION_HOME_M02RCT_Cover-col
usemtl Cover
v 13.0000 0.0000 -53.6000
v 13.0000 0.0000 -52.6000
v 14.0000 0.0000 -53.6000
v 14.0000 0.0000 -52.6000
v 13.0000 1.1000 -53.6000
v 13.0000 1.1000 -52.6000
v 14.0000 1.1000 -53.6000
v 14.0000 1.1000 -52.6000
v 17.6000 0.0000 -53.6000
v 17.6000 0.0000 -52.6000
v 18.6000 0.0000 -53.6000
v 18.6000 0.0000 -52.6000
v 17.6000 1.1000 -53.6000
v 17.6000 1.1000 -52.6000
v 18.6000 1.1000 -53.6000
v 18.6000 1.1000 -52.6000
f 1197 1199 1195 1193
f 1194 1196 1200 1198
f 1193 1194 1198 1197
f 1199 1200 1196 1195
f 1195 1196 1194 1193
f 1197 1198 1200 1199
f 1205 1207 1203 1201
f 1202 1204 1208 1206
f 1201 1202 1206 1205
f 1207 1208 1204 1203
f 1203 1204 1202 1201
f 1205 1206 1208 1207
o STATION_HOME_M02RCT_Hazard
usemtl Hazard
v 14.5000 0.0000 -59.1200
v 14.5000 0.0000 -59.0000
v 14.8000 0.0000 -59.1200
v 14.8000 0.0000 -59.0000
v 14.5000 2.9000 -59.1200
v 14.5000 2.9000 -59.0000
v 14.8000 2.9000 -59.1200
v 14.8000 2.9000 -59.0000
v 16.8000 0.0000 -59.1200
v 16.8000 0.0000 -59.0000
v 17.1000 0.0000 -59.1200
v 17.1000 0.0000 -59.0000
v 16.8000 2.9000 -59.1200
v 16.8000 2.9000 -59.0000
v 17.1000 2.9000 -59.1200
v 17.1000 2.9000 -59.0000
v 14.5000 0.0000 -41.0000
v 14.5000 0.0000 -40.8800
v 14.8000 0.0000 -41.0000
v 14.8000 0.0000 -40.8800
v 14.5000 2.9000 -41.0000
v 14.5000 2.9000 -40.8800
v 14.8000 2.9000 -41.0000
v 14.8000 2.9000 -40.8800
v 16.8000 0.0000 -41.0000
v 16.8000 0.0000 -40.8800
v 17.1000 0.0000 -41.0000
v 17.1000 0.0000 -40.8800
v 16.8000 2.9000 -41.0000
v 16.8000 2.9000 -40.8800
v 17.1000 2.9000 -41.0000
v 17.1000 2.9000 -40.8800
v 31.2000 2.8000 -51.2000
v 31.2000 2.8000 -48.8000
v 31.2400 2.8000 -51.2000
v 31.2400 2.8000 -48.8000
v 31.2000 3.0000 -51.2000
v 31.2000 3.0000 -48.8000
v 31.2400 3.0000 -51.2000
v 31.2400 3.0000 -48.8000
v 13.0000 1.8000 -58.0500
v 13.0000 1.8000 -58.0300
v 14.0000 1.8000 -58.0500
v 14.0000 1.8000 -58.0300
v 13.0000 2.0000 -58.0500
v 13.0000 2.0000 -58.0300
v 14.0000 2.0000 -58.0500
v 14.0000 2.0000 -58.0300
v 15.3000 1.8000 -41.9700
v 15.3000 1.8000 -41.9500
v 16.3000 1.8000 -41.9700
v 16.3000 1.8000 -41.9500
v 15.3000 2.0000 -41.9700
v 15.3000 2.0000 -41.9500
v 16.3000 2.0000 -41.9700
v 16.3000 2.0000 -41.9500
v 17.6000 1.8000 -58.0500
v 17.6000 1.8000 -58.0300
v 18.6000 1.8000 -58.0500
v 18.6000 1.8000 -58.0300
v 17.6000 2.0000 -58.0500
v 17.6000 2.0000 -58.0300
v 18.6000 2.0000 -58.0500
v 18.6000 2.0000 -58.0300
f 1213 1215 1211 1209
f 1210 1212 1216 1214
f 1209 1210 1214 1213
f 1215 1216 1212 1211
f 1211 1212 1210 1209
f 1213 1214 1216 1215
f 1221 1223 1219 1217
f 1218 1220 1224 1222
f 1217 1218 1222 1221
f 1223 1224 1220 1219
f 1219 1220 1218 1217
f 1221 1222 1224 1223
f 1229 1231 1227 1225
f 1226 1228 1232 1230
f 1225 1226 1230 1229
f 1231 1232 1228 1227
f 1227 1228 1226 1225
f 1229 1230 1232 1231
f 1237 1239 1235 1233
f 1234 1236 1240 1238
f 1233 1234 1238 1237
f 1239 1240 1236 1235
f 1235 1236 1234 1233
f 1237 1238 1240 1239
f 1245 1247 1243 1241
f 1242 1244 1248 1246
f 1241 1242 1246 1245
f 1247 1248 1244 1243
f 1243 1244 1242 1241
f 1245 1246 1248 1247
f 1253 1255 1251 1249
f 1250 1252 1256 1254
f 1249 1250 1254 1253
f 1255 1256 1252 1251
f 1251 1252 1250 1249
f 1253 1254 1256 1255
f 1261 1263 1259 1257
f 1258 1260 1264 1262
f 1257 1258 1262 1261
f 1263 1264 1260 1259
f 1259 1260 1258 1257
f 1261 1262 1264 1263
f 1269 1271 1267 1265
f 1266 1268 1272 1270
f 1265 1266 1270 1269
f 1271 1272 1268 1267
f 1267 1268 1266 1265
f 1269 1270 1272 1271
o STATION_HOME_M02RCT_Lights
usemtl Lights
v 21.6000 0.8000 -42.3200
v 21.6000 0.8000 -42.3000
v 30.0000 0.8000 -42.3200
v 30.0000 0.8000 -42.3000
v 21.6000 1.0500 -42.3200
v 21.6000 1.0500 -42.3000
v 30.0000 1.0500 -42.3200
v 30.0000 1.0500 -42.3000
v 25.1000 1.0000 -47.3000
v 25.1000 1.0000 -46.3000
v 26.5000 1.0000 -47.3000
v 26.5000 1.0000 -46.3000
v 25.1000 1.0300 -47.3000
v 25.1000 1.0300 -46.3000
v 26.5000 1.0300 -47.3000
v 26.5000 1.0300 -46.3000
v 21.3000 3.6200 -50.3000
v 21.3000 3.6200 -49.7000
v 30.3000 3.6200 -50.3000
v 30.3000 3.6200 -49.7000
v 21.3000 3.7000 -50.3000
v 21.3000 3.7000 -49.7000
v 30.3000 3.7000 -50.3000
v 30.3000 3.7000 -49.7000
v 11.7000 7.8800 -50.4000
v 11.7000 7.8800 -49.6000
v 19.9000 7.8800 -50.4000
v 19.9000 7.8800 -49.6000
v 11.7000 7.9600 -50.4000
v 11.7000 7.9600 -49.6000
v 19.9000 7.9600 -50.4000
v 19.9000 7.9600 -49.6000
f 1277 1279 1275 1273
f 1274 1276 1280 1278
f 1273 1274 1278 1277
f 1279 1280 1276 1275
f 1275 1276 1274 1273
f 1277 1278 1280 1279
f 1285 1287 1283 1281
f 1282 1284 1288 1286
f 1281 1282 1286 1285
f 1287 1288 1284 1283
f 1283 1284 1282 1281
f 1285 1286 1288 1287
f 1293 1295 1291 1289
f 1290 1292 1296 1294
f 1289 1290 1294 1293
f 1295 1296 1292 1291
f 1291 1292 1290 1289
f 1293 1294 1296 1295
f 1301 1303 1299 1297
f 1298 1300 1304 1302
f 1297 1298 1302 1301
f 1303 1304 1300 1299
f 1299 1300 1298 1297
f 1301 1302 1304 1303
o STATION_HOME_M02RCT_Trim
usemtl Trim
v 15.8000 0.8000 -43.5500
v 16.6993 0.8000 -43.7289
v 17.4617 0.8000 -44.2383
v 17.9711 0.8000 -45.0007
v 18.1500 0.8000 -45.9000
v 17.9711 0.8000 -46.7993
v 17.4617 0.8000 -47.5617
v 16.6993 0.8000 -48.0711
v 15.8000 0.8000 -48.2500
v 14.9007 0.8000 -48.0711
v 14.1383 0.8000 -47.5617
v 13.6289 0.8000 -46.7993
v 13.4500 0.8000 -45.9000
v 13.6289 0.8000 -45.0007
v 14.1383 0.8000 -44.2383
v 14.9007 0.8000 -43.7289
v 15.8000 1.0000 -43.5500
v 16.6993 1.0000 -43.7289
v 17.4617 1.0000 -44.2383
v 17.9711 1.0000 -45.0007
v 18.1500 1.0000 -45.9000
v 17.9711 1.0000 -46.7993
v 17.4617 1.0000 -47.5617
v 16.6993 1.0000 -48.0711
v 15.8000 1.0000 -48.2500
v 14.9007 1.0000 -48.0711
v 14.1383 1.0000 -47.5617
v 13.6289 1.0000 -46.7993
v 13.4500 1.0000 -45.9000
v 13.6289 1.0000 -45.0007
v 14.1383 1.0000 -44.2383
v 14.9007 1.0000 -43.7289
v 15.8000 2.4000 -43.5500
v 16.6993 2.4000 -43.7289
v 17.4617 2.4000 -44.2383
v 17.9711 2.4000 -45.0007
v 18.1500 2.4000 -45.9000
v 17.9711 2.4000 -46.7993
v 17.4617 2.4000 -47.5617
v 16.6993 2.4000 -48.0711
v 15.8000 2.4000 -48.2500
v 14.9007 2.4000 -48.0711
v 14.1383 2.4000 -47.5617
v 13.6289 2.4000 -46.7993
v 13.4500 2.4000 -45.9000
v 13.6289 2.4000 -45.0007
v 14.1383 2.4000 -44.2383
v 14.9007 2.4000 -43.7289
v 15.8000 2.6000 -43.5500
v 16.6993 2.6000 -43.7289
v 17.4617 2.6000 -44.2383
v 17.9711 2.6000 -45.0007
v 18.1500 2.6000 -45.9000
v 17.9711 2.6000 -46.7993
v 17.4617 2.6000 -47.5617
v 16.6993 2.6000 -48.0711
v 15.8000 2.6000 -48.2500
v 14.9007 2.6000 -48.0711
v 14.1383 2.6000 -47.5617
v 13.6289 2.6000 -46.7993
v 13.4500 2.6000 -45.9000
v 13.6289 2.6000 -45.0007
v 14.1383 2.6000 -44.2383
v 14.9007 2.6000 -43.7289
v 15.8000 4.0000 -43.5500
v 16.6993 4.0000 -43.7289
v 17.4617 4.0000 -44.2383
v 17.9711 4.0000 -45.0007
v 18.1500 4.0000 -45.9000
v 17.9711 4.0000 -46.7993
v 17.4617 4.0000 -47.5617
v 16.6993 4.0000 -48.0711
v 15.8000 4.0000 -48.2500
v 14.9007 4.0000 -48.0711
v 14.1383 4.0000 -47.5617
v 13.6289 4.0000 -46.7993
v 13.4500 4.0000 -45.9000
v 13.6289 4.0000 -45.0007
v 14.1383 4.0000 -44.2383
v 14.9007 4.0000 -43.7289
v 15.8000 4.2000 -43.5500
v 16.6993 4.2000 -43.7289
v 17.4617 4.2000 -44.2383
v 17.9711 4.2000 -45.0007
v 18.1500 4.2000 -45.9000
v 17.9711 4.2000 -46.7993
v 17.4617 4.2000 -47.5617
v 16.6993 4.2000 -48.0711
v 15.8000 4.2000 -48.2500
v 14.9007 4.2000 -48.0711
v 14.1383 4.2000 -47.5617
v 13.6289 4.2000 -46.7993
v 13.4500 4.2000 -45.9000
v 13.6289 4.2000 -45.0007
v 14.1383 4.2000 -44.2383
v 14.9007 4.2000 -43.7289
f 1305 1306 1322 1321
f 1306 1307 1323 1322
f 1307 1308 1324 1323
f 1308 1309 1325 1324
f 1309 1310 1326 1325
f 1310 1311 1327 1326
f 1311 1312 1328 1327
f 1312 1313 1329 1328
f 1313 1314 1330 1329
f 1314 1315 1331 1330
f 1315 1316 1332 1331
f 1316 1317 1333 1332
f 1317 1318 1334 1333
f 1318 1319 1335 1334
f 1319 1320 1336 1335
f 1320 1305 1321 1336
f 1320 1319 1318 1317 1316 1315 1314 1313 1312 1311 1310 1309 1308 1307 1306 1305
f 1321 1322 1323 1324 1325 1326 1327 1328 1329 1330 1331 1332 1333 1334 1335 1336
f 1337 1338 1354 1353
f 1338 1339 1355 1354
f 1339 1340 1356 1355
f 1340 1341 1357 1356
f 1341 1342 1358 1357
f 1342 1343 1359 1358
f 1343 1344 1360 1359
f 1344 1345 1361 1360
f 1345 1346 1362 1361
f 1346 1347 1363 1362
f 1347 1348 1364 1363
f 1348 1349 1365 1364
f 1349 1350 1366 1365
f 1350 1351 1367 1366
f 1351 1352 1368 1367
f 1352 1337 1353 1368
f 1352 1351 1350 1349 1348 1347 1346 1345 1344 1343 1342 1341 1340 1339 1338 1337
f 1353 1354 1355 1356 1357 1358 1359 1360 1361 1362 1363 1364 1365 1366 1367 1368
f 1369 1370 1386 1385
f 1370 1371 1387 1386
f 1371 1372 1388 1387
f 1372 1373 1389 1388
f 1373 1374 1390 1389
f 1374 1375 1391 1390
f 1375 1376 1392 1391
f 1376 1377 1393 1392
f 1377 1378 1394 1393
f 1378 1379 1395 1394
f 1379 1380 1396 1395
f 1380 1381 1397 1396
f 1381 1382 1398 1397
f 1382 1383 1399 1398
f 1383 1384 1400 1399
f 1384 1369 1385 1400
f 1384 1383 1382 1381 1380 1379 1378 1377 1376 1375 1374 1373 1372 1371 1370 1369
f 1385 1386 1387 1388 1389 1390 1391 1392 1393 1394 1395 1396 1397 1398 1399 1400
o STATION_HOME_M02RCT_Machinery-col
usemtl Engine
v 15.8000 0.0000 -43.7000
v 16.6419 0.0000 -43.8675
v 17.3556 0.0000 -44.3444
v 17.8325 0.0000 -45.0581
v 18.0000 0.0000 -45.9000
v 17.8325 0.0000 -46.7419
v 17.3556 0.0000 -47.4556
v 16.6419 0.0000 -47.9325
v 15.8000 0.0000 -48.1000
v 14.9581 0.0000 -47.9325
v 14.2444 0.0000 -47.4556
v 13.7675 0.0000 -46.7419
v 13.6000 0.0000 -45.9000
v 13.7675 0.0000 -45.0581
v 14.2444 0.0000 -44.3444
v 14.9581 0.0000 -43.8675
v 15.8000 6.0000 -43.7000
v 16.6419 6.0000 -43.8675
v 17.3556 6.0000 -44.3444
v 17.8325 6.0000 -45.0581
v 18.0000 6.0000 -45.9000
v 17.8325 6.0000 -46.7419
v 17.3556 6.0000 -47.4556
v 16.6419 6.0000 -47.9325
v 15.8000 6.0000 -48.1000
v 14.9581 6.0000 -47.9325
v 14.2444 6.0000 -47.4556
v 13.7675 6.0000 -46.7419
v 13.6000 6.0000 -45.9000
v 13.7675 6.0000 -45.0581
v 14.2444 6.0000 -44.3444
v 14.9581 6.0000 -43.8675
f 1401 1402 1418 1417
f 1402 1403 1419 1418
f 1403 1404 1420 1419
f 1404 1405 1421 1420
f 1405 1406 1422 1421
f 1406 1407 1423 1422
f 1407 1408 1424 1423
f 1408 1409 1425 1424
f 1409 1410 1426 1425
f 1410 1411 1427 1426
f 1411 1412 1428 1427
f 1412 1413 1429 1428
f 1413 1414 1430 1429
f 1414 1415 1431 1430
f 1415 1416 1432 1431
f 1416 1401 1417 1432
f 1416 1415 1414 1413 1412 1411 1410 1409 1408 1407 1406 1405 1404 1403 1402 1401
f 1417 1418 1419 1420 1421 1422 1423 1424 1425 1426 1427 1428 1429 1430 1431 1432
o STATION_HOME_M02RCT_Glow
usemtl EngineGlow
v 15.8000 6.0000 -44.5800
v 16.3051 6.0000 -44.6805
v 16.7334 6.0000 -44.9666
v 17.0195 6.0000 -45.3949
v 17.1200 6.0000 -45.9000
v 17.0195 6.0000 -46.4051
v 16.7334 6.0000 -46.8334
v 16.3051 6.0000 -47.1195
v 15.8000 6.0000 -47.2200
v 15.2949 6.0000 -47.1195
v 14.8666 6.0000 -46.8334
v 14.5805 6.0000 -46.4051
v 14.4800 6.0000 -45.9000
v 14.5805 6.0000 -45.3949
v 14.8666 6.0000 -44.9666
v 15.2949 6.0000 -44.6805
v 15.8000 6.0500 -44.5800
v 16.3051 6.0500 -44.6805
v 16.7334 6.0500 -44.9666
v 17.0195 6.0500 -45.3949
v 17.1200 6.0500 -45.9000
v 17.0195 6.0500 -46.4051
v 16.7334 6.0500 -46.8334
v 16.3051 6.0500 -47.1195
v 15.8000 6.0500 -47.2200
v 15.2949 6.0500 -47.1195
v 14.8666 6.0500 -46.8334
v 14.5805 6.0500 -46.4051
v 14.4800 6.0500 -45.9000
v 14.5805 6.0500 -45.3949
v 14.8666 6.0500 -44.9666
v 15.2949 6.0500 -44.6805
f 1433 1434 1450 1449
f 1434 1435 1451 1450
f 1435 1436 1452 1451
f 1436 1437 1453 1452
f 1437 1438 1454 1453
f 1438 1439 1455 1454
f 1439 1440 1456 1455
f 1440 1441 1457 1456
f 1441 1442 1458 1457
f 1442 1443 1459 1458
f 1443 1444 1460 1459
f 1444 1445 1461 1460
f 1445 1446 1462 1461
f 1446 1447 1463 1462
f 1447 1448 1464 1463
f 1448 1433 1449 1464
f 1448 1447 1446 1445 1444 1443 1442 1441 1440 1439 1438 1437 1436 1435 1434 1433
f 1449 1450 1451 1452 1453 1454 1455 1456 1457 1458 1459 1460 1461 1462 1463 1464
o STATION_HOME_M02RCT_Armor
usemtl Armor
v 15.8000 7.8000 -67.0000
v 15.8000 7.8000 -59.0000
v 25.8000 7.8000 -67.0000
v 25.8000 7.8000 -59.0000
v 15.8000 8.0000 -67.0000
v 15.8000 8.0000 -59.0000
v 25.8000 8.0000 -67.0000
v 25.8000 8.0000 -59.0000
v 15.8000 7.8000 -41.0000
v 15.8000 7.8000 -33.0000
v 25.8000 7.8000 -41.0000
v 25.8000 7.8000 -33.0000
v 15.8000 8.0000 -41.0000
v 15.8000 8.0000 -33.0000
v 25.8000 8.0000 -41.0000
v 25.8000 8.0000 -33.0000
f 1469 1471 1467 1465
f 1466 1468 1472 1470
f 1465 1466 1470 1469
f 1471 1472 1468 1467
f 1467 1468 1466 1465
f 1469 1470 1472 1471
f 1477 1479 1475 1473
f 1474 1476 1480 1478
f 1473 1474 1478 1477
f 1479 1480 1476 1475
f 1475 1476 1474 1473
f 1477 1478 1480 1479
o STATION_HOME_M02RCT_AirlockPort_Door-col
usemtl Door
v 14.7500 0.0000 -58.8000
v 14.7500 0.0000 -58.7000
v 16.8500 0.0000 -58.8000
v 16.8500 0.0000 -58.7000
v 14.7500 2.6000 -58.8000
v 14.7500 2.6000 -58.7000
v 16.8500 2.6000 -58.8000
v 16.8500 2.6000 -58.7000
f 1485 1487 1483 1481
f 1482 1484 1488 1486
f 1481 1482 1486 1485
f 1487 1488 1484 1483
f 1483 1484 1482 1481
f 1485 1486 1488 1487
o STATION_HOME_M02RCT_AirlockStbd_Door-col
usemtl Door
v 14.7500 0.0000 -41.3000
v 14.7500 0.0000 -41.2000
v 16.8500 0.0000 -41.3000
v 16.8500 0.0000 -41.2000
v 14.7500 2.6000 -41.3000
v 14.7500 2.6000 -41.2000
v 16.8500 2.6000 -41.3000
v 16.8500 2.6000 -41.2000
f 1493 1495 1491 1489
f 1490 1492 1496 1494
f 1489 1490 1494 1493
f 1495 1496 1492 1491
f 1491 1492 1490 1489
f 1493 1494 1496 1495
o STATION_HOME_M02RCT_Connector_Back_Door-col
usemtl Door
v 10.5500 0.0000 -50.9500
v 10.5500 0.0000 -49.0500
v 10.6500 0.0000 -50.9500
v 10.6500 0.0000 -49.0500
v 10.5500 2.8000 -50.9500
v 10.5500 2.8000 -49.0500
v 10.6500 2.8000 -50.9500
v 10.6500 2.8000 -49.0500
f 1501 1503 1499 1497
f 1498 1500 1504 1502
f 1497 1498 1502 1501
f 1503 1504 1500 1499
f 1499 1500 1498 1497
f 1501 1502 1504 1503
o STATION_HOME_M02RCT_Connector_Front_Door-col
usemtl Door
v 30.9500 0.0000 -50.9500
v 30.9500 0.0000 -49.0500
v 31.0500 0.0000 -50.9500
v 31.0500 0.0000 -49.0500
v 30.9500 2.8000 -50.9500
v 30.9500 2.8000 -49.0500
v 31.0500 2.8000 -50.9500
v 31.0500 2.8000 -49.0500
f 1509 1511 1507 1505
f 1506 1508 1512 1510
f 1505 1506 1510 1509
f 1511 1512 1508 1507
f 1507 1508 1506 1505
f 1509 1510 1512 1511
o STATION_HOME_M02RCT_ControlConsole-col
usemtl Furniture
v 25.0000 0.0000 -47.4000
v 25.0000 0.0000 -46.2000
v 26.6000 0.0000 -47.4000
v 26.6000 0.0000 -46.2000
v 25.0000 1.0000 -47.4000
v 25.0000 1.0000 -46.2000
v 26.6000 1.0000 -47.4000
v 26.6000 1.0000 -46.2000
f 1517 1519 1515 1513
f 1514 1516 1520 1518
f 1513 1514 1518 1517
f 1519 1520 1516 1515
f 1515 1516 1514 1513
f 1517 1518 1520 1519
o STATION_HOME_M02RCT_StatusLight
usemtl Lights
v 29.3000 8.4000 -50.5000
v 29.3000 8.4000 -49.5000
v 30.3000 8.4000 -50.5000
v 30.3000 8.4000 -49.5000
v 29.3000 8.7000 -50.5000
v 29.3000 8.7000 -49.5000
v 30.3000 8.7000 -50.5000
v 30.3000 8.7000 -49.5000
f 1525 1527 1523 1521
f 1522 1524 1528 1526
f 1521 1522 1526 1525
f 1527 1528 1524 1523
f 1523 1524 1522 1521
f 1525 1526 1528 1527
o STATION_HOME_T01L_Deck-col
usemtl Deck
v -4.4000 -0.3000 -48.6000
v -4.4000 -0.3000 -51.4000
v -10.4000 -0.3000 -48.6000
v -10.4000 -0.3000 -51.4000
v -4.4000 0.0000 -48.6000
v -4.4000 0.0000 -51.4000
v -10.4000 0.0000 -48.6000
v -10.4000 0.0000 -51.4000
f 1533 1535 1531 1529
f 1530 1532 1536 1534
f 1529 1530 1534 1533
f 1535 1536 1532 1531
f 1531 1532 1530 1529
f 1533 1534 1536 1535
o STATION_HOME_T01L_Hull-col
usemtl Hull
v -4.4000 3.2000 -48.2000
v -4.4000 3.2000 -51.8000
v -10.4000 3.2000 -48.2000
v -10.4000 3.2000 -51.8000
v -4.4000 3.6000 -48.2000
v -4.4000 3.6000 -51.8000
v -10.4000 3.6000 -48.2000
v -10.4000 3.6000 -51.8000
v -4.4000 -0.7000 -48.2000
v -4.4000 -0.7000 -51.8000
v -10.4000 -0.7000 -48.2000
v -10.4000 -0.7000 -51.8000
v -4.4000 -0.3000 -48.2000
v -4.4000 -0.3000 -51.8000
v -10.4000 -0.3000 -48.2000
v -10.4000 -0.3000 -51.8000
v -4.4000 -0.3000 -48.2000
v -4.4000 -0.3000 -48.6000
v -5.4000 -0.3000 -48.2000
v -5.4000 -0.3000 -48.6000
v -4.4000 3.2000 -48.2000
v -4.4000 3.2000 -48.6000
v -5.4000 3.2000 -48.2000
v -5.4000 3.2000 -48.6000
v -5.4000 -0.3000 -48.2000
v -5.4000 -0.3000 -48.6000
v -9.4000 -0.3000 -48.2000
v -9.4000 -0.3000 -48.6000
v -5.4000 1.2000 -48.2000
v -5.4000 1.2000 -48.6000
v -9.4000 1.2000 -48.2000
v -9.4000 1.2000 -48.6000
v -5.4000 2.4000 -48.2000
v -5.4000 2.4000 -48.6000
v -9.4000 2.4000 -48.2000
v -9.4000 2.4000 -48.6000
v -5.4000 3.2000 -48.2000
v -5.4000 3.2000 -48.6000
v -9.4000 3.2000 -48.2000
v -9.4000 3.2000 -48.6000
v -9.4000 -0.3000 -48.2000
v -9.4000 -0.3000 -48.6000
v -10.4000 -0.3000 -48.2000
v -10.4000 -0.3000 -48.6000
v -9.4000 3.2000 -48.2000
v -9.4000 3.2000 -48.6000
v -10.4000 3.2000 -48.2000
v -10.4000 3.2000 -48.6000
v -4.4000 -0.3000 -51.4000
v -4.4000 -0.3000 -51.8000
v -5.4000 -0.3000 -51.4000
v -5.4000 -0.3000 -51.8000
v -4.4000 3.2000 -51.4000
v -4.4000 3.2000 -51.8000
v -5.4000 3.2000 -51.4000
v -5.4000 3.2000 -51.8000
v -5.4000 -0.3000 -51.4000
v -5.4000 -0.3000 -51.8000
v -9.4000 -0.3000 -51.4000
v -9.4000 -0.3000 -51.8000
v -5.4000 1.2000 -51.4000
v -5.4000 1.2000 -51.8000
v -9.4000 1.2000 -51.4000
v -9.4000 1.2000 -51.8000
v -5.4000 2.4000 -51.4000
v -5.4000 2.4000 -51.8000
v -9.4000 2.4000 -51.4000
v -9.4000 2.4000 -51.8000
v -5.4000 3.2000 -51.4000
v -5.4000 3.2000 -51.8000
v -9.4000 3.2000 -51.4000
v -9.4000 3.2000 -51.8000
v -9.4000 -0.3000 -51.4000
v -9.4000 -0.3000 -51.8000
v -10.4000 -0.3000 -51.4000
v -10.4000 -0.3000 -51.8000
v -9.4000 3.2000 -51.4000
v -9.4000 3.2000 -51.8000
v -10.4000 3.2000 -51.4000
v -10.4000 3.2000 -51.8000
f 1541 1543 1539 1537
f 1538 1540 1544 1542
f 1537 1538 1542 1541
f 1543 1544 1540 1539
f 1539 1540 1538 1537
f 1541 1542 1544 1543
f 1549 1551 1547 1545
f 1546 1548 1552 1550
f 1545 1546 1550 1549
f 1551 1552 1548 1547
f 1547 1548 1546 1545
f 1549 1550 1552 1551
f 1557 1559 1555 1553
f 1554 1556 1560 1558
f 1553 1554 1558 1557
f 1559 1560 1556 1555
f 1555 1556 1554 1553
f 1557 1558 1560 1559
f 1565 1567 1563 1561
f 1562 1564 1568 1566
f 1561 1562 1566 1565
f 1567 1568 1564 1563
f 1563 1564 1562 1561
f 1565 1566 1568 1567
f 1573 1575 1571 1569
f 1570 1572 1576 1574
f 1569 1570 1574 1573
f 1575 1576 1572 1571
f 1571 1572 1570 1569
f 1573 1574 1576 1575
f 1581 1583 1579 1577
f 1578 1580 1584 1582
f 1577 1578 1582 1581
f 1583 1584 1580 1579
f 1579 1580 1578 1577
f 1581 1582 1584 1583
f 1589 1591 1587 1585
f 1586 1588 1592 1590
f 1585 1586 1590 1589
f 1591 1592 1588 1587
f 1587 1588 1586 1585
f 1589 1590 1592 1591
f 1597 1599 1595 1593
f 1594 1596 1600 1598
f 1593 1594 1598 1597
f 1599 1600 1596 1595
f 1595 1596 1594 1593
f 1597 1598 1600 1599
f 1605 1607 1603 1601
f 1602 1604 1608 1606
f 1601 1602 1606 1605
f 1607 1608 1604 1603
f 1603 1604 1602 1601
f 1605 1606 1608 1607
f 1613 1615 1611 1609
f 1610 1612 1616 1614
f 1609 1610 1614 1613
f 1615 1616 1612 1611
f 1611 1612 1610 1609
f 1613 1614 1616 1615
o STATION_HOME_T01L_Lights
usemtl Lights
v -4.9000 3.1200 -49.7000
v -4.9000 3.1200 -50.3000
v -9.9000 3.1200 -49.7000
v -9.9000 3.1200 -50.3000
v -4.9000 3.2000 -49.7000
v -4.9000 3.2000 -50.3000
v -9.9000 3.2000 -49.7000
v -9.9000 3.2000 -50.3000
f 1621 1623 1619 1617
f 1618 1620 1624 1622
f 1617 1618 1622 1621
f 1623 1624 1620 1619
f 1619 1620 1618 1617
f 1621 1622 1624 1623
o STATION_HOME_T01L_Glass-col
usemtl Glass
v -5.4000 1.2000 -48.4000
v -5.4000 1.2000 -48.4500
v -9.4000 1.2000 -48.4000
v -9.4000 1.2000 -48.4500
v -5.4000 2.4000 -48.4000
v -5.4000 2.4000 -48.4500
v -9.4000 2.4000 -48.4000
v -9.4000 2.4000 -48.4500
v -5.4000 1.2000 -51.5500
v -5.4000 1.2000 -51.6000
v -9.4000 1.2000 -51.5500
v -9.4000 1.2000 -51.6000
v -5.4000 2.4000 -51.5500
v -5.4000 2.4000 -51.6000
v -9.4000 2.4000 -51.5500
v -9.4000 2.4000 -51.6000
f 1629 1631 1627 1625
f 1626 1628 1632 1630
f 1625 1626 1630 1629
f 1631 1632 1628 1627
f 1627 1628 1626 1625
f 1629 1630 1632 1631
f 1637 1639 1635 1633
f 1634 1636 1640 1638
f 1633 1634 1638 1637
f 1639 1640 1636 1635
f 1635 1636 1634 1633
f 1637 1638 1640 1639
o STATION_HOME_M03RCT_Deck-col
usemtl Deck
v -10.8000 -0.3000 -41.5000
v -10.8000 -0.3000 -58.5000
v -30.8000 -0.3000 -41.5000
v -30.8000 -0.3000 -58.5000
v -10.8000 0.0000 -41.5000
v -10.8000 0.0000 -58.5000
v -30.8000 0.0000 -41.5000
v -30.8000 0.0000 -58.5000
v -20.8000 3.7000 -41.5000
v -20.8000 3.7000 -58.5000
v -30.8000 3.7000 -41.5000
v -30.8000 3.7000 -58.5000
v -20.8000 4.0000 -41.5000
v -20.8000 4.0000 -58.5000
v -30.8000 4.0000 -41.5000
v -30.8000 4.0000 -58.5000
f 1645 1647 1643 1641
f 1642 1644 1648 1646
f 1641 1642 1646 1645
f 1647 1648 1644 1643
f 1643 1644 1642 1641
f 1645 1646 1648 1647
f 1653 1655 1651 1649
f 1650 1652 1656 1654
f 1649 1650 1654 1653
f 1655 1656 1652 1651
f 1651 1652 1650 1649
f 1653 1654 1656 1655
o STATION_HOME_M03RCT_Hull-col
usemtl Hull
v -10.4000 8.0000 -41.0000
v -10.4000 8.0000 -59.0000
v -31.2000 8.0000 -41.0000
v -31.2000 8.0000 -59.0000
v -10.4000 8.4000 -41.0000
v -10.4000 8.4000 -59.0000
v -31.2000 8.4000 -41.0000
v -31.2000 8.4000 -59.0000
v -10.4000 -0.7000 -41.0000
v -10.4000 -0.7000 -59.0000
v -31.2000 -0.7000 -41.0000
v -31.2000 -0.7000 -59.0000
v -10.4000 -0.3000 -41.0000
v -10.4000 -0.3000 -59.0000
v -31.2000 -0.3000 -41.0000
v -31.2000 -0.3000 -59.0000
v -10.8000 -0.3000 -41.0000
v -10.8000 -0.3000 -41.5000
v -14.8000 -0.3000 -41.0000
v -14.8000 -0.3000 -41.5000
v -10.8000 8.0000 -41.0000
v -10.8000 8.0000 -41.5000
v -14.8000 8.0000 -41.0000
v -14.8000 8.0000 -41.5000
v -14.8000 -0.3000 -41.0000
v -14.8000 -0.3000 -41.5000
v -16.8000 -0.3000 -41.0000
v -16.8000 -0.3000 -41.5000
v -14.8000 0.0000 -41.0000
v -14.8000 0.0000 -41.5000
v -16.8000 0.0000 -41.0000
v -16.8000 0.0000 -41.5000
v -14.8000 2.6000 -41.0000
v -14.8000 2.6000 -41.5000
v -16.8000 2.6000 -41.0000
v -16.8000 2.6000 -41.5000
v -14.8000 8.0000 -41.0000
v -14.8000 8.0000 -41.5000
v -16.8000 8.0000 -41.0000
v -16.8000 8.0000 -41.5000
v -16.8000 -0.3000 -41.0000
v -16.8000 -0.3000 -41.5000
v -30.8000 -0.3000 -41.0000
v -30.8000 -0.3000 -41.5000
v -16.8000 8.0000 -41.0000
v -16.8000 8.0000 -41.5000
v -30.8000 8.0000 -41.0000
v -30.8000 8.0000 -41.5000
v -10.8000 -0.3000 -58.5000
v -10.8000 -0.3000 -59.0000
v -14.8000 -0.3000 -58.5000
v -14.8000 -0.3000 -59.0000
v -10.8000 8.0000 -58.5000
v -10.8000 8.0000 -59.0000
v -14.8000 8.0000 -58.5000
v -14.8000 8.0000 -59.0000
v -14.8000 -0.3000 -58.5000
v -14.8000 -0.3000 -59.0000
v -16.8000 -0.3000 -58.5000
v -16.8000 -0.3000 -59.0000
v -14.8000 0.0000 -58.5000
v -14.8000 0.0000 -59.0000
v -16.8000 0.0000 -58.5000
v -16.8000 0.0000 -59.0000
v -14.8000 2.6000 -58.5000
v -14.8000 2.6000 -59.0000
v -16.8000 2.6000 -58.5000
v -16.8000 2.6000 -59.0000
v -14.8000 8.0000 -58.5000
v -14.8000 8.0000 -59.0000
v -16.8000 8.0000 -58.5000
v -16.8000 8.0000 -59.0000
v -16.8000 -0.3000 -58.5000
v -16.8000 -0.3000 -59.0000
v -30.8000 -0.3000 -58.5000
v -30.8000 -0.3000 -59.0000
v -16.8000 8.0000 -58.5000
v -16.8000 8.0000 -59.0000
v -30.8000 8.0000 -58.5000
v -30.8000 8.0000 -59.0000
v -10.4000 -0.3000 -41.0000
v -10.4000 -0.3000 -49.1000
v -10.8000 -0.3000 -41.0000
v -10.8000 -0.3000 -49.1000
v -10.4000 8.0000 -41.0000
v -10.4000 8.0000 -49.1000
v -10.8000 8.0000 -41.0000
v -10.8000 8.0000 -49.1000
v -10.4000 -0.3000 -49.1000
v -10.4000 -0.3000 -50.9000
v -10.8000 -0.3000 -49.1000
v -10.8000 -0.3000 -50.9000
v -10.4000 0.0000 -49.1000
v -10.4000 0.0000 -50.9000
v -10.8000 0.0000 -49.1000
v -10.8000 0.0000 -50.9000
v -10.4000 2.8000 -49.1000
v -10.4000 2.8000 -50.9000
v -10.8000 2.8000 -49.1000
v -10.8000 2.8000 -50.9000
v -10.4000 8.0000 -49.1000
v -10.4000 8.0000 -50.9000
v -10.8000 8.0000 -49.1000
v -10.8000 8.0000 -50.9000
v -10.4000 -0.3000 -50.9000
v -10.4000 -0.3000 -59.0000
v -10.8000 -0.3000 -50.9000
v -10.8000 -0.3000 -59.0000
v -10.4000 8.0000 -50.9000
v -10.4000 8.0000 -59.0000
v -10.8000 8.0000 -50.9000
v -10.8000 8.0000 -59.0000
v -30.8000 -0.3000 -41.0000
v -30.8000 -0.3000 -49.1000
v -31.2000 -0.3000 -41.0000
v -31.2000 -0.3000 -49.1000
v -30.8000 8.0000 -41.0000
v -30.8000 8.0000 -49.1000
v -31.2000 8.0000 -41.0000
v -31.2000 8.0000 -49.1000
v -30.8000 -0.3000 -49.1000
v -30.8000 -0.3000 -50.9000
v -31.2000 -0.3000 -49.1000
v -31.2000 -0.3000 -50.9000
v -30.8000 0.0000 -49.1000
v -30.8000 0.0000 -50.9000
v -31.2000 0.0000 -49.1000
v -31.2000 0.0000 -50.9000
v -30.8000 2.8000 -49.1000
v -30.8000 2.8000 -50.9000
v -31.2000 2.8000 -49.1000
v -31.2000 2.8000 -50.9000
v -30.8000 8.0000 -49.1000
v -30.8000 8.0000 -50.9000
v -31.2000 8.0000 -49.1000
v -31.2000 8.0000 -50.9000
v -30.8000 -0.3000 -50.9000
v -30.8000 -0.3000 -59.0000
v -31.2000 -0.3000 -50.9000
v -31.2000 -0.3000 -59.0000
v -30.8000 8.0000 -50.9000
v -30.8000 8.0000 -59.0000
v -31.2000 8.0000 -50.9000
v -31.2000 8.0000 -59.0000
f 1661 1663 1659 1657
f 1658 1660 1664 1662
f 1657 1658 1662 1661
f 1663 1664 1660 1659
f 1659 1660 1658 1657
f 1661 1662 1664 1663
f 1669 1671 1667 1665
f 1666 1668 1672 1670
f 1665 1666 1670 1669
f 1671 1672 1668 1667
f 1667 1668 1666 1665
f 1669 1670 1672 1671
f 1677 1679 1675 1673
f 1674 1676 1680 1678
f 1673 1674 1678 1677
f 1679 1680 1676 1675
f 1675 1676 1674 1673
f 1677 1678 1680 1679
f 1685 1687 1683 1681
f 1682 1684 1688 1686
f 1681 1682 1686 1685
f 1687 1688 1684 1683
f 1683 1684 1682 1681
f 1685 1686 1688 1687
f 1693 1695 1691 1689
f 1690 1692 1696 1694
f 1689 1690 1694 1693
f 1695 1696 1692 1691
f 1691 1692 1690 1689
f 1693 1694 1696 1695
f 1701 1703 1699 1697
f 1698 1700 1704 1702
f 1697 1698 1702 1701
f 1703 1704 1700 1699
f 1699 1700 1698 1697
f 1701 1702 1704 1703
f 1709 1711 1707 1705
f 1706 1708 1712 1710
f 1705 1706 1710 1709
f 1711 1712 1708 1707
f 1707 1708 1706 1705
f 1709 1710 1712 1711
f 1717 1719 1715 1713
f 1714 1716 1720 1718
f 1713 1714 1718 1717
f 1719 1720 1716 1715
f 1715 1716 1714 1713
f 1717 1718 1720 1719
f 1725 1727 1723 1721
f 1722 1724 1728 1726
f 1721 1722 1726 1725
f 1727 1728 1724 1723
f 1723 1724 1722 1721
f 1725 1726 1728 1727
f 1733 1735 1731 1729
f 1730 1732 1736 1734
f 1729 1730 1734 1733
f 1735 1736 1732 1731
f 1731 1732 1730 1729
f 1733 1734 1736 1735
f 1741 1743 1739 1737
f 1738 1740 1744 1742
f 1737 1738 1742 1741
f 1743 1744 1740 1739
f 1739 1740 1738 1737
f 1741 1742 1744 1743
f 1749 1751 1747 1745
f 1746 1748 1752 1750
f 1745 1746 1750 1749
f 1751 1752 1748 1747
f 1747 1748 1746 1745
f 1749 1750 1752 1751
f 1757 1759 1755 1753
f 1754 1756 1760 1758
f 1753 1754 1758 1757
f 1759 1760 1756 1755
f 1755 1756 1754 1753
f 1757 1758 1760 1759
f 1765 1767 1763 1761
f 1762 1764 1768 1766
f 1761 1762 1766 1765
f 1767 1768 1764 1763
f 1763 1764 1762 1761
f 1765 1766 1768 1767
f 1773 1775 1771 1769
f 1770 1772 1776 1774
f 1769 1770 1774 1773
f 1775 1776 1772 1771
f 1771 1772 1770 1769
f 1773 1774 1776 1775
f 1781 1783 1779 1777
f 1778 1780 1784 1782
f 1777 1778 1782 1781
f 1783 1784 1780 1779
f 1779 1780 1778 1777
f 1781 1782 1784 1783
f 1789 1791 1787 1785
f 1786 1788 1792 1790
f 1785 1786 1790 1789
f 1791 1792 1788 1787
f 1787 1788 1786 1785
f 1789 1790 1792 1791
f 1797 1799 1795 1793
f 1794 1796 1800 1798
f 1793 1794 1798 1797
f 1799 1800 1796 1795
f 1795 1796 1794 1793
f 1797 1798 1800 1799
o STATION_HOME_M03RCT_Interior-col
usemtl Interior
v -20.7000 0.0000 -41.5000
v -20.7000 0.0000 -48.8000
v -20.9000 0.0000 -41.5000
v -20.9000 0.0000 -48.8000
v -20.7000 4.0000 -41.5000
v -20.7000 4.0000 -48.8000
v -20.9000 4.0000 -41.5000
v -20.9000 4.0000 -48.8000
v -20.7000 3.0000 -48.8000
v -20.7000 3.0000 -51.2000
v -20.9000 3.0000 -48.8000
v -20.9000 3.0000 -51.2000
v -20.7000 4.0000 -48.8000
v -20.7000 4.0000 -51.2000
v -20.9000 4.0000 -48.8000
v -20.9000 4.0000 -51.2000
v -20.7000 0.0000 -51.2000
v -20.7000 0.0000 -58.5000
v -20.9000 0.0000 -51.2000
v -20.9000 0.0000 -58.5000
v -20.7000 4.0000 -51.2000
v -20.7000 4.0000 -58.5000
v -20.9000 4.0000 -51.2000
v -20.9000 4.0000 -58.5000
v -20.8000 0.0000 -48.6000
v -20.8000 0.0000 -48.8000
v -25.0000 0.0000 -48.6000
v -25.0000 0.0000 -48.8000
v -20.8000 4.0000 -48.6000
v -20.8000 4.0000 -48.8000
v -25.0000 4.0000 -48.6000
v -25.0000 4.0000 -48.8000
v -25.0000 2.6000 -48.6000
v -25.0000 2.6000 -48.8000
v -26.6000 2.6000 -48.6000
v -26.6000 2.6000 -48.8000
v -25.0000 4.0000 -48.6000
v -25.0000 4.0000 -48.8000
v -26.6000 4.0000 -48.6000
v -26.6000 4.0000 -48.8000
v -26.6000 0.0000 -48.6000
v -26.6000 0.0000 -48.8000
v -30.8000 0.0000 -48.6000
v -30.8000 0.0000 -48.8000
v -26.6000 4.0000 -48.6000
v -26.6000 4.0000 -48.8000
v -30.8000 4.0000 -48.6000
v -30.8000 4.0000 -48.8000
v -20.8000 0.0000 -51.2000
v -20.8000 0.0000 -51.4000
v -25.0000 0.0000 -51.2000
v -25.0000 0.0000 -51.4000
v -20.8000 4.0000 -51.2000
v -20.8000 4.0000 -51.4000
v -25.0000 4.0000 -51.2000
v -25.0000 4.0000 -51.4000
v -25.0000 2.6000 -51.2000
v -25.0000 2.6000 -51.4000
v -26.6000 2.6000 -51.2000
v -26.6000 2.6000 -51.4000
v -25.0000 4.0000 -51.2000
v -25.0000 4.0000 -51.4000
v -26.6000 4.0000 -51.2000
v -26.6000 4.0000 -51.4000
v -26.6000 0.0000 -51.2000
v -26.6000 0.0000 -51.4000
v -30.8000 0.0000 -51.2000
v -30.8000 0.0000 -51.4000
v -26.6000 4.0000 -51.2000
v -26.6000 4.0000 -51.4000
v -30.8000 4.0000 -51.2000
v -30.8000 4.0000 -51.4000
f 1805 1807 1803 1801
f 1802 1804 1808 1806
f 1801 1802 1806 1805
f 1807 1808 1804 1803
f 1803 1804 1802 1801
f 1805 1806 1808 1807
f 1813 1815 1811 1809
f 1810 1812 1816 1814
f 1809 1810 1814 1813
f 1815 1816 1812 1811
f 1811 1812 1810 1809
f 1813 1814 1816 1815
f 1821 1823 1819 1817
f 1818 1820 1824 1822
f 1817 1818 1822 1821
f 1823 1824 1820 1819
f 1819 1820 1818 1817
f 1821 1822 1824 1823
f 1829 1831 1827 1825
f 1826 1828 1832 1830
f 1825 1826 1830 1829
f 1831 1832 1828 1827
f 1827 1828 1826 1825
f 1829 1830 1832 1831
f 1837 1839 1835 1833
f 1834 1836 1840 1838
f 1833 1834 1838 1837
f 1839 1840 1836 1835
f 1835 1836 1834 1833
f 1837 1838 1840 1839
f 1845 1847 1843 1841
f 1842 1844 1848 1846
f 1841 1842 1846 1845
f 1847 1848 1844 1843
f 1843 1844 1842 1841
f 1845 1846 1848 1847
f 1853 1855 1851 1849
f 1850 1852 1856 1854
f 1849 1850 1854 1853
f 1855 1856 1852 1851
f 1851 1852 1850 1849
f 1853 1854 1856 1855
f 1861 1863 1859 1857
f 1858 1860 1864 1862
f 1857 1858 1862 1861
f 1863 1864 1860 1859
f 1859 1860 1858 1857
f 1861 1862 1864 1863
f 1869 1871 1867 1865
f 1866 1868 1872 1870
f 1865 1866 1870 1869
f 1871 1872 1868 1867
f 1867 1868 1866 1865
f 1869 1870 1872 1871
o STATION_HOME_M03RCT_Furniture-col
usemtl Furniture
v -21.4000 0.0000 -57.7000
v -21.4000 0.0000 -58.4000
v -30.2000 0.0000 -57.7000
v -30.2000 0.0000 -58.4000
v -21.4000 1.1000 -57.7000
v -21.4000 1.1000 -58.4000
v -30.2000 1.1000 -57.7000
v -30.2000 1.1000 -58.4000
v -21.4000 0.0000 -41.6000
v -21.4000 0.0000 -42.1000
v -23.8000 0.0000 -41.6000
v -23.8000 0.0000 -42.1000
v -21.4000 2.0000 -41.6000
v -21.4000 2.0000 -42.1000
v -23.8000 2.0000 -41.6000
v -23.8000 2.0000 -42.1000
v -25.2000 0.0000 -46.0000
v -25.2000 0.0000 -47.4000
v -26.4000 0.0000 -46.0000
v -26.4000 0.0000 -47.4000
v -25.2000 0.7500 -46.0000
v -25.2000 0.7500 -47.4000
v -26.4000 0.7500 -46.0000
v -26.4000 0.7500 -47.4000
v -21.2000 0.0000 -50.8500
v -21.2000 0.0000 -51.2000
v -22.4000 0.0000 -50.8500
v -22.4000 0.0000 -51.2000
v -21.2000 2.0000 -50.8500
v -21.2000 2.0000 -51.2000
v -22.4000 2.0000 -50.8500
v -22.4000 2.0000 -51.2000
v -13.0000 0.6000 -41.5500
v -13.0000 0.6000 -41.9500
v -14.0000 0.6000 -41.5500
v -14.0000 0.6000 -41.9500
v -13.0000 2.0000 -41.5500
v -13.0000 2.0000 -41.9500
v -14.0000 2.0000 -41.5500
v -14.0000 2.0000 -41.9500
v -15.3000 0.6000 -58.0500
v -15.3000 0.6000 -58.4500
v -16.3000 0.6000 -58.0500
v -16.3000 0.6000 -58.4500
v -15.3000 2.0000 -58.0500
v -15.3000 2.0000 -58.4500
v -16.3000 2.0000 -58.0500
v -16.3000 2.0000 -58.4500
v -17.6000 0.6000 -41.5500
v -17.6000 0.6000 -41.9500
v -18.6000 0.6000 -41.5500
v -18.6000 0.6000 -41.9500
v -17.6000 2.0000 -41.5500
v -17.6000 2.0000 -41.9500
v -18.6000 2.0000 -41.5500
v -18.6000 2.0000 -41.9500
f 1877 1879 1875 1873
f 1874 1876 1880 1878
f 1873 1874 1878 1877
f 1879 1880 1876 1875
f 1875 1876 1874 1873
f 1877 1878 1880 1879
f 1885 1887 1883 1881
f 1882 1884 1888 1886
f 1881 1882 1886 1885
f 1887 1888 1884 1883
f 1883 1884 1882 1881
f 1885 1886 1888 1887
f 1893 1895 1891 1889
f 1890 1892 1896 1894
f 1889 1890 1894 1893
f 1895 1896 1892 1891
f 1891 1892 1890 1889
f 1893 1894 1896 1895
f 1901 1903 1899 1897
f 1898 1900 1904 1902
f 1897 1898 1902 1901
f 1903 1904 1900 1899
f 1899 1900 1898 1897
f 1901 1902 1904 1903
f 1909 1911 1907 1905
f 1906 1908 1912 1910
f 1905 1906 1910 1909
f 1911 1912 1908 1907
f 1907 1908 1906 1905
f 1909 1910 1912 1911
f 1917 1919 1915 1913
f 1914 1916 1920 1918
f 1913 1914 1918 1917
f 1919 1920 1916 1915
f 1915 1916 1914 1913
f 1917 1918 1920 1919
f 1925 1927 1923 1921
f 1922 1924 1928 1926
f 1921 1922 1926 1925
f 1927 1928 1924 1923
f 1923 1924 1922 1921
f 1925 1926 1928 1927
o STATION_HOME_M03RCT_Cover-col
usemtl Cover
v -13.0000 0.0000 -46.4000
v -13.0000 0.0000 -47.4000
v -14.0000 0.0000 -46.4000
v -14.0000 0.0000 -47.4000
v -13.0000 1.1000 -46.4000
v -13.0000 1.1000 -47.4000
v -14.0000 1.1000 -46.4000
v -14.0000 1.1000 -47.4000
v -17.6000 0.0000 -46.4000
v -17.6000 0.0000 -47.4000
v -18.6000 0.0000 -46.4000
v -18.6000 0.0000 -47.4000
v -17.6000 1.1000 -46.4000
v -17.6000 1.1000 -47.4000
v -18.6000 1.1000 -46.4000
v -18.6000 1.1000 -47.4000
f 1933 1935 1931 1929
f 1930 1932 1936 1934
f 1929 1930 1934 1933
f 1935 1936 1932 1931
f 1931 1932 1930 1929
f 1933 1934 1936 1935
f 1941 1943 1939 1937
f 1938 1940 1944 1942
f 1937 1938 1942 1941
f 1943 1944 1940 1939
f 1939 1940 1938 1937
f 1941 1942 1944 1943
o STATION_HOME_M03RCT_Hazard
usemtl Hazard
v -14.5000 0.0000 -40.8800
v -14.5000 0.0000 -41.0000
v -14.8000 0.0000 -40.8800
v -14.8000 0.0000 -41.0000
v -14.5000 2.9000 -40.8800
v -14.5000 2.9000 -41.0000
v -14.8000 2.9000 -40.8800
v -14.8000 2.9000 -41.0000
v -16.8000 0.0000 -40.8800
v -16.8000 0.0000 -41.0000
v -17.1000 0.0000 -40.8800
v -17.1000 0.0000 -41.0000
v -16.8000 2.9000 -40.8800
v -16.8000 2.9000 -41.0000
v -17.1000 2.9000 -40.8800
v -17.1000 2.9000 -41.0000
v -14.5000 0.0000 -59.0000
v -14.5000 0.0000 -59.1200
v -14.8000 0.0000 -59.0000
v -14.8000 0.0000 -59.1200
v -14.5000 2.9000 -59.0000
v -14.5000 2.9000 -59.1200
v -14.8000 2.9000 -59.0000
v -14.8000 2.9000 -59.1200
v -16.8000 0.0000 -59.0000
v -16.8000 0.0000 -59.1200
v -17.1000 0.0000 -59.0000
v -17.1000 0.0000 -59.1200
v -16.8000 2.9000 -59.0000
v -16.8000 2.9000 -59.1200
v -17.1000 2.9000 -59.0000
v -17.1000 2.9000 -59.1200
v -31.2000 2.8000 -48.8000
v -31.2000 2.8000 -51.2000
v -31.2400 2.8000 -48.8000
v -31.2400 2.8000 -51.2000
v -31.2000 3.0000 -48.8000
v -31.2000 3.0000 -51.2000
v -31.2400 3.0000 -48.8000
v -31.2400 3.0000 -51.2000
v -13.0000 1.8000 -41.9500
v -13.0000 1.8000 -41.9700
v -14.0000 1.8000 -41.9500
v -14.0000 1.8000 -41.9700
v -13.0000 2.0000 -41.9500
v -13.0000 2.0000 -41.9700
v -14.0000 2.0000 -41.9500
v -14.0000 2.0000 -41.9700
v -15.3000 1.8000 -58.0300
v -15.3000 1.8000 -58.0500
v -16.3000 1.8000 -58.0300
v -16.3000 1.8000 -58.0500
v -15.3000 2.0000 -58.0300
v -15.3000 2.0000 -58.0500
v -16.3000 2.0000 -58.0300
v -16.3000 2.0000 -58.0500
v -17.6000 1.8000 -41.9500
v -17.6000 1.8000 -41.9700
v -18.6000 1.8000 -41.9500
v -18.6000 1.8000 -41.9700
v -17.6000 2.0000 -41.9500
v -17.6000 2.0000 -41.9700
v -18.6000 2.0000 -41.9500
v -18.6000 2.0000 -41.9700
f 1949 1951 1947 1945
f 1946 1948 1952 1950
f 1945 1946 1950 1949
f 1951 1952 1948 1947
f 1947 1948 1946 1945
f 1949 1950 1952 1951
f 1957 1959 1955 1953
f 1954 1956 1960 1958
f 1953 1954 1958 1957
f 1959 1960 1956 1955
f 1955 1956 1954 1953
f 1957 1958 1960 1959
f 1965 1967 1963 1961
f 1962 1964 1968 1966
f 1961 1962 1966 1965
f 1967 1968 1964 1963
f 1963 1964 1962 1961
f 1965 1966 1968 1967
f 1973 1975 1971 1969
f 1970 1972 1976 1974
f 1969 1970 1974 1973
f 1975 1976 1972 1971
f 1971 1972 1970 1969
f 1973 1974 1976 1975
f 1981 1983 1979 1977
f 1978 1980 1984 1982
f 1977 1978 1982 1981
f 1983 1984 1980 1979
f 1979 1980 1978 1977
f 1981 1982 1984 1983
f 1989 1991 1987 1985
f 1986 1988 1992 1990
f 1985 1986 1990 1989
f 1991 1992 1988 1987
f 1987 1988 1986 1985
f 1989 1990 1992 1991
f 1997 1999 1995 1993
f 1994 1996 2000 1998
f 1993 1994 1998 1997
f 1999 2000 1996 1995
f 1995 1996 1994 1993
f 1997 1998 2000 1999
f 2005 2007 2003 2001
f 2002 2004 2008 2006
f 2001 2002 2006 2005
f 2007 2008 2004 2003
f 2003 2004 2002 2001
f 2005 2006 2008 2007
o STATION_HOME_M03RCT_Lights
usemtl Lights
v -21.6000 0.8000 -57.6800
v -21.6000 0.8000 -57.7000
v -30.0000 0.8000 -57.6800
v -30.0000 0.8000 -57.7000
v -21.6000 1.0500 -57.6800
v -21.6000 1.0500 -57.7000
v -30.0000 1.0500 -57.6800
v -30.0000 1.0500 -57.7000
v -25.1000 1.0000 -52.7000
v -25.1000 1.0000 -53.7000
v -26.5000 1.0000 -52.7000
v -26.5000 1.0000 -53.7000
v -25.1000 1.0300 -52.7000
v -25.1000 1.0300 -53.7000
v -26.5000 1.0300 -52.7000
v -26.5000 1.0300 -53.7000
v -21.3000 3.6200 -49.7000
v -21.3000 3.6200 -50.3000
v -30.3000 3.6200 -49.7000
v -30.3000 3.6200 -50.3000
v -21.3000 3.7000 -49.7000
v -21.3000 3.7000 -50.3000
v -30.3000 3.7000 -49.7000
v -30.3000 3.7000 -50.3000
v -11.7000 7.8800 -49.6000
v -11.7000 7.8800 -50.4000
v -19.9000 7.8800 -49.6000
v -19.9000 7.8800 -50.4000
v -11.7000 7.9600 -49.6000
v -11.7000 7.9600 -50.4000
v -19.9000 7.9600 -49.6000
v -19.9000 7.9600 -50.4000
f 2013 2015 2011 2009
f 2010 2012 2016 2014
f 2009 2010 2014 2013
f 2015 2016 2012 2011
f 2011 2012 2010 2009
f 2013 2014 2016 2015
f 2021 2023 2019 2017
f 2018 2020 2024 2022
f 2017 2018 2022 2021
f 2023 2024 2020 2019
f 2019 2020 2018 2017
f 2021 2022 2024 2023
f 2029 2031 2027 2025
f 2026 2028 2032 2030
f 2025 2026 2030 2029
f 2031 2032 2028 2027
f 2027 2028 2026 2025
f 2029 2030 2032 2031
f 2037 2039 2035 2033
f 2034 2036 2040 2038
f 2033 2034 2038 2037
f 2039 2040 2036 2035
f 2035 2036 2034 2033
f 2037 2038 2040 2039
o STATION_HOME_M03RCT_Trim
usemtl Trim
v -15.8000 0.8000 -56.4500
v -16.6993 0.8000 -56.2711
v -17.4617 0.8000 -55.7617
v -17.9711 0.8000 -54.9993
v -18.1500 0.8000 -54.1000
v -17.9711 0.8000 -53.2007
v -17.4617 0.8000 -52.4383
v -16.6993 0.8000 -51.9289
v -15.8000 0.8000 -51.7500
v -14.9007 0.8000 -51.9289
v -14.1383 0.8000 -52.4383
v -13.6289 0.8000 -53.2007
v -13.4500 0.8000 -54.1000
v -13.6289 0.8000 -54.9993
v -14.1383 0.8000 -55.7617
v -14.9007 0.8000 -56.2711
v -15.8000 1.0000 -56.4500
v -16.6993 1.0000 -56.2711
v -17.4617 1.0000 -55.7617
v -17.9711 1.0000 -54.9993
v -18.1500 1.0000 -54.1000
v -17.9711 1.0000 -53.2007
v -17.4617 1.0000 -52.4383
v -16.6993 1.0000 -51.9289
v -15.8000 1.0000 -51.7500
v -14.9007 1.0000 -51.9289
v -14.1383 1.0000 -52.4383
v -13.6289 1.0000 -53.2007
v -13.4500 1.0000 -54.1000
v -13.6289 1.0000 -54.9993
v -14.1383 1.0000 -55.7617
v -14.9007 1.0000 -56.2711
v -15.8000 2.4000 -56.4500
v -16.6993 2.4000 -56.2711
v -17.4617 2.4000 -55.7617
v -17.9711 2.4000 -54.9993
v -18.1500 2.4000 -54.1000
v -17.9711 2.4000 -53.2007
v -17.4617 2.4000 -52.4383
v -16.6993 2.4000 -51.9289
v -15.8000 2.4000 -51.7500
v -14.9007 2.4000 -51.9289
v -14.1383 2.4000 -52.4383
v -13.6289 2.4000 -53.2007
v -13.4500 2.4000 -54.1000
v -13.6289 2.4000 -54.9993
v -14.1383 2.4000 -55.7617
v -14.9007 2.4000 -56.2711
v -15.8000 2.6000 -56.4500
v -16.6993 2.6000 -56.2711
v -17.4617 2.6000 -55.7617
v -17.9711 2.6000 -54.9993
v -18.1500 2.6000 -54.1000
v -17.9711 2.6000 -53.2007
v -17.4617 2.6000 -52.4383
v -16.6993 2.6000 -51.9289
v -15.8000 2.6000 -51.7500
v -14.9007 2.6000 -51.9289
v -14.1383 2.6000 -52.4383
v -13.6289 2.6000 -53.2007
v -13.4500 2.6000 -54.1000
v -13.6289 2.6000 -54.9993
v -14.1383 2.6000 -55.7617
v -14.9007 2.6000 -56.2711
v -15.8000 4.0000 -56.4500
v -16.6993 4.0000 -56.2711
v -17.4617 4.0000 -55.7617
v -17.9711 4.0000 -54.9993
v -18.1500 4.0000 -54.1000
v -17.9711 4.0000 -53.2007
v -17.4617 4.0000 -52.4383
v -16.6993 4.0000 -51.9289
v -15.8000 4.0000 -51.7500
v -14.9007 4.0000 -51.9289
v -14.1383 4.0000 -52.4383
v -13.6289 4.0000 -53.2007
v -13.4500 4.0000 -54.1000
v -13.6289 4.0000 -54.9993
v -14.1383 4.0000 -55.7617
v -14.9007 4.0000 -56.2711
v -15.8000 4.2000 -56.4500
v -16.6993 4.2000 -56.2711
v -17.4617 4.2000 -55.7617
v -17.9711 4.2000 -54.9993
v -18.1500 4.2000 -54.1000
v -17.9711 4.2000 -53.2007
v -17.4617 4.2000 -52.4383
v -16.6993 4.2000 -51.9289
v -15.8000 4.2000 -51.7500
v -14.9007 4.2000 -51.9289
v -14.1383 4.2000 -52.4383
v -13.6289 4.2000 -53.2007
v -13.4500 4.2000 -54.1000
v -13.6289 4.2000 -54.9993
v -14.1383 4.2000 -55.7617
v -14.9007 4.2000 -56.2711
f 2041 2042 2058 2057
f 2042 2043 2059 2058
f 2043 2044 2060 2059
f 2044 2045 2061 2060
f 2045 2046 2062 2061
f 2046 2047 2063 2062
f 2047 2048 2064 2063
f 2048 2049 2065 2064
f 2049 2050 2066 2065
f 2050 2051 2067 2066
f 2051 2052 2068 2067
f 2052 2053 2069 2068
f 2053 2054 2070 2069
f 2054 2055 2071 2070
f 2055 2056 2072 2071
f 2056 2041 2057 2072
f 2056 2055 2054 2053 2052 2051 2050 2049 2048 2047 2046 2045 2044 2043 2042 2041
f 2057 2058 2059 2060 2061 2062 2063 2064 2065 2066 2067 2068 2069 2070 2071 2072
f 2073 2074 2090 2089
f 2074 2075 2091 2090
f 2075 2076 2092 2091
f 2076 2077 2093 2092
f 2077 2078 2094 2093
f 2078 2079 2095 2094
f 2079 2080 2096 2095
f 2080 2081 2097 2096
f 2081 2082 2098 2097
f 2082 2083 2099 2098
f 2083 2084 2100 2099
f 2084 2085 2101 2100
f 2085 2086 2102 2101
f 2086 2087 2103 2102
f 2087 2088 2104 2103
f 2088 2073 2089 2104
f 2088 2087 2086 2085 2084 2083 2082 2081 2080 2079 2078 2077 2076 2075 2074 2073
f 2089 2090 2091 2092 2093 2094 2095 2096 2097 2098 2099 2100 2101 2102 2103 2104
f 2105 2106 2122 2121
f 2106 2107 2123 2122
f 2107 2108 2124 2123
f 2108 2109 2125 2124
f 2109 2110 2126 2125
f 2110 2111 2127 2126
f 2111 2112 2128 2127
f 2112 2113 2129 2128
f 2113 2114 2130 2129
f 2114 2115 2131 2130
f 2115 2116 2132 2131
f 2116 2117 2133 2132
f 2117 2118 2134 2133
f 2118 2119 2135 2134
f 2119 2120 2136 2135
f 2120 2105 2121 2136
f 2120 2119 2118 2117 2116 2115 2114 2113 2112 2111 2110 2109 2108 2107 2106 2105
f 2121 2122 2123 2124 2125 2126 2127 2128 2129 2130 2131 2132 2133 2134 2135 2136
o STATION_HOME_M03RCT_Machinery-col
usemtl Engine
v -15.8000 0.0000 -56.3000
v -16.6419 0.0000 -56.1325
v -17.3556 0.0000 -55.6556
v -17.8325 0.0000 -54.9419
v -18.0000 0.0000 -54.1000
v -17.8325 0.0000 -53.2581
v -17.3556 0.0000 -52.5444
v -16.6419 0.0000 -52.0675
v -15.8000 0.0000 -51.9000
v -14.9581 0.0000 -52.0675
v -14.2444 0.0000 -52.5444
v -13.7675 0.0000 -53.2581
v -13.6000 0.0000 -54.1000
v -13.7675 0.0000 -54.9419
v -14.2444 0.0000 -55.6556
v -14.9581 0.0000 -56.1325
v -15.8000 6.0000 -56.3000
v -16.6419 6.0000 -56.1325
v -17.3556 6.0000 -55.6556
v -17.8325 6.0000 -54.9419
v -18.0000 6.0000 -54.1000
v -17.8325 6.0000 -53.2581
v -17.3556 6.0000 -52.5444
v -16.6419 6.0000 -52.0675
v -15.8000 6.0000 -51.9000
v -14.9581 6.0000 -52.0675
v -14.2444 6.0000 -52.5444
v -13.7675 6.0000 -53.2581
v -13.6000 6.0000 -54.1000
v -13.7675 6.0000 -54.9419
v -14.2444 6.0000 -55.6556
v -14.9581 6.0000 -56.1325
f 2137 2138 2154 2153
f 2138 2139 2155 2154
f 2139 2140 2156 2155
f 2140 2141 2157 2156
f 2141 2142 2158 2157
f 2142 2143 2159 2158
f 2143 2144 2160 2159
f 2144 2145 2161 2160
f 2145 2146 2162 2161
f 2146 2147 2163 2162
f 2147 2148 2164 2163
f 2148 2149 2165 2164
f 2149 2150 2166 2165
f 2150 2151 2167 2166
f 2151 2152 2168 2167
f 2152 2137 2153 2168
f 2152 2151 2150 2149 2148 2147 2146 2145 2144 2143 2142 2141 2140 2139 2138 2137
f 2153 2154 2155 2156 2157 2158 2159 2160 2161 2162 2163 2164 2165 2166 2167 2168
o STATION_HOME_M03RCT_Glow
usemtl EngineGlow
v -15.8000 6.0000 -55.4200
v -16.3051 6.0000 -55.3195
v -16.7334 6.0000 -55.0334
v -17.0195 6.0000 -54.6051
v -17.1200 6.0000 -54.1000
v -17.0195 6.0000 -53.5949
v -16.7334 6.0000 -53.1666
v -16.3051 6.0000 -52.8805
v -15.8000 6.0000 -52.7800
v -15.2949 6.0000 -52.8805
v -14.8666 6.0000 -53.1666
v -14.5805 6.0000 -53.5949
v -14.4800 6.0000 -54.1000
v -14.5805 6.0000 -54.6051
v -14.8666 6.0000 -55.0334
v -15.2949 6.0000 -55.3195
v -15.8000 6.0500 -55.4200
v -16.3051 6.0500 -55.3195
v -16.7334 6.0500 -55.0334
v -17.0195 6.0500 -54.6051
v -17.1200 6.0500 -54.1000
v -17.0195 6.0500 -53.5949
v -16.7334 6.0500 -53.1666
v -16.3051 6.0500 -52.8805
v -15.8000 6.0500 -52.7800
v -15.2949 6.0500 -52.8805
v -14.8666 6.0500 -53.1666
v -14.5805 6.0500 -53.5949
v -14.4800 6.0500 -54.1000
v -14.5805 6.0500 -54.6051
v -14.8666 6.0500 -55.0334
v -15.2949 6.0500 -55.3195
f 2169 2170 2186 2185
f 2170 2171 2187 2186
f 2171 2172 2188 2187
f 2172 2173 2189 2188
f 2173 2174 2190 2189
f 2174 2175 2191 2190
f 2175 2176 2192 2191
f 2176 2177 2193 2192
f 2177 2178 2194 2193
f 2178 2179 2195 2194
f 2179 2180 2196 2195
f 2180 2181 2197 2196
f 2181 2182 2198 2197
f 2182 2183 2199 2198
f 2183 2184 2200 2199
f 2184 2169 2185 2200
f 2184 2183 2182 2181 2180 2179 2178 2177 2176 2175 2174 2173 2172 2171 2170 2169
f 2185 2186 2187 2188 2189 2190 2191 2192 2193 2194 2195 2196 2197 2198 2199 2200
o STATION_HOME_M03RCT_Armor
usemtl Armor
v -15.8000 7.8000 -33.0000
v -15.8000 7.8000 -41.0000
v -25.8000 7.8000 -33.0000
v -25.8000 7.8000 -41.0000
v -15.8000 8.0000 -33.0000
v -15.8000 8.0000 -41.0000
v -25.8000 8.0000 -33.0000
v -25.8000 8.0000 -41.0000
v -15.8000 7.8000 -59.0000
v -15.8000 7.8000 -67.0000
v -25.8000 7.8000 -59.0000
v -25.8000 7.8000 -67.0000
v -15.8000 8.0000 -59.0000
v -15.8000 8.0000 -67.0000
v -25.8000 8.0000 -59.0000
v -25.8000 8.0000 -67.0000
f 2205 2207 2203 2201
f 2202 2204 2208 2206
f 2201 2202 2206 2205
f 2207 2208 2204 2203
f 2203 2204 2202 2201
f 2205 2206 2208 2207
f 2213 2215 2211 2209
f 2210 2212 2216 2214
f 2209 2210 2214 2213
f 2215 2216 2212 2211
f 2211 2212 2210 2209
f 2213 2214 2216 2215
o STATION_HOME_M03RCT_AirlockPort_Door-col
usemtl Door
v -14.7500 0.0000 -41.2000
v -14.7500 0.0000 -41.3000
v -16.8500 0.0000 -41.2000
v -16.8500 0.0000 -41.3000
v -14.7500 2.6000 -41.2000
v -14.7500 2.6000 -41.3000
v -16.8500 2.6000 -41.2000
v -16.8500 2.6000 -41.3000
f 2221 2223 2219 2217
f 2218 2220 2224 2222
f 2217 2218 2222 2221
f 2223 2224 2220 2219
f 2219 2220 2218 2217
f 2221 2222 2224 2223
o STATION_HOME_M03RCT_AirlockStbd_Door-col
usemtl Door
v -14.7500 0.0000 -58.7000
v -14.7500 0.0000 -58.8000
v -16.8500 0.0000 -58.7000
v -16.8500 0.0000 -58.8000
v -14.7500 2.6000 -58.7000
v -14.7500 2.6000 -58.8000
v -16.8500 2.6000 -58.7000
v -16.8500 2.6000 -58.8000
f 2229 2231 2227 2225
f 2226 2228 2232 2230
f 2225 2226 2230 2229
f 2231 2232 2228 2227
f 2227 2228 2226 2225
f 2229 2230 2232 2231
o STATION_HOME_M03RCT_Connector_Back_Door-col
usemtl Door
v -10.5500 0.0000 -49.0500
v -10.5500 0.0000 -50.9500
v -10.6500 0.0000 -49.0500
v -10.6500 0.0000 -50.9500
v -10.5500 2.8000 -49.0500
v -10.5500 2.8000 -50.9500
v -10.6500 2.8000 -49.0500
v -10.6500 2.8000 -50.9500
f 2237 2239 2235 2233
f 2234 2236 2240 2238
f 2233 2234 2238 2237
f 2239 2240 2236 2235
f 2235 2236 2234 2233
f 2237 2238 2240 2239
o STATION_HOME_M03RCT_Connector_Front_Door-col
usemtl Door
v -30.9500 0.0000 -49.0500
v -30.9500 0.0000 -50.9500
v -31.0500 0.0000 -49.0500
v -31.0500 0.0000 -50.9500
v -30.9500 2.8000 -49.0500
v -30.9500 2.8000 -50.9500
v -31.0500 2.8000 -49.0500
v -31.0500 2.8000 -50.9500
f 2245 2247 2243 2241
f 2242 2244 2248 2246
f 2241 2242 2246 2245
f 2247 2248 2244 2243
f 2243 2244 2242 2241
f 2245 2246 2248 2247
o STATION_HOME_M03RCT_ControlConsole-col
usemtl Furniture
v -25.0000 0.0000 -52.6000
v -25.0000 0.0000 -53.8000
v -26.6000 0.0000 -52.6000
v -26.6000 0.0000 -53.8000
v -25.0000 1.0000 -52.6000
v -25.0000 1.0000 -53.8000
v -26.6000 1.0000 -52.6000
v -26.6000 1.0000 -53.8000
f 2253 2255 2251 2249
f 2250 2252 2256 2254
f 2249 2250 2254 2253
f 2255 2256 2252 2251
f 2251 2252 2250 2249
f 2253 2254 2256 2255
o STATION_HOME_M03RCT_StatusLight
usemtl Lights
v -29.3000 8.4000 -49.5000
v -29.3000 8.4000 -50.5000
v -30.3000 8.4000 -49.5000
v -30.3000 8.4000 -50.5000
v -29.3000 8.7000 -49.5000
v -29.3000 8.7000 -50.5000
v -30.3000 8.7000 -49.5000
v -30.3000 8.7000 -50.5000
f 2261 2263 2259 2257
f 2258 2260 2264 2262
f 2257 2258 2262 2261
f 2263 2264 2260 2259
f 2259 2260 2258 2257
f 2261 2262 2264 2263
o STATION_HOME_T02_Deck-col
usemtl Deck
v -1.4000 -0.3000 -54.4000
v 1.4000 -0.3000 -54.4000
v -1.4000 -0.3000 -82.6000
v 1.4000 -0.3000 -82.6000
v -1.4000 0.0000 -54.4000
v 1.4000 0.0000 -54.4000
v -1.4000 0.0000 -82.6000
v 1.4000 0.0000 -82.6000
f 2269 2271 2267 2265
f 2266 2268 2272 2270
f 2265 2266 2270 2269
f 2271 2272 2268 2267
f 2267 2268 2266 2265
f 2269 2270 2272 2271
o STATION_HOME_T02_Hull-col
usemtl Hull
v -1.8000 3.2000 -54.4000
v 1.8000 3.2000 -54.4000
v -1.8000 3.2000 -82.6000
v 1.8000 3.2000 -82.6000
v -1.8000 3.6000 -54.4000
v 1.8000 3.6000 -54.4000
v -1.8000 3.6000 -82.6000
v 1.8000 3.6000 -82.6000
v -1.8000 -0.7000 -54.4000
v 1.8000 -0.7000 -54.4000
v -1.8000 -0.7000 -82.6000
v 1.8000 -0.7000 -82.6000
v -1.8000 -0.3000 -54.4000
v 1.8000 -0.3000 -54.4000
v -1.8000 -0.3000 -82.6000
v 1.8000 -0.3000 -82.6000
v -1.8000 -0.3000 -54.4000
v -1.4000 -0.3000 -54.4000
v -1.8000 -0.3000 -55.4000
v -1.4000 -0.3000 -55.4000
v -1.8000 3.2000 -54.4000
v -1.4000 3.2000 -54.4000
v -1.8000 3.2000 -55.4000
v -1.4000 3.2000 -55.4000
v -1.8000 -0.3000 -55.4000
v -1.4000 -0.3000 -55.4000
v -1.8000 -0.3000 -81.6000
v -1.4000 -0.3000 -81.6000
v -1.8000 1.2000 -55.4000
v -1.4000 1.2000 -55.4000
v -1.8000 1.2000 -81.6000
v -1.4000 1.2000 -81.6000
v -1.8000 2.4000 -55.4000
v -1.4000 2.4000 -55.4000
v -1.8000 2.4000 -81.6000
v -1.4000 2.4000 -81.6000
v -1.8000 3.2000 -55.4000
v -1.4000 3.2000 -55.4000
v -1.8000 3.2000 -81.6000
v -1.4000 3.2000 -81.6000
v -1.8000 -0.3000 -81.6000
v -1.4000 -0.3000 -81.6000
v -1.8000 -0.3000 -82.6000
v -1.4000 -0.3000 -82.6000
v -1.8000 3.2000 -81.6000
v -1.4000 3.2000 -81.6000
v -1.8000 3.2000 -82.6000
v -1.4000 3.2000 -82.6000
v 1.4000 -0.3000 -54.4000
v 1.8000 -0.3000 -54.4000
v 1.4000 -0.3000 -55.4000
v 1.8000 -0.3000 -55.4000
v 1.4000 3.2000 -54.4000
v 1.8000 3.2000 -54.4000
v 1.4000 3.2000 -55.4000
v 1.8000 3.2000 -55.4000
v 1.4000 -0.3000 -55.4000
v 1.8000 -0.3000 -55.4000
v 1.4000 -0.3000 -81.6000
v 1.8000 -0.3000 -81.6000
v 1.4000 1.2000 -55.4000
v 1.8000 1.2000 -55.4000
v 1.4000 1.2000 -81.6000
v 1.8000 1.2000 -81.6000
v 1.4000 2.4000 -55.4000
v 1.8000 2.4000 -55.4000
v 1.4000 2.4000 -81.6000
v 1.8000 2.4000 -81.6000
v 1.4000 3.2000 -55.4000
v 1.8000 3.2000 -55.4000
v 1.4000 3.2000 -81.6000
v 1.8000 3.2000 -81.6000
v 1.4000 -0.3000 -81.6000
v 1.8000 -0.3000 -81.6000
v 1.4000 -0.3000 -82.6000
v 1.8000 -0.3000 -82.6000
v 1.4000 3.2000 -81.6000
v 1.8000 3.2000 -81.6000
v 1.4000 3.2000 -82.6000
v 1.8000 3.2000 -82.6000
f 2277 2279 2275 2273
f 2274 2276 2280 2278
f 2273 2274 2278 2277
f 2279 2280 2276 2275
f 2275 2276 2274 2273
f 2277 2278 2280 2279
f 2285 2287 2283 2281
f 2282 2284 2288 2286
f 2281 2282 2286 2285
f 2287 2288 2284 2283
f 2283 2284 2282 2281
f 2285 2286 2288 2287
f 2293 2295 2291 2289
f 2290 2292 2296 2294
f 2289 2290 2294 2293
f 2295 2296 2292 2291
f 2291 2292 2290 2289
f 2293 2294 2296 2295
f 2301 2303 2299 2297
f 2298 2300 2304 2302
f 2297 2298 2302 2301
f 2303 2304 2300 2299
f 2299 2300 2298 2297
f 2301 2302 2304 2303
f 2309 2311 2307 2305
f 2306 2308 2312 2310
f 2305 2306 2310 2309
f 2311 2312 2308 2307
f 2307 2308 2306 2305
f 2309 2310 2312 2311
f 2317 2319 2315 2313
f 2314 2316 2320 2318
f 2313 2314 2318 2317
f 2319 2320 2316 2315
f 2315 2316 2314 2313
f 2317 2318 2320 2319
f 2325 2327 2323 2321
f 2322 2324 2328 2326
f 2321 2322 2326 2325
f 2327 2328 2324 2323
f 2323 2324 2322 2321
f 2325 2326 2328 2327
f 2333 2335 2331 2329
f 2330 2332 2336 2334
f 2329 2330 2334 2333
f 2335 2336 2332 2331
f 2331 2332 2330 2329
f 2333 2334 2336 2335
f 2341 2343 2339 2337
f 2338 2340 2344 2342
f 2337 2338 2342 2341
f 2343 2344 2340 2339
f 2339 2340 2338 2337
f 2341 2342 2344 2343
f 2349 2351 2347 2345
f 2346 2348 2352 2350
f 2345 2346 2350 2349
f 2351 2352 2348 2347
f 2347 2348 2346 2345
f 2349 2350 2352 2351
o STATION_HOME_T02_Lights
usemtl Lights
v -0.3000 3.1200 -54.9000
v 0.3000 3.1200 -54.9000
v -0.3000 3.1200 -82.1000
v 0.3000 3.1200 -82.1000
v -0.3000 3.2000 -54.9000
v 0.3000 3.2000 -54.9000
v -0.3000 3.2000 -82.1000
v 0.3000 3.2000 -82.1000
f 2357 2359 2355 2353
f 2354 2356 2360 2358
f 2353 2354 2358 2357
f 2359 2360 2356 2355
f 2355 2356 2354 2353
f 2357 2358 2360 2359
o STATION_HOME_T02_Glass-col
usemtl Glass
v -1.6000 1.2000 -55.4000
v -1.5500 1.2000 -55.4000
v -1.6000 1.2000 -81.6000
v -1.5500 1.2000 -81.6000
v -1.6000 2.4000 -55.4000
v -1.5500 2.4000 -55.4000
v -1.6000 2.4000 -81.6000
v -1.5500 2.4000 -81.6000
v 1.5500 1.2000 -55.4000
v 1.6000 1.2000 -55.4000
v 1.5500 1.2000 -81.6000
v 1.6000 1.2000 -81.6000
v 1.5500 2.4000 -55.4000
v 1.6000 2.4000 -55.4000
v 1.5500 2.4000 -81.6000
v 1.6000 2.4000 -81.6000
f 2365 2367 2363 2361
f 2362 2364 2368 2366
f 2361 2362 2366 2365
f 2367 2368 2364 2363
f 2363 2364 2362 2361
f 2365 2366 2368 2367
f 2373 2375 2371 2369
f 2370 2372 2376 2374
f 2369 2370 2374 2373
f 2375 2376 2372 2371
f 2371 2372 2370 2369
f 2373 2374 2376 2375
o STATION_HOME_H02_Deck-col
usemtl Deck
v -4.0000 -0.3000 -83.0000
v 4.0000 -0.3000 -83.0000
v -4.0000 -0.3000 -91.0000
v 4.0000 -0.3000 -91.0000
v -4.0000 0.0000 -83.0000
v 4.0000 0.0000 -83.0000
v -4.0000 0.0000 -91.0000
v 4.0000 0.0000 -91.0000
f 2381 2383 2379 2377
f 2378 2380 2384 2382
f 2377 2378 2382 2381
f 2383 2384 2380 2379
f 2379 2380 2378 2377
f 2381 2382 2384 2383
o STATION_HOME_H02_Hull-col
usemtl Hull
v -4.4000 4.0000 -82.6000
v 4.4000 4.0000 -82.6000
v -4.4000 4.0000 -91.4000
v 4.4000 4.0000 -91.4000
v -4.4000 4.4000 -82.6000
v 4.4000 4.4000 -82.6000
v -4.4000 4.4000 -91.4000
v 4.4000 4.4000 -91.4000
v -4.4000 -0.7000 -82.6000
v 4.4000 -0.7000 -82.6000
v -4.4000 -0.7000 -91.4000
v 4.4000 -0.7000 -91.4000
v -4.4000 -0.3000 -82.6000
v 4.4000 -0.3000 -82.6000
v -4.4000 -0.3000 -91.4000
v 4.4000 -0.3000 -91.4000
v -4.4000 -0.3000 -82.6000
v -1.1000 -0.3000 -82.6000
v -4.4000 -0.3000 -83.0000
v -1.1000 -0.3000 -83.0000
v -4.4000 4.0000 -82.6000
v -1.1000 4.0000 -82.6000
v -4.4000 4.0000 -83.0000
v -1.1000 4.0000 -83.0000
v -1.1000 -0.3000 -82.6000
v 1.1000 -0.3000 -82.6000
v -1.1000 -0.3000 -83.0000
v 1.1000 -0.3000 -83.0000
v -1.1000 0.0000 -82.6000
v 1.1000 0.0000 -82.6000
v -1.1000 0.0000 -83.0000
v 1.1000 0.0000 -83.0000
v -1.1000 3.0000 -82.6000
v 1.1000 3.0000 -82.6000
v -1.1000 3.0000 -83.0000
v 1.1000 3.0000 -83.0000
v -1.1000 4.0000 -82.6000
v 1.1000 4.0000 -82.6000
v -1.1000 4.0000 -83.0000
v 1.1000 4.0000 -83.0000
v 1.1000 -0.3000 -82.6000
v 4.4000 -0.3000 -82.6000
v 1.1000 -0.3000 -83.0000
v 4.4000 -0.3000 -83.0000
v 1.1000 4.0000 -82.6000
v 4.4000 4.0000 -82.6000
v 1.1000 4.0000 -83.0000
v 4.4000 4.0000 -83.0000
v -4.4000 -0.3000 -91.0000
v -1.1000 -0.3000 -91.0000
v -4.4000 -0.3000 -91.4000
v -1.1000 -0.3000 -91.4000
v -4.4000 4.0000 -91.0000
v -1.1000 4.0000 -91.0000
v -4.4000 4.0000 -91.4000
v -1.1000 4.0000 -91.4000
v -1.1000 -0.3000 -91.0000
v 1.1000 -0.3000 -91.0000
v -1.1000 -0.3000 -91.4000
v 1.1000 -0.3000 -91.4000
v -1.1000 0.0000 -91.0000
v 1.1000 0.0000 -91.0000
v -1.1000 0.0000 -91.4000
v 1.1000 0.0000 -91.4000
v -1.1000 3.0000 -91.0000
v 1.1000 3.0000 -91.0000
v -1.1000 3.0000 -91.4000
v 1.1000 3.0000 -91.4000
v -1.1000 4.0000 -91.0000
v 1.1000 4.0000 -91.0000
v -1.1000 4.0000 -91.4000
v 1.1000 4.0000 -91.4000
v 1.1000 -0.3000 -91.0000
v 4.4000 -0.3000 -91.0000
v 1.1000 -0.3000 -91.4000
v 4.4000 -0.3000 -91.4000
v 1.1000 4.0000 -91.0000
v 4.4000 4.0000 -91.0000
v 1.1000 4.0000 -91.4000
v 4.4000 4.0000 -91.4000
v -4.4000 -0.3000 -82.6000
v -4.0000 -0.3000 -82.6000
v -4.4000 -0.3000 -85.9000
v -4.0000 -0.3000 -85.9000
v -4.4000 4.0000 -82.6000
v -4.0000 4.0000 -82.6000
v -4.4000 4.0000 -85.9000
v -4.0000 4.0000 -85.9000
v -4.4000 -0.3000 -85.9000
v -4.0000 -0.3000 -85.9000
v -4.4000 -0.3000 -88.1000
v -4.0000 -0.3000 -88.1000
v -4.4000 0.0000 -85.9000
v -4.0000 0.0000 -85.9000
v -4.4000 0.0000 -88.1000
v -4.0000 0.0000 -88.1000
v -4.4000 3.0000 -85.9000
v -4.0000 3.0000 -85.9000
v -4.4000 3.0000 -88.1000
v -4.0000 3.0000 -88.1000
v -4.4000 4.0000 -85.9000
v -4.0000 4.0000 -85.9000
v -4.4000 4.0000 -88.1000
v -4.0000 4.0000 -88.1000
v -4.4000 -0.3000 -88.1000
v -4.0000 -0.3000 -88.1000
v -4.4000 -0.3000 -91.4000
v -4.0000 -0.3000 -91.4000
v -4.4000 4.0000 -88.1000
v -4.0000 4.0000 -88.1000
v -4.4000 4.0000 -91.4000
v -4.0000 4.0000 -91.4000
v 4.0000 -0.3000 -82.6000
v 4.4000 -0.3000 -82.6000
v 4.0000 -0.3000 -85.9000
v 4.4000 -0.3000 -85.9000
v 4.0000 4.0000 -82.6000
v 4.4000 4.0000 -82.6000
v 4.0000 4.0000 -85.9000
v 4.4000 4.0000 -85.9000
v 4.0000 -0.3000 -85.9000
v 4.4000 -0.3000 -85.9000
v 4.0000 -0.3000 -88.1000
v 4.4000 -0.3000 -88.1000
v 4.0000 0.0000 -85.9000
v 4.4000 0.0000 -85.9000
v 4.0000 0.0000 -88.1000
v 4.4000 0.0000 -88.1000
v 4.0000 3.0000 -85.9000
v 4.4000 3.0000 -85.9000
v 4.0000 3.0000 -88.1000
v 4.4000 3.0000 -88.1000
v 4.0000 4.0000 -85.9000
v 4.4000 4.0000 -85.9000
v 4.0000 4.0000 -88.1000
v 4.4000 4.0000 -88.1000
v 4.0000 -0.3000 -88.1000
v 4.4000 -0.3000 -88.1000
v 4.0000 -0.3000 -91.4000
v 4.4000 -0.3000 -91.4000
v 4.0000 4.0000 -88.1000
v 4.4000 4.0000 -88.1000
v 4.0000 4.0000 -91.4000
v 4.4000 4.0000 -91.4000
f 2389 2391 2387 2385
f 2386 2388 2392 2390
f 2385 2386 2390 2389
f 2391 2392 2388 2387
f 2387 2388 2386 2385
f 2389 2390 2392 2391
f 2397 2399 2395 2393
f 2394 2396 2400 2398
f 2393 2394 2398 2397
f 2399 2400 2396 2395
f 2395 2396 2394 2393
f 2397 2398 2400 2399
f 2405 2407 2403 2401
f 2402 2404 2408 2406
f 2401 2402 2406 2405
f 2407 2408 2404 2403
f 2403 2404 2402 2401
f 2405 2406 2408 2407
f 2413 2415 2411 2409
f 2410 2412 2416 2414
f 2409 2410 2414 2413
f 2415 2416 2412 2411
f 2411 2412 2410 2409
f 2413 2414 2416 2415
f 2421 2423 2419 2417
f 2418 2420 2424 2422
f 2417 2418 2422 2421
f 2423 2424 2420 2419
f 2419 2420 2418 2417
f 2421 2422 2424 2423
f 2429 2431 2427 2425
f 2426 2428 2432 2430
f 2425 2426 2430 2429
f 2431 2432 2428 2427
f 2427 2428 2426 2425
f 2429 2430 2432 2431
f 2437 2439 2435 2433
f 2434 2436 2440 2438
f 2433 2434 2438 2437
f 2439 2440 2436 2435
f 2435 2436 2434 2433
f 2437 2438 2440 2439
f 2445 2447 2443 2441
f 2442 2444 2448 2446
f 2441 2442 2446 2445
f 2447 2448 2444 2443
f 2443 2444 2442 2441
f 2445 2446 2448 2447
f 2453 2455 2451 2449
f 2450 2452 2456 2454
f 2449 2450 2454 2453
f 2455 2456 2452 2451
f 2451 2452 2450 2449
f 2453 2454 2456 2455
f 2461 2463 2459 2457
f 2458 2460 2464 2462
f 2457 2458 2462 2461
f 2463 2464 2460 2459
f 2459 2460 2458 2457
f 2461 2462 2464 2463
f 2469 2471 2467 2465
f 2466 2468 2472 2470
f 2465 2466 2470 2469
f 2471 2472 2468 2467
f 2467 2468 2466 2465
f 2469 2470 2472 2471
f 2477 2479 2475 2473
f 2474 2476 2480 2478
f 2473 2474 2478 2477
f 2479 2480 2476 2475
f 2475 2476 2474 2473
f 2477 2478 2480 2479
f 2485 2487 2483 2481
f 2482 2484 2488 2486
f 2481 2482 2486 2485
f 2487 2488 2484 2483
f 2483 2484 2482 2481
f 2485 2486 2488 2487
f 2493 2495 2491 2489
f 2490 2492 2496 2494
f 2489 2490 2494 2493
f 2495 2496 2492 2491
f 2491 2492 2490 2489
f 2493 2494 2496 2495
f 2501 2503 2499 2497
f 2498 2500 2504 2502
f 2497 2498 2502 2501
f 2503 2504 2500 2499
f 2499 2500 2498 2497
f 2501 2502 2504 2503
f 2509 2511 2507 2505
f 2506 2508 2512 2510
f 2505 2506 2510 2509
f 2511 2512 2508 2507
f 2507 2508 2506 2505
f 2509 2510 2512 2511
f 2517 2519 2515 2513
f 2514 2516 2520 2518
f 2513 2514 2518 2517
f 2519 2520 2516 2515
f 2515 2516 2514 2513
f 2517 2518 2520 2519
f 2525 2527 2523 2521
f 2522 2524 2528 2526
f 2521 2522 2526 2525
f 2527 2528 2524 2523
f 2523 2524 2522 2521
f 2525 2526 2528 2527
o STATION_HOME_H02_Lights
usemtl Lights
v -1.0000 3.9200 -86.0000
v 1.0000 3.9200 -86.0000
v -1.0000 3.9200 -88.0000
v 1.0000 3.9200 -88.0000
v -1.0000 4.0000 -86.0000
v 1.0000 4.0000 -86.0000
v -1.0000 4.0000 -88.0000
v 1.0000 4.0000 -88.0000
f 2533 2535 2531 2529
f 2530 2532 2536 2534
f 2529 2530 2534 2533
f 2535 2536 2532 2531
f 2531 2532 2530 2529
f 2533 2534 2536 2535
o STATION_HOME_T02R_Deck-col
usemtl Deck
v 4.4000 -0.3000 -88.4000
v 4.4000 -0.3000 -85.6000
v 10.4000 -0.3000 -88.4000
v 10.4000 -0.3000 -85.6000
v 4.4000 0.0000 -88.4000
v 4.4000 0.0000 -85.6000
v 10.4000 0.0000 -88.4000
v 10.4000 0.0000 -85.6000
f 2541 2543 2539 2537
f 2538 2540 2544 2542
f 2537 2538 2542 2541
f 2543 2544 2540 2539
f 2539 2540 2538 2537
f 2541 2542 2544 2543
o STATION_HOME_T02R_Hull-col
usemtl Hull
v 4.4000 3.2000 -88.8000
v 4.4000 3.2000 -85.2000
v 10.4000 3.2000 -88.8000
v 10.4000 3.2000 -85.2000
v 4.4000 3.6000 -88.8000
v 4.4000 3.6000 -85.2000
v 10.4000 3.6000 -88.8000
v 10.4000 3.6000 -85.2000
v 4.4000 -0.7000 -88.8000
v 4.4000 -0.7000 -85.2000
v 10.4000 -0.7000 -88.8000
v 10.4000 -0.7000 -85.2000
v 4.4000 -0.3000 -88.8000
v 4.4000 -0.3000 -85.2000
v 10.4000 -0.3000 -88.8000
v 10.4000 -0.3000 -85.2000
v 4.4000 -0.3000 -88.8000
v 4.4000 -0.3000 -88.4000
v 5.4000 -0.3000 -88.8000
v 5.4000 -0.3000 -88.4000
v 4.4000 3.2000 -88.8000
v 4.4000 3.2000 -88.4000
v 5.4000 3.2000 -88.8000
v 5.4000 3.2000 -88.4000
v 5.4000 -0.3000 -88.8000
v 5.4000 -0.3000 -88.4000
v 9.4000 -0.3000 -88.8000
v 9.4000 -0.3000 -88.4000
v 5.4000 1.2000 -88.8000
v 5.4000 1.2000 -88.4000
v 9.4000 1.2000 -88.8000
v 9.4000 1.2000 -88.4000
v 5.4000 2.4000 -88.8000
v 5.4000 2.4000 -88.4000
v 9.4000 2.4000 -88.8000
v 9.4000 2.4000 -88.4000
v 5.4000 3.2000 -88.8000
v 5.4000 3.2000 -88.4000
v 9.4000 3.2000 -88.8000
v 9.4000 3.2000 -88.4000
v 9.4000 -0.3000 -88.8000
v 9.4000 -0.3000 -88.4000
v 10.4000 -0.3000 -88.8000
v 10.4000 -0.3000 -88.4000
v 9.4000 3.2000 -88.8000
v 9.4000 3.2000 -88.4000
v 10.4000 3.2000 -88.8000
v 10.4000 3.2000 -88.4000
v 4.4000 -0.3000 -85.6000
v 4.4000 -0.3000 -85.2000
v 5.4000 -0.3000 -85.6000
v 5.4000 -0.3000 -85.2000
v 4.4000 3.2000 -85.6000
v 4.4000 3.2000 -85.2000
v 5.4000 3.2000 -85.6000
v 5.4000 3.2000 -85.2000
v 5.4000 -0.3000 -85.6000
v 5.4000 -0.3000 -85.2000
v 9.4000 -0.3000 -85.6000
v 9.4000 -0.3000 -85.2000
v 5.4000 1.2000 -85.6000
v 5.4000 1.2000 -85.2000
v 9.4000 1.2000 -85.6000
v 9.4000 1.2000 -85.2000
v 5.4000 2.4000 -85.6000
v 5.4000 2.4000 -85.2000
v 9.4000 2.4000 -85.6000
v 9.4000 2.4000 -85.2000
v 5.4000 3.2000 -85.6000
v 5.4000 3.2000 -85.2000
v 9.4000 3.2000 -85.6000
v 9.4000 3.2000 -85.2000
v 9.4000 -0.3000 -85.6000
v 9.4000 -0.3000 -85.2000
v 10.4000 -0.3000 -85.6000
v 10.4000 -0.3000 -85.2000
v 9.4000 3.2000 -85.6000
v 9.4000 3.2000 -85.2000
v 10.4000 3.2000 -85.6000
v 10.4000 3.2000 -85.2000
f 2549 2551 2547 2545
f 2546 2548 2552 2550
f 2545 2546 2550 2549
f 2551 2552 2548 2547
f 2547 2548 2546 2545
f 2549 2550 2552 2551
f 2557 2559 2555 2553
f 2554 2556 2560 2558
f 2553 2554 2558 2557
f 2559 2560 2556 2555
f 2555 2556 2554 2553
f 2557 2558 2560 2559
f 2565 2567 2563 2561
f 2562 2564 2568 2566
f 2561 2562 2566 2565
f 2567 2568 2564 2563
f 2563 2564 2562 2561
f 2565 2566 2568 2567
f 2573 2575 2571 2569
f 2570 2572 2576 2574
f 2569 2570 2574 2573
f 2575 2576 2572 2571
f 2571 2572 2570 2569
f 2573 2574 2576 2575
f 2581 2583 2579 2577
f 2578 2580 2584 2582
f 2577 2578 2582 2581
f 2583 2584 2580 2579
f 2579 2580 2578 2577
f 2581 2582 2584 2583
f 2589 2591 2587 2585
f 2586 2588 2592 2590
f 2585 2586 2590 2589
f 2591 2592 2588 2587
f 2587 2588 2586 2585
f 2589 2590 2592 2591
f 2597 2599 2595 2593
f 2594 2596 2600 2598
f 2593 2594 2598 2597
f 2599 2600 2596 2595
f 2595 2596 2594 2593
f 2597 2598 2600 2599
f 2605 2607 2603 2601
f 2602 2604 2608 2606
f 2601 2602 2606 2605
f 2607 2608 2604 2603
f 2603 2604 2602 2601
f 2605 2606 2608 2607
f 2613 2615 2611 2609
f 2610 2612 2616 2614
f 2609 2610 2614 2613
f 2615 2616 2612 2611
f 2611 2612 2610 2609
f 2613 2614 2616 2615
f 2621 2623 2619 2617
f 2618 2620 2624 2622
f 2617 2618 2622 2621
f 2623 2624 2620 2619
f 2619 2620 2618 2617
f 2621 2622 2624 2623
o STATION_HOME_T02R_Lights
usemtl Lights
v 4.9000 3.1200 -87.3000
v 4.9000 3.1200 -86.7000
v 9.9000 3.1200 -87.3000
v 9.9000 3.1200 -86.7000
v 4.9000 3.2000 -87.3000
v 4.9000 3.2000 -86.7000
v 9.9000 3.2000 -87.3000
v 9.9000 3.2000 -86.7000
f 2629 2631 2627 2625
f 2626 2628 2632 2630
f 2625 2626 2630 2629
f 2631 2632 2628 2627
f 2627 2628 2626 2625
f 2629 2630 2632 2631
o STATION_HOME_T02R_Glass-col
usemtl Glass
v 5.4000 1.2000 -88.6000
v 5.4000 1.2000 -88.5500
v 9.4000 1.2000 -88.6000
v 9.4000 1.2000 -88.5500
v 5.4000 2.4000 -88.6000
v 5.4000 2.4000 -88.5500
v 9.4000 2.4000 -88.6000
v 9.4000 2.4000 -88.5500
v 5.4000 1.2000 -85.4500
v 5.4000 1.2000 -85.4000
v 9.4000 1.2000 -85.4500
v 9.4000 1.2000 -85.4000
v 5.4000 2.4000 -85.4500
v 5.4000 2.4000 -85.4000
v 9.4000 2.4000 -85.4500
v 9.4000 2.4000 -85.4000
f 2637 2639 2635 2633
f 2634 2636 2640 2638
f 2633 2634 2638 2637
f 2639 2640 2636 2635
f 2635 2636 2634 2633
f 2637 2638 2640 2639
f 2645 2647 2643 2641
f 2642 2644 2648 2646
f 2641 2642 2646 2645
f 2647 2648 2644 2643
f 2643 2644 2642 2641
f 2645 2646 2648 2647
o STATION_HOME_M04RCT_Deck-col
usemtl Deck
v 10.8000 -0.3000 -95.5000
v 10.8000 -0.3000 -78.5000
v 30.8000 -0.3000 -95.5000
v 30.8000 -0.3000 -78.5000
v 10.8000 0.0000 -95.5000
v 10.8000 0.0000 -78.5000
v 30.8000 0.0000 -95.5000
v 30.8000 0.0000 -78.5000
v 20.8000 3.7000 -95.5000
v 20.8000 3.7000 -78.5000
v 30.8000 3.7000 -95.5000
v 30.8000 3.7000 -78.5000
v 20.8000 4.0000 -95.5000
v 20.8000 4.0000 -78.5000
v 30.8000 4.0000 -95.5000
v 30.8000 4.0000 -78.5000
f 2653 2655 2651 2649
f 2650 2652 2656 2654
f 2649 2650 2654 2653
f 2655 2656 2652 2651
f 2651 2652 2650 2649
f 2653 2654 2656 2655
f 2661 2663 2659 2657
f 2658 2660 2664 2662
f 2657 2658 2662 2661
f 2663 2664 2660 2659
f 2659 2660 2658 2657
f 2661 2662 2664 2663
o STATION_HOME_M04RCT_Hull-col
usemtl Hull
v 10.4000 8.0000 -96.0000
v 10.4000 8.0000 -78.0000
v 31.2000 8.0000 -96.0000
v 31.2000 8.0000 -78.0000
v 10.4000 8.4000 -96.0000
v 10.4000 8.4000 -78.0000
v 31.2000 8.4000 -96.0000
v 31.2000 8.4000 -78.0000
v 10.4000 -0.7000 -96.0000
v 10.4000 -0.7000 -78.0000
v 31.2000 -0.7000 -96.0000
v 31.2000 -0.7000 -78.0000
v 10.4000 -0.3000 -96.0000
v 10.4000 -0.3000 -78.0000
v 31.2000 -0.3000 -96.0000
v 31.2000 -0.3000 -78.0000
v 10.8000 -0.3000 -96.0000
v 10.8000 -0.3000 -95.5000
v 14.8000 -0.3000 -96.0000
v 14.8000 -0.3000 -95.5000
v 10.8000 8.0000 -96.0000
v 10.8000 8.0000 -95.5000
v 14.8000 8.0000 -96.0000
v 14.8000 8.0000 -95.5000
v 14.8000 -0.3000 -96.0000
v 14.8000 -0.3000 -95.5000
v 16.8000 -0.3000 -96.0000
v 16.8000 -0.3000 -95.5000
v 14.8000 0.0000 -96.0000
v 14.8000 0.0000 -95.5000
v 16.8000 0.0000 -96.0000
v 16.8000 0.0000 -95.5000
v 14.8000 2.6000 -96.0000
v 14.8000 2.6000 -95.5000
v 16.8000 2.6000 -96.0000
v 16.8000 2.6000 -95.5000
v 14.8000 8.0000 -96.0000
v 14.8000 8.0000 -95.5000
v 16.8000 8.0000 -96.0000
v 16.8000 8.0000 -95.5000
v 16.8000 -0.3000 -96.0000
v 16.8000 -0.3000 -95.5000
v 30.8000 -0.3000 -96.0000
v 30.8000 -0.3000 -95.5000
v 16.8000 8.0000 -96.0000
v 16.8000 8.0000 -95.5000
v 30.8000 8.0000 -96.0000
v 30.8000 8.0000 -95.5000
v 10.8000 -0.3000 -78.5000
v 10.8000 -0.3000 -78.0000
v 14.8000 -0.3000 -78.5000
v 14.8000 -0.3000 -78.0000
v 10.8000 8.0000 -78.5000
v 10.8000 8.0000 -78.0000
v 14.8000 8.0000 -78.5000
v 14.8000 8.0000 -78.0000
v 14.8000 -0.3000 -78.5000
v 14.8000 -0.3000 -78.0000
v 16.8000 -0.3000 -78.5000
v 16.8000 -0.3000 -78.0000
v 14.8000 0.0000 -78.5000
v 14.8000 0.0000 -78.0000
v 16.8000 0.0000 -78.5000
v 16.8000 0.0000 -78.0000
v 14.8000 2.6000 -78.5000
v 14.8000 2.6000 -78.0000
v 16.8000 2.6000 -78.5000
v 16.8000 2.6000 -78.0000
v 14.8000 8.0000 -78.5000
v 14.8000 8.0000 -78.0000
v 16.8000 8.0000 -78.5000
v 16.8000 8.0000 -78.0000
v 16.8000 -0.3000 -78.5000
v 16.8000 -0.3000 -78.0000
v 30.8000 -0.3000 -78.5000
v 30.8000 -0.3000 -78.0000
v 16.8000 8.0000 -78.5000
v 16.8000 8.0000 -78.0000
v 30.8000 8.0000 -78.5000
v 30.8000 8.0000 -78.0000
v 10.4000 -0.3000 -96.0000
v 10.4000 -0.3000 -87.9000
v 10.8000 -0.3000 -96.0000
v 10.8000 -0.3000 -87.9000
v 10.4000 8.0000 -96.0000
v 10.4000 8.0000 -87.9000
v 10.8000 8.0000 -96.0000
v 10.8000 8.0000 -87.9000
v 10.4000 -0.3000 -87.9000
v 10.4000 -0.3000 -86.1000
v 10.8000 -0.3000 -87.9000
v 10.8000 -0.3000 -86.1000
v 10.4000 0.0000 -87.9000
v 10.4000 0.0000 -86.1000
v 10.8000 0.0000 -87.9000
v 10.8000 0.0000 -86.1000
v 10.4000 2.8000 -87.9000
v 10.4000 2.8000 -86.1000
v 10.8000 2.8000 -87.9000
v 10.8000 2.8000 -86.1000
v 10.4000 8.0000 -87.9000
v 10.4000 8.0000 -86.1000
v 10.8000 8.0000 -87.9000
v 10.8000 8.0000 -86.1000
v 10.4000 -0.3000 -86.1000
v 10.4000 -0.3000 -78.0000
v 10.8000 -0.3000 -86.1000
v 10.8000 -0.3000 -78.0000
v 10.4000 8.0000 -86.1000
v 10.4000 8.0000 -78.0000
v 10.8000 8.0000 -86.1000
v 10.8000 8.0000 -78.0000
v 30.8000 -0.3000 -96.0000
v 30.8000 -0.3000 -87.9000
v 31.2000 -0.3000 -96.0000
v 31.2000 -0.3000 -87.9000
v 30.8000 8.0000 -96.0000
v 30.8000 8.0000 -87.9000
v 31.2000 8.0000 -96.0000
v 31.2000 8.0000 -87.9000
v 30.8000 -0.3000 -87.9000
v 30.8000 -0.3000 -86.1000
v 31.2000 -0.3000 -87.9000
v 31.2000 -0.3000 -86.1000
v 30.8000 0.0000 -87.9000
v 30.8000 0.0000 -86.1000
v 31.2000 0.0000 -87.9000
v 31.2000 0.0000 -86.1000
v 30.8000 2.8000 -87.9000
v 30.8000 2.8000 -86.1000
v 31.2000 2.8000 -87.9000
v 31.2000 2.8000 -86.1000
v 30.8000 8.0000 -87.9000
v 30.8000 8.0000 -86.1000
v 31.2000 8.0000 -87.9000
v 31.2000 8.0000 -86.1000
v 30.8000 -0.3000 -86.1000
v 30.8000 -0.3000 -78.0000
v 31.2000 -0.3000 -86.1000
v 31.2000 -0.3000 -78.0000
v 30.8000 8.0000 -86.1000
v 30.8000 8.0000 -78.0000
v 31.2000 8.0000 -86.1000
v 31.2000 8.0000 -78.0000
f 2669 2671 2667 2665
f 2666 2668 2672 2670
f 2665 2666 2670 2669
f 2671 2672 2668 2667
f 2667 2668 2666 2665
f 2669 2670 2672 2671
f 2677 2679 2675 2673
f 2674 2676 2680 2678
f 2673 2674 2678 2677
f 2679 2680 2676 2675
f 2675 2676 2674 2673
f 2677 2678 2680 2679
f 2685 2687 2683 2681
f 2682 2684 2688 2686
f 2681 2682 2686 2685
f 2687 2688 2684 2683
f 2683 2684 2682 2681
f 2685 2686 2688 2687
f 2693 2695 2691 2689
f 2690 2692 2696 2694
f 2689 2690 2694 2693
f 2695 2696 2692 2691
f 2691 2692 2690 2689
f 2693 2694 2696 2695
f 2701 2703 2699 2697
f 2698 2700 2704 2702
f 2697 2698 2702 2701
f 2703 2704 2700 2699
f 2699 2700 2698 2697
f 2701 2702 2704 2703
f 2709 2711 2707 2705
f 2706 2708 2712 2710
f 2705 2706 2710 2709
f 2711 2712 2708 2707
f 2707 2708 2706 2705
f 2709 2710 2712 2711
f 2717 2719 2715 2713
f 2714 2716 2720 2718
f 2713 2714 2718 2717
f 2719 2720 2716 2715
f 2715 2716 2714 2713
f 2717 2718 2720 2719
f 2725 2727 2723 2721
f 2722 2724 2728 2726
f 2721 2722 2726 2725
f 2727 2728 2724 2723
f 2723 2724 2722 2721
f 2725 2726 2728 2727
f 2733 2735 2731 2729
f 2730 2732 2736 2734
f 2729 2730 2734 2733
f 2735 2736 2732 2731
f 2731 2732 2730 2729
f 2733 2734 2736 2735
f 2741 2743 2739 2737
f 2738 2740 2744 2742
f 2737 2738 2742 2741
f 2743 2744 2740 2739
f 2739 2740 2738 2737
f 2741 2742 2744 2743
f 2749 2751 2747 2745
f 2746 2748 2752 2750
f 2745 2746 2750 2749
f 2751 2752 2748 2747
f 2747 2748 2746 2745
f 2749 2750 2752 2751
f 2757 2759 2755 2753
f 2754 2756 2760 2758
f 2753 2754 2758 2757
f 2759 2760 2756 2755
f 2755 2756 2754 2753
f 2757 2758 2760 2759
f 2765 2767 2763 2761
f 2762 2764 2768 2766
f 2761 2762 2766 2765
f 2767 2768 2764 2763
f 2763 2764 2762 2761
f 2765 2766 2768 2767
f 2773 2775 2771 2769
f 2770 2772 2776 2774
f 2769 2770 2774 2773
f 2775 2776 2772 2771
f 2771 2772 2770 2769
f 2773 2774 2776 2775
f 2781 2783 2779 2777
f 2778 2780 2784 2782
f 2777 2778 2782 2781
f 2783 2784 2780 2779
f 2779 2780 2778 2777
f 2781 2782 2784 2783
f 2789 2791 2787 2785
f 2786 2788 2792 2790
f 2785 2786 2790 2789
f 2791 2792 2788 2787
f 2787 2788 2786 2785
f 2789 2790 2792 2791
f 2797 2799 2795 2793
f 2794 2796 2800 2798
f 2793 2794 2798 2797
f 2799 2800 2796 2795
f 2795 2796 2794 2793
f 2797 2798 2800 2799
f 2805 2807 2803 2801
f 2802 2804 2808 2806
f 2801 2802 2806 2805
f 2807 2808 2804 2803
f 2803 2804 2802 2801
f 2805 2806 2808 2807
o STATION_HOME_M04RCT_Interior-col
usemtl Interior
v 20.7000 0.0000 -95.5000
v 20.7000 0.0000 -88.2000
v 20.9000 0.0000 -95.5000
v 20.9000 0.0000 -88.2000
v 20.7000 4.0000 -95.5000
v 20.7000 4.0000 -88.2000
v 20.9000 4.0000 -95.5000
v 20.9000 4.0000 -88.2000
v 20.7000 3.0000 -88.2000
v 20.7000 3.0000 -85.8000
v 20.9000 3.0000 -88.2000
v 20.9000 3.0000 -85.8000
v 20.7000 4.0000 -88.2000
v 20.7000 4.0000 -85.8000
v 20.9000 4.0000 -88.2000
v 20.9000 4.0000 -85.8000
v 20.7000 0.0000 -85.8000
v 20.7000 0.0000 -78.5000
v 20.9000 0.0000 -85.8000
v 20.9000 0.0000 -78.5000
v 20.7000 4.0000 -85.8000
v 20.7000 4.0000 -78.5000
v 20.9000 4.0000 -85.8000
v 20.9000 4.0000 -78.5000
v 20.8000 0.0000 -88.4000
v 20.8000 0.0000 -88.2000
v 25.0000 0.0000 -88.4000
v 25.0000 0.0000 -88.2000
v 20.8000 4.0000 -88.4000
v 20.8000 4.0000 -88.2000
v 25.0000 4.0000 -88.4000
v 25.0000 4.0000 -88.2000
v 25.0000 2.6000 -88.4000
v 25.0000 2.6000 -88.2000
v 26.6000 2.6000 -88.4000
v 26.6000 2.6000 -88.2000
v 25.0000 4.0000 -88.4000
v 25.0000 4.0000 -88.2000
v 26.6000 4.0000 -88.4000
v 26.6000 4.0000 -88.2000
v 26.6000 0.0000 -88.4000
v 26.6000 0.0000 -88.2000
v 30.8000 0.0000 -88.4000
v 30.8000 0.0000 -88.2000
v 26.6000 4.0000 -88.4000
v 26.6000 4.0000 -88.2000
v 30.8000 4.0000 -88.4000
v 30.8000 4.0000 -88.2000
v 20.8000 0.0000 -85.8000
v 20.8000 0.0000 -85.6000
v 25.0000 0.0000 -85.8000
v 25.0000 0.0000 -85.6000
v 20.8000 4.0000 -85.8000
v 20.8000 4.0000 -85.6000
v 25.0000 4.0000 -85.8000
v 25.0000 4.0000 -85.6000
v 25.0000 2.6000 -85.8000
v 25.0000 2.6000 -85.6000
v 26.6000 2.6000 -85.8000
v 26.6000 2.6000 -85.6000
v 25.0000 4.0000 -85.8000
v 25.0000 4.0000 -85.6000
v 26.6000 4.0000 -85.8000
v 26.6000 4.0000 -85.6000
v 26.6000 0.0000 -85.8000
v 26.6000 0.0000 -85.6000
v 30.8000 0.0000 -85.8000
v 30.8000 0.0000 -85.6000
v 26.6000 4.0000 -85.8000
v 26.6000 4.0000 -85.6000
v 30.8000 4.0000 -85.8000
v 30.8000 4.0000 -85.6000
f 2813 2815 2811 2809
f 2810 2812 2816 2814
f 2809 2810 2814 2813
f 2815 2816 2812 2811
f 2811 2812 2810 2809
f 2813 2814 2816 2815
f 2821 2823 2819 2817
f 2818 2820 2824 2822
f 2817 2818 2822 2821
f 2823 2824 2820 2819
f 2819 2820 2818 2817
f 2821 2822 2824 2823
f 2829 2831 2827 2825
f 2826 2828 2832 2830
f 2825 2826 2830 2829
f 2831 2832 2828 2827
f 2827 2828 2826 2825
f 2829 2830 2832 2831
f 2837 2839 2835 2833
f 2834 2836 2840 2838
f 2833 2834 2838 2837
f 2839 2840 2836 2835
f 2835 2836 2834 2833
f 2837 2838 2840 2839
f 2845 2847 2843 2841
f 2842 2844 2848 2846
f 2841 2842 2846 2845
f 2847 2848 2844 2843
f 2843 2844 2842 2841
f 2845 2846 2848 2847
f 2853 2855 2851 2849
f 2850 2852 2856 2854
f 2849 2850 2854 2853
f 2855 2856 2852 2851
f 2851 2852 2850 2849
f 2853 2854 2856 2855
f 2861 2863 2859 2857
f 2858 2860 2864 2862
f 2857 2858 2862 2861
f 2863 2864 2860 2859
f 2859 2860 2858 2857
f 2861 2862 2864 2863
f 2869 2871 2867 2865
f 2866 2868 2872 2870
f 2865 2866 2870 2869
f 2871 2872 2868 2867
f 2867 2868 2866 2865
f 2869 2870 2872 2871
f 2877 2879 2875 2873
f 2874 2876 2880 2878
f 2873 2874 2878 2877
f 2879 2880 2876 2875
f 2875 2876 2874 2873
f 2877 2878 2880 2879
o STATION_HOME_M04RCT_Furniture-col
usemtl Furniture
v 21.4000 0.0000 -79.3000
v 21.4000 0.0000 -78.6000
v 30.2000 0.0000 -79.3000
v 30.2000 0.0000 -78.6000
v 21.4000 1.1000 -79.3000
v 21.4000 1.1000 -78.6000
v 30.2000 1.1000 -79.3000
v 30.2000 1.1000 -78.6000
v 21.4000 0.0000 -95.4000
v 21.4000 0.0000 -94.9000
v 23.8000 0.0000 -95.4000
v 23.8000 0.0000 -94.9000
v 21.4000 2.0000 -95.4000
v 21.4000 2.0000 -94.9000
v 23.8000 2.0000 -95.4000
v 23.8000 2.0000 -94.9000
v 25.2000 0.0000 -91.0000
v 25.2000 0.0000 -89.6000
v 26.4000 0.0000 -91.0000
v 26.4000 0.0000 -89.6000
v 25.2000 0.7500 -91.0000
v 25.2000 0.7500 -89.6000
v 26.4000 0.7500 -91.0000
v 26.4000 0.7500 -89.6000
v 21.2000 0.0000 -86.1500
v 21.2000 0.0000 -85.8000
v 22.4000 0.0000 -86.1500
v 22.4000 0.0000 -85.8000
v 21.2000 2.0000 -86.1500
v 21.2000 2.0000 -85.8000
v 22.4000 2.0000 -86.1500
v 22.4000 2.0000 -85.8000
v 13.0000 0.6000 -95.4500
v 13.0000 0.6000 -95.0500
v 14.0000 0.6000 -95.4500
v 14.0000 0.6000 -95.0500
v 13.0000 2.0000 -95.4500
v 13.0000 2.0000 -95.0500
v 14.0000 2.0000 -95.4500
v 14.0000 2.0000 -95.0500
v 15.3000 0.6000 -78.9500
v 15.3000 0.6000 -78.5500
v 16.3000 0.6000 -78.9500
v 16.3000 0.6000 -78.5500
v 15.3000 2.0000 -78.9500
v 15.3000 2.0000 -78.5500
v 16.3000 2.0000 -78.9500
v 16.3000 2.0000 -78.5500
v 17.6000 0.6000 -95.4500
v 17.6000 0.6000 -95.0500
v 18.6000 0.6000 -95.4500
v 18.6000 0.6000 -95.0500
v 17.6000 2.0000 -95.4500
v 17.6000 2.0000 -95.0500
v 18.6000 2.0000 -95.4500
v 18.6000 2.0000 -95.0500
f 2885 2887 2883 2881
f 2882 2884 2888 2886
f 2881 2882 2886 2885
f 2887 2888 2884 2883
f 2883 2884 2882 2881
f 2885 2886 2888 2887
f 2893 2895 2891 2889
f 2890 2892 2896 2894
f 2889 2890 2894 2893
f 2895 2896 2892 2891
f 2891 2892 2890 2889
f 2893 2894 2896 2895
f 2901 2903 2899 2897
f 2898 2900 2904 2902
f 2897 2898 2902 2901
f 2903 2904 2900 2899
f 2899 2900 2898 2897
f 2901 2902 2904 2903
f 2909 2911 2907 2905
f 2906 2908 2912 2910
f 2905 2906 2910 2909
f 2911 2912 2908 2907
f 2907 2908 2906 2905
f 2909 2910 2912 2911
f 2917 2919 2915 2913
f 2914 2916 2920 2918
f 2913 2914 2918 2917
f 2919 2920 2916 2915
f 2915 2916 2914 2913
f 2917 2918 2920 2919
f 2925 2927 2923 2921
f 2922 2924 2928 2926
f 2921 2922 2926 2925
f 2927 2928 2924 2923
f 2923 2924 2922 2921
f 2925 2926 2928 2927
f 2933 2935 2931 2929
f 2930 2932 2936 2934
f 2929 2930 2934 2933
f 2935 2936 2932 2931
f 2931 2932 2930 2929
f 2933 2934 2936 2935
o STATION_HOME_M04RCT_Cover-col
usemtl Cover
v 13.0000 0.0000 -90.6000
v 13.0000 0.0000 -89.6000
v 14.0000 0.0000 -90.6000
v 14.0000 0.0000 -89.6000
v 13.0000 1.1000 -90.6000
v 13.0000 1.1000 -89.6000
v 14.0000 1.1000 -90.6000
v 14.0000 1.1000 -89.6000
v 17.6000 0.0000 -90.6000
v 17.6000 0.0000 -89.6000
v 18.6000 0.0000 -90.6000
v 18.6000 0.0000 -89.6000
v 17.6000 1.1000 -90.6000
v 17.6000 1.1000 -89.6000
v 18.6000 1.1000 -90.6000
v 18.6000 1.1000 -89.6000
f 2941 2943 2939 2937
f 2938 2940 2944 2942
f 2937 2938 2942 2941
f 2943 2944 2940 2939
f 2939 2940 2938 2937
f 2941 2942 2944 2943
f 2949 2951 2947 2945
f 2946 2948 2952 2950
f 2945 2946 2950 2949
f 2951 2952 2948 2947
f 2947 2948 2946 2945
f 2949 2950 2952 2951
o STATION_HOME_M04RCT_Hazard
usemtl Hazard
v 14.5000 0.0000 -96.1200
v 14.5000 0.0000 -96.0000
v 14.8000 0.0000 -96.1200
v 14.8000 0.0000 -96.0000
v 14.5000 2.9000 -96.1200
v 14.5000 2.9000 -96.0000
v 14.8000 2.9000 -96.1200
v 14.8000 2.9000 -96.0000
v 16.8000 0.0000 -96.1200
v 16.8000 0.0000 -96.0000
v 17.1000 0.0000 -96.1200
v 17.1000 0.0000 -96.0000
v 16.8000 2.9000 -96.1200
v 16.8000 2.9000 -96.0000
v 17.1000 2.9000 -96.1200
v 17.1000 2.9000 -96.0000
v 14.5000 0.0000 -78.0000
v 14.5000 0.0000 -77.8800
v 14.8000 0.0000 -78.0000
v 14.8000 0.0000 -77.8800
v 14.5000 2.9000 -78.0000
v 14.5000 2.9000 -77.8800
v 14.8000 2.9000 -78.0000
v 14.8000 2.9000 -77.8800
v 16.8000 0.0000 -78.0000
v 16.8000 0.0000 -77.8800
v 17.1000 0.0000 -78.0000
v 17.1000 0.0000 -77.8800
v 16.8000 2.9000 -78.0000
v 16.8000 2.9000 -77.8800
v 17.1000 2.9000 -78.0000
v 17.1000 2.9000 -77.8800
v 31.2000 2.8000 -88.2000
v 31.2000 2.8000 -85.8000
v 31.2400 2.8000 -88.2000
v 31.2400 2.8000 -85.8000
v 31.2000 3.0000 -88.2000
v 31.2000 3.0000 -85.8000
v 31.2400 3.0000 -88.2000
v 31.2400 3.0000 -85.8000
v 13.0000 1.8000 -95.0500
v 13.0000 1.8000 -95.0300
v 14.0000 1.8000 -95.0500
v 14.0000 1.8000 -95.0300
v 13.0000 2.0000 -95.0500
v 13.0000 2.0000 -95.0300
v 14.0000 2.0000 -95.0500
v 14.0000 2.0000 -95.0300
v 15.3000 1.8000 -78.9700
v 15.3000 1.8000 -78.9500
v 16.3000 1.8000 -78.9700
v 16.3000 1.8000 -78.9500
v 15.3000 2.0000 -78.9700
v 15.3000 2.0000 -78.9500
v 16.3000 2.0000 -78.9700
v 16.3000 2.0000 -78.9500
v 17.6000 1.8000 -95.0500
v 17.6000 1.8000 -95.0300
v 18.6000 1.8000 -95.0500
v 18.6000 1.8000 -95.0300
v 17.6000 2.0000 -95.0500
v 17.6000 2.0000 -95.0300
v 18.6000 2.0000 -95.0500
v 18.6000 2.0000 -95.0300
f 2957 2959 2955 2953
f 2954 2956 2960 2958
f 2953 2954 2958 2957
f 2959 2960 2956 2955
f 2955 2956 2954 2953
f 2957 2958 2960 2959
f 2965 2967 2963 2961
f 2962 2964 2968 2966
f 2961 2962 2966 2965
f 2967 2968 2964 2963
f 2963 2964 2962 2961
f 2965 2966 2968 2967
f 2973 2975 2971 2969
f 2970 2972 2976 2974
f 2969 2970 2974 2973
f 2975 2976 2972 2971
f 2971 2972 2970 2969
f 2973 2974 2976 2975
f 2981 2983 2979 2977
f 2978 2980 2984 2982
f 2977 2978 2982 2981
f 2983 2984 2980 2979
f 2979 2980 2978 2977
f 2981 2982 2984 2983
f 2989 2991 2987 2985
f 2986 2988 2992 2990
f 2985 2986 2990 2989
f 2991 2992 2988 2987
f 2987 2988 2986 2985
f 2989 2990 2992 2991
f 2997 2999 2995 2993
f 2994 2996 3000 2998
f 2993 2994 2998 2997
f 2999 3000 2996 2995
f 2995 2996 2994 2993
f 2997 2998 3000 2999
f 3005 3007 3003 3001
f 3002 3004 3008 3006
f 3001 3002 3006 3005
f 3007 3008 3004 3003
f 3003 3004 3002 3001
f 3005 3006 3008 3007
f 3013 3015 3011 3009
f 3010 3012 3016 3014
f 3009 3010 3014 3013
f 3015 3016 3012 3011
f 3011 3012 3010 3009
f 3013 3014 3016 3015
o STATION_HOME_M04RCT_Lights
usemtl Lights
v 21.6000 0.8000 -79.3200
v 21.6000 0.8000 -79.3000
v 30.0000 0.8000 -79.3200
v 30.0000 0.8000 -79.3000
v 21.6000 1.0500 -79.3200
v 21.6000 1.0500 -79.3000
v 30.0000 1.0500 -79.3200
v 30.0000 1.0500 -79.3000
v 25.1000 1.0000 -84.3000
v 25.1000 1.0000 -83.3000
v 26.5000 1.0000 -84.3000
v 26.5000 1.0000 -83.3000
v 25.1000 1.0300 -84.3000
v 25.1000 1.0300 -83.3000
v 26.5000 1.0300 -84.3000
v 26.5000 1.0300 -83.3000
v 21.3000 3.6200 -87.3000
v 21.3000 3.6200 -86.7000
v 30.3000 3.6200 -87.3000
v 30.3000 3.6200 -86.7000
v 21.3000 3.7000 -87.3000
v 21.3000 3.7000 -86.7000
v 30.3000 3.7000 -87.3000
v 30.3000 3.7000 -86.7000
v 11.7000 7.8800 -87.4000
v 11.7000 7.8800 -86.6000
v 19.9000 7.8800 -87.4000
v 19.9000 7.8800 -86.6000
v 11.7000 7.9600 -87.4000
v 11.7000 7.9600 -86.6000
v 19.9000 7.9600 -87.4000
v 19.9000 7.9600 -86.6000
f 3021 3023 3019 3017
f 3018 3020 3024 3022
f 3017 3018 3022 3021
f 3023 3024 3020 3019
f 3019 3020 3018 3017
f 3021 3022 3024 3023
f 3029 3031 3027 3025
f 3026 3028 3032 3030
f 3025 3026 3030 3029
f 3031 3032 3028 3027
f 3027 3028 3026 3025
f 3029 3030 3032 3031
f 3037 3039 3035 3033
f 3034 3036 3040 3038
f 3033 3034 3038 3037
f 3039 3040 3036 3035
f 3035 3036 3034 3033
f 3037 3038 3040 3039
f 3045 3047 3043 3041
f 3042 3044 3048 3046
f 3041 3042 3046 3045
f 3047 3048 3044 3043
f 3043 3044 3042 3041
f 3045 3046 3048 3047
o STATION_HOME_M04RCT_Trim
usemtl Trim
v 15.8000 0.8000 -80.5500
v 16.6993 0.8000 -80.7289
v 17.4617 0.8000 -81.2383
v 17.9711 0.8000 -82.0007
v 18.1500 0.8000 -82.9000
v 17.9711 0.8000 -83.7993
v 17.4617 0.8000 -84.5617
v 16.6993 0.8000 -85.0711
v 15.8000 0.8000 -85.2500
v 14.9007 0.8000 -85.0711
v 14.1383 0.8000 -84.5617
v 13.6289 0.8000 -83.7993
v 13.4500 0.8000 -82.9000
v 13.6289 0.8000 -82.0007
v 14.1383 0.8000 -81.2383
v 14.9007 0.8000 -80.7289
v 15.8000 1.0000 -80.5500
v 16.6993 1.0000 -80.7289
v 17.4617 1.0000 -81.2383
v 17.9711 1.0000 -82.0007
v 18.1500 1.0000 -82.9000
v 17.9711 1.0000 -83.7993
v 17.4617 1.0000 -84.5617
v 16.6993 1.0000 -85.0711
v 15.8000 1.0000 -85.2500
v 14.9007 1.0000 -85.0711
v 14.1383 1.0000 -84.5617
v 13.6289 1.0000 -83.7993
v 13.4500 1.0000 -82.9000
v 13.6289 1.0000 -82.0007
v 14.1383 1.0000 -81.2383
v 14.9007 1.0000 -80.7289
v 15.8000 2.4000 -80.5500
v 16.6993 2.4000 -80.7289
v 17.4617 2.4000 -81.2383
v 17.9711 2.4000 -82.0007
v 18.1500 2.4000 -82.9000
v 17.9711 2.4000 -83.7993
v 17.4617 2.4000 -84.5617
v 16.6993 2.4000 -85.0711
v 15.8000 2.4000 -85.2500
v 14.9007 2.4000 -85.0711
v 14.1383 2.4000 -84.5617
v 13.6289 2.4000 -83.7993
v 13.4500 2.4000 -82.9000
v 13.6289 2.4000 -82.0007
v 14.1383 2.4000 -81.2383
v 14.9007 2.4000 -80.7289
v 15.8000 2.6000 -80.5500
v 16.6993 2.6000 -80.7289
v 17.4617 2.6000 -81.2383
v 17.9711 2.6000 -82.0007
v 18.1500 2.6000 -82.9000
v 17.9711 2.6000 -83.7993
v 17.4617 2.6000 -84.5617
v 16.6993 2.6000 -85.0711
v 15.8000 2.6000 -85.2500
v 14.9007 2.6000 -85.0711
v 14.1383 2.6000 -84.5617
v 13.6289 2.6000 -83.7993
v 13.4500 2.6000 -82.9000
v 13.6289 2.6000 -82.0007
v 14.1383 2.6000 -81.2383
v 14.9007 2.6000 -80.7289
v 15.8000 4.0000 -80.5500
v 16.6993 4.0000 -80.7289
v 17.4617 4.0000 -81.2383
v 17.9711 4.0000 -82.0007
v 18.1500 4.0000 -82.9000
v 17.9711 4.0000 -83.7993
v 17.4617 4.0000 -84.5617
v 16.6993 4.0000 -85.0711
v 15.8000 4.0000 -85.2500
v 14.9007 4.0000 -85.0711
v 14.1383 4.0000 -84.5617
v 13.6289 4.0000 -83.7993
v 13.4500 4.0000 -82.9000
v 13.6289 4.0000 -82.0007
v 14.1383 4.0000 -81.2383
v 14.9007 4.0000 -80.7289
v 15.8000 4.2000 -80.5500
v 16.6993 4.2000 -80.7289
v 17.4617 4.2000 -81.2383
v 17.9711 4.2000 -82.0007
v 18.1500 4.2000 -82.9000
v 17.9711 4.2000 -83.7993
v 17.4617 4.2000 -84.5617
v 16.6993 4.2000 -85.0711
v 15.8000 4.2000 -85.2500
v 14.9007 4.2000 -85.0711
v 14.1383 4.2000 -84.5617
v 13.6289 4.2000 -83.7993
v 13.4500 4.2000 -82.9000
v 13.6289 4.2000 -82.0007
v 14.1383 4.2000 -81.2383
v 14.9007 4.2000 -80.7289
f 3049 3050 3066 3065
f 3050 3051 3067 3066
f 3051 3052 3068 3067
f 3052 3053 3069 3068
f 3053 3054 3070 3069
f 3054 3055 3071 3070
f 3055 3056 3072 3071
f 3056 3057 3073 3072
f 3057 3058 3074 3073
f 3058 3059 3075 3074
f 3059 3060 3076 3075
f 3060 3061 3077 3076
f 3061 3062 3078 3077
f 3062 3063 3079 3078
f 3063 3064 3080 3079
f 3064 3049 3065 3080
f 3064 3063 3062 3061 3060 3059 3058 3057 3056 3055 3054 3053 3052 3051 3050 3049
f 3065 3066 3067 3068 3069 3070 3071 3072 3073 3074 3075 3076 3077 3078 3079 3080
f 3081 3082 3098 3097
f 3082 3083 3099 3098
f 3083 3084 3100 3099
f 3084 3085 3101 3100
f 3085 3086 3102 3101
f 3086 3087 3103 3102
f 3087 3088 3104 3103
f 3088 3089 3105 3104
f 3089 3090 3106 3105
f 3090 3091 3107 3106
f 3091 3092 3108 3107
f 3092 3093 3109 3108
f 3093 3094 3110 3109
f 3094 3095 3111 3110
f 3095 3096 3112 3111
f 3096 3081 3097 3112
f 3096 3095 3094 3093 3092 3091 3090 3089 3088 3087 3086 3085 3084 3083 3082 3081
f 3097 3098 3099 3100 3101 3102 3103 3104 3105 3106 3107 3108 3109 3110 3111 3112
f 3113 3114 3130 3129
f 3114 3115 3131 3130
f 3115 3116 3132 3131
f 3116 3117 3133 3132
f 3117 3118 3134 3133
f 3118 3119 3135 3134
f 3119 3120 3136 3135
f 3120 3121 3137 3136
f 3121 3122 3138 3137
f 3122 3123 3139 3138
f 3123 3124 3140 3139
f 3124 3125 3141 3140
f 3125 3126 3142 3141
f 3126 3127 3143 3142
f 3127 3128 3144 3143
f 3128 3113 3129 3144
f 3128 3127 3126 3125 3124 3123 3122 3121 3120 3119 3118 3117 3116 3115 3114 3113
f 3129 3130 3131 3132 3133 3134 3135 3136 3137 3138 3139 3140 3141 3142 3143 3144
o STATION_HOME_M04RCT_Machinery-col
usemtl Engine
v 15.8000 0.0000 -80.7000
v 16.6419 0.0000 -80.8675
v 17.3556 0.0000 -81.3444
v 17.8325 0.0000 -82.0581
v 18.0000 0.0000 -82.9000
v 17.8325 0.0000 -83.7419
v 17.3556 0.0000 -84.4556
v 16.6419 0.0000 -84.9325
v 15.8000 0.0000 -85.1000
v 14.9581 0.0000 -84.9325
v 14.2444 0.0000 -84.4556
v 13.7675 0.0000 -83.7419
v 13.6000 0.0000 -82.9000
v 13.7675 0.0000 -82.0581
v 14.2444 0.0000 -81.3444
v 14.9581 0.0000 -80.8675
v 15.8000 6.0000 -80.7000
v 16.6419 6.0000 -80.8675
v 17.3556 6.0000 -81.3444
v 17.8325 6.0000 -82.0581
v 18.0000 6.0000 -82.9000
v 17.8325 6.0000 -83.7419
v 17.3556 6.0000 -84.4556
v 16.6419 6.0000 -84.9325
v 15.8000 6.0000 -85.1000
v 14.9581 6.0000 -84.9325
v 14.2444 6.0000 -84.4556
v 13.7675 6.0000 -83.7419
v 13.6000 6.0000 -82.9000
v 13.7675 6.0000 -82.0581
v 14.2444 6.0000 -81.3444
v 14.9581 6.0000 -80.8675
f 3145 3146 3162 3161
f 3146 3147 3163 3162
f 3147 3148 3164 3163
f 3148 3149 3165 3164
f 3149 3150 3166 3165
f 3150 3151 3167 3166
f 3151 3152 3168 3167
f 3152 3153 3169 3168
f 3153 3154 3170 3169
f 3154 3155 3171 3170
f 3155 3156 3172 3171
f 3156 3157 3173 3172
f 3157 3158 3174 3173
f 3158 3159 3175 3174
f 3159 3160 3176 3175
f 3160 3145 3161 3176
f 3160 3159 3158 3157 3156 3155 3154 3153 3152 3151 3150 3149 3148 3147 3146 3145
f 3161 3162 3163 3164 3165 3166 3167 3168 3169 3170 3171 3172 3173 3174 3175 3176
o STATION_HOME_M04RCT_Glow
usemtl EngineGlow
v 15.8000 6.0000 -81.5800
v 16.3051 6.0000 -81.6805
v 16.7334 6.0000 -81.9666
v 17.0195 6.0000 -82.3949
v 17.1200 6.0000 -82.9000
v 17.0195 6.0000 -83.4051
v 16.7334 6.0000 -83.8334
v 16.3051 6.0000 -84.1195
v 15.8000 6.0000 -84.2200
v 15.2949 6.0000 -84.1195
v 14.8666 6.0000 -83.8334
v 14.5805 6.0000 -83.4051
v 14.4800 6.0000 -82.9000
v 14.5805 6.0000 -82.3949
v 14.8666 6.0000 -81.9666
v 15.2949 6.0000 -81.6805
v 15.8000 6.0500 -81.5800
v 16.3051 6.0500 -81.6805
v 16.7334 6.0500 -81.9666
v 17.0195 6.0500 -82.3949
v 17.1200 6.0500 -82.9000
v 17.0195 6.0500 -83.4051
v 16.7334 6.0500 -83.8334
v 16.3051 6.0500 -84.1195
v 15.8000 6.0500 -84.2200
v 15.2949 6.0500 -84.1195
v 14.8666 6.0500 -83.8334
v 14.5805 6.0500 -83.4051
v 14.4800 6.0500 -82.9000
v 14.5805 6.0500 -82.3949
v 14.8666 6.0500 -81.9666
v 15.2949 6.0500 -81.6805
f 3177 3178 3194 3193
f 3178 3179 3195 3194
f 3179 3180 3196 3195
f 3180 3181 3197 3196
f 3181 3182 3198 3197
f 3182 3183 3199 3198
f 3183 3184 3200 3199
f 3184 3185 3201 3200
f 3185 3186 3202 3201
f 3186 3187 3203 3202
f 3187 3188 3204 3203
f 3188 3189 3205 3204
f 3189 3190 3206 3205
f 3190 3191 3207 3206
f 3191 3192 3208 3207
f 3192 3177 3193 3208
f 3192 3191 3190 3189 3188 3187 3186 3185 3184 3183 3182 3181 3180 3179 3178 3177
f 3193 3194 3195 3196 3197 3198 3199 3200 3201 3202 3203 3204 3205 3206 3207 3208
o STATION_HOME_M04RCT_Armor
usemtl Armor
v 15.8000 7.8000 -104.0000
v 15.8000 7.8000 -96.0000
v 25.8000 7.8000 -104.0000
v 25.8000 7.8000 -96.0000
v 15.8000 8.0000 -104.0000
v 15.8000 8.0000 -96.0000
v 25.8000 8.0000 -104.0000
v 25.8000 8.0000 -96.0000
v 15.8000 7.8000 -78.0000
v 15.8000 7.8000 -70.0000
v 25.8000 7.8000 -78.0000
v 25.8000 7.8000 -70.0000
v 15.8000 8.0000 -78.0000
v 15.8000 8.0000 -70.0000
v 25.8000 8.0000 -78.0000
v 25.8000 8.0000 -70.0000
f 3213 3215 3211 3209
f 3210 3212 3216 3214
f 3209 3210 3214 3213
f 3215 3216 3212 3211
f 3211 3212 3210 3209
f 3213 3214 3216 3215
f 3221 3223 3219 3217
f 3218 3220 3224 3222
f 3217 3218 3222 3221
f 3223 3224 3220 3219
f 3219 3220 3218 3217
f 3221 3222 3224 3223
o STATION_HOME_M04RCT_AirlockPort_Door-col
usemtl Door
v 14.7500 0.0000 -95.8000
v 14.7500 0.0000 -95.7000
v 16.8500 0.0000 -95.8000
v 16.8500 0.0000 -95.7000
v 14.7500 2.6000 -95.8000
v 14.7500 2.6000 -95.7000
v 16.8500 2.6000 -95.8000
v 16.8500 2.6000 -95.7000
f 3229 3231 3227 3225
f 3226 3228 3232 3230
f 3225 3226 3230 3229
f 3231 3232 3228 3227
f 3227 3228 3226 3225
f 3229 3230 3232 3231
o STATION_HOME_M04RCT_AirlockStbd_Door-col
usemtl Door
v 14.7500 0.0000 -78.3000
v 14.7500 0.0000 -78.2000
v 16.8500 0.0000 -78.3000
v 16.8500 0.0000 -78.2000
v 14.7500 2.6000 -78.3000
v 14.7500 2.6000 -78.2000
v 16.8500 2.6000 -78.3000
v 16.8500 2.6000 -78.2000
f 3237 3239 3235 3233
f 3234 3236 3240 3238
f 3233 3234 3238 3237
f 3239 3240 3236 3235
f 3235 3236 3234 3233
f 3237 3238 3240 3239
o STATION_HOME_M04RCT_Connector_Back_Door-col
usemtl Door
v 10.5500 0.0000 -87.9500
v 10.5500 0.0000 -86.0500
v 10.6500 0.0000 -87.9500
v 10.6500 0.0000 -86.0500
v 10.5500 2.8000 -87.9500
v 10.5500 2.8000 -86.0500
v 10.6500 2.8000 -87.9500
v 10.6500 2.8000 -86.0500
f 3245 3247 3243 3241
f 3242 3244 3248 3246
f 3241 3242 3246 3245
f 3247 3248 3244 3243
f 3243 3244 3242 3241
f 3245 3246 3248 3247
o STATION_HOME_M04RCT_Connector_Front_Door-col
usemtl Door
v 30.9500 0.0000 -87.9500
v 30.9500 0.0000 -86.0500
v 31.0500 0.0000 -87.9500
v 31.0500 0.0000 -86.0500
v 30.9500 2.8000 -87.9500
v 30.9500 2.8000 -86.0500
v 31.0500 2.8000 -87.9500
v 31.0500 2.8000 -86.0500
f 3253 3255 3251 3249
f 3250 3252 3256 3254
f 3249 3250 3254 3253
f 3255 3256 3252 3251
f 3251 3252 3250 3249
f 3253 3254 3256 3255
o STATION_HOME_M04RCT_ControlConsole-col
usemtl Furniture
v 25.0000 0.0000 -84.4000
v 25.0000 0.0000 -83.2000
v 26.6000 0.0000 -84.4000
v 26.6000 0.0000 -83.2000
v 25.0000 1.0000 -84.4000
v 25.0000 1.0000 -83.2000
v 26.6000 1.0000 -84.4000
v 26.6000 1.0000 -83.2000
f 3261 3263 3259 3257
f 3258 3260 3264 3262
f 3257 3258 3262 3261
f 3263 3264 3260 3259
f 3259 3260 3258 3257
f 3261 3262 3264 3263
o STATION_HOME_M04RCT_StatusLight
usemtl Lights
v 29.3000 8.4000 -87.5000
v 29.3000 8.4000 -86.5000
v 30.3000 8.4000 -87.5000
v 30.3000 8.4000 -86.5000
v 29.3000 8.7000 -87.5000
v 29.3000 8.7000 -86.5000
v 30.3000 8.7000 -87.5000
v 30.3000 8.7000 -86.5000
f 3269 3271 3267 3265
f 3266 3268 3272 3270
f 3265 3266 3270 3269
f 3271 3272 3268 3267
f 3267 3268 3266 3265
f 3269 3270 3272 3271
o STATION_HOME_T02L_Deck-col
usemtl Deck
v -4.4000 -0.3000 -85.6000
v -4.4000 -0.3000 -88.4000
v -10.4000 -0.3000 -85.6000
v -10.4000 -0.3000 -88.4000
v -4.4000 0.0000 -85.6000
v -4.4000 0.0000 -88.4000
v -10.4000 0.0000 -85.6000
v -10.4000 0.0000 -88.4000
f 3277 3279 3275 3273
f 3274 3276 3280 3278
f 3273 3274 3278 3277
f 3279 3280 3276 3275
f 3275 3276 3274 3273
f 3277 3278 3280 3279
o STATION_HOME_T02L_Hull-col
usemtl Hull
v -4.4000 3.2000 -85.2000
v -4.4000 3.2000 -88.8000
v -10.4000 3.2000 -85.2000
v -10.4000 3.2000 -88.8000
v -4.4000 3.6000 -85.2000
v -4.4000 3.6000 -88.8000
v -10.4000 3.6000 -85.2000
v -10.4000 3.6000 -88.8000
v -4.4000 -0.7000 -85.2000
v -4.4000 -0.7000 -88.8000
v -10.4000 -0.7000 -85.2000
v -10.4000 -0.7000 -88.8000
v -4.4000 -0.3000 -85.2000
v -4.4000 -0.3000 -88.8000
v -10.4000 -0.3000 -85.2000
v -10.4000 -0.3000 -88.8000
v -4.4000 -0.3000 -85.2000
v -4.4000 -0.3000 -85.6000
v -5.4000 -0.3000 -85.2000
v -5.4000 -0.3000 -85.6000
v -4.4000 3.2000 -85.2000
v -4.4000 3.2000 -85.6000
v -5.4000 3.2000 -85.2000
v -5.4000 3.2000 -85.6000
v -5.4000 -0.3000 -85.2000
v -5.4000 -0.3000 -85.6000
v -9.4000 -0.3000 -85.2000
v -9.4000 -0.3000 -85.6000
v -5.4000 1.2000 -85.2000
v -5.4000 1.2000 -85.6000
v -9.4000 1.2000 -85.2000
v -9.4000 1.2000 -85.6000
v -5.4000 2.4000 -85.2000
v -5.4000 2.4000 -85.6000
v -9.4000 2.4000 -85.2000
v -9.4000 2.4000 -85.6000
v -5.4000 3.2000 -85.2000
v -5.4000 3.2000 -85.6000
v -9.4000 3.2000 -85.2000
v -9.4000 3.2000 -85.6000
v -9.4000 -0.3000 -85.2000
v -9.4000 -0.3000 -85.6000
v -10.4000 -0.3000 -85.2000
v -10.4000 -0.3000 -85.6000
v -9.4000 3.2000 -85.2000
v -9.4000 3.2000 -85.6000
v -10.4000 3.2000 -85.2000
v -10.4000 3.2000 -85.6000
v -4.4000 -0.3000 -88.4000
v -4.4000 -0.3000 -88.8000
v -5.4000 -0.3000 -88.4000
v -5.4000 -0.3000 -88.8000
v -4.4000 3.2000 -88.4000
v -4.4000 3.2000 -88.8000
v -5.4000 3.2000 -88.4000
v -5.4000 3.2000 -88.8000
v -5.4000 -0.3000 -88.4000
v -5.4000 -0.3000 -88.8000
v -9.4000 -0.3000 -88.4000
v -9.4000 -0.3000 -88.8000
v -5.4000 1.2000 -88.4000
v -5.4000 1.2000 -88.8000
v -9.4000 1.2000 -88.4000
v -9.4000 1.2000 -88.8000
v -5.4000 2.4000 -88.4000
v -5.4000 2.4000 -88.8000
v -9.4000 2.4000 -88.4000
v -9.4000 2.4000 -88.8000
v -5.4000 3.2000 -88.4000
v -5.4000 3.2000 -88.8000
v -9.4000 3.2000 -88.4000
v -9.4000 3.2000 -88.8000
v -9.4000 -0.3000 -88.4000
v -9.4000 -0.3000 -88.8000
v -10.4000 -0.3000 -88.4000
v -10.4000 -0.3000 -88.8000
v -9.4000 3.2000 -88.4000
v -9.4000 3.2000 -88.8000
v -10.4000 3.2000 -88.4000
v -10.4000 3.2000 -88.8000
f 3285 3287 3283 3281
f 3282 3284 3288 3286
f 3281 3282 3286 3285
f 3287 3288 3284 3283
f 3283 3284 3282 3281
f 3285 3286 3288 3287
f 3293 3295 3291 3289
f 3290 3292 3296 3294
f 3289 3290 3294 3293
f 3295 3296 3292 3291
f 3291 3292 3290 3289
f 3293 3294 3296 3295
f 3301 3303 3299 3297
f 3298 3300 3304 3302
f 3297 3298 3302 3301
f 3303 3304 3300 3299
f 3299 3300 3298 3297
f 3301 3302 3304 3303
f 3309 3311 3307 3305
f 3306 3308 3312 3310
f 3305 3306 3310 3309
f 3311 3312 3308 3307
f 3307 3308 3306 3305
f 3309 3310 3312 3311
f 3317 3319 3315 3313
f 3314 3316 3320 3318
f 3313 3314 3318 3317
f 3319 3320 3316 3315
f 3315 3316 3314 3313
f 3317 3318 3320 3319
f 3325 3327 3323 3321
f 3322 3324 3328 3326
f 3321 3322 3326 3325
f 3327 3328 3324 3323
f 3323 3324 3322 3321
f 3325 3326 3328 3327
f 3333 3335 3331 3329
f 3330 3332 3336 3334
f 3329 3330 3334 3333
f 3335 3336 3332 3331
f 3331 3332 3330 3329
f 3333 3334 3336 3335
f 3341 3343 3339 3337
f 3338 3340 3344 3342
f 3337 3338 3342 3341
f 3343 3344 3340 3339
f 3339 3340 3338 3337
f 3341 3342 3344 3343
f 3349 3351 3347 3345
f 3346 3348 3352 3350
f 3345 3346 3350 3349
f 3351 3352 3348 3347
f 3347 3348 3346 3345
f 3349 3350 3352 3351
f 3357 3359 3355 3353
f 3354 3356 3360 3358
f 3353 3354 3358 3357
f 3359 3360 3356 3355
f 3355 3356 3354 3353
f 3357 3358 3360 3359
o STATION_HOME_T02L_Lights
usemtl Lights
v -4.9000 3.1200 -86.7000
v -4.9000 3.1200 -87.3000
v -9.9000 3.1200 -86.7000
v -9.9000 3.1200 -87.3000
v -4.9000 3.2000 -86.7000
v -4.9000 3.2000 -87.3000
v -9.9000 3.2000 -86.7000
v -9.9000 3.2000 -87.3000
f 3365 3367 3363 3361
f 3362 3364 3368 3366
f 3361 3362 3366 3365
f 3367 3368 3364 3363
f 3363 3364 3362 3361
f 3365 3366 3368 3367
o STATION_HOME_T02L_Glass-col
usemtl Glass
v -5.4000 1.2000 -85.4000
v -5.4000 1.2000 -85.4500
v -9.4000 1.2000 -85.4000
v -9.4000 1.2000 -85.4500
v -5.4000 2.4000 -85.4000
v -5.4000 2.4000 -85.4500
v -9.4000 2.4000 -85.4000
v -9.4000 2.4000 -85.4500
v -5.4000 1.2000 -88.5500
v -5.4000 1.2000 -88.6000
v -9.4000 1.2000 -88.5500
v -9.4000 1.2000 -88.6000
v -5.4000 2.4000 -88.5500
v -5.4000 2.4000 -88.6000
v -9.4000 2.4000 -88.5500
v -9.4000 2.4000 -88.6000
f 3373 3375 3371 3369
f 3370 3372 3376 3374
f 3369 3370 3374 3373
f 3375 3376 3372 3371
f 3371 3372 3370 3369
f 3373 3374 3376 3375
f 3381 3383 3379 3377
f 3378 3380 3384 3382
f 3377 3378 3382 3381
f 3383 3384 3380 3379
f 3379 3380 3378 3377
f 3381 3382 3384 3383
o STATION_HOME_M05REF_Deck-col
usemtl Deck
v -10.8000 -0.3000 -78.5000
v -10.8000 -0.3000 -95.5000
v -30.8000 -0.3000 -78.5000
v -30.8000 -0.3000 -95.5000
v -10.8000 0.0000 -78.5000
v -10.8000 0.0000 -95.5000
v -30.8000 0.0000 -78.5000
v -30.8000 0.0000 -95.5000
v -20.8000 3.7000 -78.5000
v -20.8000 3.7000 -95.5000
v -30.8000 3.7000 -78.5000
v -30.8000 3.7000 -95.5000
v -20.8000 4.0000 -78.5000
v -20.8000 4.0000 -95.5000
v -30.8000 4.0000 -78.5000
v -30.8000 4.0000 -95.5000
f 3389 3391 3387 3385
f 3386 3388 3392 3390
f 3385 3386 3390 3389
f 3391 3392 3388 3387
f 3387 3388 3386 3385
f 3389 3390 3392 3391
f 3397 3399 3395 3393
f 3394 3396 3400 3398
f 3393 3394 3398 3397
f 3399 3400 3396 3395
f 3395 3396 3394 3393
f 3397 3398 3400 3399
o STATION_HOME_M05REF_Hull-col
usemtl Hull
v -10.4000 8.0000 -78.0000
v -10.4000 8.0000 -96.0000
v -31.2000 8.0000 -78.0000
v -31.2000 8.0000 -96.0000
v -10.4000 8.4000 -78.0000
v -10.4000 8.4000 -96.0000
v -31.2000 8.4000 -78.0000
v -31.2000 8.4000 -96.0000
v -10.4000 -0.7000 -78.0000
v -10.4000 -0.7000 -96.0000
v -31.2000 -0.7000 -78.0000
v -31.2000 -0.7000 -96.0000
v -10.4000 -0.3000 -78.0000
v -10.4000 -0.3000 -96.0000
v -31.2000 -0.3000 -78.0000
v -31.2000 -0.3000 -96.0000
v -10.8000 -0.3000 -78.0000
v -10.8000 -0.3000 -78.5000
v -14.8000 -0.3000 -78.0000
v -14.8000 -0.3000 -78.5000
v -10.8000 8.0000 -78.0000
v -10.8000 8.0000 -78.5000
v -14.8000 8.0000 -78.0000
v -14.8000 8.0000 -78.5000
v -14.8000 -0.3000 -78.0000
v -14.8000 -0.3000 -78.5000
v -16.8000 -0.3000 -78.0000
v -16.8000 -0.3000 -78.5000
v -14.8000 0.0000 -78.0000
v -14.8000 0.0000 -78.5000
v -16.8000 0.0000 -78.0000
v -16.8000 0.0000 -78.5000
v -14.8000 2.6000 -78.0000
v -14.8000 2.6000 -78.5000
v -16.8000 2.6000 -78.0000
v -16.8000 2.6000 -78.5000
v -14.8000 8.0000 -78.0000
v -14.8000 8.0000 -78.5000
v -16.8000 8.0000 -78.0000
v -16.8000 8.0000 -78.5000
v -16.8000 -0.3000 -78.0000
v -16.8000 -0.3000 -78.5000
v -30.8000 -0.3000 -78.0000
v -30.8000 -0.3000 -78.5000
v -16.8000 8.0000 -78.0000
v -16.8000 8.0000 -78.5000
v -30.8000 8.0000 -78.0000
v -30.8000 8.0000 -78.5000
v -10.8000 -0.3000 -95.5000
v -10.8000 -0.3000 -96.0000
v -14.8000 -0.3000 -95.5000
v -14.8000 -0.3000 -96.0000
v -10.8000 8.0000 -95.5000
v -10.8000 8.0000 -96.0000
v -14.8000 8.0000 -95.5000
v -14.8000 8.0000 -96.0000
v -14.8000 -0.3000 -95.5000
v -14.8000 -0.3000 -96.0000
v -16.8000 -0.3000 -95.5000
v -16.8000 -0.3000 -96.0000
v -14.8000 0.0000 -95.5000
v -14.8000 0.0000 -96.0000
v -16.8000 0.0000 -95.5000
v -16.8000 0.0000 -96.0000
v -14.8000 2.6000 -95.5000
v -14.8000 2.6000 -96.0000
v -16.8000 2.6000 -95.5000
v -16.8000 2.6000 -96.0000
v -14.8000 8.0000 -95.5000
v -14.8000 8.0000 -96.0000
v -16.8000 8.0000 -95.5000
v -16.8000 8.0000 -96.0000
v -16.8000 -0.3000 -95.5000
v -16.8000 -0.3000 -96.0000
v -30.8000 -0.3000 -95.5000
v -30.8000 -0.3000 -96.0000
v -16.8000 8.0000 -95.5000
v -16.8000 8.0000 -96.0000
v -30.8000 8.0000 -95.5000
v -30.8000 8.0000 -96.0000
v -10.4000 -0.3000 -78.0000
v -10.4000 -0.3000 -86.1000
v -10.8000 -0.3000 -78.0000
v -10.8000 -0.3000 -86.1000
v -10.4000 8.0000 -78.0000
v -10.4000 8.0000 -86.1000
v -10.8000 8.0000 -78.0000
v -10.8000 8.0000 -86.1000
v -10.4000 -0.3000 -86.1000
v -10.4000 -0.3000 -87.9000
v -10.8000 -0.3000 -86.1000
v -10.8000 -0.3000 -87.9000
v -10.4000 0.0000 -86.1000
v -10.4000 0.0000 -87.9000
v -10.8000 0.0000 -86.1000
v -10.8000 0.0000 -87.9000
v -10.4000 2.8000 -86.1000
v -10.4000 2.8000 -87.9000
v -10.8000 2.8000 -86.1000
v -10.8000 2.8000 -87.9000
v -10.4000 8.0000 -86.1000
v -10.4000 8.0000 -87.9000
v -10.8000 8.0000 -86.1000
v -10.8000 8.0000 -87.9000
v -10.4000 -0.3000 -87.9000
v -10.4000 -0.3000 -96.0000
v -10.8000 -0.3000 -87.9000
v -10.8000 -0.3000 -96.0000
v -10.4000 8.0000 -87.9000
v -10.4000 8.0000 -96.0000
v -10.8000 8.0000 -87.9000
v -10.8000 8.0000 -96.0000
v -30.8000 -0.3000 -78.0000
v -30.8000 -0.3000 -86.1000
v -31.2000 -0.3000 -78.0000
v -31.2000 -0.3000 -86.1000
v -30.8000 8.0000 -78.0000
v -30.8000 8.0000 -86.1000
v -31.2000 8.0000 -78.0000
v -31.2000 8.0000 -86.1000
v -30.8000 -0.3000 -86.1000
v -30.8000 -0.3000 -87.9000
v -31.2000 -0.3000 -86.1000
v -31.2000 -0.3000 -87.9000
v -30.8000 0.0000 -86.1000
v -30.8000 0.0000 -87.9000
v -31.2000 0.0000 -86.1000
v -31.2000 0.0000 -87.9000
v -30.8000 2.8000 -86.1000
v -30.8000 2.8000 -87.9000
v -31.2000 2.8000 -86.1000
v -31.2000 2.8000 -87.9000
v -30.8000 8.0000 -86.1000
v -30.8000 8.0000 -87.9000
v -31.2000 8.0000 -86.1000
v -31.2000 8.0000 -87.9000
v -30.8000 -0.3000 -87.9000
v -30.8000 -0.3000 -96.0000
v -31.2000 -0.3000 -87.9000
v -31.2000 -0.3000 -96.0000
v -30.8000 8.0000 -87.9000
v -30.8000 8.0000 -96.0000
v -31.2000 8.0000 -87.9000
v -31.2000 8.0000 -96.0000
f 3405 3407 3403 3401
f 3402 3404 3408 3406
f 3401 3402 3406 3405
f 3407 3408 3404 3403
f 3403 3404 3402 3401
f 3405 3406 3408 3407
f 3413 3415 3411 3409
f 3410 3412 3416 3414
f 3409 3410 3414 3413
f 3415 3416 3412 3411
f 3411 3412 3410 3409
f 3413 3414 3416 3415
f 3421 3423 3419 3417
f 3418 3420 3424 3422
f 3417 3418 3422 3421
f 3423 3424 3420 3419
f 3419 3420 3418 3417
f 3421 3422 3424 3423
f 3429 3431 3427 3425
f 3426 3428 3432 3430
f 3425 3426 3430 3429
f 3431 3432 3428 3427
f 3427 3428 3426 3425
f 3429 3430 3432 3431
f 3437 3439 3435 3433
f 3434 3436 3440 3438
f 3433 3434 3438 3437
f 3439 3440 3436 3435
f 3435 3436 3434 3433
f 3437 3438 3440 3439
f 3445 3447 3443 3441
f 3442 3444 3448 3446
f 3441 3442 3446 3445
f 3447 3448 3444 3443
f 3443 3444 3442 3441
f 3445 3446 3448 3447
f 3453 3455 3451 3449
f 3450 3452 3456 3454
f 3449 3450 3454 3453
f 3455 3456 3452 3451
f 3451 3452 3450 3449
f 3453 3454 3456 3455
f 3461 3463 3459 3457
f 3458 3460 3464 3462
f 3457 3458 3462 3461
f 3463 3464 3460 3459
f 3459 3460 3458 3457
f 3461 3462 3464 3463
f 3469 3471 3467 3465
f 3466 3468 3472 3470
f 3465 3466 3470 3469
f 3471 3472 3468 3467
f 3467 3468 3466 3465
f 3469 3470 3472 3471
f 3477 3479 3475 3473
f 3474 3476 3480 3478
f 3473 3474 3478 3477
f 3479 3480 3476 3475
f 3475 3476 3474 3473
f 3477 3478 3480 3479
f 3485 3487 3483 3481
f 3482 3484 3488 3486
f 3481 3482 3486 3485
f 3487 3488 3484 3483
f 3483 3484 3482 3481
f 3485 3486 3488 3487
f 3493 3495 3491 3489
f 3490 3492 3496 3494
f 3489 3490 3494 3493
f 3495 3496 3492 3491
f 3491 3492 3490 3489
f 3493 3494 3496 3495
f 3501 3503 3499 3497
f 3498 3500 3504 3502
f 3497 3498 3502 3501
f 3503 3504 3500 3499
f 3499 3500 3498 3497
f 3501 3502 3504 3503
f 3509 3511 3507 3505
f 3506 3508 3512 3510
f 3505 3506 3510 3509
f 3511 3512 3508 3507
f 3507 3508 3506 3505
f 3509 3510 3512 3511
f 3517 3519 3515 3513
f 3514 3516 3520 3518
f 3513 3514 3518 3517
f 3519 3520 3516 3515
f 3515 3516 3514 3513
f 3517 3518 3520 3519
f 3525 3527 3523 3521
f 3522 3524 3528 3526
f 3521 3522 3526 3525
f 3527 3528 3524 3523
f 3523 3524 3522 3521
f 3525 3526 3528 3527
f 3533 3535 3531 3529
f 3530 3532 3536 3534
f 3529 3530 3534 3533
f 3535 3536 3532 3531
f 3531 3532 3530 3529
f 3533 3534 3536 3535
f 3541 3543 3539 3537
f 3538 3540 3544 3542
f 3537 3538 3542 3541
f 3543 3544 3540 3539
f 3539 3540 3538 3537
f 3541 3542 3544 3543
o STATION_HOME_M05REF_Interior-col
usemtl Interior
v -20.7000 0.0000 -78.5000
v -20.7000 0.0000 -85.8000
v -20.9000 0.0000 -78.5000
v -20.9000 0.0000 -85.8000
v -20.7000 4.0000 -78.5000
v -20.7000 4.0000 -85.8000
v -20.9000 4.0000 -78.5000
v -20.9000 4.0000 -85.8000
v -20.7000 3.0000 -85.8000
v -20.7000 3.0000 -88.2000
v -20.9000 3.0000 -85.8000
v -20.9000 3.0000 -88.2000
v -20.7000 4.0000 -85.8000
v -20.7000 4.0000 -88.2000
v -20.9000 4.0000 -85.8000
v -20.9000 4.0000 -88.2000
v -20.7000 0.0000 -88.2000
v -20.7000 0.0000 -95.5000
v -20.9000 0.0000 -88.2000
v -20.9000 0.0000 -95.5000
v -20.7000 4.0000 -88.2000
v -20.7000 4.0000 -95.5000
v -20.9000 4.0000 -88.2000
v -20.9000 4.0000 -95.5000
v -20.8000 0.0000 -85.6000
v -20.8000 0.0000 -85.8000
v -25.0000 0.0000 -85.6000
v -25.0000 0.0000 -85.8000
v -20.8000 4.0000 -85.6000
v -20.8000 4.0000 -85.8000
v -25.0000 4.0000 -85.6000
v -25.0000 4.0000 -85.8000
v -25.0000 2.6000 -85.6000
v -25.0000 2.6000 -85.8000
v -26.6000 2.6000 -85.6000
v -26.6000 2.6000 -85.8000
v -25.0000 4.0000 -85.6000
v -25.0000 4.0000 -85.8000
v -26.6000 4.0000 -85.6000
v -26.6000 4.0000 -85.8000
v -26.6000 0.0000 -85.6000
v -26.6000 0.0000 -85.8000
v -30.8000 0.0000 -85.6000
v -30.8000 0.0000 -85.8000
v -26.6000 4.0000 -85.6000
v -26.6000 4.0000 -85.8000
v -30.8000 4.0000 -85.6000
v -30.8000 4.0000 -85.8000
v -20.8000 0.0000 -88.2000
v -20.8000 0.0000 -88.4000
v -25.0000 0.0000 -88.2000
v -25.0000 0.0000 -88.4000
v -20.8000 4.0000 -88.2000
v -20.8000 4.0000 -88.4000
v -25.0000 4.0000 -88.2000
v -25.0000 4.0000 -88.4000
v -25.0000 2.6000 -88.2000
v -25.0000 2.6000 -88.4000
v -26.6000 2.6000 -88.2000
v -26.6000 2.6000 -88.4000
v -25.0000 4.0000 -88.2000
v -25.0000 4.0000 -88.4000
v -26.6000 4.0000 -88.2000
v -26.6000 4.0000 -88.4000
v -26.6000 0.0000 -88.2000
v -26.6000 0.0000 -88.4000
v -30.8000 0.0000 -88.2000
v -30.8000 0.0000 -88.4000
v -26.6000 4.0000 -88.2000
v -26.6000 4.0000 -88.4000
v -30.8000 4.0000 -88.2000
v -30.8000 4.0000 -88.4000
f 3549 3551 3547 3545
f 3546 3548 3552 3550
f 3545 3546 3550 3549
f 3551 3552 3548 3547
f 3547 3548 3546 3545
f 3549 3550 3552 3551
f 3557 3559 3555 3553
f 3554 3556 3560 3558
f 3553 3554 3558 3557
f 3559 3560 3556 3555
f 3555 3556 3554 3553
f 3557 3558 3560 3559
f 3565 3567 3563 3561
f 3562 3564 3568 3566
f 3561 3562 3566 3565
f 3567 3568 3564 3563
f 3563 3564 3562 3561
f 3565 3566 3568 3567
f 3573 3575 3571 3569
f 3570 3572 3576 3574
f 3569 3570 3574 3573
f 3575 3576 3572 3571
f 3571 3572 3570 3569
f 3573 3574 3576 3575
f 3581 3583 3579 3577
f 3578 3580 3584 3582
f 3577 3578 3582 3581
f 3583 3584 3580 3579
f 3579 3580 3578 3577
f 3581 3582 3584 3583
f 3589 3591 3587 3585
f 3586 3588 3592 3590
f 3585 3586 3590 3589
f 3591 3592 3588 3587
f 3587 3588 3586 3585
f 3589 3590 3592 3591
f 3597 3599 3595 3593
f 3594 3596 3600 3598
f 3593 3594 3598 3597
f 3599 3600 3596 3595
f 3595 3596 3594 3593
f 3597 3598 3600 3599
f 3605 3607 3603 3601
f 3602 3604 3608 3606
f 3601 3602 3606 3605
f 3607 3608 3604 3603
f 3603 3604 3602 3601
f 3605 3606 3608 3607
f 3613 3615 3611 3609
f 3610 3612 3616 3614
f 3609 3610 3614 3613
f 3615 3616 3612 3611
f 3611 3612 3610 3609
f 3613 3614 3616 3615
o STATION_HOME_M05REF_Furniture-col
usemtl Furniture
v -21.4000 0.0000 -94.7000
v -21.4000 0.0000 -95.4000
v -30.2000 0.0000 -94.7000
v -30.2000 0.0000 -95.4000
v -21.4000 1.1000 -94.7000
v -21.4000 1.1000 -95.4000
v -30.2000 1.1000 -94.7000
v -30.2000 1.1000 -95.4000
v -21.4000 0.0000 -78.6000
v -21.4000 0.0000 -79.1000
v -23.8000 0.0000 -78.6000
v -23.8000 0.0000 -79.1000
v -21.4000 2.0000 -78.6000
v -21.4000 2.0000 -79.1000
v -23.8000 2.0000 -78.6000
v -23.8000 2.0000 -79.1000
v -25.2000 0.0000 -83.0000
v -25.2000 0.0000 -84.4000
v -26.4000 0.0000 -83.0000
v -26.4000 0.0000 -84.4000
v -25.2000 0.7500 -83.0000
v -25.2000 0.7500 -84.4000
v -26.4000 0.7500 -83.0000
v -26.4000 0.7500 -84.4000
v -21.2000 0.0000 -87.8500
v -21.2000 0.0000 -88.2000
v -22.4000 0.0000 -87.8500
v -22.4000 0.0000 -88.2000
v -21.2000 2.0000 -87.8500
v -21.2000 2.0000 -88.2000
v -22.4000 2.0000 -87.8500
v -22.4000 2.0000 -88.2000
v -12.2000 0.0000 -80.5000
v -12.2000 0.0000 -84.2000
v -19.4000 0.0000 -80.5000
v -19.4000 0.0000 -84.2000
v -12.2000 0.9000 -80.5000
v -12.2000 0.9000 -84.2000
v -19.4000 0.9000 -80.5000
v -19.4000 0.9000 -84.2000
v -13.0000 0.6000 -78.5500
v -13.0000 0.6000 -78.9500
v -14.0000 0.6000 -78.5500
v -14.0000 0.6000 -78.9500
v -13.0000 2.0000 -78.5500
v -13.0000 2.0000 -78.9500
v -14.0000 2.0000 -78.5500
v -14.0000 2.0000 -78.9500
v -15.3000 0.6000 -95.0500
v -15.3000 0.6000 -95.4500
v -16.3000 0.6000 -95.0500
v -16.3000 0.6000 -95.4500
v -15.3000 2.0000 -95.0500
v -15.3000 2.0000 -95.4500
v -16.3000 2.0000 -95.0500
v -16.3000 2.0000 -95.4500
v -17.6000 0.6000 -78.5500
v -17.6000 0.6000 -78.9500
v -18.6000 0.6000 -78.5500
v -18.6000 0.6000 -78.9500
v -17.6000 2.0000 -78.5500
v -17.6000 2.0000 -78.9500
v -18.6000 2.0000 -78.5500
v -18.6000 2.0000 -78.9500
f 3621 3623 3619 3617
f 3618 3620 3624 3622
f 3617 3618 3622 3621
f 3623 3624 3620 3619
f 3619 3620 3618 3617
f 3621 3622 3624 3623
f 3629 3631 3627 3625
f 3626 3628 3632 3630
f 3625 3626 3630 3629
f 3631 3632 3628 3627
f 3627 3628 3626 3625
f 3629 3630 3632 3631
f 3637 3639 3635 3633
f 3634 3636 3640 3638
f 3633 3634 3638 3637
f 3639 3640 3636 3635
f 3635 3636 3634 3633
f 3637 3638 3640 3639
f 3645 3647 3643 3641
f 3642 3644 3648 3646
f 3641 3642 3646 3645
f 3647 3648 3644 3643
f 3643 3644 3642 3641
f 3645 3646 3648 3647
f 3653 3655 3651 3649
f 3650 3652 3656 3654
f 3649 3650 3654 3653
f 3655 3656 3652 3651
f 3651 3652 3650 3649
f 3653 3654 3656 3655
f 3661 3663 3659 3657
f 3658 3660 3664 3662
f 3657 3658 3662 3661
f 3663 3664 3660 3659
f 3659 3660 3658 3657
f 3661 3662 3664 3663
f 3669 3671 3667 3665
f 3666 3668 3672 3670
f 3665 3666 3670 3669
f 3671 3672 3668 3667
f 3667 3668 3666 3665
f 3669 3670 3672 3671
f 3677 3679 3675 3673
f 3674 3676 3680 3678
f 3673 3674 3678 3677
f 3679 3680 3676 3675
f 3675 3676 3674 3673
f 3677 3678 3680 3679
o STATION_HOME_M05REF_Cover-col
usemtl Cover
v -13.0000 0.0000 -83.4000
v -13.0000 0.0000 -84.4000
v -14.0000 0.0000 -83.4000
v -14.0000 0.0000 -84.4000
v -13.0000 1.1000 -83.4000
v -13.0000 1.1000 -84.4000
v -14.0000 1.1000 -83.4000
v -14.0000 1.1000 -84.4000
v -17.6000 0.0000 -83.4000
v -17.6000 0.0000 -84.4000
v -18.6000 0.0000 -83.4000
v -18.6000 0.0000 -84.4000
v -17.6000 1.1000 -83.4000
v -17.6000 1.1000 -84.4000
v -18.6000 1.1000 -83.4000
v -18.6000 1.1000 -84.4000
f 3685 3687 3683 3681
f 3682 3684 3688 3686
f 3681 3682 3686 3685
f 3687 3688 3684 3683
f 3683 3684 3682 3681
f 3685 3686 3688 3687
f 3693 3695 3691 3689
f 3690 3692 3696 3694
f 3689 3690 3694 3693
f 3695 3696 3692 3691
f 3691 3692 3690 3689
f 3693 3694 3696 3695
o STATION_HOME_M05REF_Hazard
usemtl Hazard
v -14.5000 0.0000 -77.8800
v -14.5000 0.0000 -78.0000
v -14.8000 0.0000 -77.8800
v -14.8000 0.0000 -78.0000
v -14.5000 2.9000 -77.8800
v -14.5000 2.9000 -78.0000
v -14.8000 2.9000 -77.8800
v -14.8000 2.9000 -78.0000
v -16.8000 0.0000 -77.8800
v -16.8000 0.0000 -78.0000
v -17.1000 0.0000 -77.8800
v -17.1000 0.0000 -78.0000
v -16.8000 2.9000 -77.8800
v -16.8000 2.9000 -78.0000
v -17.1000 2.9000 -77.8800
v -17.1000 2.9000 -78.0000
v -14.5000 0.0000 -96.0000
v -14.5000 0.0000 -96.1200
v -14.8000 0.0000 -96.0000
v -14.8000 0.0000 -96.1200
v -14.5000 2.9000 -96.0000
v -14.5000 2.9000 -96.1200
v -14.8000 2.9000 -96.0000
v -14.8000 2.9000 -96.1200
v -16.8000 0.0000 -96.0000
v -16.8000 0.0000 -96.1200
v -17.1000 0.0000 -96.0000
v -17.1000 0.0000 -96.1200
v -16.8000 2.9000 -96.0000
v -16.8000 2.9000 -96.1200
v -17.1000 2.9000 -96.0000
v -17.1000 2.9000 -96.1200
v -31.2000 2.8000 -85.8000
v -31.2000 2.8000 -88.2000
v -31.2400 2.8000 -85.8000
v -31.2400 2.8000 -88.2000
v -31.2000 3.0000 -85.8000
v -31.2000 3.0000 -88.2000
v -31.2400 3.0000 -85.8000
v -31.2400 3.0000 -88.2000
v -13.0000 1.8000 -78.9500
v -13.0000 1.8000 -78.9700
v -14.0000 1.8000 -78.9500
v -14.0000 1.8000 -78.9700
v -13.0000 2.0000 -78.9500
v -13.0000 2.0000 -78.9700
v -14.0000 2.0000 -78.9500
v -14.0000 2.0000 -78.9700
v -15.3000 1.8000 -95.0300
v -15.3000 1.8000 -95.0500
v -16.3000 1.8000 -95.0300
v -16.3000 1.8000 -95.0500
v -15.3000 2.0000 -95.0300
v -15.3000 2.0000 -95.0500
v -16.3000 2.0000 -95.0300
v -16.3000 2.0000 -95.0500
v -17.6000 1.8000 -78.9500
v -17.6000 1.8000 -78.9700
v -18.6000 1.8000 -78.9500
v -18.6000 1.8000 -78.9700
v -17.6000 2.0000 -78.9500
v -17.6000 2.0000 -78.9700
v -18.6000 2.0000 -78.9500
v -18.6000 2.0000 -78.9700
f 3701 3703 3699 3697
f 3698 3700 3704 3702
f 3697 3698 3702 3701
f 3703 3704 3700 3699
f 3699 3700 3698 3697
f 3701 3702 3704 3703
f 3709 3711 3707 3705
f 3706 3708 3712 3710
f 3705 3706 3710 3709
f 3711 3712 3708 3707
f 3707 3708 3706 3705
f 3709 3710 3712 3711
f 3717 3719 3715 3713
f 3714 3716 3720 3718
f 3713 3714 3718 3717
f 3719 3720 3716 3715
f 3715 3716 3714 3713
f 3717 3718 3720 3719
f 3725 3727 3723 3721
f 3722 3724 3728 3726
f 3721 3722 3726 3725
f 3727 3728 3724 3723
f 3723 3724 3722 3721
f 3725 3726 3728 3727
f 3733 3735 3731 3729
f 3730 3732 3736 3734
f 3729 3730 3734 3733
f 3735 3736 3732 3731
f 3731 3732 3730 3729
f 3733 3734 3736 3735
f 3741 3743 3739 3737
f 3738 3740 3744 3742
f 3737 3738 3742 3741
f 3743 3744 3740 3739
f 3739 3740 3738 3737
f 3741 3742 3744 3743
f 3749 3751 3747 3745
f 3746 3748 3752 3750
f 3745 3746 3750 3749
f 3751 3752 3748 3747
f 3747 3748 3746 3745
f 3749 3750 3752 3751
f 3757 3759 3755 3753
f 3754 3756 3760 3758
f 3753 3754 3758 3757
f 3759 3760 3756 3755
f 3755 3756 3754 3753
f 3757 3758 3760 3759
o STATION_HOME_M05REF_Lights
usemtl Lights
v -21.6000 0.8000 -94.6800
v -21.6000 0.8000 -94.7000
v -30.0000 0.8000 -94.6800
v -30.0000 0.8000 -94.7000
v -21.6000 1.0500 -94.6800
v -21.6000 1.0500 -94.7000
v -30.0000 1.0500 -94.6800
v -30.0000 1.0500 -94.7000
v -25.1000 1.0000 -89.7000
v -25.1000 1.0000 -90.7000
v -26.5000 1.0000 -89.7000
v -26.5000 1.0000 -90.7000
v -25.1000 1.0300 -89.7000
v -25.1000 1.0300 -90.7000
v -26.5000 1.0300 -89.7000
v -26.5000 1.0300 -90.7000
v -21.3000 3.6200 -86.7000
v -21.3000 3.6200 -87.3000
v -30.3000 3.6200 -86.7000
v -30.3000 3.6200 -87.3000
v -21.3000 3.7000 -86.7000
v -21.3000 3.7000 -87.3000
v -30.3000 3.7000 -86.7000
v -30.3000 3.7000 -87.3000
v -11.7000 7.8800 -86.6000
v -11.7000 7.8800 -87.4000
v -19.9000 7.8800 -86.6000
v -19.9000 7.8800 -87.4000
v -11.7000 7.9600 -86.6000
v -11.7000 7.9600 -87.4000
v -19.9000 7.9600 -86.6000
v -19.9000 7.9600 -87.4000
f 3765 3767 3763 3761
f 3762 3764 3768 3766
f 3761 3762 3766 3765
f 3767 3768 3764 3763
f 3763 3764 3762 3761
f 3765 3766 3768 3767
f 3773 3775 3771 3769
f 3770 3772 3776 3774
f 3769 3770 3774 3773
f 3775 3776 3772 3771
f 3771 3772 3770 3769
f 3773 3774 3776 3775
f 3781 3783 3779 3777
f 3778 3780 3784 3782
f 3777 3778 3782 3781
f 3783 3784 3780 3779
f 3779 3780 3778 3777
f 3781 3782 3784 3783
f 3789 3791 3787 3785
f 3786 3788 3792 3790
f 3785 3786 3790 3789
f 3791 3792 3788 3787
f 3787 3788 3786 3785
f 3789 3790 3792 3791
o STATION_HOME_M05REF_Trim
usemtl Trim
v -12.2000 0.9000 -80.5000
v -12.2000 0.9000 -84.2000
v -19.4000 0.9000 -80.5000
v -19.4000 0.9000 -84.2000
v -12.2000 1.0000 -80.5000
v -12.2000 1.0000 -84.2000
v -19.4000 1.0000 -80.5000
v -19.4000 1.0000 -84.2000
f 3797 3799 3795 3793
f 3794 3796 3800 3798
f 3793 3794 3798 3797
f 3799 3800 3796 3795
f 3795 3796 3794 3793
f 3797 3798 3800 3799
o STATION_HOME_M05REF_Machinery-col
usemtl Engine
v -13.5000 0.0000 -93.5000
v -14.1000 0.0000 -93.3392
v -14.5392 0.0000 -92.9000
v -14.7000 0.0000 -92.3000
v -14.5392 0.0000 -91.7000
v -14.1000 0.0000 -91.2608
v -13.5000 0.0000 -91.1000
v -12.9000 0.0000 -91.2608
v -12.4608 0.0000 -91.7000
v -12.3000 0.0000 -92.3000
v -12.4608 0.0000 -92.9000
v -12.9000 0.0000 -93.3392
v -13.5000 3.5000 -93.5000
v -14.1000 3.5000 -93.3392
v -14.5392 3.5000 -92.9000
v -14.7000 3.5000 -92.3000
v -14.5392 3.5000 -91.7000
v -14.1000 3.5000 -91.2608
v -13.5000 3.5000 -91.1000
v -12.9000 3.5000 -91.2608
v -12.4608 3.5000 -91.7000
v -12.3000 3.5000 -92.3000
v -12.4608 3.5000 -92.9000
v -12.9000 3.5000 -93.3392
v -15.8000 0.0000 -93.5000
v -16.4000 0.0000 -93.3392
v -16.8392 0.0000 -92.9000
v -17.0000 0.0000 -92.3000
v -16.8392 0.0000 -91.7000
v -16.4000 0.0000 -91.2608
v -15.8000 0.0000 -91.1000
v -15.2000 0.0000 -91.2608
v -14.7608 0.0000 -91.7000
v -14.6000 0.0000 -92.3000
v -14.7608 0.0000 -92.9000
v -15.2000 0.0000 -93.3392
v -15.8000 3.5000 -93.5000
v -16.4000 3.5000 -93.3392
v -16.8392 3.5000 -92.9000
v -17.0000 3.5000 -92.3000
v -16.8392 3.5000 -91.7000
v -16.4000 3.5000 -91.2608
v -15.8000 3.5000 -91.1000
v -15.2000 3.5000 -91.2608
v -14.7608 3.5000 -91.7000
v -14.6000 3.5000 -92.3000
v -14.7608 3.5000 -92.9000
v -15.2000 3.5000 -93.3392
v -18.1000 0.0000 -93.5000
v -18.7000 0.0000 -93.3392
v -19.1392 0.0000 -92.9000
v -19.3000 0.0000 -92.3000
v -19.1392 0.0000 -91.7000
v -18.7000 0.0000 -91.2608
v -18.1000 0.0000 -91.1000
v -17.5000 0.0000 -91.2608
v -17.0608 0.0000 -91.7000
v -16.9000 0.0000 -92.3000
v -17.0608 0.0000 -92.9000
v -17.5000 0.0000 -93.3392
v -18.1000 3.5000 -93.5000
v -18.7000 3.5000 -93.3392
v -19.1392 3.5000 -92.9000
v -19.3000 3.5000 -92.3000
v -19.1392 3.5000 -91.7000
v -18.7000 3.5000 -91.2608
v -18.1000 3.5000 -91.1000
v -17.5000 3.5000 -91.2608
v -17.0608 3.5000 -91.7000
v -16.9000 3.5000 -92.3000
v -17.0608 3.5000 -92.9000
v -17.5000 3.5000 -93.3392
v -16.8000 8.4000 -91.0000
v -17.3878 8.4000 -90.8090
v -17.7511 8.4000 -90.3090
v -17.7511 8.4000 -89.6910
v -17.3878 8.4000 -89.1910
v -16.8000 8.4000 -89.0000
v -16.2122 8.4000 -89.1910
v -15.8489 8.4000 -89.6910
v -15.8489 8.4000 -90.3090
v -16.2122 8.4000 -90.8090
v -16.8000 11.4000 -91.0000
v -17.3878 11.4000 -90.8090
v -17.7511 11.4000 -90.3090
v -17.7511 11.4000 -89.6910
v -17.3878 11.4000 -89.1910
v -16.8000 11.4000 -89.0000
v -16.2122 11.4000 -89.1910
v -15.8489 11.4000 -89.6910
v -15.8489 11.4000 -90.3090
v -16.2122 11.4000 -90.8090
f 3801 3802 3814 3813
f 3802 3803 3815 3814
f 3803 3804 3816 3815
f 3804 3805 3817 3816
f 3805 3806 3818 3817
f 3806 3807 3819 3818
f 3807 3808 3820 3819
f 3808 3809 3821 3820
f 3809 3810 3822 3821
f 3810 3811 3823 3822
f 3811 3812 3824 3823
f 3812 3801 3813 3824
f 3812 3811 3810 3809 3808 3807 3806 3805 3804 3803 3802 3801
f 3813 3814 3815 3816 3817 3818 3819 3820 3821 3822 3823 3824
f 3825 3826 3838 3837
f 3826 3827 3839 3838
f 3827 3828 3840 3839
f 3828 3829 3841 3840
f 3829 3830 3842 3841
f 3830 3831 3843 3842
f 3831 3832 3844 3843
f 3832 3833 3845 3844
f 3833 3834 3846 3845
f 3834 3835 3847 3846
f 3835 3836 3848 3847
f 3836 3825 3837 3848
f 3836 3835 3834 3833 3832 3831 3830 3829 3828 3827 3826 3825
f 3837 3838 3839 3840 3841 3842 3843 3844 3845 3846 3847 3848
f 3849 3850 3862 3861
f 3850 3851 3863 3862
f 3851 3852 3864 3863
f 3852 3853 3865 3864
f 3853 3854 3866 3865
f 3854 3855 3867 3866
f 3855 3856 3868 3867
f 3856 3857 3869 3868
f 3857 3858 3870 3869
f 3858 3859 3871 3870
f 3859 3860 3872 3871
f 3860 3849 3861 3872
f 3860 3859 3858 3857 3856 3855 3854 3853 3852 3851 3850 3849
f 3861 3862 3863 3864 3865 3866 3867 3868 3869 3870 3871 3872
f 3873 3874 3884 3883
f 3874 3875 3885 3884
f 3875 3876 3886 3885
f 3876 3877 3887 3886
f 3877 3878 3888 3887
f 3878 3879 3889 3888
f 3879 3880 3890 3889
f 3880 3881 3891 3890
f 3881 3882 3892 3891
f 3882 3873 3883 3892
f 3882 3881 3880 3879 3878 3877 3876 3875 3874 3873
f 3883 3884 3885 3886 3887 3888 3889 3890 3891 3892
o STATION_HOME_M05REF_Armor
usemtl Armor
v -14.8000 7.8000 -73.0000
v -14.8000 7.8000 -78.0000
v -26.8000 7.8000 -73.0000
v -26.8000 7.8000 -78.0000
v -14.8000 8.0000 -73.0000
v -14.8000 8.0000 -78.0000
v -26.8000 8.0000 -73.0000
v -26.8000 8.0000 -78.0000
v -14.8000 7.8000 -96.0000
v -14.8000 7.8000 -101.0000
v -26.8000 7.8000 -96.0000
v -26.8000 7.8000 -101.0000
v -14.8000 8.0000 -96.0000
v -14.8000 8.0000 -101.0000
v -26.8000 8.0000 -96.0000
v -26.8000 8.0000 -101.0000
f 3897 3899 3895 3893
f 3894 3896 3900 3898
f 3893 3894 3898 3897
f 3899 3900 3896 3895
f 3895 3896 3894 3893
f 3897 3898 3900 3899
f 3905 3907 3903 3901
f 3902 3904 3908 3906
f 3901 3902 3906 3905
f 3907 3908 3904 3903
f 3903 3904 3902 3901
f 3905 3906 3908 3907
o STATION_HOME_M05REF_AirlockPort_Door-col
usemtl Door
v -14.7500 0.0000 -78.2000
v -14.7500 0.0000 -78.3000
v -16.8500 0.0000 -78.2000
v -16.8500 0.0000 -78.3000
v -14.7500 2.6000 -78.2000
v -14.7500 2.6000 -78.3000
v -16.8500 2.6000 -78.2000
v -16.8500 2.6000 -78.3000
f 3913 3915 3911 3909
f 3910 3912 3916 3914
f 3909 3910 3914 3913
f 3915 3916 3912 3911
f 3911 3912 3910 3909
f 3913 3914 3916 3915
o STATION_HOME_M05REF_AirlockStbd_Door-col
usemtl Door
v -14.7500 0.0000 -95.7000
v -14.7500 0.0000 -95.8000
v -16.8500 0.0000 -95.7000
v -16.8500 0.0000 -95.8000
v -14.7500 2.6000 -95.7000
v -14.7500 2.6000 -95.8000
v -16.8500 2.6000 -95.7000
v -16.8500 2.6000 -95.8000
f 3921 3923 3919 3917
f 3918 3920 3924 3922
f 3917 3918 3922 3921
f 3923 3924 3920 3919
f 3919 3920 3918 3917
f 3921 3922 3924 3923
o STATION_HOME_M05REF_Connector_Back_Door-col
usemtl Door
v -10.5500 0.0000 -86.0500
v -10.5500 0.0000 -87.9500
v -10.6500 0.0000 -86.0500
v -10.6500 0.0000 -87.9500
v -10.5500 2.8000 -86.0500
v -10.5500 2.8000 -87.9500
v -10.6500 2.8000 -86.0500
v -10.6500 2.8000 -87.9500
f 3929 3931 3927 3925
f 3926 3928 3932 3930
f 3925 3926 3930 3929
f 3931 3932 3928 3927
f 3927 3928 3926 3925
f 3929 3930 3932 3931
o STATION_HOME_M05REF_Connector_Front_Door-col
usemtl Door
v -30.9500 0.0000 -86.0500
v -30.9500 0.0000 -87.9500
v -31.0500 0.0000 -86.0500
v -31.0500 0.0000 -87.9500
v -30.9500 2.8000 -86.0500
v -30.9500 2.8000 -87.9500
v -31.0500 2.8000 -86.0500
v -31.0500 2.8000 -87.9500
f 3937 3939 3935 3933
f 3934 3936 3940 3938
f 3933 3934 3938 3937
f 3939 3940 3936 3935
f 3935 3936 3934 3933
f 3937 3938 3940 3939
o STATION_HOME_M05REF_ControlConsole-col
usemtl Furniture
v -25.0000 0.0000 -89.6000
v -25.0000 0.0000 -90.8000
v -26.6000 0.0000 -89.6000
v -26.6000 0.0000 -90.8000
v -25.0000 1.0000 -89.6000
v -25.0000 1.0000 -90.8000
v -26.6000 1.0000 -89.6000
v -26.6000 1.0000 -90.8000
f 3945 3947 3943 3941
f 3942 3944 3948 3946
f 3941 3942 3946 3945
f 3947 3948 3944 3943
f 3943 3944 3942 3941
f 3945 3946 3948 3947
o STATION_HOME_M05REF_StatusLight
usemtl Lights
v -29.3000 8.4000 -86.5000
v -29.3000 8.4000 -87.5000
v -30.3000 8.4000 -86.5000
v -30.3000 8.4000 -87.5000
v -29.3000 8.7000 -86.5000
v -29.3000 8.7000 -87.5000
v -30.3000 8.7000 -86.5000
v -30.3000 8.7000 -87.5000
f 3953 3955 3951 3949
f 3950 3952 3956 3954
f 3949 3950 3954 3953
f 3955 3956 3952 3951
f 3951 3952 3950 3949
f 3953 3954 3956 3955
o STATION_HOME_T03_Deck-col
usemtl Deck
v -1.4000 -0.3000 -91.4000
v 1.4000 -0.3000 -91.4000
v -1.4000 -0.3000 -119.6000
v 1.4000 -0.3000 -119.6000
v -1.4000 0.0000 -91.4000
v 1.4000 0.0000 -91.4000
v -1.4000 0.0000 -119.6000
v 1.4000 0.0000 -119.6000
f 3961 3963 3959 3957
f 3958 3960 3964 3962
f 3957 3958 3962 3961
f 3963 3964 3960 3959
f 3959 3960 3958 3957
f 3961 3962 3964 3963
o STATION_HOME_T03_Hull-col
usemtl Hull
v -1.8000 3.2000 -91.4000
v 1.8000 3.2000 -91.4000
v -1.8000 3.2000 -119.6000
v 1.8000 3.2000 -119.6000
v -1.8000 3.6000 -91.4000
v 1.8000 3.6000 -91.4000
v -1.8000 3.6000 -119.6000
v 1.8000 3.6000 -119.6000
v -1.8000 -0.7000 -91.4000
v 1.8000 -0.7000 -91.4000
v -1.8000 -0.7000 -119.6000
v 1.8000 -0.7000 -119.6000
v -1.8000 -0.3000 -91.4000
v 1.8000 -0.3000 -91.4000
v -1.8000 -0.3000 -119.6000
v 1.8000 -0.3000 -119.6000
v -1.8000 -0.3000 -91.4000
v -1.4000 -0.3000 -91.4000
v -1.8000 -0.3000 -92.4000
v -1.4000 -0.3000 -92.4000
v -1.8000 3.2000 -91.4000
v -1.4000 3.2000 -91.4000
v -1.8000 3.2000 -92.4000
v -1.4000 3.2000 -92.4000
v -1.8000 -0.3000 -92.4000
v -1.4000 -0.3000 -92.4000
v -1.8000 -0.3000 -118.6000
v -1.4000 -0.3000 -118.6000
v -1.8000 1.2000 -92.4000
v -1.4000 1.2000 -92.4000
v -1.8000 1.2000 -118.6000
v -1.4000 1.2000 -118.6000
v -1.8000 2.4000 -92.4000
v -1.4000 2.4000 -92.4000
v -1.8000 2.4000 -118.6000
v -1.4000 2.4000 -118.6000
v -1.8000 3.2000 -92.4000
v -1.4000 3.2000 -92.4000
v -1.8000 3.2000 -118.6000
v -1.4000 3.2000 -118.6000
v -1.8000 -0.3000 -118.6000
v -1.4000 -0.3000 -118.6000
v -1.8000 -0.3000 -119.6000
v -1.4000 -0.3000 -119.6000
v -1.8000 3.2000 -118.6000
v -1.4000 3.2000 -118.6000
v -1.8000 3.2000 -119.6000
v -1.4000 3.2000 -119.6000
v 1.4000 -0.3000 -91.4000
v 1.8000 -0.3000 -91.4000
v 1.4000 -0.3000 -92.4000
v 1.8000 -0.3000 -92.4000
v 1.4000 3.2000 -91.4000
v 1.8000 3.2000 -91.4000
v 1.4000 3.2000 -92.4000
v 1.8000 3.2000 -92.4000
v 1.4000 -0.3000 -92.4000
v 1.8000 -0.3000 -92.4000
v 1.4000 -0.3000 -118.6000
v 1.8000 -0.3000 -118.6000
v 1.4000 1.2000 -92.4000
v 1.8000 1.2000 -92.4000
v 1.4000 1.2000 -118.6000
v 1.8000 1.2000 -118.6000
v 1.4000 2.4000 -92.4000
v 1.8000 2.4000 -92.4000
v 1.4000 2.4000 -118.6000
v 1.8000 2.4000 -118.6000
v 1.4000 3.2000 -92.4000
v 1.8000 3.2000 -92.4000
v 1.4000 3.2000 -118.6000
v 1.8000 3.2000 -118.6000
v 1.4000 -0.3000 -118.6000
v 1.8000 -0.3000 -118.6000
v 1.4000 -0.3000 -119.6000
v 1.8000 -0.3000 -119.6000
v 1.4000 3.2000 -118.6000
v 1.8000 3.2000 -118.6000
v 1.4000 3.2000 -119.6000
v 1.8000 3.2000 -119.6000
f 3969 3971 3967 3965
f 3966 3968 3972 3970
f 3965 3966 3970 3969
f 3971 3972 3968 3967
f 3967 3968 3966 3965
f 3969 3970 3972 3971
f 3977 3979 3975 3973
f 3974 3976 3980 3978
f 3973 3974 3978 3977
f 3979 3980 3976 3975
f 3975 3976 3974 3973
f 3977 3978 3980 3979
f 3985 3987 3983 3981
f 3982 3984 3988 3986
f 3981 3982 3986 3985
f 3987 3988 3984 3983
f 3983 3984 3982 3981
f 3985 3986 3988 3987
f 3993 3995 3991 3989
f 3990 3992 3996 3994
f 3989 3990 3994 3993
f 3995 3996 3992 3991
f 3991 3992 3990 3989
f 3993 3994 3996 3995
f 4001 4003 3999 3997
f 3998 4000 4004 4002
f 3997 3998 4002 4001
f 4003 4004 4000 3999
f 3999 4000 3998 3997
f 4001 4002 4004 4003
f 4009 4011 4007 4005
f 4006 4008 4012 4010
f 4005 4006 4010 4009
f 4011 4012 4008 4007
f 4007 4008 4006 4005
f 4009 4010 4012 4011
f 4017 4019 4015 4013
f 4014 4016 4020 4018
f 4013 4014 4018 4017
f 4019 4020 4016 4015
f 4015 4016 4014 4013
f 4017 4018 4020 4019
f 4025 4027 4023 4021
f 4022 4024 4028 4026
f 4021 4022 4026 4025
f 4027 4028 4024 4023
f 4023 4024 4022 4021
f 4025 4026 4028 4027
f 4033 4035 4031 4029
f 4030 4032 4036 4034
f 4029 4030 4034 4033
f 4035 4036 4032 4031
f 4031 4032 4030 4029
f 4033 4034 4036 4035
f 4041 4043 4039 4037
f 4038 4040 4044 4042
f 4037 4038 4042 4041
f 4043 4044 4040 4039
f 4039 4040 4038 4037
f 4041 4042 4044 4043
o STATION_HOME_T03_Lights
usemtl Lights
v -0.3000 3.1200 -91.9000
v 0.3000 3.1200 -91.9000
v -0.3000 3.1200 -119.1000
v 0.3000 3.1200 -119.1000
v -0.3000 3.2000 -91.9000
v 0.3000 3.2000 -91.9000
v -0.3000 3.2000 -119.1000
v 0.3000 3.2000 -119.1000
f 4049 4051 4047 4045
f 4046 4048 4052 4050
f 4045 4046 4050 4049
f 4051 4052 4048 4047
f 4047 4048 4046 4045
f 4049 4050 4052 4051
o STATION_HOME_T03_Glass-col
usemtl Glass
v -1.6000 1.2000 -92.4000
v -1.5500 1.2000 -92.4000
v -1.6000 1.2000 -118.6000
v -1.5500 1.2000 -118.6000
v -1.6000 2.4000 -92.4000
v -1.5500 2.4000 -92.4000
v -1.6000 2.4000 -118.6000
v -1.5500 2.4000 -118.6000
v 1.5500 1.2000 -92.4000
v 1.6000 1.2000 -92.4000
v 1.5500 1.2000 -118.6000
v 1.6000 1.2000 -118.6000
v 1.5500 2.4000 -92.4000
v 1.6000 2.4000 -92.4000
v 1.5500 2.4000 -118.6000
v 1.6000 2.4000 -118.6000
f 4057 4059 4055 4053
f 4054 4056 4060 4058
f 4053 4054 4058 4057
f 4059 4060 4056 4055
f 4055 4056 4054 4053
f 4057 4058 4060 4059
f 4065 4067 4063 4061
f 4062 4064 4068 4066
f 4061 4062 4066 4065
f 4067 4068 4064 4063
f 4063 4064 4062 4061
f 4065 4066 4068 4067
o STATION_HOME_H03_Deck-col
usemtl Deck
v -4.0000 -0.3000 -120.0000
v 4.0000 -0.3000 -120.0000
v -4.0000 -0.3000 -128.0000
v 4.0000 -0.3000 -128.0000
v -4.0000 0.0000 -120.0000
v 4.0000 0.0000 -120.0000
v -4.0000 0.0000 -128.0000
v 4.0000 0.0000 -128.0000
f 4073 4075 4071 4069
f 4070 4072 4076 4074
f 4069 4070 4074 4073
f 4075 4076 4072 4071
f 4071 4072 4070 4069
f 4073 4074 4076 4075
o STATION_HOME_H03_Hull-col
usemtl Hull
v -4.4000 4.0000 -119.6000
v 4.4000 4.0000 -119.6000
v -4.4000 4.0000 -128.4000
v 4.4000 4.0000 -128.4000
v -4.4000 4.4000 -119.6000
v 4.4000 4.4000 -119.6000
v -4.4000 4.4000 -128.4000
v 4.4000 4.4000 -128.4000
v -4.4000 -0.7000 -119.6000
v 4.4000 -0.7000 -119.6000
v -4.4000 -0.7000 -128.4000
v 4.4000 -0.7000 -128.4000
v -4.4000 -0.3000 -119.6000
v 4.4000 -0.3000 -119.6000
v -4.4000 -0.3000 -128.4000
v 4.4000 -0.3000 -128.4000
v -4.4000 -0.3000 -119.6000
v -1.1000 -0.3000 -119.6000
v -4.4000 -0.3000 -120.0000
v -1.1000 -0.3000 -120.0000
v -4.4000 4.0000 -119.6000
v -1.1000 4.0000 -119.6000
v -4.4000 4.0000 -120.0000
v -1.1000 4.0000 -120.0000
v -1.1000 -0.3000 -119.6000
v 1.1000 -0.3000 -119.6000
v -1.1000 -0.3000 -120.0000
v 1.1000 -0.3000 -120.0000
v -1.1000 0.0000 -119.6000
v 1.1000 0.0000 -119.6000
v -1.1000 0.0000 -120.0000
v 1.1000 0.0000 -120.0000
v -1.1000 3.0000 -119.6000
v 1.1000 3.0000 -119.6000
v -1.1000 3.0000 -120.0000
v 1.1000 3.0000 -120.0000
v -1.1000 4.0000 -119.6000
v 1.1000 4.0000 -119.6000
v -1.1000 4.0000 -120.0000
v 1.1000 4.0000 -120.0000
v 1.1000 -0.3000 -119.6000
v 4.4000 -0.3000 -119.6000
v 1.1000 -0.3000 -120.0000
v 4.4000 -0.3000 -120.0000
v 1.1000 4.0000 -119.6000
v 4.4000 4.0000 -119.6000
v 1.1000 4.0000 -120.0000
v 4.4000 4.0000 -120.0000
v -4.4000 -0.3000 -128.0000
v -1.1000 -0.3000 -128.0000
v -4.4000 -0.3000 -128.4000
v -1.1000 -0.3000 -128.4000
v -4.4000 4.0000 -128.0000
v -1.1000 4.0000 -128.0000
v -4.4000 4.0000 -128.4000
v -1.1000 4.0000 -128.4000
v -1.1000 -0.3000 -128.0000
v 1.1000 -0.3000 -128.0000
v -1.1000 -0.3000 -128.4000
v 1.1000 -0.3000 -128.4000
v -1.1000 0.0000 -128.0000
v 1.1000 0.0000 -128.0000
v -1.1000 0.0000 -128.4000
v 1.1000 0.0000 -128.4000
v -1.1000 3.0000 -128.0000
v 1.1000 3.0000 -128.0000
v -1.1000 3.0000 -128.4000
v 1.1000 3.0000 -128.4000
v -1.1000 4.0000 -128.0000
v 1.1000 4.0000 -128.0000
v -1.1000 4.0000 -128.4000
v 1.1000 4.0000 -128.4000
v 1.1000 -0.3000 -128.0000
v 4.4000 -0.3000 -128.0000
v 1.1000 -0.3000 -128.4000
v 4.4000 -0.3000 -128.4000
v 1.1000 4.0000 -128.0000
v 4.4000 4.0000 -128.0000
v 1.1000 4.0000 -128.4000
v 4.4000 4.0000 -128.4000
v -4.4000 -0.3000 -119.6000
v -4.0000 -0.3000 -119.6000
v -4.4000 -0.3000 -122.9000
v -4.0000 -0.3000 -122.9000
v -4.4000 4.0000 -119.6000
v -4.0000 4.0000 -119.6000
v -4.4000 4.0000 -122.9000
v -4.0000 4.0000 -122.9000
v -4.4000 -0.3000 -122.9000
v -4.0000 -0.3000 -122.9000
v -4.4000 -0.3000 -125.1000
v -4.0000 -0.3000 -125.1000
v -4.4000 0.0000 -122.9000
v -4.0000 0.0000 -122.9000
v -4.4000 0.0000 -125.1000
v -4.0000 0.0000 -125.1000
v -4.4000 3.0000 -122.9000
v -4.0000 3.0000 -122.9000
v -4.4000 3.0000 -125.1000
v -4.0000 3.0000 -125.1000
v -4.4000 4.0000 -122.9000
v -4.0000 4.0000 -122.9000
v -4.4000 4.0000 -125.1000
v -4.0000 4.0000 -125.1000
v -4.4000 -0.3000 -125.1000
v -4.0000 -0.3000 -125.1000
v -4.4000 -0.3000 -128.4000
v -4.0000 -0.3000 -128.4000
v -4.4000 4.0000 -125.1000
v -4.0000 4.0000 -125.1000
v -4.4000 4.0000 -128.4000
v -4.0000 4.0000 -128.4000
v 4.0000 -0.3000 -119.6000
v 4.4000 -0.3000 -119.6000
v 4.0000 -0.3000 -122.9000
v 4.4000 -0.3000 -122.9000
v 4.0000 4.0000 -119.6000
v 4.4000 4.0000 -119.6000
v 4.0000 4.0000 -122.9000
v 4.4000 4.0000 -122.9000
v 4.0000 -0.3000 -122.9000
v 4.4000 -0.3000 -122.9000
v 4.0000 -0.3000 -125.1000
v 4.4000 -0.3000 -125.1000
v 4.0000 0.0000 -122.9000
v 4.4000 0.0000 -122.9000
v 4.0000 0.0000 -125.1000
v 4.4000 0.0000 -125.1000
v 4.0000 3.0000 -122.9000
v 4.4000 3.0000 -122.9000
v 4.0000 3.0000 -125.1000
v 4.4000 3.0000 -125.1000
v 4.0000 4.0000 -122.9000
v 4.4000 4.0000 -122.9000
v 4.0000 4.0000 -125.1000
v 4.4000 4.0000 -125.1000
v 4.0000 -0.3000 -125.1000
v 4.4000 -0.3000 -125.1000
v 4.0000 -0.3000 -128.4000
v 4.4000 -0.3000 -128.4000
v 4.0000 4.0000 -125.1000
v 4.4000 4.0000 -125.1000
v 4.0000 4.0000 -128.4000
v 4.4000 4.0000 -128.4000
f 4081 4083 4079 4077
f 4078 4080 4084 4082
f 4077 4078 4082 4081
f 4083 4084 4080 4079
f 4079 4080 4078 4077
f 4081 4082 4084 4083
f 4089 4091 4087 4085
f 4086 4088 4092 4090
f 4085 4086 4090 4089
f 4091 4092 4088 4087
f 4087 4088 4086 4085
f 4089 4090 4092 4091
f 4097 4099 4095 4093
f 4094 4096 4100 4098
f 4093 4094 4098 4097
f 4099 4100 4096 4095
f 4095 4096 4094 4093
f 4097 4098 4100 4099
f 4105 4107 4103 4101
f 4102 4104 4108 4106
f 4101 4102 4106 4105
f 4107 4108 4104 4103
f 4103 4104 4102 4101
f 4105 4106 4108 4107
f 4113 4115 4111 4109
f 4110 4112 4116 4114
f 4109 4110 4114 4113
f 4115 4116 4112 4111
f 4111 4112 4110 4109
f 4113 4114 4116 4115
f 4121 4123 4119 4117
f 4118 4120 4124 4122
f 4117 4118 4122 4121
f 4123 4124 4120 4119
f 4119 4120 4118 4117
f 4121 4122 4124 4123
f 4129 4131 4127 4125
f 4126 4128 4132 4130
f 4125 4126 4130 4129
f 4131 4132 4128 4127
f 4127 4128 4126 4125
f 4129 4130 4132 4131
f 4137 4139 4135 4133
f 4134 4136 4140 4138
f 4133 4134 4138 4137
f 4139 4140 4136 4135
f 4135 4136 4134 4133
f 4137 4138 4140 4139
f 4145 4147 4143 4141
f 4142 4144 4148 4146
f 4141 4142 4146 4145
f 4147 4148 4144 4143
f 4143 4144 4142 4141
f 4145 4146 4148 4147
f 4153 4155 4151 4149
f 4150 4152 4156 4154
f 4149 4150 4154 4153
f 4155 4156 4152 4151
f 4151 4152 4150 4149
f 4153 4154 4156 4155
f 4161 4163 4159 4157
f 4158 4160 4164 4162
f 4157 4158 4162 4161
f 4163 4164 4160 4159
f 4159 4160 4158 4157
f 4161 4162 4164 4163
f 4169 4171 4167 4165
f 4166 4168 4172 4170
f 4165 4166 4170 4169
f 4171 4172 4168 4167
f 4167 4168 4166 4165
f 4169 4170 4172 4171
f 4177 4179 4175 4173
f 4174 4176 4180 4178
f 4173 4174 4178 4177
f 4179 4180 4176 4175
f 4175 4176 4174 4173
f 4177 4178 4180 4179
f 4185 4187 4183 4181
f 4182 4184 4188 4186
f 4181 4182 4186 4185
f 4187 4188 4184 4183
f 4183 4184 4182 4181
f 4185 4186 4188 4187
f 4193 4195 4191 4189
f 4190 4192 4196 4194
f 4189 4190 4194 4193
f 4195 4196 4192 4191
f 4191 4192 4190 4189
f 4193 4194 4196 4195
f 4201 4203 4199 4197
f 4198 4200 4204 4202
f 4197 4198 4202 4201
f 4203 4204 4200 4199
f 4199 4200 4198 4197
f 4201 4202 4204 4203
f 4209 4211 4207 4205
f 4206 4208 4212 4210
f 4205 4206 4210 4209
f 4211 4212 4208 4207
f 4207 4208 4206 4205
f 4209 4210 4212 4211
f 4217 4219 4215 4213
f 4214 4216 4220 4218
f 4213 4214 4218 4217
f 4219 4220 4216 4215
f 4215 4216 4214 4213
f 4217 4218 4220 4219
o STATION_HOME_H03_Lights
usemtl Lights
v -1.0000 3.9200 -123.0000
v 1.0000 3.9200 -123.0000
v -1.0000 3.9200 -125.0000
v 1.0000 3.9200 -125.0000
v -1.0000 4.0000 -123.0000
v 1.0000 4.0000 -123.0000
v -1.0000 4.0000 -125.0000
v 1.0000 4.0000 -125.0000
f 4225 4227 4223 4221
f 4222 4224 4228 4226
f 4221 4222 4226 4225
f 4227 4228 4224 4223
f 4223 4224 4222 4221
f 4225 4226 4228 4227
o STATION_HOME_T03R_Deck-col
usemtl Deck
v 4.4000 -0.3000 -125.4000
v 4.4000 -0.3000 -122.6000
v 10.4000 -0.3000 -125.4000
v 10.4000 -0.3000 -122.6000
v 4.4000 0.0000 -125.4000
v 4.4000 0.0000 -122.6000
v 10.4000 0.0000 -125.4000
v 10.4000 0.0000 -122.6000
f 4233 4235 4231 4229
f 4230 4232 4236 4234
f 4229 4230 4234 4233
f 4235 4236 4232 4231
f 4231 4232 4230 4229
f 4233 4234 4236 4235
o STATION_HOME_T03R_Hull-col
usemtl Hull
v 4.4000 3.2000 -125.8000
v 4.4000 3.2000 -122.2000
v 10.4000 3.2000 -125.8000
v 10.4000 3.2000 -122.2000
v 4.4000 3.6000 -125.8000
v 4.4000 3.6000 -122.2000
v 10.4000 3.6000 -125.8000
v 10.4000 3.6000 -122.2000
v 4.4000 -0.7000 -125.8000
v 4.4000 -0.7000 -122.2000
v 10.4000 -0.7000 -125.8000
v 10.4000 -0.7000 -122.2000
v 4.4000 -0.3000 -125.8000
v 4.4000 -0.3000 -122.2000
v 10.4000 -0.3000 -125.8000
v 10.4000 -0.3000 -122.2000
v 4.4000 -0.3000 -125.8000
v 4.4000 -0.3000 -125.4000
v 5.4000 -0.3000 -125.8000
v 5.4000 -0.3000 -125.4000
v 4.4000 3.2000 -125.8000
v 4.4000 3.2000 -125.4000
v 5.4000 3.2000 -125.8000
v 5.4000 3.2000 -125.4000
v 5.4000 -0.3000 -125.8000
v 5.4000 -0.3000 -125.4000
v 9.4000 -0.3000 -125.8000
v 9.4000 -0.3000 -125.4000
v 5.4000 1.2000 -125.8000
v 5.4000 1.2000 -125.4000
v 9.4000 1.2000 -125.8000
v 9.4000 1.2000 -125.4000
v 5.4000 2.4000 -125.8000
v 5.4000 2.4000 -125.4000
v 9.4000 2.4000 -125.8000
v 9.4000 2.4000 -125.4000
v 5.4000 3.2000 -125.8000
v 5.4000 3.2000 -125.4000
v 9.4000 3.2000 -125.8000
v 9.4000 3.2000 -125.4000
v 9.4000 -0.3000 -125.8000
v 9.4000 -0.3000 -125.4000
v 10.4000 -0.3000 -125.8000
v 10.4000 -0.3000 -125.4000
v 9.4000 3.2000 -125.8000
v 9.4000 3.2000 -125.4000
v 10.4000 3.2000 -125.8000
v 10.4000 3.2000 -125.4000
v 4.4000 -0.3000 -122.6000
v 4.4000 -0.3000 -122.2000
v 5.4000 -0.3000 -122.6000
v 5.4000 -0.3000 -122.2000
v 4.4000 3.2000 -122.6000
v 4.4000 3.2000 -122.2000
v 5.4000 3.2000 -122.6000
v 5.4000 3.2000 -122.2000
v 5.4000 -0.3000 -122.6000
v 5.4000 -0.3000 -122.2000
v 9.4000 -0.3000 -122.6000
v 9.4000 -0.3000 -122.2000
v 5.4000 1.2000 -122.6000
v 5.4000 1.2000 -122.2000
v 9.4000 1.2000 -122.6000
v 9.4000 1.2000 -122.2000
v 5.4000 2.4000 -122.6000
v 5.4000 2.4000 -122.2000
v 9.4000 2.4000 -122.6000
v 9.4000 2.4000 -122.2000
v 5.4000 3.2000 -122.6000
v 5.4000 3.2000 -122.2000
v 9.4000 3.2000 -122.6000
v 9.4000 3.2000 -122.2000
v 9.4000 -0.3000 -122.6000
v 9.4000 -0.3000 -122.2000
v 10.4000 -0.3000 -122.6000
v 10.4000 -0.3000 -122.2000
v 9.4000 3.2000 -122.6000
v 9.4000 3.2000 -122.2000
v 10.4000 3.2000 -122.6000
v 10.4000 3.2000 -122.2000
f 4241 4243 4239 4237
f 4238 4240 4244 4242
f 4237 4238 4242 4241
f 4243 4244 4240 4239
f 4239 4240 4238 4237
f 4241 4242 4244 4243
f 4249 4251 4247 4245
f 4246 4248 4252 4250
f 4245 4246 4250 4249
f 4251 4252 4248 4247
f 4247 4248 4246 4245
f 4249 4250 4252 4251
f 4257 4259 4255 4253
f 4254 4256 4260 4258
f 4253 4254 4258 4257
f 4259 4260 4256 4255
f 4255 4256 4254 4253
f 4257 4258 4260 4259
f 4265 4267 4263 4261
f 4262 4264 4268 4266
f 4261 4262 4266 4265
f 4267 4268 4264 4263
f 4263 4264 4262 4261
f 4265 4266 4268 4267
f 4273 4275 4271 4269
f 4270 4272 4276 4274
f 4269 4270 4274 4273
f 4275 4276 4272 4271
f 4271 4272 4270 4269
f 4273 4274 4276 4275
f 4281 4283 4279 4277
f 4278 4280 4284 4282
f 4277 4278 4282 4281
f 4283 4284 4280 4279
f 4279 4280 4278 4277
f 4281 4282 4284 4283
f 4289 4291 4287 4285
f 4286 4288 4292 4290
f 4285 4286 4290 4289
f 4291 4292 4288 4287
f 4287 4288 4286 4285
f 4289 4290 4292 4291
f 4297 4299 4295 4293
f 4294 4296 4300 4298
f 4293 4294 4298 4297
f 4299 4300 4296 4295
f 4295 4296 4294 4293
f 4297 4298 4300 4299
f 4305 4307 4303 4301
f 4302 4304 4308 4306
f 4301 4302 4306 4305
f 4307 4308 4304 4303
f 4303 4304 4302 4301
f 4305 4306 4308 4307
f 4313 4315 4311 4309
f 4310 4312 4316 4314
f 4309 4310 4314 4313
f 4315 4316 4312 4311
f 4311 4312 4310 4309
f 4313 4314 4316 4315
o STATION_HOME_T03R_Lights
usemtl Lights
v 4.9000 3.1200 -124.3000
v 4.9000 3.1200 -123.7000
v 9.9000 3.1200 -124.3000
v 9.9000 3.1200 -123.7000
v 4.9000 3.2000 -124.3000
v 4.9000 3.2000 -123.7000
v 9.9000 3.2000 -124.3000
v 9.9000 3.2000 -123.7000
f 4321 4323 4319 4317
f 4318 4320 4324 4322
f 4317 4318 4322 4321
f 4323 4324 4320 4319
f 4319 4320 4318 4317
f 4321 4322 4324 4323
o STATION_HOME_T03R_Glass-col
usemtl Glass
v 5.4000 1.2000 -125.6000
v 5.4000 1.2000 -125.5500
v 9.4000 1.2000 -125.6000
v 9.4000 1.2000 -125.5500
v 5.4000 2.4000 -125.6000
v 5.4000 2.4000 -125.5500
v 9.4000 2.4000 -125.6000
v 9.4000 2.4000 -125.5500
v 5.4000 1.2000 -122.4500
v 5.4000 1.2000 -122.4000
v 9.4000 1.2000 -122.4500
v 9.4000 1.2000 -122.4000
v 5.4000 2.4000 -122.4500
v 5.4000 2.4000 -122.4000
v 9.4000 2.4000 -122.4500
v 9.4000 2.4000 -122.4000
f 4329 4331 4327 4325
f 4326 4328 4332 4330
f 4325 4326 4330 4329
f 4331 4332 4328 4327
f 4327 4328 4326 4325
f 4329 4330 4332 4331
f 4337 4339 4335 4333
f 4334 4336 4340 4338
f 4333 4334 4338 4337
f 4339 4340 4336 4335
f 4335 4336 4334 4333
f 4337 4338 4340 4339
o STATION_HOME_M06BRD_Deck-col
usemtl Deck
v 10.8000 -0.3000 -132.5000
v 10.8000 -0.3000 -115.5000
v 30.8000 -0.3000 -132.5000
v 30.8000 -0.3000 -115.5000
v 10.8000 0.0000 -132.5000
v 10.8000 0.0000 -115.5000
v 30.8000 0.0000 -132.5000
v 30.8000 0.0000 -115.5000
v 20.8000 3.7000 -132.5000
v 20.8000 3.7000 -115.5000
v 30.8000 3.7000 -132.5000
v 30.8000 3.7000 -115.5000
v 20.8000 4.0000 -132.5000
v 20.8000 4.0000 -115.5000
v 30.8000 4.0000 -132.5000
v 30.8000 4.0000 -115.5000
f 4345 4347 4343 4341
f 4342 4344 4348 4346
f 4341 4342 4346 4345
f 4347 4348 4344 4343
f 4343 4344 4342 4341
f 4345 4346 4348 4347
f 4353 4355 4351 4349
f 4350 4352 4356 4354
f 4349 4350 4354 4353
f 4355 4356 4352 4351
f 4351 4352 4350 4349
f 4353 4354 4356 4355
o STATION_HOME_M06BRD_Hull-col
usemtl Hull
v 10.4000 8.0000 -133.0000
v 10.4000 8.0000 -115.0000
v 31.2000 8.0000 -133.0000
v 31.2000 8.0000 -115.0000
v 10.4000 8.4000 -133.0000
v 10.4000 8.4000 -115.0000
v 31.2000 8.4000 -133.0000
v 31.2000 8.4000 -115.0000
v 10.4000 -0.7000 -133.0000
v 10.4000 -0.7000 -115.0000
v 31.2000 -0.7000 -133.0000
v 31.2000 -0.7000 -115.0000
v 10.4000 -0.3000 -133.0000
v 10.4000 -0.3000 -115.0000
v 31.2000 -0.3000 -133.0000
v 31.2000 -0.3000 -115.0000
v 10.8000 -0.3000 -133.0000
v 10.8000 -0.3000 -132.5000
v 14.8000 -0.3000 -133.0000
v 14.8000 -0.3000 -132.5000
v 10.8000 8.0000 -133.0000
v 10.8000 8.0000 -132.5000
v 14.8000 8.0000 -133.0000
v 14.8000 8.0000 -132.5000
v 14.8000 -0.3000 -133.0000
v 14.8000 -0.3000 -132.5000
v 16.8000 -0.3000 -133.0000
v 16.8000 -0.3000 -132.5000
v 14.8000 0.0000 -133.0000
v 14.8000 0.0000 -132.5000
v 16.8000 0.0000 -133.0000
v 16.8000 0.0000 -132.5000
v 14.8000 2.6000 -133.0000
v 14.8000 2.6000 -132.5000
v 16.8000 2.6000 -133.0000
v 16.8000 2.6000 -132.5000
v 14.8000 8.0000 -133.0000
v 14.8000 8.0000 -132.5000
v 16.8000 8.0000 -133.0000
v 16.8000 8.0000 -132.5000
v 16.8000 -0.3000 -133.0000
v 16.8000 -0.3000 -132.5000
v 30.8000 -0.3000 -133.0000
v 30.8000 -0.3000 -132.5000
v 16.8000 8.0000 -133.0000
v 16.8000 8.0000 -132.5000
v 30.8000 8.0000 -133.0000
v 30.8000 8.0000 -132.5000
v 10.8000 -0.3000 -115.5000
v 10.8000 -0.3000 -115.0000
v 14.8000 -0.3000 -115.5000
v 14.8000 -0.3000 -115.0000
v 10.8000 8.0000 -115.5000
v 10.8000 8.0000 -115.0000
v 14.8000 8.0000 -115.5000
v 14.8000 8.0000 -115.0000
v 14.8000 -0.3000 -115.5000
v 14.8000 -0.3000 -115.0000
v 16.8000 -0.3000 -115.5000
v 16.8000 -0.3000 -115.0000
v 14.8000 0.0000 -115.5000
v 14.8000 0.0000 -115.0000
v 16.8000 0.0000 -115.5000
v 16.8000 0.0000 -115.0000
v 14.8000 2.6000 -115.5000
v 14.8000 2.6000 -115.0000
v 16.8000 2.6000 -115.5000
v 16.8000 2.6000 -115.0000
v 14.8000 8.0000 -115.5000
v 14.8000 8.0000 -115.0000
v 16.8000 8.0000 -115.5000
v 16.8000 8.0000 -115.0000
v 16.8000 -0.3000 -115.5000
v 16.8000 -0.3000 -115.0000
v 30.8000 -0.3000 -115.5000
v 30.8000 -0.3000 -115.0000
v 16.8000 8.0000 -115.5000
v 16.8000 8.0000 -115.0000
v 30.8000 8.0000 -115.5000
v 30.8000 8.0000 -115.0000
v 10.4000 -0.3000 -133.0000
v 10.4000 -0.3000 -124.9000
v 10.8000 -0.3000 -133.0000
v 10.8000 -0.3000 -124.9000
v 10.4000 8.0000 -133.0000
v 10.4000 8.0000 -124.9000
v 10.8000 8.0000 -133.0000
v 10.8000 8.0000 -124.9000
v 10.4000 -0.3000 -124.9000
v 10.4000 -0.3000 -123.1000
v 10.8000 -0.3000 -124.9000
v 10.8000 -0.3000 -123.1000
v 10.4000 0.0000 -124.9000
v 10.4000 0.0000 -123.1000
v 10.8000 0.0000 -124.9000
v 10.8000 0.0000 -123.1000
v 10.4000 2.8000 -124.9000
v 10.4000 2.8000 -123.1000
v 10.8000 2.8000 -124.9000
v 10.8000 2.8000 -123.1000
v 10.4000 8.0000 -124.9000
v 10.4000 8.0000 -123.1000
v 10.8000 8.0000 -124.9000
v 10.8000 8.0000 -123.1000
v 10.4000 -0.3000 -123.1000
v 10.4000 -0.3000 -115.0000
v 10.8000 -0.3000 -123.1000
v 10.8000 -0.3000 -115.0000
v 10.4000 8.0000 -123.1000
v 10.4000 8.0000 -115.0000
v 10.8000 8.0000 -123.1000
v 10.8000 8.0000 -115.0000
v 30.8000 -0.3000 -133.0000
v 30.8000 -0.3000 -124.9000
v 31.2000 -0.3000 -133.0000
v 31.2000 -0.3000 -124.9000
v 30.8000 8.0000 -133.0000
v 30.8000 8.0000 -124.9000
v 31.2000 8.0000 -133.0000
v 31.2000 8.0000 -124.9000
v 30.8000 -0.3000 -124.9000
v 30.8000 -0.3000 -123.1000
v 31.2000 -0.3000 -124.9000
v 31.2000 -0.3000 -123.1000
v 30.8000 0.0000 -124.9000
v 30.8000 0.0000 -123.1000
v 31.2000 0.0000 -124.9000
v 31.2000 0.0000 -123.1000
v 30.8000 2.8000 -124.9000
v 30.8000 2.8000 -123.1000
v 31.2000 2.8000 -124.9000
v 31.2000 2.8000 -123.1000
v 30.8000 8.0000 -124.9000
v 30.8000 8.0000 -123.1000
v 31.2000 8.0000 -124.9000
v 31.2000 8.0000 -123.1000
v 30.8000 -0.3000 -123.1000
v 30.8000 -0.3000 -115.0000
v 31.2000 -0.3000 -123.1000
v 31.2000 -0.3000 -115.0000
v 30.8000 8.0000 -123.1000
v 30.8000 8.0000 -115.0000
v 31.2000 8.0000 -123.1000
v 31.2000 8.0000 -115.0000
f 4361 4363 4359 4357
f 4358 4360 4364 4362
f 4357 4358 4362 4361
f 4363 4364 4360 4359
f 4359 4360 4358 4357
f 4361 4362 4364 4363
f 4369 4371 4367 4365
f 4366 4368 4372 4370
f 4365 4366 4370 4369
f 4371 4372 4368 4367
f 4367 4368 4366 4365
f 4369 4370 4372 4371
f 4377 4379 4375 4373
f 4374 4376 4380 4378
f 4373 4374 4378 4377
f 4379 4380 4376 4375
f 4375 4376 4374 4373
f 4377 4378 4380 4379
f 4385 4387 4383 4381
f 4382 4384 4388 4386
f 4381 4382 4386 4385
f 4387 4388 4384 4383
f 4383 4384 4382 4381
f 4385 4386 4388 4387
f 4393 4395 4391 4389
f 4390 4392 4396 4394
f 4389 4390 4394 4393
f 4395 4396 4392 4391
f 4391 4392 4390 4389
f 4393 4394 4396 4395
f 4401 4403 4399 4397
f 4398 4400 4404 4402
f 4397 4398 4402 4401
f 4403 4404 4400 4399
f 4399 4400 4398 4397
f 4401 4402 4404 4403
f 4409 4411 4407 4405
f 4406 4408 4412 4410
f 4405 4406 4410 4409
f 4411 4412 4408 4407
f 4407 4408 4406 4405
f 4409 4410 4412 4411
f 4417 4419 4415 4413
f 4414 4416 4420 4418
f 4413 4414 4418 4417
f 4419 4420 4416 4415
f 4415 4416 4414 4413
f 4417 4418 4420 4419
f 4425 4427 4423 4421
f 4422 4424 4428 4426
f 4421 4422 4426 4425
f 4427 4428 4424 4423
f 4423 4424 4422 4421
f 4425 4426 4428 4427
f 4433 4435 4431 4429
f 4430 4432 4436 4434
f 4429 4430 4434 4433
f 4435 4436 4432 4431
f 4431 4432 4430 4429
f 4433 4434 4436 4435
f 4441 4443 4439 4437
f 4438 4440 4444 4442
f 4437 4438 4442 4441
f 4443 4444 4440 4439
f 4439 4440 4438 4437
f 4441 4442 4444 4443
f 4449 4451 4447 4445
f 4446 4448 4452 4450
f 4445 4446 4450 4449
f 4451 4452 4448 4447
f 4447 4448 4446 4445
f 4449 4450 4452 4451
f 4457 4459 4455 4453
f 4454 4456 4460 4458
f 4453 4454 4458 4457
f 4459 4460 4456 4455
f 4455 4456 4454 4453
f 4457 4458 4460 4459
f 4465 4467 4463 4461
f 4462 4464 4468 4466
f 4461 4462 4466 4465
f 4467 4468 4464 4463
f 4463 4464 4462 4461
f 4465 4466 4468 4467
f 4473 4475 4471 4469
f 4470 4472 4476 4474
f 4469 4470 4474 4473
f 4475 4476 4472 4471
f 4471 4472 4470 4469
f 4473 4474 4476 4475
f 4481 4483 4479 4477
f 4478 4480 4484 4482
f 4477 4478 4482 4481
f 4483 4484 4480 4479
f 4479 4480 4478 4477
f 4481 4482 4484 4483
f 4489 4491 4487 4485
f 4486 4488 4492 4490
f 4485 4486 4490 4489
f 4491 4492 4488 4487
f 4487 4488 4486 4485
f 4489 4490 4492 4491
f 4497 4499 4495 4493
f 4494 4496 4500 4498
f 4493 4494 4498 4497
f 4499 4500 4496 4495
f 4495 4496 4494 4493
f 4497 4498 4500 4499
o STATION_HOME_M06BRD_Interior-col
usemtl Interior
v 20.7000 0.0000 -132.5000
v 20.7000 0.0000 -125.2000
v 20.9000 0.0000 -132.5000
v 20.9000 0.0000 -125.2000
v 20.7000 4.0000 -132.5000
v 20.7000 4.0000 -125.2000
v 20.9000 4.0000 -132.5000
v 20.9000 4.0000 -125.2000
v 20.7000 3.0000 -125.2000
v 20.7000 3.0000 -122.8000
v 20.9000 3.0000 -125.2000
v 20.9000 3.0000 -122.8000
v 20.7000 4.0000 -125.2000
v 20.7000 4.0000 -122.8000
v 20.9000 4.0000 -125.2000
v 20.9000 4.0000 -122.8000
v 20.7000 0.0000 -122.8000
v 20.7000 0.0000 -115.5000
v 20.9000 0.0000 -122.8000
v 20.9000 0.0000 -115.5000
v 20.7000 4.0000 -122.8000
v 20.7000 4.0000 -115.5000
v 20.9000 4.0000 -122.8000
v 20.9000 4.0000 -115.5000
v 20.8000 0.0000 -125.4000
v 20.8000 0.0000 -125.2000
v 25.0000 0.0000 -125.4000
v 25.0000 0.0000 -125.2000
v 20.8000 4.0000 -125.4000
v 20.8000 4.0000 -125.2000
v 25.0000 4.0000 -125.4000
v 25.0000 4.0000 -125.2000
v 25.0000 2.6000 -125.4000
v 25.0000 2.6000 -125.2000
v 26.6000 2.6000 -125.4000
v 26.6000 2.6000 -125.2000
v 25.0000 4.0000 -125.4000
v 25.0000 4.0000 -125.2000
v 26.6000 4.0000 -125.4000
v 26.6000 4.0000 -125.2000
v 26.6000 0.0000 -125.4000
v 26.6000 0.0000 -125.2000
v 30.8000 0.0000 -125.4000
v 30.8000 0.0000 -125.2000
v 26.6000 4.0000 -125.4000
v 26.6000 4.0000 -125.2000
v 30.8000 4.0000 -125.4000
v 30.8000 4.0000 -125.2000
v 20.8000 0.0000 -122.8000
v 20.8000 0.0000 -122.6000
v 25.0000 0.0000 -122.8000
v 25.0000 0.0000 -122.6000
v 20.8000 4.0000 -122.8000
v 20.8000 4.0000 -122.6000
v 25.0000 4.0000 -122.8000
v 25.0000 4.0000 -122.6000
v 25.0000 2.6000 -122.8000
v 25.0000 2.6000 -122.6000
v 26.6000 2.6000 -122.8000
v 26.6000 2.6000 -122.6000
v 25.0000 4.0000 -122.8000
v 25.0000 4.0000 -122.6000
v 26.6000 4.0000 -122.8000
v 26.6000 4.0000 -122.6000
v 26.6000 0.0000 -122.8000
v 26.6000 0.0000 -122.6000
v 30.8000 0.0000 -122.8000
v 30.8000 0.0000 -122.6000
v 26.6000 4.0000 -122.8000
v 26.6000 4.0000 -122.6000
v 30.8000 4.0000 -122.8000
v 30.8000 4.0000 -122.6000
f 4505 4507 4503 4501
f 4502 4504 4508 4506
f 4501 4502 4506 4505
f 4507 4508 4504 4503
f 4503 4504 4502 4501
f 4505 4506 4508 4507
f 4513 4515 4511 4509
f 4510 4512 4516 4514
f 4509 4510 4514 4513
f 4515 4516 4512 4511
f 4511 4512 4510 4509
f 4513 4514 4516 4515
f 4521 4523 4519 4517
f 4518 4520 4524 4522
f 4517 4518 4522 4521
f 4523 4524 4520 4519
f 4519 4520 4518 4517
f 4521 4522 4524 4523
f 4529 4531 4527 4525
f 4526 4528 4532 4530
f 4525 4526 4530 4529
f 4531 4532 4528 4527
f 4527 4528 4526 4525
f 4529 4530 4532 4531
f 4537 4539 4535 4533
f 4534 4536 4540 4538
f 4533 4534 4538 4537
f 4539 4540 4536 4535
f 4535 4536 4534 4533
f 4537 4538 4540 4539
f 4545 4547 4543 4541
f 4542 4544 4548 4546
f 4541 4542 4546 4545
f 4547 4548 4544 4543
f 4543 4544 4542 4541
f 4545 4546 4548 4547
f 4553 4555 4551 4549
f 4550 4552 4556 4554
f 4549 4550 4554 4553
f 4555 4556 4552 4551
f 4551 4552 4550 4549
f 4553 4554 4556 4555
f 4561 4563 4559 4557
f 4558 4560 4564 4562
f 4557 4558 4562 4561
f 4563 4564 4560 4559
f 4559 4560 4558 4557
f 4561 4562 4564 4563
f 4569 4571 4567 4565
f 4566 4568 4572 4570
f 4565 4566 4570 4569
f 4571 4572 4568 4567
f 4567 4568 4566 4565
f 4569 4570 4572 4571
o STATION_HOME_M06BRD_Furniture-col
usemtl Furniture
v 21.4000 0.0000 -116.3000
v 21.4000 0.0000 -115.6000
v 30.2000 0.0000 -116.3000
v 30.2000 0.0000 -115.6000
v 21.4000 1.1000 -116.3000
v 21.4000 1.1000 -115.6000
v 30.2000 1.1000 -116.3000
v 30.2000 1.1000 -115.6000
v 21.4000 0.0000 -132.4000
v 21.4000 0.0000 -131.9000
v 23.8000 0.0000 -132.4000
v 23.8000 0.0000 -131.9000
v 21.4000 2.0000 -132.4000
v 21.4000 2.0000 -131.9000
v 23.8000 2.0000 -132.4000
v 23.8000 2.0000 -131.9000
v 25.2000 0.0000 -128.0000
v 25.2000 0.0000 -126.6000
v 26.4000 0.0000 -128.0000
v 26.4000 0.0000 -126.6000
v 25.2000 0.7500 -128.0000
v 25.2000 0.7500 -126.6000
v 26.4000 0.7500 -128.0000
v 26.4000 0.7500 -126.6000
v 21.2000 0.0000 -123.1500
v 21.2000 0.0000 -122.8000
v 22.4000 0.0000 -123.1500
v 22.4000 0.0000 -122.8000
v 21.2000 2.0000 -123.1500
v 21.2000 2.0000 -122.8000
v 22.4000 2.0000 -123.1500
v 22.4000 2.0000 -122.8000
v 13.0000 0.6000 -132.4500
v 13.0000 0.6000 -132.0500
v 14.0000 0.6000 -132.4500
v 14.0000 0.6000 -132.0500
v 13.0000 2.0000 -132.4500
v 13.0000 2.0000 -132.0500
v 14.0000 2.0000 -132.4500
v 14.0000 2.0000 -132.0500
v 15.3000 0.6000 -115.9500
v 15.3000 0.6000 -115.5500
v 16.3000 0.6000 -115.9500
v 16.3000 0.6000 -115.5500
v 15.3000 2.0000 -115.9500
v 15.3000 2.0000 -115.5500
v 16.3000 2.0000 -115.9500
v 16.3000 2.0000 -115.5500
v 17.6000 0.6000 -132.4500
v 17.6000 0.6000 -132.0500
v 18.6000 0.6000 -132.4500
v 18.6000 0.6000 -132.0500
v 17.6000 2.0000 -132.4500
v 17.6000 2.0000 -132.0500
v 18.6000 2.0000 -132.4500
v 18.6000 2.0000 -132.0500
f 4577 4579 4575 4573
f 4574 4576 4580 4578
f 4573 4574 4578 4577
f 4579 4580 4576 4575
f 4575 4576 4574 4573
f 4577 4578 4580 4579
f 4585 4587 4583 4581
f 4582 4584 4588 4586
f 4581 4582 4586 4585
f 4587 4588 4584 4583
f 4583 4584 4582 4581
f 4585 4586 4588 4587
f 4593 4595 4591 4589
f 4590 4592 4596 4594
f 4589 4590 4594 4593
f 4595 4596 4592 4591
f 4591 4592 4590 4589
f 4593 4594 4596 4595
f 4601 4603 4599 4597
f 4598 4600 4604 4602
f 4597 4598 4602 4601
f 4603 4604 4600 4599
f 4599 4600 4598 4597
f 4601 4602 4604 4603
f 4609 4611 4607 4605
f 4606 4608 4612 4610
f 4605 4606 4610 4609
f 4611 4612 4608 4607
f 4607 4608 4606 4605
f 4609 4610 4612 4611
f 4617 4619 4615 4613
f 4614 4616 4620 4618
f 4613 4614 4618 4617
f 4619 4620 4616 4615
f 4615 4616 4614 4613
f 4617 4618 4620 4619
f 4625 4627 4623 4621
f 4622 4624 4628 4626
f 4621 4622 4626 4625
f 4627 4628 4624 4623
f 4623 4624 4622 4621
f 4625 4626 4628 4627
o STATION_HOME_M06BRD_Cover-col
usemtl Cover
v 13.0000 0.0000 -127.6000
v 13.0000 0.0000 -126.6000
v 14.0000 0.0000 -127.6000
v 14.0000 0.0000 -126.6000
v 13.0000 1.1000 -127.6000
v 13.0000 1.1000 -126.6000
v 14.0000 1.1000 -127.6000
v 14.0000 1.1000 -126.6000
v 17.6000 0.0000 -127.6000
v 17.6000 0.0000 -126.6000
v 18.6000 0.0000 -127.6000
v 18.6000 0.0000 -126.6000
v 17.6000 1.1000 -127.6000
v 17.6000 1.1000 -126.6000
v 18.6000 1.1000 -127.6000
v 18.6000 1.1000 -126.6000
f 4633 4635 4631 4629
f 4630 4632 4636 4634
f 4629 4630 4634 4633
f 4635 4636 4632 4631
f 4631 4632 4630 4629
f 4633 4634 4636 4635
f 4641 4643 4639 4637
f 4638 4640 4644 4642
f 4637 4638 4642 4641
f 4643 4644 4640 4639
f 4639 4640 4638 4637
f 4641 4642 4644 4643
o STATION_HOME_M06BRD_Hazard
usemtl Hazard
v 14.5000 0.0000 -133.1200
v 14.5000 0.0000 -133.0000
v 14.8000 0.0000 -133.1200
v 14.8000 0.0000 -133.0000
v 14.5000 2.9000 -133.1200
v 14.5000 2.9000 -133.0000
v 14.8000 2.9000 -133.1200
v 14.8000 2.9000 -133.0000
v 16.8000 0.0000 -133.1200
v 16.8000 0.0000 -133.0000
v 17.1000 0.0000 -133.1200
v 17.1000 0.0000 -133.0000
v 16.8000 2.9000 -133.1200
v 16.8000 2.9000 -133.0000
v 17.1000 2.9000 -133.1200
v 17.1000 2.9000 -133.0000
v 14.5000 0.0000 -115.0000
v 14.5000 0.0000 -114.8800
v 14.8000 0.0000 -115.0000
v 14.8000 0.0000 -114.8800
v 14.5000 2.9000 -115.0000
v 14.5000 2.9000 -114.8800
v 14.8000 2.9000 -115.0000
v 14.8000 2.9000 -114.8800
v 16.8000 0.0000 -115.0000
v 16.8000 0.0000 -114.8800
v 17.1000 0.0000 -115.0000
v 17.1000 0.0000 -114.8800
v 16.8000 2.9000 -115.0000
v 16.8000 2.9000 -114.8800
v 17.1000 2.9000 -115.0000
v 17.1000 2.9000 -114.8800
v 31.2000 2.8000 -125.2000
v 31.2000 2.8000 -122.8000
v 31.2400 2.8000 -125.2000
v 31.2400 2.8000 -122.8000
v 31.2000 3.0000 -125.2000
v 31.2000 3.0000 -122.8000
v 31.2400 3.0000 -125.2000
v 31.2400 3.0000 -122.8000
v 13.0000 1.8000 -132.0500
v 13.0000 1.8000 -132.0300
v 14.0000 1.8000 -132.0500
v 14.0000 1.8000 -132.0300
v 13.0000 2.0000 -132.0500
v 13.0000 2.0000 -132.0300
v 14.0000 2.0000 -132.0500
v 14.0000 2.0000 -132.0300
v 15.3000 1.8000 -115.9700
v 15.3000 1.8000 -115.9500
v 16.3000 1.8000 -115.9700
v 16.3000 1.8000 -115.9500
v 15.3000 2.0000 -115.9700
v 15.3000 2.0000 -115.9500
v 16.3000 2.0000 -115.9700
v 16.3000 2.0000 -115.9500
v 17.6000 1.8000 -132.0500
v 17.6000 1.8000 -132.0300
v 18.6000 1.8000 -132.0500
v 18.6000 1.8000 -132.0300
v 17.6000 2.0000 -132.0500
v 17.6000 2.0000 -132.0300
v 18.6000 2.0000 -132.0500
v 18.6000 2.0000 -132.0300
f 4649 4651 4647 4645
f 4646 4648 4652 4650
f 4645 4646 4650 4649
f 4651 4652 4648 4647
f 4647 4648 4646 4645
f 4649 4650 4652 4651
f 4657 4659 4655 4653
f 4654 4656 4660 4658
f 4653 4654 4658 4657
f 4659 4660 4656 4655
f 4655 4656 4654 4653
f 4657 4658 4660 4659
f 4665 4667 4663 4661
f 4662 4664 4668 4666
f 4661 4662 4666 4665
f 4667 4668 4664 4663
f 4663 4664 4662 4661
f 4665 4666 4668 4667
f 4673 4675 4671 4669
f 4670 4672 4676 4674
f 4669 4670 4674 4673
f 4675 4676 4672 4671
f 4671 4672 4670 4669
f 4673 4674 4676 4675
f 4681 4683 4679 4677
f 4678 4680 4684 4682
f 4677 4678 4682 4681
f 4683 4684 4680 4679
f 4679 4680 4678 4677
f 4681 4682 4684 4683
f 4689 4691 4687 4685
f 4686 4688 4692 4690
f 4685 4686 4690 4689
f 4691 4692 4688 4687
f 4687 4688 4686 4685
f 4689 4690 4692 4691
f 4697 4699 4695 4693
f 4694 4696 4700 4698
f 4693 4694 4698 4697
f 4699 4700 4696 4695
f 4695 4696 4694 4693
f 4697 4698 4700 4699
f 4705 4707 4703 4701
f 4702 4704 4708 4706
f 4701 4702 4706 4705
f 4707 4708 4704 4703
f 4703 4704 4702 4701
f 4705 4706 4708 4707
o STATION_HOME_M06BRD_Lights
usemtl Lights
v 21.6000 0.8000 -116.3200
v 21.6000 0.8000 -116.3000
v 30.0000 0.8000 -116.3200
v 30.0000 0.8000 -116.3000
v 21.6000 1.0500 -116.3200
v 21.6000 1.0500 -116.3000
v 30.0000 1.0500 -116.3200
v 30.0000 1.0500 -116.3000
v 25.1000 1.0000 -121.3000
v 25.1000 1.0000 -120.3000
v 26.5000 1.0000 -121.3000
v 26.5000 1.0000 -120.3000
v 25.1000 1.0300 -121.3000
v 25.1000 1.0300 -120.3000
v 26.5000 1.0300 -121.3000
v 26.5000 1.0300 -120.3000
v 21.3000 3.6200 -124.3000
v 21.3000 3.6200 -123.7000
v 30.3000 3.6200 -124.3000
v 30.3000 3.6200 -123.7000
v 21.3000 3.7000 -124.3000
v 21.3000 3.7000 -123.7000
v 30.3000 3.7000 -124.3000
v 30.3000 3.7000 -123.7000
v 11.7000 7.8800 -124.4000
v 11.7000 7.8800 -123.6000
v 19.9000 7.8800 -124.4000
v 19.9000 7.8800 -123.6000
v 11.7000 7.9600 -124.4000
v 11.7000 7.9600 -123.6000
v 19.9000 7.9600 -124.4000
v 19.9000 7.9600 -123.6000
f 4713 4715 4711 4709
f 4710 4712 4716 4714
f 4709 4710 4714 4713
f 4715 4716 4712 4711
f 4711 4712 4710 4709
f 4713 4714 4716 4715
f 4721 4723 4719 4717
f 4718 4720 4724 4722
f 4717 4718 4722 4721
f 4723 4724 4720 4719
f 4719 4720 4718 4717
f 4721 4722 4724 4723
f 4729 4731 4727 4725
f 4726 4728 4732 4730
f 4725 4726 4730 4729
f 4731 4732 4728 4727
f 4727 4728 4726 4725
f 4729 4730 4732 4731
f 4737 4739 4735 4733
f 4734 4736 4740 4738
f 4733 4734 4738 4737
f 4739 4740 4736 4735
f 4735 4736 4734 4733
f 4737 4738 4740 4739
o STATION_HOME_M06BRD_Trim
usemtl Trim
v 15.8000 0.8000 -117.5500
v 16.6993 0.8000 -117.7289
v 17.4617 0.8000 -118.2383
v 17.9711 0.8000 -119.0007
v 18.1500 0.8000 -119.9000
v 17.9711 0.8000 -120.7993
v 17.4617 0.8000 -121.5617
v 16.6993 0.8000 -122.0711
v 15.8000 0.8000 -122.2500
v 14.9007 0.8000 -122.0711
v 14.1383 0.8000 -121.5617
v 13.6289 0.8000 -120.7993
v 13.4500 0.8000 -119.9000
v 13.6289 0.8000 -119.0007
v 14.1383 0.8000 -118.2383
v 14.9007 0.8000 -117.7289
v 15.8000 1.0000 -117.5500
v 16.6993 1.0000 -117.7289
v 17.4617 1.0000 -118.2383
v 17.9711 1.0000 -119.0007
v 18.1500 1.0000 -119.9000
v 17.9711 1.0000 -120.7993
v 17.4617 1.0000 -121.5617
v 16.6993 1.0000 -122.0711
v 15.8000 1.0000 -122.2500
v 14.9007 1.0000 -122.0711
v 14.1383 1.0000 -121.5617
v 13.6289 1.0000 -120.7993
v 13.4500 1.0000 -119.9000
v 13.6289 1.0000 -119.0007
v 14.1383 1.0000 -118.2383
v 14.9007 1.0000 -117.7289
v 15.8000 2.4000 -117.5500
v 16.6993 2.4000 -117.7289
v 17.4617 2.4000 -118.2383
v 17.9711 2.4000 -119.0007
v 18.1500 2.4000 -119.9000
v 17.9711 2.4000 -120.7993
v 17.4617 2.4000 -121.5617
v 16.6993 2.4000 -122.0711
v 15.8000 2.4000 -122.2500
v 14.9007 2.4000 -122.0711
v 14.1383 2.4000 -121.5617
v 13.6289 2.4000 -120.7993
v 13.4500 2.4000 -119.9000
v 13.6289 2.4000 -119.0007
v 14.1383 2.4000 -118.2383
v 14.9007 2.4000 -117.7289
v 15.8000 2.6000 -117.5500
v 16.6993 2.6000 -117.7289
v 17.4617 2.6000 -118.2383
v 17.9711 2.6000 -119.0007
v 18.1500 2.6000 -119.9000
v 17.9711 2.6000 -120.7993
v 17.4617 2.6000 -121.5617
v 16.6993 2.6000 -122.0711
v 15.8000 2.6000 -122.2500
v 14.9007 2.6000 -122.0711
v 14.1383 2.6000 -121.5617
v 13.6289 2.6000 -120.7993
v 13.4500 2.6000 -119.9000
v 13.6289 2.6000 -119.0007
v 14.1383 2.6000 -118.2383
v 14.9007 2.6000 -117.7289
v 15.8000 4.0000 -117.5500
v 16.6993 4.0000 -117.7289
v 17.4617 4.0000 -118.2383
v 17.9711 4.0000 -119.0007
v 18.1500 4.0000 -119.9000
v 17.9711 4.0000 -120.7993
v 17.4617 4.0000 -121.5617
v 16.6993 4.0000 -122.0711
v 15.8000 4.0000 -122.2500
v 14.9007 4.0000 -122.0711
v 14.1383 4.0000 -121.5617
v 13.6289 4.0000 -120.7993
v 13.4500 4.0000 -119.9000
v 13.6289 4.0000 -119.0007
v 14.1383 4.0000 -118.2383
v 14.9007 4.0000 -117.7289
v 15.8000 4.2000 -117.5500
v 16.6993 4.2000 -117.7289
v 17.4617 4.2000 -118.2383
v 17.9711 4.2000 -119.0007
v 18.1500 4.2000 -119.9000
v 17.9711 4.2000 -120.7993
v 17.4617 4.2000 -121.5617
v 16.6993 4.2000 -122.0711
v 15.8000 4.2000 -122.2500
v 14.9007 4.2000 -122.0711
v 14.1383 4.2000 -121.5617
v 13.6289 4.2000 -120.7993
v 13.4500 4.2000 -119.9000
v 13.6289 4.2000 -119.0007
v 14.1383 4.2000 -118.2383
v 14.9007 4.2000 -117.7289
f 4741 4742 4758 4757
f 4742 4743 4759 4758
f 4743 4744 4760 4759
f 4744 4745 4761 4760
f 4745 4746 4762 4761
f 4746 4747 4763 4762
f 4747 4748 4764 4763
f 4748 4749 4765 4764
f 4749 4750 4766 4765
f 4750 4751 4767 4766
f 4751 4752 4768 4767
f 4752 4753 4769 4768
f 4753 4754 4770 4769
f 4754 4755 4771 4770
f 4755 4756 4772 4771
f 4756 4741 4757 4772
f 4756 4755 4754 4753 4752 4751 4750 4749 4748 4747 4746 4745 4744 4743 4742 4741
f 4757 4758 4759 4760 4761 4762 4763 4764 4765 4766 4767 4768 4769 4770 4771 4772
f 4773 4774 4790 4789
f 4774 4775 4791 4790
f 4775 4776 4792 4791
f 4776 4777 4793 4792
f 4777 4778 4794 4793
f 4778 4779 4795 4794
f 4779 4780 4796 4795
f 4780 4781 4797 4796
f 4781 4782 4798 4797
f 4782 4783 4799 4798
f 4783 4784 4800 4799
f 4784 4785 4801 4800
f 4785 4786 4802 4801
f 4786 4787 4803 4802
f 4787 4788 4804 4803
f 4788 4773 4789 4804
f 4788 4787 4786 4785 4784 4783 4782 4781 4780 4779 4778 4777 4776 4775 4774 4773
f 4789 4790 4791 4792 4793 4794 4795 4796 4797 4798 4799 4800 4801 4802 4803 4804
f 4805 4806 4822 4821
f 4806 4807 4823 4822
f 4807 4808 4824 4823
f 4808 4809 4825 4824
f 4809 4810 4826 4825
f 4810 4811 4827 4826
f 4811 4812 4828 4827
f 4812 4813 4829 4828
f 4813 4814 4830 4829
f 4814 4815 4831 4830
f 4815 4816 4832 4831
f 4816 4817 4833 4832
f 4817 4818 4834 4833
f 4818 4819 4835 4834
f 4819 4820 4836 4835
f 4820 4805 4821 4836
f 4820 4819 4818 4817 4816 4815 4814 4813 4812 4811 4810 4809 4808 4807 4806 4805
f 4821 4822 4823 4824 4825 4826 4827 4828 4829 4830 4831 4832 4833 4834 4835 4836
o STATION_HOME_M06BRD_Machinery-col
usemtl Engine
v 15.8000 0.0000 -117.7000
v 16.6419 0.0000 -117.8675
v 17.3556 0.0000 -118.3444
v 17.8325 0.0000 -119.0581
v 18.0000 0.0000 -119.9000
v 17.8325 0.0000 -120.7419
v 17.3556 0.0000 -121.4556
v 16.6419 0.0000 -121.9325
v 15.8000 0.0000 -122.1000
v 14.9581 0.0000 -121.9325
v 14.2444 0.0000 -121.4556
v 13.7675 0.0000 -120.7419
v 13.6000 0.0000 -119.9000
v 13.7675 0.0000 -119.0581
v 14.2444 0.0000 -118.3444
v 14.9581 0.0000 -117.8675
v 15.8000 6.0000 -117.7000
v 16.6419 6.0000 -117.8675
v 17.3556 6.0000 -118.3444
v 17.8325 6.0000 -119.0581
v 18.0000 6.0000 -119.9000
v 17.8325 6.0000 -120.7419
v 17.3556 6.0000 -121.4556
v 16.6419 6.0000 -121.9325
v 15.8000 6.0000 -122.1000
v 14.9581 6.0000 -121.9325
v 14.2444 6.0000 -121.4556
v 13.7675 6.0000 -120.7419
v 13.6000 6.0000 -119.9000
v 13.7675 6.0000 -119.0581
v 14.2444 6.0000 -118.3444
v 14.9581 6.0000 -117.8675
v 15.8000 0.0000 -127.5000
v 16.5000 0.0000 -127.6876
v 17.0124 0.0000 -128.2000
v 17.2000 0.0000 -128.9000
v 17.0124 0.0000 -129.6000
v 16.5000 0.0000 -130.1124
v 15.8000 0.0000 -130.3000
v 15.1000 0.0000 -130.1124
v 14.5876 0.0000 -129.6000
v 14.4000 0.0000 -128.9000
v 14.5876 0.0000 -128.2000
v 15.1000 0.0000 -127.6876
v 15.8000 4.8000 -127.5000
v 16.5000 4.8000 -127.6876
v 17.0124 4.8000 -128.2000
v 17.2000 4.8000 -128.9000
v 17.0124 4.8000 -129.6000
v 16.5000 4.8000 -130.1124
v 15.8000 4.8000 -130.3000
v 15.1000 4.8000 -130.1124
v 14.5876 4.8000 -129.6000
v 14.4000 4.8000 -128.9000
v 14.5876 4.8000 -128.2000
v 15.1000 4.8000 -127.6876
f 4837 4838 4854 4853
f 4838 4839 4855 4854
f 4839 4840 4856 4855
f 4840 4841 4857 4856
f 4841 4842 4858 4857
f 4842 4843 4859 4858
f 4843 4844 4860 4859
f 4844 4845 4861 4860
f 4845 4846 4862 4861
f 4846 4847 4863 4862
f 4847 4848 4864 4863
f 4848 4849 4865 4864
f 4849 4850 4866 4865
f 4850 4851 4867 4866
f 4851 4852 4868 4867
f 4852 4837 4853 4868
f 4852 4851 4850 4849 4848 4847 4846 4845 4844 4843 4842 4841 4840 4839 4838 4837
f 4853 4854 4855 4856 4857 4858 4859 4860 4861 4862 4863 4864 4865 4866 4867 4868
f 4869 4870 4882 4881
f 4870 4871 4883 4882
f 4871 4872 4884 4883
f 4872 4873 4885 4884
f 4873 4874 4886 4885
f 4874 4875 4887 4886
f 4875 4876 4888 4887
f 4876 4877 4889 4888
f 4877 4878 4890 4889
f 4878 4879 4891 4890
f 4879 4880 4892 4891
f 4880 4869 4881 4892
f 4880 4879 4878 4877 4876 4875 4874 4873 4872 4871 4870 4869
f 4881 4882 4883 4884 4885 4886 4887 4888 4889 4890 4891 4892
o STATION_HOME_M06BRD_Glow
usemtl EngineGlow
v 15.8000 6.0000 -118.5800
v 16.3051 6.0000 -118.6805
v 16.7334 6.0000 -118.9666
v 17.0195 6.0000 -119.3949
v 17.1200 6.0000 -119.9000
v 17.0195 6.0000 -120.4051
v 16.7334 6.0000 -120.8334
v 16.3051 6.0000 -121.1195
v 15.8000 6.0000 -121.2200
v 15.2949 6.0000 -121.1195
v 14.8666 6.0000 -120.8334
v 14.5805 6.0000 -120.4051
v 14.4800 6.0000 -119.9000
v 14.5805 6.0000 -119.3949
v 14.8666 6.0000 -118.9666
v 15.2949 6.0000 -118.6805
v 15.8000 6.0500 -118.5800
v 16.3051 6.0500 -118.6805
v 16.7334 6.0500 -118.9666
v 17.0195 6.0500 -119.3949
v 17.1200 6.0500 -119.9000
v 17.0195 6.0500 -120.4051
v 16.7334 6.0500 -120.8334
v 16.3051 6.0500 -121.1195
v 15.8000 6.0500 -121.2200
v 15.2949 6.0500 -121.1195
v 14.8666 6.0500 -120.8334
v 14.5805 6.0500 -120.4051
v 14.4800 6.0500 -119.9000
v 14.5805 6.0500 -119.3949
v 14.8666 6.0500 -118.9666
v 15.2949 6.0500 -118.6805
f 4893 4894 4910 4909
f 4894 4895 4911 4910
f 4895 4896 4912 4911
f 4896 4897 4913 4912
f 4897 4898 4914 4913
f 4898 4899 4915 4914
f 4899 4900 4916 4915
f 4900 4901 4917 4916
f 4901 4902 4918 4917
f 4902 4903 4919 4918
f 4903 4904 4920 4919
f 4904 4905 4921 4920
f 4905 4906 4922 4921
f 4906 4907 4923 4922
f 4907 4908 4924 4923
f 4908 4893 4909 4924
f 4908 4907 4906 4905 4904 4903 4902 4901 4900 4899 4898 4897 4896 4895 4894 4893
f 4909 4910 4911 4912 4913 4914 4915 4916 4917 4918 4919 4920 4921 4922 4923 4924
o STATION_HOME_M06BRD_Armor
usemtl Armor
v 15.8000 7.8000 -141.0000
v 15.8000 7.8000 -133.0000
v 25.8000 7.8000 -141.0000
v 25.8000 7.8000 -133.0000
v 15.8000 8.0000 -141.0000
v 15.8000 8.0000 -133.0000
v 25.8000 8.0000 -141.0000
v 25.8000 8.0000 -133.0000
v 15.8000 7.8000 -115.0000
v 15.8000 7.8000 -107.0000
v 25.8000 7.8000 -115.0000
v 25.8000 7.8000 -107.0000
v 15.8000 8.0000 -115.0000
v 15.8000 8.0000 -107.0000
v 25.8000 8.0000 -115.0000
v 25.8000 8.0000 -107.0000
f 4929 4931 4927 4925
f 4926 4928 4932 4930
f 4925 4926 4930 4929
f 4931 4932 4928 4927
f 4927 4928 4926 4925
f 4929 4930 4932 4931
f 4937 4939 4935 4933
f 4934 4936 4940 4938
f 4933 4934 4938 4937
f 4939 4940 4936 4935
f 4935 4936 4934 4933
f 4937 4938 4940 4939
o STATION_HOME_M06BRD_AirlockPort_Door-col
usemtl Door
v 14.7500 0.0000 -132.8000
v 14.7500 0.0000 -132.7000
v 16.8500 0.0000 -132.8000
v 16.8500 0.0000 -132.7000
v 14.7500 2.6000 -132.8000
v 14.7500 2.6000 -132.7000
v 16.8500 2.6000 -132.8000
v 16.8500 2.6000 -132.7000
f 4945 4947 4943 4941
f 4942 4944 4948 4946
f 4941 4942 4946 4945
f 4947 4948 4944 4943
f 4943 4944 4942 4941
f 4945 4946 4948 4947
o STATION_HOME_M06BRD_AirlockStbd_Door-col
usemtl Door
v 14.7500 0.0000 -115.3000
v 14.7500 0.0000 -115.2000
v 16.8500 0.0000 -115.3000
v 16.8500 0.0000 -115.2000
v 14.7500 2.6000 -115.3000
v 14.7500 2.6000 -115.2000
v 16.8500 2.6000 -115.3000
v 16.8500 2.6000 -115.2000
f 4953 4955 4951 4949
f 4950 4952 4956 4954
f 4949 4950 4954 4953
f 4955 4956 4952 4951
f 4951 4952 4950 4949
f 4953 4954 4956 4955
o STATION_HOME_M06BRD_Connector_Back_Door-col
usemtl Door
v 10.5500 0.0000 -124.9500
v 10.5500 0.0000 -123.0500
v 10.6500 0.0000 -124.9500
v 10.6500 0.0000 -123.0500
v 10.5500 2.8000 -124.9500
v 10.5500 2.8000 -123.0500
v 10.6500 2.8000 -124.9500
v 10.6500 2.8000 -123.0500
f 4961 4963 4959 4957
f 4958 4960 4964 4962
f 4957 4958 4962 4961
f 4963 4964 4960 4959
f 4959 4960 4958 4957
f 4961 4962 4964 4963
o STATION_HOME_M06BRD_Connector_Front_Door-col
usemtl Door
v 30.9500 0.0000 -124.9500
v 30.9500 0.0000 -123.0500
v 31.0500 0.0000 -124.9500
v 31.0500 0.0000 -123.0500
v 30.9500 2.8000 -124.9500
v 30.9500 2.8000 -123.0500
v 31.0500 2.8000 -124.9500
v 31.0500 2.8000 -123.0500
f 4969 4971 4967 4965
f 4966 4968 4972 4970
f 4965 4966 4970 4969
f 4971 4972 4968 4967
f 4967 4968 4966 4965
f 4969 4970 4972 4971
o STATION_HOME_M06BRD_ControlConsole-col
usemtl Furniture
v 25.0000 0.0000 -121.4000
v 25.0000 0.0000 -120.2000
v 26.6000 0.0000 -121.4000
v 26.6000 0.0000 -120.2000
v 25.0000 1.0000 -121.4000
v 25.0000 1.0000 -120.2000
v 26.6000 1.0000 -121.4000
v 26.6000 1.0000 -120.2000
f 4977 4979 4975 4973
f 4974 4976 4980 4978
f 4973 4974 4978 4977
f 4979 4980 4976 4975
f 4975 4976 4974 4973
f 4977 4978 4980 4979
o STATION_HOME_M06BRD_StatusLight
usemtl Lights
v 29.3000 8.4000 -124.5000
v 29.3000 8.4000 -123.5000
v 30.3000 8.4000 -124.5000
v 30.3000 8.4000 -123.5000
v 29.3000 8.7000 -124.5000
v 29.3000 8.7000 -123.5000
v 30.3000 8.7000 -124.5000
v 30.3000 8.7000 -123.5000
f 4985 4987 4983 4981
f 4982 4984 4988 4986
f 4981 4982 4986 4985
f 4987 4988 4984 4983
f 4983 4984 4982 4981
f 4985 4986 4988 4987
o STATION_HOME_T03L_Deck-col
usemtl Deck
v -4.4000 -0.3000 -122.6000
v -4.4000 -0.3000 -125.4000
v -10.4000 -0.3000 -122.6000
v -10.4000 -0.3000 -125.4000
v -4.4000 0.0000 -122.6000
v -4.4000 0.0000 -125.4000
v -10.4000 0.0000 -122.6000
v -10.4000 0.0000 -125.4000
f 4993 4995 4991 4989
f 4990 4992 4996 4994
f 4989 4990 4994 4993
f 4995 4996 4992 4991
f 4991 4992 4990 4989
f 4993 4994 4996 4995
o STATION_HOME_T03L_Hull-col
usemtl Hull
v -4.4000 3.2000 -122.2000
v -4.4000 3.2000 -125.8000
v -10.4000 3.2000 -122.2000
v -10.4000 3.2000 -125.8000
v -4.4000 3.6000 -122.2000
v -4.4000 3.6000 -125.8000
v -10.4000 3.6000 -122.2000
v -10.4000 3.6000 -125.8000
v -4.4000 -0.7000 -122.2000
v -4.4000 -0.7000 -125.8000
v -10.4000 -0.7000 -122.2000
v -10.4000 -0.7000 -125.8000
v -4.4000 -0.3000 -122.2000
v -4.4000 -0.3000 -125.8000
v -10.4000 -0.3000 -122.2000
v -10.4000 -0.3000 -125.8000
v -4.4000 -0.3000 -122.2000
v -4.4000 -0.3000 -122.6000
v -5.4000 -0.3000 -122.2000
v -5.4000 -0.3000 -122.6000
v -4.4000 3.2000 -122.2000
v -4.4000 3.2000 -122.6000
v -5.4000 3.2000 -122.2000
v -5.4000 3.2000 -122.6000
v -5.4000 -0.3000 -122.2000
v -5.4000 -0.3000 -122.6000
v -9.4000 -0.3000 -122.2000
v -9.4000 -0.3000 -122.6000
v -5.4000 1.2000 -122.2000
v -5.4000 1.2000 -122.6000
v -9.4000 1.2000 -122.2000
v -9.4000 1.2000 -122.6000
v -5.4000 2.4000 -122.2000
v -5.4000 2.4000 -122.6000
v -9.4000 2.4000 -122.2000
v -9.4000 2.4000 -122.6000
v -5.4000 3.2000 -122.2000
v -5.4000 3.2000 -122.6000
v -9.4000 3.2000 -122.2000
v -9.4000 3.2000 -122.6000
v -9.4000 -0.3000 -122.2000
v -9.4000 -0.3000 -122.6000
v -10.4000 -0.3000 -122.2000
v -10.4000 -0.3000 -122.6000
v -9.4000 3.2000 -122.2000
v -9.4000 3.2000 -122.6000
v -10.4000 3.2000 -122.2000
v -10.4000 3.2000 -122.6000
v -4.4000 -0.3000 -125.4000
v -4.4000 -0.3000 -125.8000
v -5.4000 -0.3000 -125.4000
v -5.4000 -0.3000 -125.8000
v -4.4000 3.2000 -125.4000
v -4.4000 3.2000 -125.8000
v -5.4000 3.2000 -125.4000
v -5.4000 3.2000 -125.8000
v -5.4000 -0.3000 -125.4000
v -5.4000 -0.3000 -125.8000
v -9.4000 -0.3000 -125.4000
v -9.4000 -0.3000 -125.8000
v -5.4000 1.2000 -125.4000
v -5.4000 1.2000 -125.8000
v -9.4000 1.2000 -125.4000
v -9.4000 1.2000 -125.8000
v -5.4000 2.4000 -125.4000
v -5.4000 2.4000 -125.8000
v -9.4000 2.4000 -125.4000
v -9.4000 2.4000 -125.8000
v -5.4000 3.2000 -125.4000
v -5.4000 3.2000 -125.8000
v -9.4000 3.2000 -125.4000
v -9.4000 3.2000 -125.8000
v -9.4000 -0.3000 -125.4000
v -9.4000 -0.3000 -125.8000
v -10.4000 -0.3000 -125.4000
v -10.4000 -0.3000 -125.8000
v -9.4000 3.2000 -125.4000
v -9.4000 3.2000 -125.8000
v -10.4000 3.2000 -125.4000
v -10.4000 3.2000 -125.8000
f 5001 5003 4999 4997
f 4998 5000 5004 5002
f 4997 4998 5002 5001
f 5003 5004 5000 4999
f 4999 5000 4998 4997
f 5001 5002 5004 5003
f 5009 5011 5007 5005
f 5006 5008 5012 5010
f 5005 5006 5010 5009
f 5011 5012 5008 5007
f 5007 5008 5006 5005
f 5009 5010 5012 5011
f 5017 5019 5015 5013
f 5014 5016 5020 5018
f 5013 5014 5018 5017
f 5019 5020 5016 5015
f 5015 5016 5014 5013
f 5017 5018 5020 5019
f 5025 5027 5023 5021
f 5022 5024 5028 5026
f 5021 5022 5026 5025
f 5027 5028 5024 5023
f 5023 5024 5022 5021
f 5025 5026 5028 5027
f 5033 5035 5031 5029
f 5030 5032 5036 5034
f 5029 5030 5034 5033
f 5035 5036 5032 5031
f 5031 5032 5030 5029
f 5033 5034 5036 5035
f 5041 5043 5039 5037
f 5038 5040 5044 5042
f 5037 5038 5042 5041
f 5043 5044 5040 5039
f 5039 5040 5038 5037
f 5041 5042 5044 5043
f 5049 5051 5047 5045
f 5046 5048 5052 5050
f 5045 5046 5050 5049
f 5051 5052 5048 5047
f 5047 5048 5046 5045
f 5049 5050 5052 5051
f 5057 5059 5055 5053
f 5054 5056 5060 5058
f 5053 5054 5058 5057
f 5059 5060 5056 5055
f 5055 5056 5054 5053
f 5057 5058 5060 5059
f 5065 5067 5063 5061
f 5062 5064 5068 5066
f 5061 5062 5066 5065
f 5067 5068 5064 5063
f 5063 5064 5062 5061
f 5065 5066 5068 5067
f 5073 5075 5071 5069
f 5070 5072 5076 5074
f 5069 5070 5074 5073
f 5075 5076 5072 5071
f 5071 5072 5070 5069
f 5073 5074 5076 5075
o STATION_HOME_T03L_Lights
usemtl Lights
v -4.9000 3.1200 -123.7000
v -4.9000 3.1200 -124.3000
v -9.9000 3.1200 -123.7000
v -9.9000 3.1200 -124.3000
v -4.9000 3.2000 -123.7000
v -4.9000 3.2000 -124.3000
v -9.9000 3.2000 -123.7000
v -9.9000 3.2000 -124.3000
f 5081 5083 5079 5077
f 5078 5080 5084 5082
f 5077 5078 5082 5081
f 5083 5084 5080 5079
f 5079 5080 5078 5077
f 5081 5082 5084 5083
o STATION_HOME_T03L_Glass-col
usemtl Glass
v -5.4000 1.2000 -122.4000
v -5.4000 1.2000 -122.4500
v -9.4000 1.2000 -122.4000
v -9.4000 1.2000 -122.4500
v -5.4000 2.4000 -122.4000
v -5.4000 2.4000 -122.4500
v -9.4000 2.4000 -122.4000
v -9.4000 2.4000 -122.4500
v -5.4000 1.2000 -125.5500
v -5.4000 1.2000 -125.6000
v -9.4000 1.2000 -125.5500
v -9.4000 1.2000 -125.6000
v -5.4000 2.4000 -125.5500
v -5.4000 2.4000 -125.6000
v -9.4000 2.4000 -125.5500
v -9.4000 2.4000 -125.6000
f 5089 5091 5087 5085
f 5086 5088 5092 5090
f 5085 5086 5090 5089
f 5091 5092 5088 5087
f 5087 5088 5086 5085
f 5089 5090 5092 5091
f 5097 5099 5095 5093
f 5094 5096 5100 5098
f 5093 5094 5098 5097
f 5099 5100 5096 5095
f 5095 5096 5094 5093
f 5097 5098 5100 5099
o STATION_HOME_M07FAB_Deck-col
usemtl Deck
v -10.8000 -0.3000 -115.5000
v -10.8000 -0.3000 -132.5000
v -30.8000 -0.3000 -115.5000
v -30.8000 -0.3000 -132.5000
v -10.8000 0.0000 -115.5000
v -10.8000 0.0000 -132.5000
v -30.8000 0.0000 -115.5000
v -30.8000 0.0000 -132.5000
f 5105 5107 5103 5101
f 5102 5104 5108 5106
f 5101 5102 5106 5105
f 5107 5108 5104 5103
f 5103 5104 5102 5101
f 5105 5106 5108 5107
o STATION_HOME_M07FAB_Hull-col
usemtl Hull
v -10.4000 4.0000 -115.0000
v -10.4000 4.0000 -133.0000
v -31.2000 4.0000 -115.0000
v -31.2000 4.0000 -133.0000
v -10.4000 4.4000 -115.0000
v -10.4000 4.4000 -133.0000
v -31.2000 4.4000 -115.0000
v -31.2000 4.4000 -133.0000
v -10.4000 -0.7000 -115.0000
v -10.4000 -0.7000 -133.0000
v -31.2000 -0.7000 -115.0000
v -31.2000 -0.7000 -133.0000
v -10.4000 -0.3000 -115.0000
v -10.4000 -0.3000 -133.0000
v -31.2000 -0.3000 -115.0000
v -31.2000 -0.3000 -133.0000
v -10.8000 -0.3000 -115.0000
v -10.8000 -0.3000 -115.5000
v -14.8000 -0.3000 -115.0000
v -14.8000 -0.3000 -115.5000
v -10.8000 4.0000 -115.0000
v -10.8000 4.0000 -115.5000
v -14.8000 4.0000 -115.0000
v -14.8000 4.0000 -115.5000
v -14.8000 -0.3000 -115.0000
v -14.8000 -0.3000 -115.5000
v -16.8000 -0.3000 -115.0000
v -16.8000 -0.3000 -115.5000
v -14.8000 0.0000 -115.0000
v -14.8000 0.0000 -115.5000
v -16.8000 0.0000 -115.0000
v -16.8000 0.0000 -115.5000
v -14.8000 2.6000 -115.0000
v -14.8000 2.6000 -115.5000
v -16.8000 2.6000 -115.0000
v -16.8000 2.6000 -115.5000
v -14.8000 4.0000 -115.0000
v -14.8000 4.0000 -115.5000
v -16.8000 4.0000 -115.0000
v -16.8000 4.0000 -115.5000
v -16.8000 -0.3000 -115.0000
v -16.8000 -0.3000 -115.5000
v -30.8000 -0.3000 -115.0000
v -30.8000 -0.3000 -115.5000
v -16.8000 4.0000 -115.0000
v -16.8000 4.0000 -115.5000
v -30.8000 4.0000 -115.0000
v -30.8000 4.0000 -115.5000
v -10.8000 -0.3000 -132.5000
v -10.8000 -0.3000 -133.0000
v -14.8000 -0.3000 -132.5000
v -14.8000 -0.3000 -133.0000
v -10.8000 4.0000 -132.5000
v -10.8000 4.0000 -133.0000
v -14.8000 4.0000 -132.5000
v -14.8000 4.0000 -133.0000
v -14.8000 -0.3000 -132.5000
v -14.8000 -0.3000 -133.0000
v -16.8000 -0.3000 -132.5000
v -16.8000 -0.3000 -133.0000
v -14.8000 0.0000 -132.5000
v -14.8000 0.0000 -133.0000
v -16.8000 0.0000 -132.5000
v -16.8000 0.0000 -133.0000
v -14.8000 2.6000 -132.5000
v -14.8000 2.6000 -133.0000
v -16.8000 2.6000 -132.5000
v -16.8000 2.6000 -133.0000
v -14.8000 4.0000 -132.5000
v -14.8000 4.0000 -133.0000
v -16.8000 4.0000 -132.5000
v -16.8000 4.0000 -133.0000
v -16.8000 -0.3000 -132.5000
v -16.8000 -0.3000 -133.0000
v -30.8000 -0.3000 -132.5000
v -30.8000 -0.3000 -133.0000
v -16.8000 4.0000 -132.5000
v -16.8000 4.0000 -133.0000
v -30.8000 4.0000 -132.5000
v -30.8000 4.0000 -133.0000
v -10.4000 -0.3000 -115.0000
v -10.4000 -0.3000 -123.1000
v -10.8000 -0.3000 -115.0000
v -10.8000 -0.3000 -123.1000
v -10.4000 4.0000 -115.0000
v -10.4000 4.0000 -123.1000
v -10.8000 4.0000 -115.0000
v -10.8000 4.0000 -123.1000
v -10.4000 -0.3000 -123.1000
v -10.4000 -0.3000 -124.9000
v -10.8000 -0.3000 -123.1000
v -10.8000 -0.3000 -124.9000
v -10.4000 0.0000 -123.1000
v -10.4000 0.0000 -124.9000
v -10.8000 0.0000 -123.1000
v -10.8000 0.0000 -124.9000
v -10.4000 2.8000 -123.1000
v -10.4000 2.8000 -124.9000
v -10.8000 2.8000 -123.1000
v -10.8000 2.8000 -124.9000
v -10.4000 4.0000 -123.1000
v -10.4000 4.0000 -124.9000
v -10.8000 4.0000 -123.1000
v -10.8000 4.0000 -124.9000
v -10.4000 -0.3000 -124.9000
v -10.4000 -0.3000 -133.0000
v -10.8000 -0.3000 -124.9000
v -10.8000 -0.3000 -133.0000
v -10.4000 4.0000 -124.9000
v -10.4000 4.0000 -133.0000
v -10.8000 4.0000 -124.9000
v -10.8000 4.0000 -133.0000
v -30.8000 -0.3000 -115.0000
v -30.8000 -0.3000 -123.1000
v -31.2000 -0.3000 -115.0000
v -31.2000 -0.3000 -123.1000
v -30.8000 4.0000 -115.0000
v -30.8000 4.0000 -123.1000
v -31.2000 4.0000 -115.0000
v -31.2000 4.0000 -123.1000
v -30.8000 -0.3000 -123.1000
v -30.8000 -0.3000 -124.9000
v -31.2000 -0.3000 -123.1000
v -31.2000 -0.3000 -124.9000
v -30.8000 0.0000 -123.1000
v -30.8000 0.0000 -124.9000
v -31.2000 0.0000 -123.1000
v -31.2000 0.0000 -124.9000
v -30.8000 2.8000 -123.1000
v -30.8000 2.8000 -124.9000
v -31.2000 2.8000 -123.1000
v -31.2000 2.8000 -124.9000
v -30.8000 4.0000 -123.1000
v -30.8000 4.0000 -124.9000
v -31.2000 4.0000 -123.1000
v -31.2000 4.0000 -124.9000
v -30.8000 -0.3000 -124.9000
v -30.8000 -0.3000 -133.0000
v -31.2000 -0.3000 -124.9000
v -31.2000 -0.3000 -133.0000
v -30.8000 4.0000 -124.9000
v -30.8000 4.0000 -133.0000
v -31.2000 4.0000 -124.9000
v -31.2000 4.0000 -133.0000
f 5113 5115 5111 5109
f 5110 5112 5116 5114
f 5109 5110 5114 5113
f 5115 5116 5112 5111
f 5111 5112 5110 5109
f 5113 5114 5116 5115
f 5121 5123 5119 5117
f 5118 5120 5124 5122
f 5117 5118 5122 5121
f 5123 5124 5120 5119
f 5119 5120 5118 5117
f 5121 5122 5124 5123
f 5129 5131 5127 5125
f 5126 5128 5132 5130
f 5125 5126 5130 5129
f 5131 5132 5128 5127
f 5127 5128 5126 5125
f 5129 5130 5132 5131
f 5137 5139 5135 5133
f 5134 5136 5140 5138
f 5133 5134 5138 5137
f 5139 5140 5136 5135
f 5135 5136 5134 5133
f 5137 5138 5140 5139
f 5145 5147 5143 5141
f 5142 5144 5148 5146
f 5141 5142 5146 5145
f 5147 5148 5144 5143
f 5143 5144 5142 5141
f 5145 5146 5148 5147
f 5153 5155 5151 5149
f 5150 5152 5156 5154
f 5149 5150 5154 5153
f 5155 5156 5152 5151
f 5151 5152 5150 5149
f 5153 5154 5156 5155
f 5161 5163 5159 5157
f 5158 5160 5164 5162
f 5157 5158 5162 5161
f 5163 5164 5160 5159
f 5159 5160 5158 5157
f 5161 5162 5164 5163
f 5169 5171 5167 5165
f 5166 5168 5172 5170
f 5165 5166 5170 5169
f 5171 5172 5168 5167
f 5167 5168 5166 5165
f 5169 5170 5172 5171
f 5177 5179 5175 5173
f 5174 5176 5180 5178
f 5173 5174 5178 5177
f 5179 5180 5176 5175
f 5175 5176 5174 5173
f 5177 5178 5180 5179
f 5185 5187 5183 5181
f 5182 5184 5188 5186
f 5181 5182 5186 5185
f 5187 5188 5184 5183
f 5183 5184 5182 5181
f 5185 5186 5188 5187
f 5193 5195 5191 5189
f 5190 5192 5196 5194
f 5189 5190 5194 5193
f 5195 5196 5192 5191
f 5191 5192 5190 5189
f 5193 5194 5196 5195
f 5201 5203 5199 5197
f 5198 5200 5204 5202
f 5197 5198 5202 5201
f 5203 5204 5200 5199
f 5199 5200 5198 5197
f 5201 5202 5204 5203
f 5209 5211 5207 5205
f 5206 5208 5212 5210
f 5205 5206 5210 5209
f 5211 5212 5208 5207
f 5207 5208 5206 5205
f 5209 5210 5212 5211
f 5217 5219 5215 5213
f 5214 5216 5220 5218
f 5213 5214 5218 5217
f 5219 5220 5216 5215
f 5215 5216 5214 5213
f 5217 5218 5220 5219
f 5225 5227 5223 5221
f 5222 5224 5228 5226
f 5221 5222 5226 5225
f 5227 5228 5224 5223
f 5223 5224 5222 5221
f 5225 5226 5228 5227
f 5233 5235 5231 5229
f 5230 5232 5236 5234
f 5229 5230 5234 5233
f 5235 5236 5232 5231
f 5231 5232 5230 5229
f 5233 5234 5236 5235
f 5241 5243 5239 5237
f 5238 5240 5244 5242
f 5237 5238 5242 5241
f 5243 5244 5240 5239
f 5239 5240 5238 5237
f 5241 5242 5244 5243
f 5249 5251 5247 5245
f 5246 5248 5252 5250
f 5245 5246 5250 5249
f 5251 5252 5248 5247
f 5247 5248 5246 5245
f 5249 5250 5252 5251
o STATION_HOME_M07FAB_Interior-col
usemtl Interior
v -20.7000 0.0000 -115.5000
v -20.7000 0.0000 -122.8000
v -20.9000 0.0000 -115.5000
v -20.9000 0.0000 -122.8000
v -20.7000 4.0000 -115.5000
v -20.7000 4.0000 -122.8000
v -20.9000 4.0000 -115.5000
v -20.9000 4.0000 -122.8000
v -20.7000 3.0000 -122.8000
v -20.7000 3.0000 -125.2000
v -20.9000 3.0000 -122.8000
v -20.9000 3.0000 -125.2000
v -20.7000 4.0000 -122.8000
v -20.7000 4.0000 -125.2000
v -20.9000 4.0000 -122.8000
v -20.9000 4.0000 -125.2000
v -20.7000 0.0000 -125.2000
v -20.7000 0.0000 -132.5000
v -20.9000 0.0000 -125.2000
v -20.9000 0.0000 -132.5000
v -20.7000 4.0000 -125.2000
v -20.7000 4.0000 -132.5000
v -20.9000 4.0000 -125.2000
v -20.9000 4.0000 -132.5000
v -20.8000 0.0000 -122.6000
v -20.8000 0.0000 -122.8000
v -25.0000 0.0000 -122.6000
v -25.0000 0.0000 -122.8000
v -20.8000 4.0000 -122.6000
v -20.8000 4.0000 -122.8000
v -25.0000 4.0000 -122.6000
v -25.0000 4.0000 -122.8000
v -25.0000 2.6000 -122.6000
v -25.0000 2.6000 -122.8000
v -26.6000 2.6000 -122.6000
v -26.6000 2.6000 -122.8000
v -25.0000 4.0000 -122.6000
v -25.0000 4.0000 -122.8000
v -26.6000 4.0000 -122.6000
v -26.6000 4.0000 -122.8000
v -26.6000 0.0000 -122.6000
v -26.6000 0.0000 -122.8000
v -30.8000 0.0000 -122.6000
v -30.8000 0.0000 -122.8000
v -26.6000 4.0000 -122.6000
v -26.6000 4.0000 -122.8000
v -30.8000 4.0000 -122.6000
v -30.8000 4.0000 -122.8000
v -20.8000 0.0000 -125.2000
v -20.8000 0.0000 -125.4000
v -25.0000 0.0000 -125.2000
v -25.0000 0.0000 -125.4000
v -20.8000 4.0000 -125.2000
v -20.8000 4.0000 -125.4000
v -25.0000 4.0000 -125.2000
v -25.0000 4.0000 -125.4000
v -25.0000 2.6000 -125.2000
v -25.0000 2.6000 -125.4000
v -26.6000 2.6000 -125.2000
v -26.6000 2.6000 -125.4000
v -25.0000 4.0000 -125.2000
v -25.0000 4.0000 -125.4000
v -26.6000 4.0000 -125.2000
v -26.6000 4.0000 -125.4000
v -26.6000 0.0000 -125.2000
v -26.6000 0.0000 -125.4000
v -30.8000 0.0000 -125.2000
v -30.8000 0.0000 -125.4000
v -26.6000 4.0000 -125.2000
v -26.6000 4.0000 -125.4000
v -30.8000 4.0000 -125.2000
v -30.8000 4.0000 -125.4000
f 5257 5259 5255 5253
f 5254 5256 5260 5258
f 5253 5254 5258 5257
f 5259 5260 5256 5255
f 5255 5256 5254 5253
f 5257 5258 5260 5259
f 5265 5267 5263 5261
f 5262 5264 5268 5266
f 5261 5262 5266 5265
f 5267 5268 5264 5263
f 5263 5264 5262 5261
f 5265 5266 5268 5267
f 5273 5275 5271 5269
f 5270 5272 5276 5274
f 5269 5270 5274 5273
f 5275 5276 5272 5271
f 5271 5272 5270 5269
f 5273 5274 5276 5275
f 5281 5283 5279 5277
f 5278 5280 5284 5282
f 5277 5278 5282 5281
f 5283 5284 5280 5279
f 5279 5280 5278 5277
f 5281 5282 5284 5283
f 5289 5291 5287 5285
f 5286 5288 5292 5290
f 5285 5286 5290 5289
f 5291 5292 5288 5287
f 5287 5288 5286 5285
f 5289 5290 5292 5291
f 5297 5299 5295 5293
f 5294 5296 5300 5298
f 5293 5294 5298 5297
f 5299 5300 5296 5295
f 5295 5296 5294 5293
f 5297 5298 5300 5299
f 5305 5307 5303 5301
f 5302 5304 5308 5306
f 5301 5302 5306 5305
f 5307 5308 5304 5303
f 5303 5304 5302 5301
f 5305 5306 5308 5307
f 5313 5315 5311 5309
f 5310 5312 5316 5314
f 5309 5310 5314 5313
f 5315 5316 5312 5311
f 5311 5312 5310 5309
f 5313 5314 5316 5315
f 5321 5323 5319 5317
f 5318 5320 5324 5322
f 5317 5318 5322 5321
f 5323 5324 5320 5319
f 5319 5320 5318 5317
f 5321 5322 5324 5323
o STATION_HOME_M07FAB_Furniture-col
usemtl Furniture
v -21.4000 0.0000 -131.7000
v -21.4000 0.0000 -132.4000
v -30.2000 0.0000 -131.7000
v -30.2000 0.0000 -132.4000
v -21.4000 1.1000 -131.7000
v -21.4000 1.1000 -132.4000
v -30.2000 1.1000 -131.7000
v -30.2000 1.1000 -132.4000
v -21.4000 0.0000 -115.6000
v -21.4000 0.0000 -116.1000
v -23.8000 0.0000 -115.6000
v -23.8000 0.0000 -116.1000
v -21.4000 2.0000 -115.6000
v -21.4000 2.0000 -116.1000
v -23.8000 2.0000 -115.6000
v -23.8000 2.0000 -116.1000
v -25.2000 0.0000 -120.0000
v -25.2000 0.0000 -121.4000
v -26.4000 0.0000 -120.0000
v -26.4000 0.0000 -121.4000
v -25.2000 0.7500 -120.0000
v -25.2000 0.7500 -121.4000
v -26.4000 0.7500 -120.0000
v -26.4000 0.7500 -121.4000
v -21.2000 0.0000 -124.8500
v -21.2000 0.0000 -125.2000
v -22.4000 0.0000 -124.8500
v -22.4000 0.0000 -125.2000
v -21.2000 2.0000 -124.8500
v -21.2000 2.0000 -125.2000
v -22.4000 2.0000 -124.8500
v -22.4000 2.0000 -125.2000
v -13.4667 0.0000 -125.6000
v -13.4667 0.0000 -130.5000
v -15.0667 0.0000 -125.6000
v -15.0667 0.0000 -130.5000
v -13.4667 1.0000 -125.6000
v -13.4667 1.0000 -130.5000
v -15.0667 1.0000 -125.6000
v -15.0667 1.0000 -130.5000
v -16.5333 0.0000 -125.6000
v -16.5333 0.0000 -130.5000
v -18.1333 0.0000 -125.6000
v -18.1333 0.0000 -130.5000
v -16.5333 1.0000 -125.6000
v -16.5333 1.0000 -130.5000
v -18.1333 1.0000 -125.6000
v -18.1333 1.0000 -130.5000
v -12.2000 0.0000 -117.5000
v -12.2000 0.0000 -121.2000
v -19.4000 0.0000 -117.5000
v -19.4000 0.0000 -121.2000
v -12.2000 0.9000 -117.5000
v -12.2000 0.9000 -121.2000
v -19.4000 0.9000 -117.5000
v -19.4000 0.9000 -121.2000
v -13.7667 0.6000 -115.5500
v -13.7667 0.6000 -115.9500
v -14.7667 0.6000 -115.5500
v -14.7667 0.6000 -115.9500
v -13.7667 2.0000 -115.5500
v -13.7667 2.0000 -115.9500
v -14.7667 2.0000 -115.5500
v -14.7667 2.0000 -115.9500
v -16.8333 0.6000 -132.0500
v -16.8333 0.6000 -132.4500
v -17.8333 0.6000 -132.0500
v -17.8333 0.6000 -132.4500
v -16.8333 2.0000 -132.0500
v -16.8333 2.0000 -132.4500
v -17.8333 2.0000 -132.0500
v -17.8333 2.0000 -132.4500
f 5329 5331 5327 5325
f 5326 5328 5332 5330
f 5325 5326 5330 5329
f 5331 5332 5328 5327
f 5327 5328 5326 5325
f 5329 5330 5332 5331
f 5337 5339 5335 5333
f 5334 5336 5340 5338
f 5333 5334 5338 5337
f 5339 5340 5336 5335
f 5335 5336 5334 5333
f 5337 5338 5340 5339
f 5345 5347 5343 5341
f 5342 5344 5348 5346
f 5341 5342 5346 5345
f 5347 5348 5344 5343
f 5343 5344 5342 5341
f 5345 5346 5348 5347
f 5353 5355 5351 5349
f 5350 5352 5356 5354
f 5349 5350 5354 5353
f 5355 5356 5352 5351
f 5351 5352 5350 5349
f 5353 5354 5356 5355
f 5361 5363 5359 5357
f 5358 5360 5364 5362
f 5357 5358 5362 5361
f 5363 5364 5360 5359
f 5359 5360 5358 5357
f 5361 5362 5364 5363
f 5369 5371 5367 5365
f 5366 5368 5372 5370
f 5365 5366 5370 5369
f 5371 5372 5368 5367
f 5367 5368 5366 5365
f 5369 5370 5372 5371
f 5377 5379 5375 5373
f 5374 5376 5380 5378
f 5373 5374 5378 5377
f 5379 5380 5376 5375
f 5375 5376 5374 5373
f 5377 5378 5380 5379
f 5385 5387 5383 5381
f 5382 5384 5388 5386
f 5381 5382 5386 5385
f 5387 5388 5384 5383
f 5383 5384 5382 5381
f 5385 5386 5388 5387
f 5393 5395 5391 5389
f 5390 5392 5396 5394
f 5389 5390 5394 5393
f 5395 5396 5392 5391
f 5391 5392 5390 5389
f 5393 5394 5396 5395
o STATION_HOME_M07FAB_Cover-col
usemtl Cover
v -13.0000 0.0000 -120.4000
v -13.0000 0.0000 -121.4000
v -14.0000 0.0000 -120.4000
v -14.0000 0.0000 -121.4000
v -13.0000 1.1000 -120.4000
v -13.0000 1.1000 -121.4000
v -14.0000 1.1000 -120.4000
v -14.0000 1.1000 -121.4000
v -17.6000 0.0000 -120.4000
v -17.6000 0.0000 -121.4000
v -18.6000 0.0000 -120.4000
v -18.6000 0.0000 -121.4000
v -17.6000 1.1000 -120.4000
v -17.6000 1.1000 -121.4000
v -18.6000 1.1000 -120.4000
v -18.6000 1.1000 -121.4000
f 5401 5403 5399 5397
f 5398 5400 5404 5402
f 5397 5398 5402 5401
f 5403 5404 5400 5399
f 5399 5400 5398 5397
f 5401 5402 5404 5403
f 5409 5411 5407 5405
f 5406 5408 5412 5410
f 5405 5406 5410 5409
f 5411 5412 5408 5407
f 5407 5408 5406 5405
f 5409 5410 5412 5411
o STATION_HOME_M07FAB_Hazard
usemtl Hazard
v -14.5000 0.0000 -114.8800
v -14.5000 0.0000 -115.0000
v -14.8000 0.0000 -114.8800
v -14.8000 0.0000 -115.0000
v -14.5000 2.9000 -114.8800
v -14.5000 2.9000 -115.0000
v -14.8000 2.9000 -114.8800
v -14.8000 2.9000 -115.0000
v -16.8000 0.0000 -114.8800
v -16.8000 0.0000 -115.0000
v -17.1000 0.0000 -114.8800
v -17.1000 0.0000 -115.0000
v -16.8000 2.9000 -114.8800
v -16.8000 2.9000 -115.0000
v -17.1000 2.9000 -114.8800
v -17.1000 2.9000 -115.0000
v -14.5000 0.0000 -133.0000
v -14.5000 0.0000 -133.1200
v -14.8000 0.0000 -133.0000
v -14.8000 0.0000 -133.1200
v -14.5000 2.9000 -133.0000
v -14.5000 2.9000 -133.1200
v -14.8000 2.9000 -133.0000
v -14.8000 2.9000 -133.1200
v -16.8000 0.0000 -133.0000
v -16.8000 0.0000 -133.1200
v -17.1000 0.0000 -133.0000
v -17.1000 0.0000 -133.1200
v -16.8000 2.9000 -133.0000
v -16.8000 2.9000 -133.1200
v -17.1000 2.9000 -133.0000
v -17.1000 2.9000 -133.1200
v -31.2000 2.8000 -122.8000
v -31.2000 2.8000 -125.2000
v -31.2400 2.8000 -122.8000
v -31.2400 2.8000 -125.2000
v -31.2000 3.0000 -122.8000
v -31.2000 3.0000 -125.2000
v -31.2400 3.0000 -122.8000
v -31.2400 3.0000 -125.2000
v -13.7667 1.8000 -115.9500
v -13.7667 1.8000 -115.9700
v -14.7667 1.8000 -115.9500
v -14.7667 1.8000 -115.9700
v -13.7667 2.0000 -115.9500
v -13.7667 2.0000 -115.9700
v -14.7667 2.0000 -115.9500
v -14.7667 2.0000 -115.9700
v -16.8333 1.8000 -132.0300
v -16.8333 1.8000 -132.0500
v -17.8333 1.8000 -132.0300
v -17.8333 1.8000 -132.0500
v -16.8333 2.0000 -132.0300
v -16.8333 2.0000 -132.0500
v -17.8333 2.0000 -132.0300
v -17.8333 2.0000 -132.0500
f 5417 5419 5415 5413
f 5414 5416 5420 5418
f 5413 5414 5418 5417
f 5419 5420 5416 5415
f 5415 5416 5414 5413
f 5417 5418 5420 5419
f 5425 5427 5423 5421
f 5422 5424 5428 5426
f 5421 5422 5426 5425
f 5427 5428 5424 5423
f 5423 5424 5422 5421
f 5425 5426 5428 5427
f 5433 5435 5431 5429
f 5430 5432 5436 5434
f 5429 5430 5434 5433
f 5435 5436 5432 5431
f 5431 5432 5430 5429
f 5433 5434 5436 5435
f 5441 5443 5439 5437
f 5438 5440 5444 5442
f 5437 5438 5442 5441
f 5443 5444 5440 5439
f 5439 5440 5438 5437
f 5441 5442 5444 5443
f 5449 5451 5447 5445
f 5446 5448 5452 5450
f 5445 5446 5450 5449
f 5451 5452 5448 5447
f 5447 5448 5446 5445
f 5449 5450 5452 5451
f 5457 5459 5455 5453
f 5454 5456 5460 5458
f 5453 5454 5458 5457
f 5459 5460 5456 5455
f 5455 5456 5454 5453
f 5457 5458 5460 5459
f 5465 5467 5463 5461
f 5462 5464 5468 5466
f 5461 5462 5466 5465
f 5467 5468 5464 5463
f 5463 5464 5462 5461
f 5465 5466 5468 5467
o STATION_HOME_M07FAB_Lights
usemtl Lights
v -21.6000 0.8000 -131.6800
v -21.6000 0.8000 -131.7000
v -30.0000 0.8000 -131.6800
v -30.0000 0.8000 -131.7000
v -21.6000 1.0500 -131.6800
v -21.6000 1.0500 -131.7000
v -30.0000 1.0500 -131.6800
v -30.0000 1.0500 -131.7000
v -25.1000 1.0000 -126.7000
v -25.1000 1.0000 -127.7000
v -26.5000 1.0000 -126.7000
v -26.5000 1.0000 -127.7000
v -25.1000 1.0300 -126.7000
v -25.1000 1.0300 -127.7000
v -26.5000 1.0300 -126.7000
v -26.5000 1.0300 -127.7000
v -21.3000 3.6200 -123.7000
v -21.3000 3.6200 -124.3000
v -30.3000 3.6200 -123.7000
v -30.3000 3.6200 -124.3000
v -21.3000 3.7000 -123.7000
v -21.3000 3.7000 -124.3000
v -30.3000 3.7000 -123.7000
v -30.3000 3.7000 -124.3000
v -11.7000 3.8800 -123.6000
v -11.7000 3.8800 -124.4000
v -19.9000 3.8800 -123.6000
v -19.9000 3.8800 -124.4000
v -11.7000 3.9600 -123.6000
v -11.7000 3.9600 -124.4000
v -19.9000 3.9600 -123.6000
v -19.9000 3.9600 -124.4000
f 5473 5475 5471 5469
f 5470 5472 5476 5474
f 5469 5470 5474 5473
f 5475 5476 5472 5471
f 5471 5472 5470 5469
f 5473 5474 5476 5475
f 5481 5483 5479 5477
f 5478 5480 5484 5482
f 5477 5478 5482 5481
f 5483 5484 5480 5479
f 5479 5480 5478 5477
f 5481 5482 5484 5483
f 5489 5491 5487 5485
f 5486 5488 5492 5490
f 5485 5486 5490 5489
f 5491 5492 5488 5487
f 5487 5488 5486 5485
f 5489 5490 5492 5491
f 5497 5499 5495 5493
f 5494 5496 5500 5498
f 5493 5494 5498 5497
f 5499 5500 5496 5495
f 5495 5496 5494 5493
f 5497 5498 5500 5499
o STATION_HOME_M07FAB_Trim
usemtl Trim
v -14.1667 1.0000 -126.2000
v -14.1667 1.0000 -126.4000
v -14.3667 1.0000 -126.2000
v -14.3667 1.0000 -126.4000
v -14.1667 2.2000 -126.2000
v -14.1667 2.2000 -126.4000
v -14.3667 2.2000 -126.2000
v -14.3667 2.2000 -126.4000
v -14.1667 2.1000 -126.2000
v -14.1667 2.1000 -128.0000
v -14.3667 2.1000 -126.2000
v -14.3667 2.1000 -128.0000
v -14.1667 2.3000 -126.2000
v -14.1667 2.3000 -128.0000
v -14.3667 2.3000 -126.2000
v -14.3667 2.3000 -128.0000
v -17.2333 1.0000 -126.2000
v -17.2333 1.0000 -126.4000
v -17.4333 1.0000 -126.2000
v -17.4333 1.0000 -126.4000
v -17.2333 2.2000 -126.2000
v -17.2333 2.2000 -126.4000
v -17.4333 2.2000 -126.2000
v -17.4333 2.2000 -126.4000
v -17.2333 2.1000 -126.2000
v -17.2333 2.1000 -128.0000
v -17.4333 2.1000 -126.2000
v -17.4333 2.1000 -128.0000
v -17.2333 2.3000 -126.2000
v -17.2333 2.3000 -128.0000
v -17.4333 2.3000 -126.2000
v -17.4333 2.3000 -128.0000
f 5505 5507 5503 5501
f 5502 5504 5508 5506
f 5501 5502 5506 5505
f 5507 5508 5504 5503
f 5503 5504 5502 5501
f 5505 5506 5508 5507
f 5513 5515 5511 5509
f 5510 5512 5516 5514
f 5509 5510 5514 5513
f 5515 5516 5512 5511
f 5511 5512 5510 5509
f 5513 5514 5516 5515
f 5521 5523 5519 5517
f 5518 5520 5524 5522
f 5517 5518 5522 5521
f 5523 5524 5520 5519
f 5519 5520 5518 5517
f 5521 5522 5524 5523
f 5529 5531 5527 5525
f 5526 5528 5532 5530
f 5525 5526 5530 5529
f 5531 5532 5528 5527
f 5527 5528 5526 5525
f 5529 5530 5532 5531
o STATION_HOME_M07FAB_AirlockPort_Door-col
usemtl Door
v -14.7500 0.0000 -115.2000
v -14.7500 0.0000 -115.3000
v -16.8500 0.0000 -115.2000
v -16.8500 0.0000 -115.3000
v -14.7500 2.6000 -115.2000
v -14.7500 2.6000 -115.3000
v -16.8500 2.6000 -115.2000
v -16.8500 2.6000 -115.3000
f 5537 5539 5535 5533
f 5534 5536 5540 5538
f 5533 5534 5538 5537
f 5539 5540 5536 5535
f 5535 5536 5534 5533
f 5537 5538 5540 5539
o STATION_HOME_M07FAB_AirlockStbd_Door-col
usemtl Door
v -14.7500 0.0000 -132.7000
v -14.7500 0.0000 -132.8000
v -16.8500 0.0000 -132.7000
v -16.8500 0.0000 -132.8000
v -14.7500 2.6000 -132.7000
v -14.7500 2.6000 -132.8000
v -16.8500 2.6000 -132.7000
v -16.8500 2.6000 -132.8000
f 5545 5547 5543 5541
f 5542 5544 5548 5546
f 5541 5542 5546 5545
f 5547 5548 5544 5543
f 5543 5544 5542 5541
f 5545 5546 5548 5547
o STATION_HOME_M07FAB_Connector_Back_Door-col
usemtl Door
v -10.5500 0.0000 -123.0500
v -10.5500 0.0000 -124.9500
v -10.6500 0.0000 -123.0500
v -10.6500 0.0000 -124.9500
v -10.5500 2.8000 -123.0500
v -10.5500 2.8000 -124.9500
v -10.6500 2.8000 -123.0500
v -10.6500 2.8000 -124.9500
f 5553 5555 5551 5549
f 5550 5552 5556 5554
f 5549 5550 5554 5553
f 5555 5556 5552 5551
f 5551 5552 5550 5549
f 5553 5554 5556 5555
o STATION_HOME_M07FAB_Connector_Front_Door-col
usemtl Door
v -30.9500 0.0000 -123.0500
v -30.9500 0.0000 -124.9500
v -31.0500 0.0000 -123.0500
v -31.0500 0.0000 -124.9500
v -30.9500 2.8000 -123.0500
v -30.9500 2.8000 -124.9500
v -31.0500 2.8000 -123.0500
v -31.0500 2.8000 -124.9500
f 5561 5563 5559 5557
f 5558 5560 5564 5562
f 5557 5558 5562 5561
f 5563 5564 5560 5559
f 5559 5560 5558 5557
f 5561 5562 5564 5563
o STATION_HOME_M07FAB_ControlConsole-col
usemtl Furniture
v -25.0000 0.0000 -126.6000
v -25.0000 0.0000 -127.8000
v -26.6000 0.0000 -126.6000
v -26.6000 0.0000 -127.8000
v -25.0000 1.0000 -126.6000
v -25.0000 1.0000 -127.8000
v -26.6000 1.0000 -126.6000
v -26.6000 1.0000 -127.8000
f 5569 5571 5567 5565
f 5566 5568 5572 5570
f 5565 5566 5570 5569
f 5571 5572 5568 5567
f 5567 5568 5566 5565
f 5569 5570 5572 5571
o STATION_HOME_M07FAB_StatusLight
usemtl Lights
v -29.3000 4.4000 -123.5000
v -29.3000 4.4000 -124.5000
v -30.3000 4.4000 -123.5000
v -30.3000 4.4000 -124.5000
v -29.3000 4.7000 -123.5000
v -29.3000 4.7000 -124.5000
v -30.3000 4.7000 -123.5000
v -30.3000 4.7000 -124.5000
f 5577 5579 5575 5573
f 5574 5576 5580 5578
f 5573 5574 5578 5577
f 5579 5580 5576 5575
f 5575 5576 5574 5573
f 5577 5578 5580 5579
o STATION_HOME_T04_Deck-col
usemtl Deck
v -1.4000 -0.3000 -128.4000
v 1.4000 -0.3000 -128.4000
v -1.4000 -0.3000 -148.7200
v 1.4000 -0.3000 -148.7200
v -1.4000 0.0000 -128.4000
v 1.4000 0.0000 -128.4000
v -1.4000 0.0000 -148.7200
v 1.4000 0.0000 -148.7200
f 5585 5587 5583 5581
f 5582 5584 5588 5586
f 5581 5582 5586 5585
f 5587 5588 5584 5583
f 5583 5584 5582 5581
f 5585 5586 5588 5587
o STATION_HOME_T04_Hull-col
usemtl Hull
v -1.8000 3.2000 -128.4000
v 1.8000 3.2000 -128.4000
v -1.8000 3.2000 -148.7200
v 1.8000 3.2000 -148.7200
v -1.8000 3.6000 -128.4000
v 1.8000 3.6000 -128.4000
v -1.8000 3.6000 -148.7200
v 1.8000 3.6000 -148.7200
v -1.8000 -0.7000 -128.4000
v 1.8000 -0.7000 -128.4000
v -1.8000 -0.7000 -148.7200
v 1.8000 -0.7000 -148.7200
v -1.8000 -0.3000 -128.4000
v 1.8000 -0.3000 -128.4000
v -1.8000 -0.3000 -148.7200
v 1.8000 -0.3000 -148.7200
v -1.8000 -0.3000 -128.4000
v -1.4000 -0.3000 -128.4000
v -1.8000 -0.3000 -129.4000
v -1.4000 -0.3000 -129.4000
v -1.8000 3.2000 -128.4000
v -1.4000 3.2000 -128.4000
v -1.8000 3.2000 -129.4000
v -1.4000 3.2000 -129.4000
v -1.8000 -0.3000 -129.4000
v -1.4000 -0.3000 -129.4000
v -1.8000 -0.3000 -147.7200
v -1.4000 -0.3000 -147.7200
v -1.8000 1.2000 -129.4000
v -1.4000 1.2000 -129.4000
v -1.8000 1.2000 -147.7200
v -1.4000 1.2000 -147.7200
v -1.8000 2.4000 -129.4000
v -1.4000 2.4000 -129.4000
v -1.8000 2.4000 -147.7200
v -1.4000 2.4000 -147.7200
v -1.8000 3.2000 -129.4000
v -1.4000 3.2000 -129.4000
v -1.8000 3.2000 -147.7200
v -1.4000 3.2000 -147.7200
v -1.8000 -0.3000 -147.7200
v -1.4000 -0.3000 -147.7200
v -1.8000 -0.3000 -148.7200
v -1.4000 -0.3000 -148.7200
v -1.8000 3.2000 -147.7200
v -1.4000 3.2000 -147.7200
v -1.8000 3.2000 -148.7200
v -1.4000 3.2000 -148.7200
v 1.4000 -0.3000 -128.4000
v 1.8000 -0.3000 -128.4000
v 1.4000 -0.3000 -129.4000
v 1.8000 -0.3000 -129.4000
v 1.4000 3.2000 -128.4000
v 1.8000 3.2000 -128.4000
v 1.4000 3.2000 -129.4000
v 1.8000 3.2000 -129.4000
v 1.4000 -0.3000 -129.4000
v 1.8000 -0.3000 -129.4000
v 1.4000 -0.3000 -147.7200
v 1.8000 -0.3000 -147.7200
v 1.4000 1.2000 -129.4000
v 1.8000 1.2000 -129.4000
v 1.4000 1.2000 -147.7200
v 1.8000 1.2000 -147.7200
v 1.4000 2.4000 -129.4000
v 1.8000 2.4000 -129.4000
v 1.4000 2.4000 -147.7200
v 1.8000 2.4000 -147.7200
v 1.4000 3.2000 -129.4000
v 1.8000 3.2000 -129.4000
v 1.4000 3.2000 -147.7200
v 1.8000 3.2000 -147.7200
v 1.4000 -0.3000 -147.7200
v 1.8000 -0.3000 -147.7200
v 1.4000 -0.3000 -148.7200
v 1.8000 -0.3000 -148.7200
v 1.4000 3.2000 -147.7200
v 1.8000 3.2000 -147.7200
v 1.4000 3.2000 -148.7200
v 1.8000 3.2000 -148.7200
f 5593 5595 5591 5589
f 5590 5592 5596 5594
f 5589 5590 5594 5593
f 5595 5596 5592 5591
f 5591 5592 5590 5589
f 5593 5594 5596 5595
f 5601 5603 5599 5597
f 5598 5600 5604 5602
f 5597 5598 5602 5601
f 5603 5604 5600 5599
f 5599 5600 5598 5597
f 5601 5602 5604 5603
f 5609 5611 5607 5605
f 5606 5608 5612 5610
f 5605 5606 5610 5609
f 5611 5612 5608 5607
f 5607 5608 5606 5605
f 5609 5610 5612 5611
f 5617 5619 5615 5613
f 5614 5616 5620 5618
f 5613 5614 5618 5617
f 5619 5620 5616 5615
f 5615 5616 5614 5613
f 5617 5618 5620 5619
f 5625 5627 5623 5621
f 5622 5624 5628 5626
f 5621 5622 5626 5625
f 5627 5628 5624 5623
f 5623 5624 5622 5621
f 5625 5626 5628 5627
f 5633 5635 5631 5629
f 5630 5632 5636 5634
f 5629 5630 5634 5633
f 5635 5636 5632 5631
f 5631 5632 5630 5629
f 5633 5634 5636 5635
f 5641 5643 5639 5637
f 5638 5640 5644 5642
f 5637 5638 5642 5641
f 5643 5644 5640 5639
f 5639 5640 5638 5637
f 5641 5642 5644 5643
f 5649 5651 5647 5645
f 5646 5648 5652 5650
f 5645 5646 5650 5649
f 5651 5652 5648 5647
f 5647 5648 5646 5645
f 5649 5650 5652 5651
f 5657 5659 5655 5653
f 5654 5656 5660 5658
f 5653 5654 5658 5657
f 5659 5660 5656 5655
f 5655 5656 5654 5653
f 5657 5658 5660 5659
f 5665 5667 5663 5661
f 5662 5664 5668 5666
f 5661 5662 5666 5665
f 5667 5668 5664 5663
f 5663 5664 5662 5661
f 5665 5666 5668 5667
o STATION_HOME_T04_Lights
usemtl Lights
v -0.3000 3.1200 -128.9000
v 0.3000 3.1200 -128.9000
v -0.3000 3.1200 -148.2200
v 0.3000 3.1200 -148.2200
v -0.3000 3.2000 -128.9000
v 0.3000 3.2000 -128.9000
v -0.3000 3.2000 -148.2200
v 0.3000 3.2000 -148.2200
f 5673 5675 5671 5669
f 5670 5672 5676 5674
f 5669 5670 5674 5673
f 5675 5676 5672 5671
f 5671 5672 5670 5669
f 5673 5674 5676 5675
o STATION_HOME_T04_Glass-col
usemtl Glass
v -1.6000 1.2000 -129.4000
v -1.5500 1.2000 -129.4000
v -1.6000 1.2000 -147.7200
v -1.5500 1.2000 -147.7200
v -1.6000 2.4000 -129.4000
v -1.5500 2.4000 -129.4000
v -1.6000 2.4000 -147.7200
v -1.5500 2.4000 -147.7200
v 1.5500 1.2000 -129.4000
v 1.6000 1.2000 -129.4000
v 1.5500 1.2000 -147.7200
v 1.6000 1.2000 -147.7200
v 1.5500 2.4000 -129.4000
v 1.6000 2.4000 -129.4000
v 1.5500 2.4000 -147.7200
v 1.6000 2.4000 -147.7200
f 5681 5683 5679 5677
f 5678 5680 5684 5682
f 5677 5678 5682 5681
f 5683 5684 5680 5679
f 5679 5680 5678 5677
f 5681 5682 5684 5683
f 5689 5691 5687 5685
f 5686 5688 5692 5690
f 5685 5686 5690 5689
f 5691 5692 5688 5687
f 5687 5688 5686 5685
f 5689 5690 5692 5691
o STATION_HOME_H04_Deck-col
usemtl Deck
v -4.0000 -0.3000 -149.1200
v 4.0000 -0.3000 -149.1200
v -4.0000 -0.3000 -157.1200
v 4.0000 -0.3000 -157.1200
v -4.0000 0.0000 -149.1200
v 4.0000 0.0000 -149.1200
v -4.0000 0.0000 -157.1200
v 4.0000 0.0000 -157.1200
f 5697 5699 5695 5693
f 5694 5696 5700 5698
f 5693 5694 5698 5697
f 5699 5700 5696 5695
f 5695 5696 5694 5693
f 5697 5698 5700 5699
o STATION_HOME_H04_Hull-col
usemtl Hull
v -4.4000 4.0000 -148.7200
v 4.4000 4.0000 -148.7200
v -4.4000 4.0000 -157.5200
v 4.4000 4.0000 -157.5200
v -4.4000 4.4000 -148.7200
v 4.4000 4.4000 -148.7200
v -4.4000 4.4000 -157.5200
v 4.4000 4.4000 -157.5200
v -4.4000 -0.7000 -148.7200
v 4.4000 -0.7000 -148.7200
v -4.4000 -0.7000 -157.5200
v 4.4000 -0.7000 -157.5200
v -4.4000 -0.3000 -148.7200
v 4.4000 -0.3000 -148.7200
v -4.4000 -0.3000 -157.5200
v 4.4000 -0.3000 -157.5200
v -4.4000 -0.3000 -148.7200
v -1.1000 -0.3000 -148.7200
v -4.4000 -0.3000 -149.1200
v -1.1000 -0.3000 -149.1200
v -4.4000 4.0000 -148.7200
v -1.1000 4.0000 -148.7200
v -4.4000 4.0000 -149.1200
v -1.1000 4.0000 -149.1200
v -1.1000 -0.3000 -148.7200
v 1.1000 -0.3000 -148.7200
v -1.1000 -0.3000 -149.1200
v 1.1000 -0.3000 -149.1200
v -1.1000 0.0000 -148.7200
v 1.1000 0.0000 -148.7200
v -1.1000 0.0000 -149.1200
v 1.1000 0.0000 -149.1200
v -1.1000 3.0000 -148.7200
v 1.1000 3.0000 -148.7200
v -1.1000 3.0000 -149.1200
v 1.1000 3.0000 -149.1200
v -1.1000 4.0000 -148.7200
v 1.1000 4.0000 -148.7200
v -1.1000 4.0000 -149.1200
v 1.1000 4.0000 -149.1200
v 1.1000 -0.3000 -148.7200
v 4.4000 -0.3000 -148.7200
v 1.1000 -0.3000 -149.1200
v 4.4000 -0.3000 -149.1200
v 1.1000 4.0000 -148.7200
v 4.4000 4.0000 -148.7200
v 1.1000 4.0000 -149.1200
v 4.4000 4.0000 -149.1200
v -4.4000 -0.3000 -157.1200
v -1.1000 -0.3000 -157.1200
v -4.4000 -0.3000 -157.5200
v -1.1000 -0.3000 -157.5200
v -4.4000 4.0000 -157.1200
v -1.1000 4.0000 -157.1200
v -4.4000 4.0000 -157.5200
v -1.1000 4.0000 -157.5200
v -1.1000 -0.3000 -157.1200
v 1.1000 -0.3000 -157.1200
v -1.1000 -0.3000 -157.5200
v 1.1000 -0.3000 -157.5200
v -1.1000 0.0000 -157.1200
v 1.1000 0.0000 -157.1200
v -1.1000 0.0000 -157.5200
v 1.1000 0.0000 -157.5200
v -1.1000 3.0000 -157.1200
v 1.1000 3.0000 -157.1200
v -1.1000 3.0000 -157.5200
v 1.1000 3.0000 -157.5200
v -1.1000 4.0000 -157.1200
v 1.1000 4.0000 -157.1200
v -1.1000 4.0000 -157.5200
v 1.1000 4.0000 -157.5200
v 1.1000 -0.3000 -157.1200
v 4.4000 -0.3000 -157.1200
v 1.1000 -0.3000 -157.5200
v 4.4000 -0.3000 -157.5200
v 1.1000 4.0000 -157.1200
v 4.4000 4.0000 -157.1200
v 1.1000 4.0000 -157.5200
v 4.4000 4.0000 -157.5200
v -4.4000 -0.3000 -148.7200
v -4.0000 -0.3000 -148.7200
v -4.4000 -0.3000 -152.0200
v -4.0000 -0.3000 -152.0200
v -4.4000 4.0000 -148.7200
v -4.0000 4.0000 -148.7200
v -4.4000 4.0000 -152.0200
v -4.0000 4.0000 -152.0200
v -4.4000 -0.3000 -152.0200
v -4.0000 -0.3000 -152.0200
v -4.4000 -0.3000 -154.2200
v -4.0000 -0.3000 -154.2200
v -4.4000 0.0000 -152.0200
v -4.0000 0.0000 -152.0200
v -4.4000 0.0000 -154.2200
v -4.0000 0.0000 -154.2200
v -4.4000 3.0000 -152.0200
v -4.0000 3.0000 -152.0200
v -4.4000 3.0000 -154.2200
v -4.0000 3.0000 -154.2200
v -4.4000 4.0000 -152.0200
v -4.0000 4.0000 -152.0200
v -4.4000 4.0000 -154.2200
v -4.0000 4.0000 -154.2200
v -4.4000 -0.3000 -154.2200
v -4.0000 -0.3000 -154.2200
v -4.4000 -0.3000 -157.5200
v -4.0000 -0.3000 -157.5200
v -4.4000 4.0000 -154.2200
v -4.0000 4.0000 -154.2200
v -4.4000 4.0000 -157.5200
v -4.0000 4.0000 -157.5200
v 4.0000 -0.3000 -148.7200
v 4.4000 -0.3000 -148.7200
v 4.0000 -0.3000 -152.0200
v 4.4000 -0.3000 -152.0200
v 4.0000 4.0000 -148.7200
v 4.4000 4.0000 -148.7200
v 4.0000 4.0000 -152.0200
v 4.4000 4.0000 -152.0200
v 4.0000 -0.3000 -152.0200
v 4.4000 -0.3000 -152.0200
v 4.0000 -0.3000 -154.2200
v 4.4000 -0.3000 -154.2200
v 4.0000 0.0000 -152.0200
v 4.4000 0.0000 -152.0200
v 4.0000 0.0000 -154.2200
v 4.4000 0.0000 -154.2200
v 4.0000 3.0000 -152.0200
v 4.4000 3.0000 -152.0200
v 4.0000 3.0000 -154.2200
v 4.4000 3.0000 -154.2200
v 4.0000 4.0000 -152.0200
v 4.4000 4.0000 -152.0200
v 4.0000 4.0000 -154.2200
v 4.4000 4.0000 -154.2200
v 4.0000 -0.3000 -154.2200
v 4.4000 -0.3000 -154.2200
v 4.0000 -0.3000 -157.5200
v 4.4000 -0.3000 -157.5200
v 4.0000 4.0000 -154.2200
v 4.4000 4.0000 -154.2200
v 4.0000 4.0000 -157.5200
v 4.4000 4.0000 -157.5200
f 5705 5707 5703 5701
f 5702 5704 5708 5706
f 5701 5702 5706 5705
f 5707 5708 5704 5703
f 5703 5704 5702 5701
f 5705 5706 5708 5707
f 5713 5715 5711 5709
f 5710 5712 5716 5714
f 5709 5710 5714 5713
f 5715 5716 5712 5711
f 5711 5712 5710 5709
f 5713 5714 5716 5715
f 5721 5723 5719 5717
f 5718 5720 5724 5722
f 5717 5718 5722 5721
f 5723 5724 5720 5719
f 5719 5720 5718 5717
f 5721 5722 5724 5723
f 5729 5731 5727 5725
f 5726 5728 5732 5730
f 5725 5726 5730 5729
f 5731 5732 5728 5727
f 5727 5728 5726 5725
f 5729 5730 5732 5731
f 5737 5739 5735 5733
f 5734 5736 5740 5738
f 5733 5734 5738 5737
f 5739 5740 5736 5735
f 5735 5736 5734 5733
f 5737 5738 5740 5739
f 5745 5747 5743 5741
f 5742 5744 5748 5746
f 5741 5742 5746 5745
f 5747 5748 5744 5743
f 5743 5744 5742 5741
f 5745 5746 5748 5747
f 5753 5755 5751 5749
f 5750 5752 5756 5754
f 5749 5750 5754 5753
f 5755 5756 5752 5751
f 5751 5752 5750 5749
f 5753 5754 5756 5755
f 5761 5763 5759 5757
f 5758 5760 5764 5762
f 5757 5758 5762 5761
f 5763 5764 5760 5759
f 5759 5760 5758 5757
f 5761 5762 5764 5763
f 5769 5771 5767 5765
f 5766 5768 5772 5770
f 5765 5766 5770 5769
f 5771 5772 5768 5767
f 5767 5768 5766 5765
f 5769 5770 5772 5771
f 5777 5779 5775 5773
f 5774 5776 5780 5778
f 5773 5774 5778 5777
f 5779 5780 5776 5775
f 5775 5776 5774 5773
f 5777 5778 5780 5779
f 5785 5787 5783 5781
f 5782 5784 5788 5786
f 5781 5782 5786 5785
f 5787 5788 5784 5783
f 5783 5784 5782 5781
f 5785 5786 5788 5787
f 5793 5795 5791 5789
f 5790 5792 5796 5794
f 5789 5790 5794 5793
f 5795 5796 5792 5791
f 5791 5792 5790 5789
f 5793 5794 5796 5795
f 5801 5803 5799 5797
f 5798 5800 5804 5802
f 5797 5798 5802 5801
f 5803 5804 5800 5799
f 5799 5800 5798 5797
f 5801 5802 5804 5803
f 5809 5811 5807 5805
f 5806 5808 5812 5810
f 5805 5806 5810 5809
f 5811 5812 5808 5807
f 5807 5808 5806 5805
f 5809 5810 5812 5811
f 5817 5819 5815 5813
f 5814 5816 5820 5818
f 5813 5814 5818 5817
f 5819 5820 5816 5815
f 5815 5816 5814 5813
f 5817 5818 5820 5819
f 5825 5827 5823 5821
f 5822 5824 5828 5826
f 5821 5822 5826 5825
f 5827 5828 5824 5823
f 5823 5824 5822 5821
f 5825 5826 5828 5827
f 5833 5835 5831 5829
f 5830 5832 5836 5834
f 5829 5830 5834 5833
f 5835 5836 5832 5831
f 5831 5832 5830 5829
f 5833 5834 5836 5835
f 5841 5843 5839 5837
f 5838 5840 5844 5842
f 5837 5838 5842 5841
f 5843 5844 5840 5839
f 5839 5840 5838 5837
f 5841 5842 5844 5843
o STATION_HOME_H04_Lights
usemtl Lights
v -1.0000 3.9200 -152.1200
v 1.0000 3.9200 -152.1200
v -1.0000 3.9200 -154.1200
v 1.0000 3.9200 -154.1200
v -1.0000 4.0000 -152.1200
v 1.0000 4.0000 -152.1200
v -1.0000 4.0000 -154.1200
v 1.0000 4.0000 -154.1200
f 5849 5851 5847 5845
f 5846 5848 5852 5850
f 5845 5846 5850 5849
f 5851 5852 5848 5847
f 5847 5848 5846 5845
f 5849 5850 5852 5851
o STATION_HOME_T04R_Deck-col
usemtl Deck
v 4.4000 -0.3000 -154.5200
v 4.4000 -0.3000 -151.7200
v 10.4000 -0.3000 -154.5200
v 10.4000 -0.3000 -151.7200
v 4.4000 0.0000 -154.5200
v 4.4000 0.0000 -151.7200
v 10.4000 0.0000 -154.5200
v 10.4000 0.0000 -151.7200
f 5857 5859 5855 5853
f 5854 5856 5860 5858
f 5853 5854 5858 5857
f 5859 5860 5856 5855
f 5855 5856 5854 5853
f 5857 5858 5860 5859
o STATION_HOME_T04R_Hull-col
usemtl Hull
v 4.4000 3.2000 -154.9200
v 4.4000 3.2000 -151.3200
v 10.4000 3.2000 -154.9200
v 10.4000 3.2000 -151.3200
v 4.4000 3.6000 -154.9200
v 4.4000 3.6000 -151.3200
v 10.4000 3.6000 -154.9200
v 10.4000 3.6000 -151.3200
v 4.4000 -0.7000 -154.9200
v 4.4000 -0.7000 -151.3200
v 10.4000 -0.7000 -154.9200
v 10.4000 -0.7000 -151.3200
v 4.4000 -0.3000 -154.9200
v 4.4000 -0.3000 -151.3200
v 10.4000 -0.3000 -154.9200
v 10.4000 -0.3000 -151.3200
v 4.4000 -0.3000 -154.9200
v 4.4000 -0.3000 -154.5200
v 5.4000 -0.3000 -154.9200
v 5.4000 -0.3000 -154.5200
v 4.4000 3.2000 -154.9200
v 4.4000 3.2000 -154.5200
v 5.4000 3.2000 -154.9200
v 5.4000 3.2000 -154.5200
v 5.4000 -0.3000 -154.9200
v 5.4000 -0.3000 -154.5200
v 9.4000 -0.3000 -154.9200
v 9.4000 -0.3000 -154.5200
v 5.4000 1.2000 -154.9200
v 5.4000 1.2000 -154.5200
v 9.4000 1.2000 -154.9200
v 9.4000 1.2000 -154.5200
v 5.4000 2.4000 -154.9200
v 5.4000 2.4000 -154.5200
v 9.4000 2.4000 -154.9200
v 9.4000 2.4000 -154.5200
v 5.4000 3.2000 -154.9200
v 5.4000 3.2000 -154.5200
v 9.4000 3.2000 -154.9200
v 9.4000 3.2000 -154.5200
v 9.4000 -0.3000 -154.9200
v 9.4000 -0.3000 -154.5200
v 10.4000 -0.3000 -154.9200
v 10.4000 -0.3000 -154.5200
v 9.4000 3.2000 -154.9200
v 9.4000 3.2000 -154.5200
v 10.4000 3.2000 -154.9200
v 10.4000 3.2000 -154.5200
v 4.4000 -0.3000 -151.7200
v 4.4000 -0.3000 -151.3200
v 5.4000 -0.3000 -151.7200
v 5.4000 -0.3000 -151.3200
v 4.4000 3.2000 -151.7200
v 4.4000 3.2000 -151.3200
v 5.4000 3.2000 -151.7200
v 5.4000 3.2000 -151.3200
v 5.4000 -0.3000 -151.7200
v 5.4000 -0.3000 -151.3200
v 9.4000 -0.3000 -151.7200
v 9.4000 -0.3000 -151.3200
v 5.4000 1.2000 -151.7200
v 5.4000 1.2000 -151.3200
v 9.4000 1.2000 -151.7200
v 9.4000 1.2000 -151.3200
v 5.4000 2.4000 -151.7200
v 5.4000 2.4000 -151.3200
v 9.4000 2.4000 -151.7200
v 9.4000 2.4000 -151.3200
v 5.4000 3.2000 -151.7200
v 5.4000 3.2000 -151.3200
v 9.4000 3.2000 -151.7200
v 9.4000 3.2000 -151.3200
v 9.4000 -0.3000 -151.7200
v 9.4000 -0.3000 -151.3200
v 10.4000 -0.3000 -151.7200
v 10.4000 -0.3000 -151.3200
v 9.4000 3.2000 -151.7200
v 9.4000 3.2000 -151.3200
v 10.4000 3.2000 -151.7200
v 10.4000 3.2000 -151.3200
f 5865 5867 5863 5861
f 5862 5864 5868 5866
f 5861 5862 5866 5865
f 5867 5868 5864 5863
f 5863 5864 5862 5861
f 5865 5866 5868 5867
f 5873 5875 5871 5869
f 5870 5872 5876 5874
f 5869 5870 5874 5873
f 5875 5876 5872 5871
f 5871 5872 5870 5869
f 5873 5874 5876 5875
f 5881 5883 5879 5877
f 5878 5880 5884 5882
f 5877 5878 5882 5881
f 5883 5884 5880 5879
f 5879 5880 5878 5877
f 5881 5882 5884 5883
f 5889 5891 5887 5885
f 5886 5888 5892 5890
f 5885 5886 5890 5889
f 5891 5892 5888 5887
f 5887 5888 5886 5885
f 5889 5890 5892 5891
f 5897 5899 5895 5893
f 5894 5896 5900 5898
f 5893 5894 5898 5897
f 5899 5900 5896 5895
f 5895 5896 5894 5893
f 5897 5898 5900 5899
f 5905 5907 5903 5901
f 5902 5904 5908 5906
f 5901 5902 5906 5905
f 5907 5908 5904 5903
f 5903 5904 5902 5901
f 5905 5906 5908 5907
f 5913 5915 5911 5909
f 5910 5912 5916 5914
f 5909 5910 5914 5913
f 5915 5916 5912 5911
f 5911 5912 5910 5909
f 5913 5914 5916 5915
f 5921 5923 5919 5917
f 5918 5920 5924 5922
f 5917 5918 5922 5921
f 5923 5924 5920 5919
f 5919 5920 5918 5917
f 5921 5922 5924 5923
f 5929 5931 5927 5925
f 5926 5928 5932 5930
f 5925 5926 5930 5929
f 5931 5932 5928 5927
f 5927 5928 5926 5925
f 5929 5930 5932 5931
f 5937 5939 5935 5933
f 5934 5936 5940 5938
f 5933 5934 5938 5937
f 5939 5940 5936 5935
f 5935 5936 5934 5933
f 5937 5938 5940 5939
o STATION_HOME_T04R_Lights
usemtl Lights
v 4.9000 3.1200 -153.4200
v 4.9000 3.1200 -152.8200
v 9.9000 3.1200 -153.4200
v 9.9000 3.1200 -152.8200
v 4.9000 3.2000 -153.4200
v 4.9000 3.2000 -152.8200
v 9.9000 3.2000 -153.4200
v 9.9000 3.2000 -152.8200
f 5945 5947 5943 5941
f 5942 5944 5948 5946
f 5941 5942 5946 5945
f 5947 5948 5944 5943
f 5943 5944 5942 5941
f 5945 5946 5948 5947
o STATION_HOME_T04R_Glass-col
usemtl Glass
v 5.4000 1.2000 -154.7200
v 5.4000 1.2000 -154.6700
v 9.4000 1.2000 -154.7200
v 9.4000 1.2000 -154.6700
v 5.4000 2.4000 -154.7200
v 5.4000 2.4000 -154.6700
v 9.4000 2.4000 -154.7200
v 9.4000 2.4000 -154.6700
v 5.4000 1.2000 -151.5700
v 5.4000 1.2000 -151.5200
v 9.4000 1.2000 -151.5700
v 9.4000 1.2000 -151.5200
v 5.4000 2.4000 -151.5700
v 5.4000 2.4000 -151.5200
v 9.4000 2.4000 -151.5700
v 9.4000 2.4000 -151.5200
f 5953 5955 5951 5949
f 5950 5952 5956 5954
f 5949 5950 5954 5953
f 5955 5956 5952 5951
f 5951 5952 5950 5949
f 5953 5954 5956 5955
f 5961 5963 5959 5957
f 5958 5960 5964 5962
f 5957 5958 5962 5961
f 5963 5964 5960 5959
f 5959 5960 5958 5957
f 5961 5962 5964 5963
o STATION_HOME_M08CFD_Deck-col
usemtl Deck
v 10.8000 -0.3000 -161.6200
v 10.8000 -0.3000 -144.6200
v 30.8000 -0.3000 -161.6200
v 30.8000 -0.3000 -144.6200
v 10.8000 0.0000 -161.6200
v 10.8000 0.0000 -144.6200
v 30.8000 0.0000 -161.6200
v 30.8000 0.0000 -144.6200
v 20.8000 3.7000 -161.6200
v 20.8000 3.7000 -144.6200
v 30.8000 3.7000 -161.6200
v 30.8000 3.7000 -144.6200
v 20.8000 4.0000 -161.6200
v 20.8000 4.0000 -144.6200
v 30.8000 4.0000 -161.6200
v 30.8000 4.0000 -144.6200
f 5969 5971 5967 5965
f 5966 5968 5972 5970
f 5965 5966 5970 5969
f 5971 5972 5968 5967
f 5967 5968 5966 5965
f 5969 5970 5972 5971
f 5977 5979 5975 5973
f 5974 5976 5980 5978
f 5973 5974 5978 5977
f 5979 5980 5976 5975
f 5975 5976 5974 5973
f 5977 5978 5980 5979
o STATION_HOME_M08CFD_Hull-col
usemtl Hull
v 10.4000 8.0000 -162.1200
v 10.4000 8.0000 -144.1200
v 31.2000 8.0000 -162.1200
v 31.2000 8.0000 -144.1200
v 10.4000 8.4000 -162.1200
v 10.4000 8.4000 -144.1200
v 31.2000 8.4000 -162.1200
v 31.2000 8.4000 -144.1200
v 10.4000 -0.7000 -162.1200
v 10.4000 -0.7000 -144.1200
v 31.2000 -0.7000 -162.1200
v 31.2000 -0.7000 -144.1200
v 10.4000 -0.3000 -162.1200
v 10.4000 -0.3000 -144.1200
v 31.2000 -0.3000 -162.1200
v 31.2000 -0.3000 -144.1200
v 10.8000 -0.3000 -162.1200
v 10.8000 -0.3000 -161.6200
v 14.8000 -0.3000 -162.1200
v 14.8000 -0.3000 -161.6200
v 10.8000 8.0000 -162.1200
v 10.8000 8.0000 -161.6200
v 14.8000 8.0000 -162.1200
v 14.8000 8.0000 -161.6200
v 14.8000 -0.3000 -162.1200
v 14.8000 -0.3000 -161.6200
v 16.8000 -0.3000 -162.1200
v 16.8000 -0.3000 -161.6200
v 14.8000 0.0000 -162.1200
v 14.8000 0.0000 -161.6200
v 16.8000 0.0000 -162.1200
v 16.8000 0.0000 -161.6200
v 14.8000 2.6000 -162.1200
v 14.8000 2.6000 -161.6200
v 16.8000 2.6000 -162.1200
v 16.8000 2.6000 -161.6200
v 14.8000 8.0000 -162.1200
v 14.8000 8.0000 -161.6200
v 16.8000 8.0000 -162.1200
v 16.8000 8.0000 -161.6200
v 16.8000 -0.3000 -162.1200
v 16.8000 -0.3000 -161.6200
v 30.8000 -0.3000 -162.1200
v 30.8000 -0.3000 -161.6200
v 16.8000 8.0000 -162.1200
v 16.8000 8.0000 -161.6200
v 30.8000 8.0000 -162.1200
v 30.8000 8.0000 -161.6200
v 10.8000 -0.3000 -144.6200
v 10.8000 -0.3000 -144.1200
v 14.8000 -0.3000 -144.6200
v 14.8000 -0.3000 -144.1200
v 10.8000 8.0000 -144.6200
v 10.8000 8.0000 -144.1200
v 14.8000 8.0000 -144.6200
v 14.8000 8.0000 -144.1200
v 14.8000 -0.3000 -144.6200
v 14.8000 -0.3000 -144.1200
v 16.8000 -0.3000 -144.6200
v 16.8000 -0.3000 -144.1200
v 14.8000 0.0000 -144.6200
v 14.8000 0.0000 -144.1200
v 16.8000 0.0000 -144.6200
v 16.8000 0.0000 -144.1200
v 14.8000 2.6000 -144.6200
v 14.8000 2.6000 -144.1200
v 16.8000 2.6000 -144.6200
v 16.8000 2.6000 -144.1200
v 14.8000 8.0000 -144.6200
v 14.8000 8.0000 -144.1200
v 16.8000 8.0000 -144.6200
v 16.8000 8.0000 -144.1200
v 16.8000 -0.3000 -144.6200
v 16.8000 -0.3000 -144.1200
v 30.8000 -0.3000 -144.6200
v 30.8000 -0.3000 -144.1200
v 16.8000 8.0000 -144.6200
v 16.8000 8.0000 -144.1200
v 30.8000 8.0000 -144.6200
v 30.8000 8.0000 -144.1200
v 10.4000 -0.3000 -162.1200
v 10.4000 -0.3000 -154.0200
v 10.8000 -0.3000 -162.1200
v 10.8000 -0.3000 -154.0200
v 10.4000 8.0000 -162.1200
v 10.4000 8.0000 -154.0200
v 10.8000 8.0000 -162.1200
v 10.8000 8.0000 -154.0200
v 10.4000 -0.3000 -154.0200
v 10.4000 -0.3000 -152.2200
v 10.8000 -0.3000 -154.0200
v 10.8000 -0.3000 -152.2200
v 10.4000 0.0000 -154.0200
v 10.4000 0.0000 -152.2200
v 10.8000 0.0000 -154.0200
v 10.8000 0.0000 -152.2200
v 10.4000 2.8000 -154.0200
v 10.4000 2.8000 -152.2200
v 10.8000 2.8000 -154.0200
v 10.8000 2.8000 -152.2200
v 10.4000 8.0000 -154.0200
v 10.4000 8.0000 -152.2200
v 10.8000 8.0000 -154.0200
v 10.8000 8.0000 -152.2200
v 10.4000 -0.3000 -152.2200
v 10.4000 -0.3000 -144.1200
v 10.8000 -0.3000 -152.2200
v 10.8000 -0.3000 -144.1200
v 10.4000 8.0000 -152.2200
v 10.4000 8.0000 -144.1200
v 10.8000 8.0000 -152.2200
v 10.8000 8.0000 -144.1200
v 30.8000 -0.3000 -162.1200
v 30.8000 -0.3000 -154.0200
v 31.2000 -0.3000 -162.1200
v 31.2000 -0.3000 -154.0200
v 30.8000 8.0000 -162.1200
v 30.8000 8.0000 -154.0200
v 31.2000 8.0000 -162.1200
v 31.2000 8.0000 -154.0200
v 30.8000 -0.3000 -154.0200
v 30.8000 -0.3000 -152.2200
v 31.2000 -0.3000 -154.0200
v 31.2000 -0.3000 -152.2200
v 30.8000 0.0000 -154.0200
v 30.8000 0.0000 -152.2200
v 31.2000 0.0000 -154.0200
v 31.2000 0.0000 -152.2200
v 30.8000 2.8000 -154.0200
v 30.8000 2.8000 -152.2200
v 31.2000 2.8000 -154.0200
v 31.2000 2.8000 -152.2200
v 30.8000 8.0000 -154.0200
v 30.8000 8.0000 -152.2200
v 31.2000 8.0000 -154.0200
v 31.2000 8.0000 -152.2200
v 30.8000 -0.3000 -152.2200
v 30.8000 -0.3000 -144.1200
v 31.2000 -0.3000 -152.2200
v 31.2000 -0.3000 -144.1200
v 30.8000 8.0000 -152.2200
v 30.8000 8.0000 -144.1200
v 31.2000 8.0000 -152.2200
v 31.2000 8.0000 -144.1200
f 5985 5987 5983 5981
f 5982 5984 5988 5986
f 5981 5982 5986 5985
f 5987 5988 5984 5983
f 5983 5984 5982 5981
f 5985 5986 5988 5987
f 5993 5995 5991 5989
f 5990 5992 5996 5994
f 5989 5990 5994 5993
f 5995 5996 5992 5991
f 5991 5992 5990 5989
f 5993 5994 5996 5995
f 6001 6003 5999 5997
f 5998 6000 6004 6002
f 5997 5998 6002 6001
f 6003 6004 6000 5999
f 5999 6000 5998 5997
f 6001 6002 6004 6003
f 6009 6011 6007 6005
f 6006 6008 6012 6010
f 6005 6006 6010 6009
f 6011 6012 6008 6007
f 6007 6008 6006 6005
f 6009 6010 6012 6011
f 6017 6019 6015 6013
f 6014 6016 6020 6018
f 6013 6014 6018 6017
f 6019 6020 6016 6015
f 6015 6016 6014 6013
f 6017 6018 6020 6019
f 6025 6027 6023 6021
f 6022 6024 6028 6026
f 6021 6022 6026 6025
f 6027 6028 6024 6023
f 6023 6024 6022 6021
f 6025 6026 6028 6027
f 6033 6035 6031 6029
f 6030 6032 6036 6034
f 6029 6030 6034 6033
f 6035 6036 6032 6031
f 6031 6032 6030 6029
f 6033 6034 6036 6035
f 6041 6043 6039 6037
f 6038 6040 6044 6042
f 6037 6038 6042 6041
f 6043 6044 6040 6039
f 6039 6040 6038 6037
f 6041 6042 6044 6043
f 6049 6051 6047 6045
f 6046 6048 6052 6050
f 6045 6046 6050 6049
f 6051 6052 6048 6047
f 6047 6048 6046 6045
f 6049 6050 6052 6051
f 6057 6059 6055 6053
f 6054 6056 6060 6058
f 6053 6054 6058 6057
f 6059 6060 6056 6055
f 6055 6056 6054 6053
f 6057 6058 6060 6059
f 6065 6067 6063 6061
f 6062 6064 6068 6066
f 6061 6062 6066 6065
f 6067 6068 6064 6063
f 6063 6064 6062 6061
f 6065 6066 6068 6067
f 6073 6075 6071 6069
f 6070 6072 6076 6074
f 6069 6070 6074 6073
f 6075 6076 6072 6071
f 6071 6072 6070 6069
f 6073 6074 6076 6075
f 6081 6083 6079 6077
f 6078 6080 6084 6082
f 6077 6078 6082 6081
f 6083 6084 6080 6079
f 6079 6080 6078 6077
f 6081 6082 6084 6083
f 6089 6091 6087 6085
f 6086 6088 6092 6090
f 6085 6086 6090 6089
f 6091 6092 6088 6087
f 6087 6088 6086 6085
f 6089 6090 6092 6091
f 6097 6099 6095 6093
f 6094 6096 6100 6098
f 6093 6094 6098 6097
f 6099 6100 6096 6095
f 6095 6096 6094 6093
f 6097 6098 6100 6099
f 6105 6107 6103 6101
f 6102 6104 6108 6106
f 6101 6102 6106 6105
f 6107 6108 6104 6103
f 6103 6104 6102 6101
f 6105 6106 6108 6107
f 6113 6115 6111 6109
f 6110 6112 6116 6114
f 6109 6110 6114 6113
f 6115 6116 6112 6111
f 6111 6112 6110 6109
f 6113 6114 6116 6115
f 6121 6123 6119 6117
f 6118 6120 6124 6122
f 6117 6118 6122 6121
f 6123 6124 6120 6119
f 6119 6120 6118 6117
f 6121 6122 6124 6123
o STATION_HOME_M08CFD_Interior-col
usemtl Interior
v 20.7000 0.0000 -161.6200
v 20.7000 0.0000 -154.3200
v 20.9000 0.0000 -161.6200
v 20.9000 0.0000 -154.3200
v 20.7000 4.0000 -161.6200
v 20.7000 4.0000 -154.3200
v 20.9000 4.0000 -161.6200
v 20.9000 4.0000 -154.3200
v 20.7000 3.0000 -154.3200
v 20.7000 3.0000 -151.9200
v 20.9000 3.0000 -154.3200
v 20.9000 3.0000 -151.9200
v 20.7000 4.0000 -154.3200
v 20.7000 4.0000 -151.9200
v 20.9000 4.0000 -154.3200
v 20.9000 4.0000 -151.9200
v 20.7000 0.0000 -151.9200
v 20.7000 0.0000 -144.6200
v 20.9000 0.0000 -151.9200
v 20.9000 0.0000 -144.6200
v 20.7000 4.0000 -151.9200
v 20.7000 4.0000 -144.6200
v 20.9000 4.0000 -151.9200
v 20.9000 4.0000 -144.6200
v 20.8000 0.0000 -154.5200
v 20.8000 0.0000 -154.3200
v 25.0000 0.0000 -154.5200
v 25.0000 0.0000 -154.3200
v 20.8000 4.0000 -154.5200
v 20.8000 4.0000 -154.3200
v 25.0000 4.0000 -154.5200
v 25.0000 4.0000 -154.3200
v 25.0000 2.6000 -154.5200
v 25.0000 2.6000 -154.3200
v 26.6000 2.6000 -154.5200
v 26.6000 2.6000 -154.3200
v 25.0000 4.0000 -154.5200
v 25.0000 4.0000 -154.3200
v 26.6000 4.0000 -154.5200
v 26.6000 4.0000 -154.3200
v 26.6000 0.0000 -154.5200
v 26.6000 0.0000 -154.3200
v 30.8000 0.0000 -154.5200
v 30.8000 0.0000 -154.3200
v 26.6000 4.0000 -154.5200
v 26.6000 4.0000 -154.3200
v 30.8000 4.0000 -154.5200
v 30.8000 4.0000 -154.3200
v 20.8000 0.0000 -151.9200
v 20.8000 0.0000 -151.7200
v 25.0000 0.0000 -151.9200
v 25.0000 0.0000 -151.7200
v 20.8000 4.0000 -151.9200
v 20.8000 4.0000 -151.7200
v 25.0000 4.0000 -151.9200
v 25.0000 4.0000 -151.7200
v 25.0000 2.6000 -151.9200
v 25.0000 2.6000 -151.7200
v 26.6000 2.6000 -151.9200
v 26.6000 2.6000 -151.7200
v 25.0000 4.0000 -151.9200
v 25.0000 4.0000 -151.7200
v 26.6000 4.0000 -151.9200
v 26.6000 4.0000 -151.7200
v 26.6000 0.0000 -151.9200
v 26.6000 0.0000 -151.7200
v 30.8000 0.0000 -151.9200
v 30.8000 0.0000 -151.7200
v 26.6000 4.0000 -151.9200
v 26.6000 4.0000 -151.7200
v 30.8000 4.0000 -151.9200
v 30.8000 4.0000 -151.7200
f 6129 6131 6127 6125
f 6126 6128 6132 6130
f 6125 6126 6130 6129
f 6131 6132 6128 6127
f 6127 6128 6126 6125
f 6129 6130 6132 6131
f 6137 6139 6135 6133
f 6134 6136 6140 6138
f 6133 6134 6138 6137
f 6139 6140 6136 6135
f 6135 6136 6134 6133
f 6137 6138 6140 6139
f 6145 6147 6143 6141
f 6142 6144 6148 6146
f 6141 6142 6146 6145
f 6147 6148 6144 6143
f 6143 6144 6142 6141
f 6145 6146 6148 6147
f 6153 6155 6151 6149
f 6150 6152 6156 6154
f 6149 6150 6154 6153
f 6155 6156 6152 6151
f 6151 6152 6150 6149
f 6153 6154 6156 6155
f 6161 6163 6159 6157
f 6158 6160 6164 6162
f 6157 6158 6162 6161
f 6163 6164 6160 6159
f 6159 6160 6158 6157
f 6161 6162 6164 6163
f 6169 6171 6167 6165
f 6166 6168 6172 6170
f 6165 6166 6170 6169
f 6171 6172 6168 6167
f 6167 6168 6166 6165
f 6169 6170 6172 6171
f 6177 6179 6175 6173
f 6174 6176 6180 6178
f 6173 6174 6178 6177
f 6179 6180 6176 6175
f 6175 6176 6174 6173
f 6177 6178 6180 6179
f 6185 6187 6183 6181
f 6182 6184 6188 6186
f 6181 6182 6186 6185
f 6187 6188 6184 6183
f 6183 6184 6182 6181
f 6185 6186 6188 6187
f 6193 6195 6191 6189
f 6190 6192 6196 6194
f 6189 6190 6194 6193
f 6195 6196 6192 6191
f 6191 6192 6190 6189
f 6193 6194 6196 6195
o STATION_HOME_M08CFD_Furniture-col
usemtl Furniture
v 21.4000 0.0000 -145.4200
v 21.4000 0.0000 -144.7200
v 30.2000 0.0000 -145.4200
v 30.2000 0.0000 -144.7200
v 21.4000 1.1000 -145.4200
v 21.4000 1.1000 -144.7200
v 30.2000 1.1000 -145.4200
v 30.2000 1.1000 -144.7200
v 21.4000 0.0000 -161.5200
v 21.4000 0.0000 -161.0200
v 23.8000 0.0000 -161.5200
v 23.8000 0.0000 -161.0200
v 21.4000 2.0000 -161.5200
v 21.4000 2.0000 -161.0200
v 23.8000 2.0000 -161.5200
v 23.8000 2.0000 -161.0200
v 25.2000 0.0000 -157.1200
v 25.2000 0.0000 -155.7200
v 26.4000 0.0000 -157.1200
v 26.4000 0.0000 -155.7200
v 25.2000 0.7500 -157.1200
v 25.2000 0.7500 -155.7200
v 26.4000 0.7500 -157.1200
v 26.4000 0.7500 -155.7200
v 21.2000 0.0000 -152.2700
v 21.2000 0.0000 -151.9200
v 22.4000 0.0000 -152.2700
v 22.4000 0.0000 -151.9200
v 21.2000 2.0000 -152.2700
v 21.2000 2.0000 -151.9200
v 22.4000 2.0000 -152.2700
v 22.4000 2.0000 -151.9200
v 13.4667 0.0000 -151.5200
v 13.4667 0.0000 -146.6200
v 15.0667 0.0000 -151.5200
v 15.0667 0.0000 -146.6200
v 13.4667 1.0000 -151.5200
v 13.4667 1.0000 -146.6200
v 15.0667 1.0000 -151.5200
v 15.0667 1.0000 -146.6200
v 16.5333 0.0000 -151.5200
v 16.5333 0.0000 -146.6200
v 18.1333 0.0000 -151.5200
v 18.1333 0.0000 -146.6200
v 16.5333 1.0000 -151.5200
v 16.5333 1.0000 -146.6200
v 18.1333 1.0000 -151.5200
v 18.1333 1.0000 -146.6200
v 12.2000 0.0000 -159.6200
v 12.2000 0.0000 -155.9200
v 19.4000 0.0000 -159.6200
v 19.4000 0.0000 -155.9200
v 12.2000 0.9000 -159.6200
v 12.2000 0.9000 -155.9200
v 19.4000 0.9000 -159.6200
v 19.4000 0.9000 -155.9200
v 13.0000 0.6000 -161.5700
v 13.0000 0.6000 -161.1700
v 14.0000 0.6000 -161.5700
v 14.0000 0.6000 -161.1700
v 13.0000 2.0000 -161.5700
v 13.0000 2.0000 -161.1700
v 14.0000 2.0000 -161.5700
v 14.0000 2.0000 -161.1700
v 15.3000 0.6000 -145.0700
v 15.3000 0.6000 -144.6700
v 16.3000 0.6000 -145.0700
v 16.3000 0.6000 -144.6700
v 15.3000 2.0000 -145.0700
v 15.3000 2.0000 -144.6700
v 16.3000 2.0000 -145.0700
v 16.3000 2.0000 -144.6700
v 17.6000 0.6000 -161.5700
v 17.6000 0.6000 -161.1700
v 18.6000 0.6000 -161.5700
v 18.6000 0.6000 -161.1700
v 17.6000 2.0000 -161.5700
v 17.6000 2.0000 -161.1700
v 18.6000 2.0000 -161.5700
v 18.6000 2.0000 -161.1700
f 6201 6203 6199 6197
f 6198 6200 6204 6202
f 6197 6198 6202 6201
f 6203 6204 6200 6199
f 6199 6200 6198 6197
f 6201 6202 6204 6203
f 6209 6211 6207 6205
f 6206 6208 6212 6210
f 6205 6206 6210 6209
f 6211 6212 6208 6207
f 6207 6208 6206 6205
f 6209 6210 6212 6211
f 6217 6219 6215 6213
f 6214 6216 6220 6218
f 6213 6214 6218 6217
f 6219 6220 6216 6215
f 6215 6216 6214 6213
f 6217 6218 6220 6219
f 6225 6227 6223 6221
f 6222 6224 6228 6226
f 6221 6222 6226 6225
f 6227 6228 6224 6223
f 6223 6224 6222 6221
f 6225 6226 6228 6227
f 6233 6235 6231 6229
f 6230 6232 6236 6234
f 6229 6230 6234 6233
f 6235 6236 6232 6231
f 6231 6232 6230 6229
f 6233 6234 6236 6235
f 6241 6243 6239 6237
f 6238 6240 6244 6242
f 6237 6238 6242 6241
f 6243 6244 6240 6239
f 6239 6240 6238 6237
f 6241 6242 6244 6243
f 6249 6251 6247 6245
f 6246 6248 6252 6250
f 6245 6246 6250 6249
f 6251 6252 6248 6247
f 6247 6248 6246 6245
f 6249 6250 6252 6251
f 6257 6259 6255 6253
f 6254 6256 6260 6258
f 6253 6254 6258 6257
f 6259 6260 6256 6255
f 6255 6256 6254 6253
f 6257 6258 6260 6259
f 6265 6267 6263 6261
f 6262 6264 6268 6266
f 6261 6262 6266 6265
f 6267 6268 6264 6263
f 6263 6264 6262 6261
f 6265 6266 6268 6267
f 6273 6275 6271 6269
f 6270 6272 6276 6274
f 6269 6270 6274 6273
f 6275 6276 6272 6271
f 6271 6272 6270 6269
f 6273 6274 6276 6275
o STATION_HOME_M08CFD_Cover-col
usemtl Cover
v 13.0000 0.0000 -156.7200
v 13.0000 0.0000 -155.7200
v 14.0000 0.0000 -156.7200
v 14.0000 0.0000 -155.7200
v 13.0000 1.1000 -156.7200
v 13.0000 1.1000 -155.7200
v 14.0000 1.1000 -156.7200
v 14.0000 1.1000 -155.7200
v 17.6000 0.0000 -156.7200
v 17.6000 0.0000 -155.7200
v 18.6000 0.0000 -156.7200
v 18.6000 0.0000 -155.7200
v 17.6000 1.1000 -156.7200
v 17.6000 1.1000 -155.7200
v 18.6000 1.1000 -156.7200
v 18.6000 1.1000 -155.7200
f 6281 6283 6279 6277
f 6278 6280 6284 6282
f 6277 6278 6282 6281
f 6283 6284 6280 6279
f 6279 6280 6278 6277
f 6281 6282 6284 6283
f 6289 6291 6287 6285
f 6286 6288 6292 6290
f 6285 6286 6290 6289
f 6291 6292 6288 6287
f 6287 6288 6286 6285
f 6289 6290 6292 6291
o STATION_HOME_M08CFD_Hazard
usemtl Hazard
v 14.5000 0.0000 -162.2400
v 14.5000 0.0000 -162.1200
v 14.8000 0.0000 -162.2400
v 14.8000 0.0000 -162.1200
v 14.5000 2.9000 -162.2400
v 14.5000 2.9000 -162.1200
v 14.8000 2.9000 -162.2400
v 14.8000 2.9000 -162.1200
v 16.8000 0.0000 -162.2400
v 16.8000 0.0000 -162.1200
v 17.1000 0.0000 -162.2400
v 17.1000 0.0000 -162.1200
v 16.8000 2.9000 -162.2400
v 16.8000 2.9000 -162.1200
v 17.1000 2.9000 -162.2400
v 17.1000 2.9000 -162.1200
v 14.5000 0.0000 -144.1200
v 14.5000 0.0000 -144.0000
v 14.8000 0.0000 -144.1200
v 14.8000 0.0000 -144.0000
v 14.5000 2.9000 -144.1200
v 14.5000 2.9000 -144.0000
v 14.8000 2.9000 -144.1200
v 14.8000 2.9000 -144.0000
v 16.8000 0.0000 -144.1200
v 16.8000 0.0000 -144.0000
v 17.1000 0.0000 -144.1200
v 17.1000 0.0000 -144.0000
v 16.8000 2.9000 -144.1200
v 16.8000 2.9000 -144.0000
v 17.1000 2.9000 -144.1200
v 17.1000 2.9000 -144.0000
v 31.2000 2.8000 -154.3200
v 31.2000 2.8000 -151.9200
v 31.2400 2.8000 -154.3200
v 31.2400 2.8000 -151.9200
v 31.2000 3.0000 -154.3200
v 31.2000 3.0000 -151.9200
v 31.2400 3.0000 -154.3200
v 31.2400 3.0000 -151.9200
v 13.0000 1.8000 -161.1700
v 13.0000 1.8000 -161.1500
v 14.0000 1.8000 -161.1700
v 14.0000 1.8000 -161.1500
v 13.0000 2.0000 -161.1700
v 13.0000 2.0000 -161.1500
v 14.0000 2.0000 -161.1700
v 14.0000 2.0000 -161.1500
v 15.3000 1.8000 -145.0900
v 15.3000 1.8000 -145.0700
v 16.3000 1.8000 -145.0900
v 16.3000 1.8000 -145.0700
v 15.3000 2.0000 -145.0900
v 15.3000 2.0000 -145.0700
v 16.3000 2.0000 -145.0900
v 16.3000 2.0000 -145.0700
v 17.6000 1.8000 -161.1700
v 17.6000 1.8000 -161.1500
v 18.6000 1.8000 -161.1700
v 18.6000 1.8000 -161.1500
v 17.6000 2.0000 -161.1700
v 17.6000 2.0000 -161.1500
v 18.6000 2.0000 -161.1700
v 18.6000 2.0000 -161.1500
f 6297 6299 6295 6293
f 6294 6296 6300 6298
f 6293 6294 6298 6297
f 6299 6300 6296 6295
f 6295 6296 6294 6293
f 6297 6298 6300 6299
f 6305 6307 6303 6301
f 6302 6304 6308 6306
f 6301 6302 6306 6305
f 6307 6308 6304 6303
f 6303 6304 6302 6301
f 6305 6306 6308 6307
f 6313 6315 6311 6309
f 6310 6312 6316 6314
f 6309 6310 6314 6313
f 6315 6316 6312 6311
f 6311 6312 6310 6309
f 6313 6314 6316 6315
f 6321 6323 6319 6317
f 6318 6320 6324 6322
f 6317 6318 6322 6321
f 6323 6324 6320 6319
f 6319 6320 6318 6317
f 6321 6322 6324 6323
f 6329 6331 6327 6325
f 6326 6328 6332 6330
f 6325 6326 6330 6329
f 6331 6332 6328 6327
f 6327 6328 6326 6325
f 6329 6330 6332 6331
f 6337 6339 6335 6333
f 6334 6336 6340 6338
f 6333 6334 6338 6337
f 6339 6340 6336 6335
f 6335 6336 6334 6333
f 6337 6338 6340 6339
f 6345 6347 6343 6341
f 6342 6344 6348 6346
f 6341 6342 6346 6345
f 6347 6348 6344 6343
f 6343 6344 6342 6341
f 6345 6346 6348 6347
f 6353 6355 6351 6349
f 6350 6352 6356 6354
f 6349 6350 6354 6353
f 6355 6356 6352 6351
f 6351 6352 6350 6349
f 6353 6354 6356 6355
o STATION_HOME_M08CFD_Lights
usemtl Lights
v 21.6000 0.8000 -145.4400
v 21.6000 0.8000 -145.4200
v 30.0000 0.8000 -145.4400
v 30.0000 0.8000 -145.4200
v 21.6000 1.0500 -145.4400
v 21.6000 1.0500 -145.4200
v 30.0000 1.0500 -145.4400
v 30.0000 1.0500 -145.4200
v 25.1000 1.0000 -150.4200
v 25.1000 1.0000 -149.4200
v 26.5000 1.0000 -150.4200
v 26.5000 1.0000 -149.4200
v 25.1000 1.0300 -150.4200
v 25.1000 1.0300 -149.4200
v 26.5000 1.0300 -150.4200
v 26.5000 1.0300 -149.4200
v 21.3000 3.6200 -153.4200
v 21.3000 3.6200 -152.8200
v 30.3000 3.6200 -153.4200
v 30.3000 3.6200 -152.8200
v 21.3000 3.7000 -153.4200
v 21.3000 3.7000 -152.8200
v 30.3000 3.7000 -153.4200
v 30.3000 3.7000 -152.8200
v 11.7000 7.8800 -153.5200
v 11.7000 7.8800 -152.7200
v 19.9000 7.8800 -153.5200
v 19.9000 7.8800 -152.7200
v 11.7000 7.9600 -153.5200
v 11.7000 7.9600 -152.7200
v 19.9000 7.9600 -153.5200
v 19.9000 7.9600 -152.7200
f 6361 6363 6359 6357
f 6358 6360 6364 6362
f 6357 6358 6362 6361
f 6363 6364 6360 6359
f 6359 6360 6358 6357
f 6361 6362 6364 6363
f 6369 6371 6367 6365
f 6366 6368 6372 6370
f 6365 6366 6370 6369
f 6371 6372 6368 6367
f 6367 6368 6366 6365
f 6369 6370 6372 6371
f 6377 6379 6375 6373
f 6374 6376 6380 6378
f 6373 6374 6378 6377
f 6379 6380 6376 6375
f 6375 6376 6374 6373
f 6377 6378 6380 6379
f 6385 6387 6383 6381
f 6382 6384 6388 6386
f 6381 6382 6386 6385
f 6387 6388 6384 6383
f 6383 6384 6382 6381
f 6385 6386 6388 6387
o STATION_HOME_M08CFD_Trim
usemtl Trim
v 14.1667 1.0000 -150.9200
v 14.1667 1.0000 -150.7200
v 14.3667 1.0000 -150.9200
v 14.3667 1.0000 -150.7200
v 14.1667 2.2000 -150.9200
v 14.1667 2.2000 -150.7200
v 14.3667 2.2000 -150.9200
v 14.3667 2.2000 -150.7200
v 14.1667 2.1000 -150.9200
v 14.1667 2.1000 -149.1200
v 14.3667 2.1000 -150.9200
v 14.3667 2.1000 -149.1200
v 14.1667 2.3000 -150.9200
v 14.1667 2.3000 -149.1200
v 14.3667 2.3000 -150.9200
v 14.3667 2.3000 -149.1200
v 17.2333 1.0000 -150.9200
v 17.2333 1.0000 -150.7200
v 17.4333 1.0000 -150.9200
v 17.4333 1.0000 -150.7200
v 17.2333 2.2000 -150.9200
v 17.2333 2.2000 -150.7200
v 17.4333 2.2000 -150.9200
v 17.4333 2.2000 -150.7200
v 17.2333 2.1000 -150.9200
v 17.2333 2.1000 -149.1200
v 17.4333 2.1000 -150.9200
v 17.4333 2.1000 -149.1200
v 17.2333 2.3000 -150.9200
v 17.2333 2.3000 -149.1200
v 17.4333 2.3000 -150.9200
v 17.4333 2.3000 -149.1200
f 6393 6395 6391 6389
f 6390 6392 6396 6394
f 6389 6390 6394 6393
f 6395 6396 6392 6391
f 6391 6392 6390 6389
f 6393 6394 6396 6395
f 6401 6403 6399 6397
f 6398 6400 6404 6402
f 6397 6398 6402 6401
f 6403 6404 6400 6399
f 6399 6400 6398 6397
f 6401 6402 6404 6403
f 6409 6411 6407 6405
f 6406 6408 6412 6410
f 6405 6406 6410 6409
f 6411 6412 6408 6407
f 6407 6408 6406 6405
f 6409 6410 6412 6411
f 6417 6419 6415 6413
f 6414 6416 6420 6418
f 6413 6414 6418 6417
f 6419 6420 6416 6415
f 6415 6416 6414 6413
f 6417 6418 6420 6419
o STATION_HOME_M08CFD_Machinery-col
usemtl Engine
v 12.7000 0.0000 -151.6200
v 12.7000 0.0000 -151.5200
v 18.9000 0.0000 -151.6200
v 18.9000 0.0000 -151.5200
v 12.7000 3.0000 -151.6200
v 12.7000 3.0000 -151.5200
v 18.9000 3.0000 -151.6200
v 18.9000 3.0000 -151.5200
f 6425 6427 6423 6421
f 6422 6424 6428 6426
f 6421 6422 6426 6425
f 6427 6428 6424 6423
f 6423 6424 6422 6421
f 6425 6426 6428 6427
o STATION_HOME_M08CFD_Glow
usemtl EngineGlow
v 12.4000 0.9000 -159.5200
v 12.4000 0.9000 -156.0200
v 19.2000 0.9000 -159.5200
v 19.2000 0.9000 -156.0200
v 12.4000 0.9300 -159.5200
v 12.4000 0.9300 -156.0200
v 19.2000 0.9300 -159.5200
v 19.2000 0.9300 -156.0200
f 6433 6435 6431 6429
f 6430 6432 6436 6434
f 6429 6430 6434 6433
f 6435 6436 6432 6431
f 6431 6432 6430 6429
f 6433 6434 6436 6435
o STATION_HOME_M08CFD_AirlockPort_Door-col
usemtl Door
v 14.7500 0.0000 -161.9200
v 14.7500 0.0000 -161.8200
v 16.8500 0.0000 -161.9200
v 16.8500 0.0000 -161.8200
v 14.7500 2.6000 -161.9200
v 14.7500 2.6000 -161.8200
v 16.8500 2.6000 -161.9200
v 16.8500 2.6000 -161.8200
f 6441 6443 6439 6437
f 6438 6440 6444 6442
f 6437 6438 6442 6441
f 6443 6444 6440 6439
f 6439 6440 6438 6437
f 6441 6442 6444 6443
o STATION_HOME_M08CFD_AirlockStbd_Door-col
usemtl Door
v 14.7500 0.0000 -144.4200
v 14.7500 0.0000 -144.3200
v 16.8500 0.0000 -144.4200
v 16.8500 0.0000 -144.3200
v 14.7500 2.6000 -144.4200
v 14.7500 2.6000 -144.3200
v 16.8500 2.6000 -144.4200
v 16.8500 2.6000 -144.3200
f 6449 6451 6447 6445
f 6446 6448 6452 6450
f 6445 6446 6450 6449
f 6451 6452 6448 6447
f 6447 6448 6446 6445
f 6449 6450 6452 6451
o STATION_HOME_M08CFD_Connector_Back_Door-col
usemtl Door
v 10.5500 0.0000 -154.0700
v 10.5500 0.0000 -152.1700
v 10.6500 0.0000 -154.0700
v 10.6500 0.0000 -152.1700
v 10.5500 2.8000 -154.0700
v 10.5500 2.8000 -152.1700
v 10.6500 2.8000 -154.0700
v 10.6500 2.8000 -152.1700
f 6457 6459 6455 6453
f 6454 6456 6460 6458
f 6453 6454 6458 6457
f 6459 6460 6456 6455
f 6455 6456 6454 6453
f 6457 6458 6460 6459
o STATION_HOME_M08CFD_Connector_Front_Door-col
usemtl Door
v 30.9500 0.0000 -154.0700
v 30.9500 0.0000 -152.1700
v 31.0500 0.0000 -154.0700
v 31.0500 0.0000 -152.1700
v 30.9500 2.8000 -154.0700
v 30.9500 2.8000 -152.1700
v 31.0500 2.8000 -154.0700
v 31.0500 2.8000 -152.1700
f 6465 6467 6463 6461
f 6462 6464 6468 6466
f 6461 6462 6466 6465
f 6467 6468 6464 6463
f 6463 6464 6462 6461
f 6465 6466 6468 6467
o STATION_HOME_M08CFD_ControlConsole-col
usemtl Furniture
v 25.0000 0.0000 -150.5200
v 25.0000 0.0000 -149.3200
v 26.6000 0.0000 -150.5200
v 26.6000 0.0000 -149.3200
v 25.0000 1.0000 -150.5200
v 25.0000 1.0000 -149.3200
v 26.6000 1.0000 -150.5200
v 26.6000 1.0000 -149.3200
f 6473 6475 6471 6469
f 6470 6472 6476 6474
f 6469 6470 6474 6473
f 6475 6476 6472 6471
f 6471 6472 6470 6469
f 6473 6474 6476 6475
o STATION_HOME_M08CFD_StatusLight
usemtl Lights
v 29.3000 8.4000 -153.6200
v 29.3000 8.4000 -152.6200
v 30.3000 8.4000 -153.6200
v 30.3000 8.4000 -152.6200
v 29.3000 8.7000 -153.6200
v 29.3000 8.7000 -152.6200
v 30.3000 8.7000 -153.6200
v 30.3000 8.7000 -152.6200
f 6481 6483 6479 6477
f 6478 6480 6484 6482
f 6477 6478 6482 6481
f 6483 6484 6480 6479
f 6479 6480 6478 6477
f 6481 6482 6484 6483
o STATION_HOME_T04L_Deck-col
usemtl Deck
v -4.4000 -0.3000 -151.7200
v -4.4000 -0.3000 -154.5200
v -10.4000 -0.3000 -151.7200
v -10.4000 -0.3000 -154.5200
v -4.4000 0.0000 -151.7200
v -4.4000 0.0000 -154.5200
v -10.4000 0.0000 -151.7200
v -10.4000 0.0000 -154.5200
f 6489 6491 6487 6485
f 6486 6488 6492 6490
f 6485 6486 6490 6489
f 6491 6492 6488 6487
f 6487 6488 6486 6485
f 6489 6490 6492 6491
o STATION_HOME_T04L_Hull-col
usemtl Hull
v -4.4000 3.2000 -151.3200
v -4.4000 3.2000 -154.9200
v -10.4000 3.2000 -151.3200
v -10.4000 3.2000 -154.9200
v -4.4000 3.6000 -151.3200
v -4.4000 3.6000 -154.9200
v -10.4000 3.6000 -151.3200
v -10.4000 3.6000 -154.9200
v -4.4000 -0.7000 -151.3200
v -4.4000 -0.7000 -154.9200
v -10.4000 -0.7000 -151.3200
v -10.4000 -0.7000 -154.9200
v -4.4000 -0.3000 -151.3200
v -4.4000 -0.3000 -154.9200
v -10.4000 -0.3000 -151.3200
v -10.4000 -0.3000 -154.9200
v -4.4000 -0.3000 -151.3200
v -4.4000 -0.3000 -151.7200
v -5.4000 -0.3000 -151.3200
v -5.4000 -0.3000 -151.7200
v -4.4000 3.2000 -151.3200
v -4.4000 3.2000 -151.7200
v -5.4000 3.2000 -151.3200
v -5.4000 3.2000 -151.7200
v -5.4000 -0.3000 -151.3200
v -5.4000 -0.3000 -151.7200
v -9.4000 -0.3000 -151.3200
v -9.4000 -0.3000 -151.7200
v -5.4000 1.2000 -151.3200
v -5.4000 1.2000 -151.7200
v -9.4000 1.2000 -151.3200
v -9.4000 1.2000 -151.7200
v -5.4000 2.4000 -151.3200
v -5.4000 2.4000 -151.7200
v -9.4000 2.4000 -151.3200
v -9.4000 2.4000 -151.7200
v -5.4000 3.2000 -151.3200
v -5.4000 3.2000 -151.7200
v -9.4000 3.2000 -151.3200
v -9.4000 3.2000 -151.7200
v -9.4000 -0.3000 -151.3200
v -9.4000 -0.3000 -151.7200
v -10.4000 -0.3000 -151.3200
v -10.4000 -0.3000 -151.7200
v -9.4000 3.2000 -151.3200
v -9.4000 3.2000 -151.7200
v -10.4000 3.2000 -151.3200
v -10.4000 3.2000 -151.7200
v -4.4000 -0.3000 -154.5200
v -4.4000 -0.3000 -154.9200
v -5.4000 -0.3000 -154.5200
v -5.4000 -0.3000 -154.9200
v -4.4000 3.2000 -154.5200
v -4.4000 3.2000 -154.9200
v -5.4000 3.2000 -154.5200
v -5.4000 3.2000 -154.9200
v -5.4000 -0.3000 -154.5200
v -5.4000 -0.3000 -154.9200
v -9.4000 -0.3000 -154.5200
v -9.4000 -0.3000 -154.9200
v -5.4000 1.2000 -154.5200
v -5.4000 1.2000 -154.9200
v -9.4000 1.2000 -154.5200
v -9.4000 1.2000 -154.9200
v -5.4000 2.4000 -154.5200
v -5.4000 2.4000 -154.9200
v -9.4000 2.4000 -154.5200
v -9.4000 2.4000 -154.9200
v -5.4000 3.2000 -154.5200
v -5.4000 3.2000 -154.9200
v -9.4000 3.2000 -154.5200
v -9.4000 3.2000 -154.9200
v -9.4000 -0.3000 -154.5200
v -9.4000 -0.3000 -154.9200
v -10.4000 -0.3000 -154.5200
v -10.4000 -0.3000 -154.9200
v -9.4000 3.2000 -154.5200
v -9.4000 3.2000 -154.9200
v -10.4000 3.2000 -154.5200
v -10.4000 3.2000 -154.9200
f 6497 6499 6495 6493
f 6494 6496 6500 6498
f 6493 6494 6498 6497
f 6499 6500 6496 6495
f 6495 6496 6494 6493
f 6497 6498 6500 6499
f 6505 6507 6503 6501
f 6502 6504 6508 6506
f 6501 6502 6506 6505
f 6507 6508 6504 6503
f 6503 6504 6502 6501
f 6505 6506 6508 6507
f 6513 6515 6511 6509
f 6510 6512 6516 6514
f 6509 6510 6514 6513
f 6515 6516 6512 6511
f 6511 6512 6510 6509
f 6513 6514 6516 6515
f 6521 6523 6519 6517
f 6518 6520 6524 6522
f 6517 6518 6522 6521
f 6523 6524 6520 6519
f 6519 6520 6518 6517
f 6521 6522 6524 6523
f 6529 6531 6527 6525
f 6526 6528 6532 6530
f 6525 6526 6530 6529
f 6531 6532 6528 6527
f 6527 6528 6526 6525
f 6529 6530 6532 6531
f 6537 6539 6535 6533
f 6534 6536 6540 6538
f 6533 6534 6538 6537
f 6539 6540 6536 6535
f 6535 6536 6534 6533
f 6537 6538 6540 6539
f 6545 6547 6543 6541
f 6542 6544 6548 6546
f 6541 6542 6546 6545
f 6547 6548 6544 6543
f 6543 6544 6542 6541
f 6545 6546 6548 6547
f 6553 6555 6551 6549
f 6550 6552 6556 6554
f 6549 6550 6554 6553
f 6555 6556 6552 6551
f 6551 6552 6550 6549
f 6553 6554 6556 6555
f 6561 6563 6559 6557
f 6558 6560 6564 6562
f 6557 6558 6562 6561
f 6563 6564 6560 6559
f 6559 6560 6558 6557
f 6561 6562 6564 6563
f 6569 6571 6567 6565
f 6566 6568 6572 6570
f 6565 6566 6570 6569
f 6571 6572 6568 6567
f 6567 6568 6566 6565
f 6569 6570 6572 6571
o STATION_HOME_T04L_Lights
usemtl Lights
v -4.9000 3.1200 -152.8200
v -4.9000 3.1200 -153.4200
v -9.9000 3.1200 -152.8200
v -9.9000 3.1200 -153.4200
v -4.9000 3.2000 -152.8200
v -4.9000 3.2000 -153.4200
v -9.9000 3.2000 -152.8200
v -9.9000 3.2000 -153.4200
f 6577 6579 6575 6573
f 6574 6576 6580 6578
f 6573 6574 6578 6577
f 6579 6580 6576 6575
f 6575 6576 6574 6573
f 6577 6578 6580 6579
o STATION_HOME_T04L_Glass-col
usemtl Glass
v -5.4000 1.2000 -151.5200
v -5.4000 1.2000 -151.5700
v -9.4000 1.2000 -151.5200
v -9.4000 1.2000 -151.5700
v -5.4000 2.4000 -151.5200
v -5.4000 2.4000 -151.5700
v -9.4000 2.4000 -151.5200
v -9.4000 2.4000 -151.5700
v -5.4000 1.2000 -154.6700
v -5.4000 1.2000 -154.7200
v -9.4000 1.2000 -154.6700
v -9.4000 1.2000 -154.7200
v -5.4000 2.4000 -154.6700
v -5.4000 2.4000 -154.7200
v -9.4000 2.4000 -154.6700
v -9.4000 2.4000 -154.7200
f 6585 6587 6583 6581
f 6582 6584 6588 6586
f 6581 6582 6586 6585
f 6587 6588 6584 6583
f 6583 6584 6582 6581
f 6585 6586 6588 6587
f 6593 6595 6591 6589
f 6590 6592 6596 6594
f 6589 6590 6594 6593
f 6595 6596 6592 6591
f 6591 6592 6590 6589
f 6593 6594 6596 6595
o STATION_HOME_M09ASM_Deck-col
usemtl Deck
v -10.8000 -0.3000 -144.6200
v -10.8000 -0.3000 -161.6200
v -30.8000 -0.3000 -144.6200
v -30.8000 -0.3000 -161.6200
v -10.8000 0.0000 -144.6200
v -10.8000 0.0000 -161.6200
v -30.8000 0.0000 -144.6200
v -30.8000 0.0000 -161.6200
f 6601 6603 6599 6597
f 6598 6600 6604 6602
f 6597 6598 6602 6601
f 6603 6604 6600 6599
f 6599 6600 6598 6597
f 6601 6602 6604 6603
o STATION_HOME_M09ASM_Hull-col
usemtl Hull
v -10.4000 4.0000 -144.1200
v -10.4000 4.0000 -162.1200
v -31.2000 4.0000 -144.1200
v -31.2000 4.0000 -162.1200
v -10.4000 4.4000 -144.1200
v -10.4000 4.4000 -162.1200
v -31.2000 4.4000 -144.1200
v -31.2000 4.4000 -162.1200
v -10.4000 -0.7000 -144.1200
v -10.4000 -0.7000 -162.1200
v -31.2000 -0.7000 -144.1200
v -31.2000 -0.7000 -162.1200
v -10.4000 -0.3000 -144.1200
v -10.4000 -0.3000 -162.1200
v -31.2000 -0.3000 -144.1200
v -31.2000 -0.3000 -162.1200
v -10.8000 -0.3000 -144.1200
v -10.8000 -0.3000 -144.6200
v -14.8000 -0.3000 -144.1200
v -14.8000 -0.3000 -144.6200
v -10.8000 4.0000 -144.1200
v -10.8000 4.0000 -144.6200
v -14.8000 4.0000 -144.1200
v -14.8000 4.0000 -144.6200
v -14.8000 -0.3000 -144.1200
v -14.8000 -0.3000 -144.6200
v -16.8000 -0.3000 -144.1200
v -16.8000 -0.3000 -144.6200
v -14.8000 0.0000 -144.1200
v -14.8000 0.0000 -144.6200
v -16.8000 0.0000 -144.1200
v -16.8000 0.0000 -144.6200
v -14.8000 2.6000 -144.1200
v -14.8000 2.6000 -144.6200
v -16.8000 2.6000 -144.1200
v -16.8000 2.6000 -144.6200
v -14.8000 4.0000 -144.1200
v -14.8000 4.0000 -144.6200
v -16.8000 4.0000 -144.1200
v -16.8000 4.0000 -144.6200
v -16.8000 -0.3000 -144.1200
v -16.8000 -0.3000 -144.6200
v -30.8000 -0.3000 -144.1200
v -30.8000 -0.3000 -144.6200
v -16.8000 4.0000 -144.1200
v -16.8000 4.0000 -144.6200
v -30.8000 4.0000 -144.1200
v -30.8000 4.0000 -144.6200
v -10.8000 -0.3000 -161.6200
v -10.8000 -0.3000 -162.1200
v -14.8000 -0.3000 -161.6200
v -14.8000 -0.3000 -162.1200
v -10.8000 4.0000 -161.6200
v -10.8000 4.0000 -162.1200
v -14.8000 4.0000 -161.6200
v -14.8000 4.0000 -162.1200
v -14.8000 -0.3000 -161.6200
v -14.8000 -0.3000 -162.1200
v -16.8000 -0.3000 -161.6200
v -16.8000 -0.3000 -162.1200
v -14.8000 0.0000 -161.6200
v -14.8000 0.0000 -162.1200
v -16.8000 0.0000 -161.6200
v -16.8000 0.0000 -162.1200
v -14.8000 2.6000 -161.6200
v -14.8000 2.6000 -162.1200
v -16.8000 2.6000 -161.6200
v -16.8000 2.6000 -162.1200
v -14.8000 4.0000 -161.6200
v -14.8000 4.0000 -162.1200
v -16.8000 4.0000 -161.6200
v -16.8000 4.0000 -162.1200
v -16.8000 -0.3000 -161.6200
v -16.8000 -0.3000 -162.1200
v -30.8000 -0.3000 -161.6200
v -30.8000 -0.3000 -162.1200
v -16.8000 4.0000 -161.6200
v -16.8000 4.0000 -162.1200
v -30.8000 4.0000 -161.6200
v -30.8000 4.0000 -162.1200
v -10.4000 -0.3000 -144.1200
v -10.4000 -0.3000 -152.2200
v -10.8000 -0.3000 -144.1200
v -10.8000 -0.3000 -152.2200
v -10.4000 4.0000 -144.1200
v -10.4000 4.0000 -152.2200
v -10.8000 4.0000 -144.1200
v -10.8000 4.0000 -152.2200
v -10.4000 -0.3000 -152.2200
v -10.4000 -0.3000 -154.0200
v -10.8000 -0.3000 -152.2200
v -10.8000 -0.3000 -154.0200
v -10.4000 0.0000 -152.2200
v -10.4000 0.0000 -154.0200
v -10.8000 0.0000 -152.2200
v -10.8000 0.0000 -154.0200
v -10.4000 2.8000 -152.2200
v -10.4000 2.8000 -154.0200
v -10.8000 2.8000 -152.2200
v -10.8000 2.8000 -154.0200
v -10.4000 4.0000 -152.2200
v -10.4000 4.0000 -154.0200
v -10.8000 4.0000 -152.2200
v -10.8000 4.0000 -154.0200
v -10.4000 -0.3000 -154.0200
v -10.4000 -0.3000 -162.1200
v -10.8000 -0.3000 -154.0200
v -10.8000 -0.3000 -162.1200
v -10.4000 4.0000 -154.0200
v -10.4000 4.0000 -162.1200
v -10.8000 4.0000 -154.0200
v -10.8000 4.0000 -162.1200
v -30.8000 -0.3000 -144.1200
v -30.8000 -0.3000 -152.2200
v -31.2000 -0.3000 -144.1200
v -31.2000 -0.3000 -152.2200
v -30.8000 4.0000 -144.1200
v -30.8000 4.0000 -152.2200
v -31.2000 4.0000 -144.1200
v -31.2000 4.0000 -152.2200
v -30.8000 -0.3000 -152.2200
v -30.8000 -0.3000 -154.0200
v -31.2000 -0.3000 -152.2200
v -31.2000 -0.3000 -154.0200
v -30.8000 0.0000 -152.2200
v -30.8000 0.0000 -154.0200
v -31.2000 0.0000 -152.2200
v -31.2000 0.0000 -154.0200
v -30.8000 2.8000 -152.2200
v -30.8000 2.8000 -154.0200
v -31.2000 2.8000 -152.2200
v -31.2000 2.8000 -154.0200
v -30.8000 4.0000 -152.2200
v -30.8000 4.0000 -154.0200
v -31.2000 4.0000 -152.2200
v -31.2000 4.0000 -154.0200
v -30.8000 -0.3000 -154.0200
v -30.8000 -0.3000 -162.1200
v -31.2000 -0.3000 -154.0200
v -31.2000 -0.3000 -162.1200
v -30.8000 4.0000 -154.0200
v -30.8000 4.0000 -162.1200
v -31.2000 4.0000 -154.0200
v -31.2000 4.0000 -162.1200
f 6609 6611 6607 6605
f 6606 6608 6612 6610
f 6605 6606 6610 6609
f 6611 6612 6608 6607
f 6607 6608 6606 6605
f 6609 6610 6612 6611
f 6617 6619 6615 6613
f 6614 6616 6620 6618
f 6613 6614 6618 6617
f 6619 6620 6616 6615
f 6615 6616 6614 6613
f 6617 6618 6620 6619
f 6625 6627 6623 6621
f 6622 6624 6628 6626
f 6621 6622 6626 6625
f 6627 6628 6624 6623
f 6623 6624 6622 6621
f 6625 6626 6628 6627
f 6633 6635 6631 6629
f 6630 6632 6636 6634
f 6629 6630 6634 6633
f 6635 6636 6632 6631
f 6631 6632 6630 6629
f 6633 6634 6636 6635
f 6641 6643 6639 6637
f 6638 6640 6644 6642
f 6637 6638 6642 6641
f 6643 6644 6640 6639
f 6639 6640 6638 6637
f 6641 6642 6644 6643
f 6649 6651 6647 6645
f 6646 6648 6652 6650
f 6645 6646 6650 6649
f 6651 6652 6648 6647
f 6647 6648 6646 6645
f 6649 6650 6652 6651
f 6657 6659 6655 6653
f 6654 6656 6660 6658
f 6653 6654 6658 6657
f 6659 6660 6656 6655
f 6655 6656 6654 6653
f 6657 6658 6660 6659
f 6665 6667 6663 6661
f 6662 6664 6668 6666
f 6661 6662 6666 6665
f 6667 6668 6664 6663
f 6663 6664 6662 6661
f 6665 6666 6668 6667
f 6673 6675 6671 6669
f 6670 6672 6676 6674
f 6669 6670 6674 6673
f 6675 6676 6672 6671
f 6671 6672 6670 6669
f 6673 6674 6676 6675
f 6681 6683 6679 6677
f 6678 6680 6684 6682
f 6677 6678 6682 6681
f 6683 6684 6680 6679
f 6679 6680 6678 6677
f 6681 6682 6684 6683
f 6689 6691 6687 6685
f 6686 6688 6692 6690
f 6685 6686 6690 6689
f 6691 6692 6688 6687
f 6687 6688 6686 6685
f 6689 6690 6692 6691
f 6697 6699 6695 6693
f 6694 6696 6700 6698
f 6693 6694 6698 6697
f 6699 6700 6696 6695
f 6695 6696 6694 6693
f 6697 6698 6700 6699
f 6705 6707 6703 6701
f 6702 6704 6708 6706
f 6701 6702 6706 6705
f 6707 6708 6704 6703
f 6703 6704 6702 6701
f 6705 6706 6708 6707
f 6713 6715 6711 6709
f 6710 6712 6716 6714
f 6709 6710 6714 6713
f 6715 6716 6712 6711
f 6711 6712 6710 6709
f 6713 6714 6716 6715
f 6721 6723 6719 6717
f 6718 6720 6724 6722
f 6717 6718 6722 6721
f 6723 6724 6720 6719
f 6719 6720 6718 6717
f 6721 6722 6724 6723
f 6729 6731 6727 6725
f 6726 6728 6732 6730
f 6725 6726 6730 6729
f 6731 6732 6728 6727
f 6727 6728 6726 6725
f 6729 6730 6732 6731
f 6737 6739 6735 6733
f 6734 6736 6740 6738
f 6733 6734 6738 6737
f 6739 6740 6736 6735
f 6735 6736 6734 6733
f 6737 6738 6740 6739
f 6745 6747 6743 6741
f 6742 6744 6748 6746
f 6741 6742 6746 6745
f 6747 6748 6744 6743
f 6743 6744 6742 6741
f 6745 6746 6748 6747
o STATION_HOME_M09ASM_Interior-col
usemtl Interior
v -20.7000 0.0000 -144.6200
v -20.7000 0.0000 -151.9200
v -20.9000 0.0000 -144.6200
v -20.9000 0.0000 -151.9200
v -20.7000 4.0000 -144.6200
v -20.7000 4.0000 -151.9200
v -20.9000 4.0000 -144.6200
v -20.9000 4.0000 -151.9200
v -20.7000 3.0000 -151.9200
v -20.7000 3.0000 -154.3200
v -20.9000 3.0000 -151.9200
v -20.9000 3.0000 -154.3200
v -20.7000 4.0000 -151.9200
v -20.7000 4.0000 -154.3200
v -20.9000 4.0000 -151.9200
v -20.9000 4.0000 -154.3200
v -20.7000 0.0000 -154.3200
v -20.7000 0.0000 -161.6200
v -20.9000 0.0000 -154.3200
v -20.9000 0.0000 -161.6200
v -20.7000 4.0000 -154.3200
v -20.7000 4.0000 -161.6200
v -20.9000 4.0000 -154.3200
v -20.9000 4.0000 -161.6200
v -20.8000 0.0000 -151.7200
v -20.8000 0.0000 -151.9200
v -25.0000 0.0000 -151.7200
v -25.0000 0.0000 -151.9200
v -20.8000 4.0000 -151.7200
v -20.8000 4.0000 -151.9200
v -25.0000 4.0000 -151.7200
v -25.0000 4.0000 -151.9200
v -25.0000 2.6000 -151.7200
v -25.0000 2.6000 -151.9200
v -26.6000 2.6000 -151.7200
v -26.6000 2.6000 -151.9200
v -25.0000 4.0000 -151.7200
v -25.0000 4.0000 -151.9200
v -26.6000 4.0000 -151.7200
v -26.6000 4.0000 -151.9200
v -26.6000 0.0000 -151.7200
v -26.6000 0.0000 -151.9200
v -30.8000 0.0000 -151.7200
v -30.8000 0.0000 -151.9200
v -26.6000 4.0000 -151.7200
v -26.6000 4.0000 -151.9200
v -30.8000 4.0000 -151.7200
v -30.8000 4.0000 -151.9200
v -20.8000 0.0000 -154.3200
v -20.8000 0.0000 -154.5200
v -25.0000 0.0000 -154.3200
v -25.0000 0.0000 -154.5200
v -20.8000 4.0000 -154.3200
v -20.8000 4.0000 -154.5200
v -25.0000 4.0000 -154.3200
v -25.0000 4.0000 -154.5200
v -25.0000 2.6000 -154.3200
v -25.0000 2.6000 -154.5200
v -26.6000 2.6000 -154.3200
v -26.6000 2.6000 -154.5200
v -25.0000 4.0000 -154.3200
v -25.0000 4.0000 -154.5200
v -26.6000 4.0000 -154.3200
v -26.6000 4.0000 -154.5200
v -26.6000 0.0000 -154.3200
v -26.6000 0.0000 -154.5200
v -30.8000 0.0000 -154.3200
v -30.8000 0.0000 -154.5200
v -26.6000 4.0000 -154.3200
v -26.6000 4.0000 -154.5200
v -30.8000 4.0000 -154.3200
v -30.8000 4.0000 -154.5200
f 6753 6755 6751 6749
f 6750 6752 6756 6754
f 6749 6750 6754 6753
f 6755 6756 6752 6751
f 6751 6752 6750 6749
f 6753 6754 6756 6755
f 6761 6763 6759 6757
f 6758 6760 6764 6762
f 6757 6758 6762 6761
f 6763 6764 6760 6759
f 6759 6760 6758 6757
f 6761 6762 6764 6763
f 6769 6771 6767 6765
f 6766 6768 6772 6770
f 6765 6766 6770 6769
f 6771 6772 6768 6767
f 6767 6768 6766 6765
f 6769 6770 6772 6771
f 6777 6779 6775 6773
f 6774 6776 6780 6778
f 6773 6774 6778 6777
f 6779 6780 6776 6775
f 6775 6776 6774 6773
f 6777 6778 6780 6779
f 6785 6787 6783 6781
f 6782 6784 6788 6786
f 6781 6782 6786 6785
f 6787 6788 6784 6783
f 6783 6784 6782 6781
f 6785 6786 6788 6787
f 6793 6795 6791 6789
f 6790 6792 6796 6794
f 6789 6790 6794 6793
f 6795 6796 6792 6791
f 6791 6792 6790 6789
f 6793 6794 6796 6795
f 6801 6803 6799 6797
f 6798 6800 6804 6802
f 6797 6798 6802 6801
f 6803 6804 6800 6799
f 6799 6800 6798 6797
f 6801 6802 6804 6803
f 6809 6811 6807 6805
f 6806 6808 6812 6810
f 6805 6806 6810 6809
f 6811 6812 6808 6807
f 6807 6808 6806 6805
f 6809 6810 6812 6811
f 6817 6819 6815 6813
f 6814 6816 6820 6818
f 6813 6814 6818 6817
f 6819 6820 6816 6815
f 6815 6816 6814 6813
f 6817 6818 6820 6819
o STATION_HOME_M09ASM_Furniture-col
usemtl Furniture
v -21.4000 0.0000 -160.8200
v -21.4000 0.0000 -161.5200
v -30.2000 0.0000 -160.8200
v -30.2000 0.0000 -161.5200
v -21.4000 1.1000 -160.8200
v -21.4000 1.1000 -161.5200
v -30.2000 1.1000 -160.8200
v -30.2000 1.1000 -161.5200
v -21.4000 0.0000 -144.7200
v -21.4000 0.0000 -145.2200
v -23.8000 0.0000 -144.7200
v -23.8000 0.0000 -145.2200
v -21.4000 2.0000 -144.7200
v -21.4000 2.0000 -145.2200
v -23.8000 2.0000 -144.7200
v -23.8000 2.0000 -145.2200
v -25.2000 0.0000 -149.1200
v -25.2000 0.0000 -150.5200
v -26.4000 0.0000 -149.1200
v -26.4000 0.0000 -150.5200
v -25.2000 0.7500 -149.1200
v -25.2000 0.7500 -150.5200
v -26.4000 0.7500 -149.1200
v -26.4000 0.7500 -150.5200
v -21.2000 0.0000 -153.9700
v -21.2000 0.0000 -154.3200
v -22.4000 0.0000 -153.9700
v -22.4000 0.0000 -154.3200
v -21.2000 2.0000 -153.9700
v -21.2000 2.0000 -154.3200
v -22.4000 2.0000 -153.9700
v -22.4000 2.0000 -154.3200
v -13.4667 0.0000 -154.7200
v -13.4667 0.0000 -159.6200
v -15.0667 0.0000 -154.7200
v -15.0667 0.0000 -159.6200
v -13.4667 1.0000 -154.7200
v -13.4667 1.0000 -159.6200
v -15.0667 1.0000 -154.7200
v -15.0667 1.0000 -159.6200
v -16.5333 0.0000 -154.7200
v -16.5333 0.0000 -159.6200
v -18.1333 0.0000 -154.7200
v -18.1333 0.0000 -159.6200
v -16.5333 1.0000 -154.7200
v -16.5333 1.0000 -159.6200
v -18.1333 1.0000 -154.7200
v -18.1333 1.0000 -159.6200
v -12.2000 0.0000 -146.6200
v -12.2000 0.0000 -150.3200
v -19.4000 0.0000 -146.6200
v -19.4000 0.0000 -150.3200
v -12.2000 0.9000 -146.6200
v -12.2000 0.9000 -150.3200
v -19.4000 0.9000 -146.6200
v -19.4000 0.9000 -150.3200
v -13.7667 0.6000 -144.6700
v -13.7667 0.6000 -145.0700
v -14.7667 0.6000 -144.6700
v -14.7667 0.6000 -145.0700
v -13.7667 2.0000 -144.6700
v -13.7667 2.0000 -145.0700
v -14.7667 2.0000 -144.6700
v -14.7667 2.0000 -145.0700
v -16.8333 0.6000 -161.1700
v -16.8333 0.6000 -161.5700
v -17.8333 0.6000 -161.1700
v -17.8333 0.6000 -161.5700
v -16.8333 2.0000 -161.1700
v -16.8333 2.0000 -161.5700
v -17.8333 2.0000 -161.1700
v -17.8333 2.0000 -161.5700
f 6825 6827 6823 6821
f 6822 6824 6828 6826
f 6821 6822 6826 6825
f 6827 6828 6824 6823
f 6823 6824 6822 6821
f 6825 6826 6828 6827
f 6833 6835 6831 6829
f 6830 6832 6836 6834
f 6829 6830 6834 6833
f 6835 6836 6832 6831
f 6831 6832 6830 6829
f 6833 6834 6836 6835
f 6841 6843 6839 6837
f 6838 6840 6844 6842
f 6837 6838 6842 6841
f 6843 6844 6840 6839
f 6839 6840 6838 6837
f 6841 6842 6844 6843
f 6849 6851 6847 6845
f 6846 6848 6852 6850
f 6845 6846 6850 6849
f 6851 6852 6848 6847
f 6847 6848 6846 6845
f 6849 6850 6852 6851
f 6857 6859 6855 6853
f 6854 6856 6860 6858
f 6853 6854 6858 6857
f 6859 6860 6856 6855
f 6855 6856 6854 6853
f 6857 6858 6860 6859
f 6865 6867 6863 6861
f 6862 6864 6868 6866
f 6861 6862 6866 6865
f 6867 6868 6864 6863
f 6863 6864 6862 6861
f 6865 6866 6868 6867
f 6873 6875 6871 6869
f 6870 6872 6876 6874
f 6869 6870 6874 6873
f 6875 6876 6872 6871
f 6871 6872 6870 6869
f 6873 6874 6876 6875
f 6881 6883 6879 6877
f 6878 6880 6884 6882
f 6877 6878 6882 6881
f 6883 6884 6880 6879
f 6879 6880 6878 6877
f 6881 6882 6884 6883
f 6889 6891 6887 6885
f 6886 6888 6892 6890
f 6885 6886 6890 6889
f 6891 6892 6888 6887
f 6887 6888 6886 6885
f 6889 6890 6892 6891
o STATION_HOME_M09ASM_Cover-col
usemtl Cover
v -13.0000 0.0000 -149.5200
v -13.0000 0.0000 -150.5200
v -14.0000 0.0000 -149.5200
v -14.0000 0.0000 -150.5200
v -13.0000 1.1000 -149.5200
v -13.0000 1.1000 -150.5200
v -14.0000 1.1000 -149.5200
v -14.0000 1.1000 -150.5200
v -17.6000 0.0000 -149.5200
v -17.6000 0.0000 -150.5200
v -18.6000 0.0000 -149.5200
v -18.6000 0.0000 -150.5200
v -17.6000 1.1000 -149.5200
v -17.6000 1.1000 -150.5200
v -18.6000 1.1000 -149.5200
v -18.6000 1.1000 -150.5200
f 6897 6899 6895 6893
f 6894 6896 6900 6898
f 6893 6894 6898 6897
f 6899 6900 6896 6895
f 6895 6896 6894 6893
f 6897 6898 6900 6899
f 6905 6907 6903 6901
f 6902 6904 6908 6906
f 6901 6902 6906 6905
f 6907 6908 6904 6903
f 6903 6904 6902 6901
f 6905 6906 6908 6907
o STATION_HOME_M09ASM_Hazard
usemtl Hazard
v -14.5000 0.0000 -144.0000
v -14.5000 0.0000 -144.1200
v -14.8000 0.0000 -144.0000
v -14.8000 0.0000 -144.1200
v -14.5000 2.9000 -144.0000
v -14.5000 2.9000 -144.1200
v -14.8000 2.9000 -144.0000
v -14.8000 2.9000 -144.1200
v -16.8000 0.0000 -144.0000
v -16.8000 0.0000 -144.1200
v -17.1000 0.0000 -144.0000
v -17.1000 0.0000 -144.1200
v -16.8000 2.9000 -144.0000
v -16.8000 2.9000 -144.1200
v -17.1000 2.9000 -144.0000
v -17.1000 2.9000 -144.1200
v -14.5000 0.0000 -162.1200
v -14.5000 0.0000 -162.2400
v -14.8000 0.0000 -162.1200
v -14.8000 0.0000 -162.2400
v -14.5000 2.9000 -162.1200
v -14.5000 2.9000 -162.2400
v -14.8000 2.9000 -162.1200
v -14.8000 2.9000 -162.2400
v -16.8000 0.0000 -162.1200
v -16.8000 0.0000 -162.2400
v -17.1000 0.0000 -162.1200
v -17.1000 0.0000 -162.2400
v -16.8000 2.9000 -162.1200
v -16.8000 2.9000 -162.2400
v -17.1000 2.9000 -162.1200
v -17.1000 2.9000 -162.2400
v -31.2000 2.8000 -151.9200
v -31.2000 2.8000 -154.3200
v -31.2400 2.8000 -151.9200
v -31.2400 2.8000 -154.3200
v -31.2000 3.0000 -151.9200
v -31.2000 3.0000 -154.3200
v -31.2400 3.0000 -151.9200
v -31.2400 3.0000 -154.3200
v -13.7667 1.8000 -145.0700
v -13.7667 1.8000 -145.0900
v -14.7667 1.8000 -145.0700
v -14.7667 1.8000 -145.0900
v -13.7667 2.0000 -145.0700
v -13.7667 2.0000 -145.0900
v -14.7667 2.0000 -145.0700
v -14.7667 2.0000 -145.0900
v -16.8333 1.8000 -161.1500
v -16.8333 1.8000 -161.1700
v -17.8333 1.8000 -161.1500
v -17.8333 1.8000 -161.1700
v -16.8333 2.0000 -161.1500
v -16.8333 2.0000 -161.1700
v -17.8333 2.0000 -161.1500
v -17.8333 2.0000 -161.1700
f 6913 6915 6911 6909
f 6910 6912 6916 6914
f 6909 6910 6914 6913
f 6915 6916 6912 6911
f 6911 6912 6910 6909
f 6913 6914 6916 6915
f 6921 6923 6919 6917
f 6918 6920 6924 6922
f 6917 6918 6922 6921
f 6923 6924 6920 6919
f 6919 6920 6918 6917
f 6921 6922 6924 6923
f 6929 6931 6927 6925
f 6926 6928 6932 6930
f 6925 6926 6930 6929
f 6931 6932 6928 6927
f 6927 6928 6926 6925
f 6929 6930 6932 6931
f 6937 6939 6935 6933
f 6934 6936 6940 6938
f 6933 6934 6938 6937
f 6939 6940 6936 6935
f 6935 6936 6934 6933
f 6937 6938 6940 6939
f 6945 6947 6943 6941
f 6942 6944 6948 6946
f 6941 6942 6946 6945
f 6947 6948 6944 6943
f 6943 6944 6942 6941
f 6945 6946 6948 6947
f 6953 6955 6951 6949
f 6950 6952 6956 6954
f 6949 6950 6954 6953
f 6955 6956 6952 6951
f 6951 6952 6950 6949
f 6953 6954 6956 6955
f 6961 6963 6959 6957
f 6958 6960 6964 6962
f 6957 6958 6962 6961
f 6963 6964 6960 6959
f 6959 6960 6958 6957
f 6961 6962 6964 6963
o STATION_HOME_M09ASM_Lights
usemtl Lights
v -21.6000 0.8000 -160.8000
v -21.6000 0.8000 -160.8200
v -30.0000 0.8000 -160.8000
v -30.0000 0.8000 -160.8200
v -21.6000 1.0500 -160.8000
v -21.6000 1.0500 -160.8200
v -30.0000 1.0500 -160.8000
v -30.0000 1.0500 -160.8200
v -25.1000 1.0000 -155.8200
v -25.1000 1.0000 -156.8200
v -26.5000 1.0000 -155.8200
v -26.5000 1.0000 -156.8200
v -25.1000 1.0300 -155.8200
v -25.1000 1.0300 -156.8200
v -26.5000 1.0300 -155.8200
v -26.5000 1.0300 -156.8200
v -21.3000 3.6200 -152.8200
v -21.3000 3.6200 -153.4200
v -30.3000 3.6200 -152.8200
v -30.3000 3.6200 -153.4200
v -21.3000 3.7000 -152.8200
v -21.3000 3.7000 -153.4200
v -30.3000 3.7000 -152.8200
v -30.3000 3.7000 -153.4200
v -11.7000 3.8800 -152.7200
v -11.7000 3.8800 -153.5200
v -19.9000 3.8800 -152.7200
v -19.9000 3.8800 -153.5200
v -11.7000 3.9600 -152.7200
v -11.7000 3.9600 -153.5200
v -19.9000 3.9600 -152.7200
v -19.9000 3.9600 -153.5200
f 6969 6971 6967 6965
f 6966 6968 6972 6970
f 6965 6966 6970 6969
f 6971 6972 6968 6967
f 6967 6968 6966 6965
f 6969 6970 6972 6971
f 6977 6979 6975 6973
f 6974 6976 6980 6978
f 6973 6974 6978 6977
f 6979 6980 6976 6975
f 6975 6976 6974 6973
f 6977 6978 6980 6979
f 6985 6987 6983 6981
f 6982 6984 6988 6986
f 6981 6982 6986 6985
f 6987 6988 6984 6983
f 6983 6984 6982 6981
f 6985 6986 6988 6987
f 6993 6995 6991 6989
f 6990 6992 6996 6994
f 6989 6990 6994 6993
f 6995 6996 6992 6991
f 6991 6992 6990 6989
f 6993 6994 6996 6995
o STATION_HOME_M09ASM_Trim
usemtl Trim
v -14.1667 1.0000 -155.3200
v -14.1667 1.0000 -155.5200
v -14.3667 1.0000 -155.3200
v -14.3667 1.0000 -155.5200
v -14.1667 2.2000 -155.3200
v -14.1667 2.2000 -155.5200
v -14.3667 2.2000 -155.3200
v -14.3667 2.2000 -155.5200
v -14.1667 2.1000 -155.3200
v -14.1667 2.1000 -157.1200
v -14.3667 2.1000 -155.3200
v -14.3667 2.1000 -157.1200
v -14.1667 2.3000 -155.3200
v -14.1667 2.3000 -157.1200
v -14.3667 2.3000 -155.3200
v -14.3667 2.3000 -157.1200
v -17.2333 1.0000 -155.3200
v -17.2333 1.0000 -155.5200
v -17.4333 1.0000 -155.3200
v -17.4333 1.0000 -155.5200
v -17.2333 2.2000 -155.3200
v -17.2333 2.2000 -155.5200
v -17.4333 2.2000 -155.3200
v -17.4333 2.2000 -155.5200
v -17.2333 2.1000 -155.3200
v -17.2333 2.1000 -157.1200
v -17.4333 2.1000 -155.3200
v -17.4333 2.1000 -157.1200
v -17.2333 2.3000 -155.3200
v -17.2333 2.3000 -157.1200
v -17.4333 2.3000 -155.3200
v -17.4333 2.3000 -157.1200
f 7001 7003 6999 6997
f 6998 7000 7004 7002
f 6997 6998 7002 7001
f 7003 7004 7000 6999
f 6999 7000 6998 6997
f 7001 7002 7004 7003
f 7009 7011 7007 7005
f 7006 7008 7012 7010
f 7005 7006 7010 7009
f 7011 7012 7008 7007
f 7007 7008 7006 7005
f 7009 7010 7012 7011
f 7017 7019 7015 7013
f 7014 7016 7020 7018
f 7013 7014 7018 7017
f 7019 7020 7016 7015
f 7015 7016 7014 7013
f 7017 7018 7020 7019
f 7025 7027 7023 7021
f 7022 7024 7028 7026
f 7021 7022 7026 7025
f 7027 7028 7024 7023
f 7023 7024 7022 7021
f 7025 7026 7028 7027
o STATION_HOME_M09ASM_AirlockPort_Door-col
usemtl Door
v -14.7500 0.0000 -144.3200
v -14.7500 0.0000 -144.4200
v -16.8500 0.0000 -144.3200
v -16.8500 0.0000 -144.4200
v -14.7500 2.6000 -144.3200
v -14.7500 2.6000 -144.4200
v -16.8500 2.6000 -144.3200
v -16.8500 2.6000 -144.4200
f 7033 7035 7031 7029
f 7030 7032 7036 7034
f 7029 7030 7034 7033
f 7035 7036 7032 7031
f 7031 7032 7030 7029
f 7033 7034 7036 7035
o STATION_HOME_M09ASM_AirlockStbd_Door-col
usemtl Door
v -14.7500 0.0000 -161.8200
v -14.7500 0.0000 -161.9200
v -16.8500 0.0000 -161.8200
v -16.8500 0.0000 -161.9200
v -14.7500 2.6000 -161.8200
v -14.7500 2.6000 -161.9200
v -16.8500 2.6000 -161.8200
v -16.8500 2.6000 -161.9200
f 7041 7043 7039 7037
f 7038 7040 7044 7042
f 7037 7038 7042 7041
f 7043 7044 7040 7039
f 7039 7040 7038 7037
f 7041 7042 7044 7043
o STATION_HOME_M09ASM_Connector_Back_Door-col
usemtl Door
v -10.5500 0.0000 -152.1700
v -10.5500 0.0000 -154.0700
v -10.6500 0.0000 -152.1700
v -10.6500 0.0000 -154.0700
v -10.5500 2.8000 -152.1700
v -10.5500 2.8000 -154.0700
v -10.6500 2.8000 -152.1700
v -10.6500 2.8000 -154.0700
f 7049 7051 7047 7045
f 7046 7048 7052 7050
f 7045 7046 7050 7049
f 7051 7052 7048 7047
f 7047 7048 7046 7045
f 7049 7050 7052 7051
o STATION_HOME_M09ASM_Connector_Front_Door-col
usemtl Door
v -30.9500 0.0000 -152.1700
v -30.9500 0.0000 -154.0700
v -31.0500 0.0000 -152.1700
v -31.0500 0.0000 -154.0700
v -30.9500 2.8000 -152.1700
v -30.9500 2.8000 -154.0700
v -31.0500 2.8000 -152.1700
v -31.0500 2.8000 -154.0700
f 7057 7059 7055 7053
f 7054 7056 7060 7058
f 7053 7054 7058 7057
f 7059 7060 7056 7055
f 7055 7056 7054 7053
f 7057 7058 7060 7059
o STATION_HOME_M09ASM_ControlConsole-col
usemtl Furniture
v -25.0000 0.0000 -155.7200
v -25.0000 0.0000 -156.9200
v -26.6000 0.0000 -155.7200
v -26.6000 0.0000 -156.9200
v -25.0000 1.0000 -155.7200
v -25.0000 1.0000 -156.9200
v -26.6000 1.0000 -155.7200
v -26.6000 1.0000 -156.9200
f 7065 7067 7063 7061
f 7062 7064 7068 7066
f 7061 7062 7066 7065
f 7067 7068 7064 7063
f 7063 7064 7062 7061
f 7065 7066 7068 7067
o STATION_HOME_M09ASM_StatusLight
usemtl Lights
v -29.3000 4.4000 -152.6200
v -29.3000 4.4000 -153.6200
v -30.3000 4.4000 -152.6200
v -30.3000 4.4000 -153.6200
v -29.3000 4.7000 -152.6200
v -29.3000 4.7000 -153.6200
v -30.3000 4.7000 -152.6200
v -30.3000 4.7000 -153.6200
f 7073 7075 7071 7069
f 7070 7072 7076 7074
f 7069 7070 7074 7073
f 7075 7076 7072 7071
f 7071 7072 7070 7069
f 7073 7074 7076 7075
o STATION_HOME_T05_Deck-col
usemtl Deck
v -1.4000 -0.3000 -157.5200
v 1.4000 -0.3000 -157.5200
v -1.4000 -0.3000 -177.0400
v 1.4000 -0.3000 -177.0400
v -1.4000 0.0000 -157.5200
v 1.4000 0.0000 -157.5200
v -1.4000 0.0000 -177.0400
v 1.4000 0.0000 -177.0400
f 7081 7083 7079 7077
f 7078 7080 7084 7082
f 7077 7078 7082 7081
f 7083 7084 7080 7079
f 7079 7080 7078 7077
f 7081 7082 7084 7083
o STATION_HOME_T05_Hull-col
usemtl Hull
v -1.8000 3.2000 -157.5200
v 1.8000 3.2000 -157.5200
v -1.8000 3.2000 -177.0400
v 1.8000 3.2000 -177.0400
v -1.8000 3.6000 -157.5200
v 1.8000 3.6000 -157.5200
v -1.8000 3.6000 -177.0400
v 1.8000 3.6000 -177.0400
v -1.8000 -0.7000 -157.5200
v 1.8000 -0.7000 -157.5200
v -1.8000 -0.7000 -177.0400
v 1.8000 -0.7000 -177.0400
v -1.8000 -0.3000 -157.5200
v 1.8000 -0.3000 -157.5200
v -1.8000 -0.3000 -177.0400
v 1.8000 -0.3000 -177.0400
v -1.8000 -0.3000 -157.5200
v -1.4000 -0.3000 -157.5200
v -1.8000 -0.3000 -158.5200
v -1.4000 -0.3000 -158.5200
v -1.8000 3.2000 -157.5200
v -1.4000 3.2000 -157.5200
v -1.8000 3.2000 -158.5200
v -1.4000 3.2000 -158.5200
v -1.8000 -0.3000 -158.5200
v -1.4000 -0.3000 -158.5200
v -1.8000 -0.3000 -176.0400
v -1.4000 -0.3000 -176.0400
v -1.8000 1.2000 -158.5200
v -1.4000 1.2000 -158.5200
v -1.8000 1.2000 -176.0400
v -1.4000 1.2000 -176.0400
v -1.8000 2.4000 -158.5200
v -1.4000 2.4000 -158.5200
v -1.8000 2.4000 -176.0400
v -1.4000 2.4000 -176.0400
v -1.8000 3.2000 -158.5200
v -1.4000 3.2000 -158.5200
v -1.8000 3.2000 -176.0400
v -1.4000 3.2000 -176.0400
v -1.8000 -0.3000 -176.0400
v -1.4000 -0.3000 -176.0400
v -1.8000 -0.3000 -177.0400
v -1.4000 -0.3000 -177.0400
v -1.8000 3.2000 -176.0400
v -1.4000 3.2000 -176.0400
v -1.8000 3.2000 -177.0400
v -1.4000 3.2000 -177.0400
v 1.4000 -0.3000 -157.5200
v 1.8000 -0.3000 -157.5200
v 1.4000 -0.3000 -158.5200
v 1.8000 -0.3000 -158.5200
v 1.4000 3.2000 -157.5200
v 1.8000 3.2000 -157.5200
v 1.4000 3.2000 -158.5200
v 1.8000 3.2000 -158.5200
v 1.4000 -0.3000 -158.5200
v 1.8000 -0.3000 -158.5200
v 1.4000 -0.3000 -176.0400
v 1.8000 -0.3000 -176.0400
v 1.4000 1.2000 -158.5200
v 1.8000 1.2000 -158.5200
v 1.4000 1.2000 -176.0400
v 1.8000 1.2000 -176.0400
v 1.4000 2.4000 -158.5200
v 1.8000 2.4000 -158.5200
v 1.4000 2.4000 -176.0400
v 1.8000 2.4000 -176.0400
v 1.4000 3.2000 -158.5200
v 1.8000 3.2000 -158.5200
v 1.4000 3.2000 -176.0400
v 1.8000 3.2000 -176.0400
v 1.4000 -0.3000 -176.0400
v 1.8000 -0.3000 -176.0400
v 1.4000 -0.3000 -177.0400
v 1.8000 -0.3000 -177.0400
v 1.4000 3.2000 -176.0400
v 1.8000 3.2000 -176.0400
v 1.4000 3.2000 -177.0400
v 1.8000 3.2000 -177.0400
f 7089 7091 7087 7085
f 7086 7088 7092 7090
f 7085 7086 7090 7089
f 7091 7092 7088 7087
f 7087 7088 7086 7085
f 7089 7090 7092 7091
f 7097 7099 7095 7093
f 7094 7096 7100 7098
f 7093 7094 7098 7097
f 7099 7100 7096 7095
f 7095 7096 7094 7093
f 7097 7098 7100 7099
f 7105 7107 7103 7101
f 7102 7104 7108 7106
f 7101 7102 7106 7105
f 7107 7108 7104 7103
f 7103 7104 7102 7101
f 7105 7106 7108 7107
f 7113 7115 7111 7109
f 7110 7112 7116 7114
f 7109 7110 7114 7113
f 7115 7116 7112 7111
f 7111 7112 7110 7109
f 7113 7114 7116 7115
f 7121 7123 7119 7117
f 7118 7120 7124 7122
f 7117 7118 7122 7121
f 7123 7124 7120 7119
f 7119 7120 7118 7117
f 7121 7122 7124 7123
f 7129 7131 7127 7125
f 7126 7128 7132 7130
f 7125 7126 7130 7129
f 7131 7132 7128 7127
f 7127 7128 7126 7125
f 7129 7130 7132 7131
f 7137 7139 7135 7133
f 7134 7136 7140 7138
f 7133 7134 7138 7137
f 7139 7140 7136 7135
f 7135 7136 7134 7133
f 7137 7138 7140 7139
f 7145 7147 7143 7141
f 7142 7144 7148 7146
f 7141 7142 7146 7145
f 7147 7148 7144 7143
f 7143 7144 7142 7141
f 7145 7146 7148 7147
f 7153 7155 7151 7149
f 7150 7152 7156 7154
f 7149 7150 7154 7153
f 7155 7156 7152 7151
f 7151 7152 7150 7149
f 7153 7154 7156 7155
f 7161 7163 7159 7157
f 7158 7160 7164 7162
f 7157 7158 7162 7161
f 7163 7164 7160 7159
f 7159 7160 7158 7157
f 7161 7162 7164 7163
o STATION_HOME_T05_Lights
usemtl Lights
v -0.3000 3.1200 -158.0200
v 0.3000 3.1200 -158.0200
v -0.3000 3.1200 -176.5400
v 0.3000 3.1200 -176.5400
v -0.3000 3.2000 -158.0200
v 0.3000 3.2000 -158.0200
v -0.3000 3.2000 -176.5400
v 0.3000 3.2000 -176.5400
f 7169 7171 7167 7165
f 7166 7168 7172 7170
f 7165 7166 7170 7169
f 7171 7172 7168 7167
f 7167 7168 7166 7165
f 7169 7170 7172 7171
o STATION_HOME_T05_Glass-col
usemtl Glass
v -1.6000 1.2000 -158.5200
v -1.5500 1.2000 -158.5200
v -1.6000 1.2000 -176.0400
v -1.5500 1.2000 -176.0400
v -1.6000 2.4000 -158.5200
v -1.5500 2.4000 -158.5200
v -1.6000 2.4000 -176.0400
v -1.5500 2.4000 -176.0400
v 1.5500 1.2000 -158.5200
v 1.6000 1.2000 -158.5200
v 1.5500 1.2000 -176.0400
v 1.6000 1.2000 -176.0400
v 1.5500 2.4000 -158.5200
v 1.6000 2.4000 -158.5200
v 1.5500 2.4000 -176.0400
v 1.6000 2.4000 -176.0400
f 7177 7179 7175 7173
f 7174 7176 7180 7178
f 7173 7174 7178 7177
f 7179 7180 7176 7175
f 7175 7176 7174 7173
f 7177 7178 7180 7179
f 7185 7187 7183 7181
f 7182 7184 7188 7186
f 7181 7182 7186 7185
f 7187 7188 7184 7183
f 7183 7184 7182 7181
f 7185 7186 7188 7187
o STATION_HOME_H05_Deck-col
usemtl Deck
v -4.0000 -0.3000 -177.4400
v 4.0000 -0.3000 -177.4400
v -4.0000 -0.3000 -185.4400
v 4.0000 -0.3000 -185.4400
v -4.0000 0.0000 -177.4400
v 4.0000 0.0000 -177.4400
v -4.0000 0.0000 -185.4400
v 4.0000 0.0000 -185.4400
f 7193 7195 7191 7189
f 7190 7192 7196 7194
f 7189 7190 7194 7193
f 7195 7196 7192 7191
f 7191 7192 7190 7189
f 7193 7194 7196 7195
o STATION_HOME_H05_Hull-col
usemtl Hull
v -4.4000 4.0000 -177.0400
v 4.4000 4.0000 -177.0400
v -4.4000 4.0000 -185.8400
v 4.4000 4.0000 -185.8400
v -4.4000 4.4000 -177.0400
v 4.4000 4.4000 -177.0400
v -4.4000 4.4000 -185.8400
v 4.4000 4.4000 -185.8400
v -4.4000 -0.7000 -177.0400
v 4.4000 -0.7000 -177.0400
v -4.4000 -0.7000 -185.8400
v 4.4000 -0.7000 -185.8400
v -4.4000 -0.3000 -177.0400
v 4.4000 -0.3000 -177.0400
v -4.4000 -0.3000 -185.8400
v 4.4000 -0.3000 -185.8400
v -4.4000 -0.3000 -177.0400
v -1.1000 -0.3000 -177.0400
v -4.4000 -0.3000 -177.4400
v -1.1000 -0.3000 -177.4400
v -4.4000 4.0000 -177.0400
v -1.1000 4.0000 -177.0400
v -4.4000 4.0000 -177.4400
v -1.1000 4.0000 -177.4400
v -1.1000 -0.3000 -177.0400
v 1.1000 -0.3000 -177.0400
v -1.1000 -0.3000 -177.4400
v 1.1000 -0.3000 -177.4400
v -1.1000 0.0000 -177.0400
v 1.1000 0.0000 -177.0400
v -1.1000 0.0000 -177.4400
v 1.1000 0.0000 -177.4400
v -1.1000 3.0000 -177.0400
v 1.1000 3.0000 -177.0400
v -1.1000 3.0000 -177.4400
v 1.1000 3.0000 -177.4400
v -1.1000 4.0000 -177.0400
v 1.1000 4.0000 -177.0400
v -1.1000 4.0000 -177.4400
v 1.1000 4.0000 -177.4400
v 1.1000 -0.3000 -177.0400
v 4.4000 -0.3000 -177.0400
v 1.1000 -0.3000 -177.4400
v 4.4000 -0.3000 -177.4400
v 1.1000 4.0000 -177.0400
v 4.4000 4.0000 -177.0400
v 1.1000 4.0000 -177.4400
v 4.4000 4.0000 -177.4400
v -4.4000 -0.3000 -185.4400
v -1.1000 -0.3000 -185.4400
v -4.4000 -0.3000 -185.8400
v -1.1000 -0.3000 -185.8400
v -4.4000 4.0000 -185.4400
v -1.1000 4.0000 -185.4400
v -4.4000 4.0000 -185.8400
v -1.1000 4.0000 -185.8400
v -1.1000 -0.3000 -185.4400
v 1.1000 -0.3000 -185.4400
v -1.1000 -0.3000 -185.8400
v 1.1000 -0.3000 -185.8400
v -1.1000 0.0000 -185.4400
v 1.1000 0.0000 -185.4400
v -1.1000 0.0000 -185.8400
v 1.1000 0.0000 -185.8400
v -1.1000 3.0000 -185.4400
v 1.1000 3.0000 -185.4400
v -1.1000 3.0000 -185.8400
v 1.1000 3.0000 -185.8400
v -1.1000 4.0000 -185.4400
v 1.1000 4.0000 -185.4400
v -1.1000 4.0000 -185.8400
v 1.1000 4.0000 -185.8400
v 1.1000 -0.3000 -185.4400
v 4.4000 -0.3000 -185.4400
v 1.1000 -0.3000 -185.8400
v 4.4000 -0.3000 -185.8400
v 1.1000 4.0000 -185.4400
v 4.4000 4.0000 -185.4400
v 1.1000 4.0000 -185.8400
v 4.4000 4.0000 -185.8400
v -4.4000 -0.3000 -177.0400
v -4.0000 -0.3000 -177.0400
v -4.4000 -0.3000 -180.3400
v -4.0000 -0.3000 -180.3400
v -4.4000 4.0000 -177.0400
v -4.0000 4.0000 -177.0400
v -4.4000 4.0000 -180.3400
v -4.0000 4.0000 -180.3400
v -4.4000 -0.3000 -180.3400
v -4.0000 -0.3000 -180.3400
v -4.4000 -0.3000 -182.5400
v -4.0000 -0.3000 -182.5400
v -4.4000 0.0000 -180.3400
v -4.0000 0.0000 -180.3400
v -4.4000 0.0000 -182.5400
v -4.0000 0.0000 -182.5400
v -4.4000 3.0000 -180.3400
v -4.0000 3.0000 -180.3400
v -4.4000 3.0000 -182.5400
v -4.0000 3.0000 -182.5400
v -4.4000 4.0000 -180.3400
v -4.0000 4.0000 -180.3400
v -4.4000 4.0000 -182.5400
v -4.0000 4.0000 -182.5400
v -4.4000 -0.3000 -182.5400
v -4.0000 -0.3000 -182.5400
v -4.4000 -0.3000 -185.8400
v -4.0000 -0.3000 -185.8400
v -4.4000 4.0000 -182.5400
v -4.0000 4.0000 -182.5400
v -4.4000 4.0000 -185.8400
v -4.0000 4.0000 -185.8400
v 4.0000 -0.3000 -177.0400
v 4.4000 -0.3000 -177.0400
v 4.0000 -0.3000 -180.3400
v 4.4000 -0.3000 -180.3400
v 4.0000 4.0000 -177.0400
v 4.4000 4.0000 -177.0400
v 4.0000 4.0000 -180.3400
v 4.4000 4.0000 -180.3400
v 4.0000 -0.3000 -180.3400
v 4.4000 -0.3000 -180.3400
v 4.0000 -0.3000 -182.5400
v 4.4000 -0.3000 -182.5400
v 4.0000 0.0000 -180.3400
v 4.4000 0.0000 -180.3400
v 4.0000 0.0000 -182.5400
v 4.4000 0.0000 -182.5400
v 4.0000 3.0000 -180.3400
v 4.4000 3.0000 -180.3400
v 4.0000 3.0000 -182.5400
v 4.4000 3.0000 -182.5400
v 4.0000 4.0000 -180.3400
v 4.4000 4.0000 -180.3400
v 4.0000 4.0000 -182.5400
v 4.4000 4.0000 -182.5400
v 4.0000 -0.3000 -182.5400
v 4.4000 -0.3000 -182.5400
v 4.0000 -0.3000 -185.8400
v 4.4000 -0.3000 -185.8400
v 4.0000 4.0000 -182.5400
v 4.4000 4.0000 -182.5400
v 4.0000 4.0000 -185.8400
v 4.4000 4.0000 -185.8400
f 7201 7203 7199 7197
f 7198 7200 7204 7202
f 7197 7198 7202 7201
f 7203 7204 7200 7199
f 7199 7200 7198 7197
f 7201 7202 7204 7203
f 7209 7211 7207 7205
f 7206 7208 7212 7210
f 7205 7206 7210 7209
f 7211 7212 7208 7207
f 7207 7208 7206 7205
f 7209 7210 7212 7211
f 7217 7219 7215 7213
f 7214 7216 7220 7218
f 7213 7214 7218 7217
f 7219 7220 7216 7215
f 7215 7216 7214 7213
f 7217 7218 7220 7219
f 7225 7227 7223 7221
f 7222 7224 7228 7226
f 7221 7222 7226 7225
f 7227 7228 7224 7223
f 7223 7224 7222 7221
f 7225 7226 7228 7227
f 7233 7235 7231 7229
f 7230 7232 7236 7234
f 7229 7230 7234 7233
f 7235 7236 7232 7231
f 7231 7232 7230 7229
f 7233 7234 7236 7235
f 7241 7243 7239 7237
f 7238 7240 7244 7242
f 7237 7238 7242 7241
f 7243 7244 7240 7239
f 7239 7240 7238 7237
f 7241 7242 7244 7243
f 7249 7251 7247 7245
f 7246 7248 7252 7250
f 7245 7246 7250 7249
f 7251 7252 7248 7247
f 7247 7248 7246 7245
f 7249 7250 7252 7251
f 7257 7259 7255 7253
f 7254 7256 7260 7258
f 7253 7254 7258 7257
f 7259 7260 7256 7255
f 7255 7256 7254 7253
f 7257 7258 7260 7259
f 7265 7267 7263 7261
f 7262 7264 7268 7266
f 7261 7262 7266 7265
f 7267 7268 7264 7263
f 7263 7264 7262 7261
f 7265 7266 7268 7267
f 7273 7275 7271 7269
f 7270 7272 7276 7274
f 7269 7270 7274 7273
f 7275 7276 7272 7271
f 7271 7272 7270 7269
f 7273 7274 7276 7275
f 7281 7283 7279 7277
f 7278 7280 7284 7282
f 7277 7278 7282 7281
f 7283 7284 7280 7279
f 7279 7280 7278 7277
f 7281 7282 7284 7283
f 7289 7291 7287 7285
f 7286 7288 7292 7290
f 7285 7286 7290 7289
f 7291 7292 7288 7287
f 7287 7288 7286 7285
f 7289 7290 7292 7291
f 7297 7299 7295 7293
f 7294 7296 7300 7298
f 7293 7294 7298 7297
f 7299 7300 7296 7295
f 7295 7296 7294 7293
f 7297 7298 7300 7299
f 7305 7307 7303 7301
f 7302 7304 7308 7306
f 7301 7302 7306 7305
f 7307 7308 7304 7303
f 7303 7304 7302 7301
f 7305 7306 7308 7307
f 7313 7315 7311 7309
f 7310 7312 7316 7314
f 7309 7310 7314 7313
f 7315 7316 7312 7311
f 7311 7312 7310 7309
f 7313 7314 7316 7315
f 7321 7323 7319 7317
f 7318 7320 7324 7322
f 7317 7318 7322 7321
f 7323 7324 7320 7319
f 7319 7320 7318 7317
f 7321 7322 7324 7323
f 7329 7331 7327 7325
f 7326 7328 7332 7330
f 7325 7326 7330 7329
f 7331 7332 7328 7327
f 7327 7328 7326 7325
f 7329 7330 7332 7331
f 7337 7339 7335 7333
f 7334 7336 7340 7338
f 7333 7334 7338 7337
f 7339 7340 7336 7335
f 7335 7336 7334 7333
f 7337 7338 7340 7339
o STATION_HOME_H05_Lights
usemtl Lights
v -1.0000 3.9200 -180.4400
v 1.0000 3.9200 -180.4400
v -1.0000 3.9200 -182.4400
v 1.0000 3.9200 -182.4400
v -1.0000 4.0000 -180.4400
v 1.0000 4.0000 -180.4400
v -1.0000 4.0000 -182.4400
v 1.0000 4.0000 -182.4400
f 7345 7347 7343 7341
f 7342 7344 7348 7346
f 7341 7342 7346 7345
f 7347 7348 7344 7343
f 7343 7344 7342 7341
f 7345 7346 7348 7347
o STATION_HOME_T05R_Deck-col
usemtl Deck
v 4.4000 -0.3000 -182.8400
v 4.4000 -0.3000 -180.0400
v 10.4000 -0.3000 -182.8400
v 10.4000 -0.3000 -180.0400
v 4.4000 0.0000 -182.8400
v 4.4000 0.0000 -180.0400
v 10.4000 0.0000 -182.8400
v 10.4000 0.0000 -180.0400
f 7353 7355 7351 7349
f 7350 7352 7356 7354
f 7349 7350 7354 7353
f 7355 7356 7352 7351
f 7351 7352 7350 7349
f 7353 7354 7356 7355
o STATION_HOME_T05R_Hull-col
usemtl Hull
v 4.4000 3.2000 -183.2400
v 4.4000 3.2000 -179.6400
v 10.4000 3.2000 -183.2400
v 10.4000 3.2000 -179.6400
v 4.4000 3.6000 -183.2400
v 4.4000 3.6000 -179.6400
v 10.4000 3.6000 -183.2400
v 10.4000 3.6000 -179.6400
v 4.4000 -0.7000 -183.2400
v 4.4000 -0.7000 -179.6400
v 10.4000 -0.7000 -183.2400
v 10.4000 -0.7000 -179.6400
v 4.4000 -0.3000 -183.2400
v 4.4000 -0.3000 -179.6400
v 10.4000 -0.3000 -183.2400
v 10.4000 -0.3000 -179.6400
v 4.4000 -0.3000 -183.2400
v 4.4000 -0.3000 -182.8400
v 5.4000 -0.3000 -183.2400
v 5.4000 -0.3000 -182.8400
v 4.4000 3.2000 -183.2400
v 4.4000 3.2000 -182.8400
v 5.4000 3.2000 -183.2400
v 5.4000 3.2000 -182.8400
v 5.4000 -0.3000 -183.2400
v 5.4000 -0.3000 -182.8400
v 9.4000 -0.3000 -183.2400
v 9.4000 -0.3000 -182.8400
v 5.4000 1.2000 -183.2400
v 5.4000 1.2000 -182.8400
v 9.4000 1.2000 -183.2400
v 9.4000 1.2000 -182.8400
v 5.4000 2.4000 -183.2400
v 5.4000 2.4000 -182.8400
v 9.4000 2.4000 -183.2400
v 9.4000 2.4000 -182.8400
v 5.4000 3.2000 -183.2400
v 5.4000 3.2000 -182.8400
v 9.4000 3.2000 -183.2400
v 9.4000 3.2000 -182.8400
v 9.4000 -0.3000 -183.2400
v 9.4000 -0.3000 -182.8400
v 10.4000 -0.3000 -183.2400
v 10.4000 -0.3000 -182.8400
v 9.4000 3.2000 -183.2400
v 9.4000 3.2000 -182.8400
v 10.4000 3.2000 -183.2400
v 10.4000 3.2000 -182.8400
v 4.4000 -0.3000 -180.0400
v 4.4000 -0.3000 -179.6400
v 5.4000 -0.3000 -180.0400
v 5.4000 -0.3000 -179.6400
v 4.4000 3.2000 -180.0400
v 4.4000 3.2000 -179.6400
v 5.4000 3.2000 -180.0400
v 5.4000 3.2000 -179.6400
v 5.4000 -0.3000 -180.0400
v 5.4000 -0.3000 -179.6400
v 9.4000 -0.3000 -180.0400
v 9.4000 -0.3000 -179.6400
v 5.4000 1.2000 -180.0400
v 5.4000 1.2000 -179.6400
v 9.4000 1.2000 -180.0400
v 9.4000 1.2000 -179.6400
v 5.4000 2.4000 -180.0400
v 5.4000 2.4000 -179.6400
v 9.4000 2.4000 -180.0400
v 9.4000 2.4000 -179.6400
v 5.4000 3.2000 -180.0400
v 5.4000 3.2000 -179.6400
v 9.4000 3.2000 -180.0400
v 9.4000 3.2000 -179.6400
v 9.4000 -0.3000 -180.0400
v 9.4000 -0.3000 -179.6400
v 10.4000 -0.3000 -180.0400
v 10.4000 -0.3000 -179.6400
v 9.4000 3.2000 -180.0400
v 9.4000 3.2000 -179.6400
v 10.4000 3.2000 -180.0400
v 10.4000 3.2000 -179.6400
f 7361 7363 7359 7357
f 7358 7360 7364 7362
f 7357 7358 7362 7361
f 7363 7364 7360 7359
f 7359 7360 7358 7357
f 7361 7362 7364 7363
f 7369 7371 7367 7365
f 7366 7368 7372 7370
f 7365 7366 7370 7369
f 7371 7372 7368 7367
f 7367 7368 7366 7365
f 7369 7370 7372 7371
f 7377 7379 7375 7373
f 7374 7376 7380 7378
f 7373 7374 7378 7377
f 7379 7380 7376 7375
f 7375 7376 7374 7373
f 7377 7378 7380 7379
f 7385 7387 7383 7381
f 7382 7384 7388 7386
f 7381 7382 7386 7385
f 7387 7388 7384 7383
f 7383 7384 7382 7381
f 7385 7386 7388 7387
f 7393 7395 7391 7389
f 7390 7392 7396 7394
f 7389 7390 7394 7393
f 7395 7396 7392 7391
f 7391 7392 7390 7389
f 7393 7394 7396 7395
f 7401 7403 7399 7397
f 7398 7400 7404 7402
f 7397 7398 7402 7401
f 7403 7404 7400 7399
f 7399 7400 7398 7397
f 7401 7402 7404 7403
f 7409 7411 7407 7405
f 7406 7408 7412 7410
f 7405 7406 7410 7409
f 7411 7412 7408 7407
f 7407 7408 7406 7405
f 7409 7410 7412 7411
f 7417 7419 7415 7413
f 7414 7416 7420 7418
f 7413 7414 7418 7417
f 7419 7420 7416 7415
f 7415 7416 7414 7413
f 7417 7418 7420 7419
f 7425 7427 7423 7421
f 7422 7424 7428 7426
f 7421 7422 7426 7425
f 7427 7428 7424 7423
f 7423 7424 7422 7421
f 7425 7426 7428 7427
f 7433 7435 7431 7429
f 7430 7432 7436 7434
f 7429 7430 7434 7433
f 7435 7436 7432 7431
f 7431 7432 7430 7429
f 7433 7434 7436 7435
o STATION_HOME_T05R_Lights
usemtl Lights
v 4.9000 3.1200 -181.7400
v 4.9000 3.1200 -181.1400
v 9.9000 3.1200 -181.7400
v 9.9000 3.1200 -181.1400
v 4.9000 3.2000 -181.7400
v 4.9000 3.2000 -181.1400
v 9.9000 3.2000 -181.7400
v 9.9000 3.2000 -181.1400
f 7441 7443 7439 7437
f 7438 7440 7444 7442
f 7437 7438 7442 7441
f 7443 7444 7440 7439
f 7439 7440 7438 7437
f 7441 7442 7444 7443
o STATION_HOME_T05R_Glass-col
usemtl Glass
v 5.4000 1.2000 -183.0400
v 5.4000 1.2000 -182.9900
v 9.4000 1.2000 -183.0400
v 9.4000 1.2000 -182.9900
v 5.4000 2.4000 -183.0400
v 5.4000 2.4000 -182.9900
v 9.4000 2.4000 -183.0400
v 9.4000 2.4000 -182.9900
v 5.4000 1.2000 -179.8900
v 5.4000 1.2000 -179.8400
v 9.4000 1.2000 -179.8900
v 9.4000 1.2000 -179.8400
v 5.4000 2.4000 -179.8900
v 5.4000 2.4000 -179.8400
v 9.4000 2.4000 -179.8900
v 9.4000 2.4000 -179.8400
f 7449 7451 7447 7445
f 7446 7448 7452 7450
f 7445 7446 7450 7449
f 7451 7452 7448 7447
f 7447 7448 7446 7445
f 7449 7450 7452 7451
f 7457 7459 7455 7453
f 7454 7456 7460 7458
f 7453 7454 7458 7457
f 7459 7460 7456 7455
f 7455 7456 7454 7453
f 7457 7458 7460 7459
o STATION_HOME_M10YDS_Deck-col
usemtl Deck
v 10.8000 -0.3000 -189.9400
v 10.8000 -0.3000 -172.9400
v 40.8000 -0.3000 -189.9400
v 40.8000 -0.3000 -172.9400
v 10.8000 0.0000 -189.9400
v 10.8000 0.0000 -172.9400
v 40.8000 0.0000 -189.9400
v 40.8000 0.0000 -172.9400
f 7465 7467 7463 7461
f 7462 7464 7468 7466
f 7461 7462 7466 7465
f 7467 7468 7464 7463
f 7463 7464 7462 7461
f 7465 7466 7468 7467
o STATION_HOME_M10YDS_Hull-col
usemtl Hull
v 10.4000 4.0000 -190.4400
v 10.4000 4.0000 -172.4400
v 41.2000 4.0000 -190.4400
v 41.2000 4.0000 -172.4400
v 10.4000 4.4000 -190.4400
v 10.4000 4.4000 -172.4400
v 41.2000 4.4000 -190.4400
v 41.2000 4.4000 -172.4400
v 10.4000 -0.7000 -190.4400
v 10.4000 -0.7000 -172.4400
v 41.2000 -0.7000 -190.4400
v 41.2000 -0.7000 -172.4400
v 10.4000 -0.3000 -190.4400
v 10.4000 -0.3000 -172.4400
v 41.2000 -0.3000 -190.4400
v 41.2000 -0.3000 -172.4400
v 10.8000 -0.3000 -190.4400
v 10.8000 -0.3000 -189.9400
v 19.8000 -0.3000 -190.4400
v 19.8000 -0.3000 -189.9400
v 10.8000 4.0000 -190.4400
v 10.8000 4.0000 -189.9400
v 19.8000 4.0000 -190.4400
v 19.8000 4.0000 -189.9400
v 19.8000 -0.3000 -190.4400
v 19.8000 -0.3000 -189.9400
v 21.8000 -0.3000 -190.4400
v 21.8000 -0.3000 -189.9400
v 19.8000 0.0000 -190.4400
v 19.8000 0.0000 -189.9400
v 21.8000 0.0000 -190.4400
v 21.8000 0.0000 -189.9400
v 19.8000 2.6000 -190.4400
v 19.8000 2.6000 -189.9400
v 21.8000 2.6000 -190.4400
v 21.8000 2.6000 -189.9400
v 19.8000 4.0000 -190.4400
v 19.8000 4.0000 -189.9400
v 21.8000 4.0000 -190.4400
v 21.8000 4.0000 -189.9400
v 21.8000 -0.3000 -190.4400
v 21.8000 -0.3000 -189.9400
v 40.8000 -0.3000 -190.4400
v 40.8000 -0.3000 -189.9400
v 21.8000 4.0000 -190.4400
v 21.8000 4.0000 -189.9400
v 40.8000 4.0000 -190.4400
v 40.8000 4.0000 -189.9400
v 10.8000 -0.3000 -172.9400
v 10.8000 -0.3000 -172.4400
v 19.8000 -0.3000 -172.9400
v 19.8000 -0.3000 -172.4400
v 10.8000 4.0000 -172.9400
v 10.8000 4.0000 -172.4400
v 19.8000 4.0000 -172.9400
v 19.8000 4.0000 -172.4400
v 19.8000 -0.3000 -172.9400
v 19.8000 -0.3000 -172.4400
v 21.8000 -0.3000 -172.9400
v 21.8000 -0.3000 -172.4400
v 19.8000 0.0000 -172.9400
v 19.8000 0.0000 -172.4400
v 21.8000 0.0000 -172.9400
v 21.8000 0.0000 -172.4400
v 19.8000 2.6000 -172.9400
v 19.8000 2.6000 -172.4400
v 21.8000 2.6000 -172.9400
v 21.8000 2.6000 -172.4400
v 19.8000 4.0000 -172.9400
v 19.8000 4.0000 -172.4400
v 21.8000 4.0000 -172.9400
v 21.8000 4.0000 -172.4400
v 21.8000 -0.3000 -172.9400
v 21.8000 -0.3000 -172.4400
v 40.8000 -0.3000 -172.9400
v 40.8000 -0.3000 -172.4400
v 21.8000 4.0000 -172.9400
v 21.8000 4.0000 -172.4400
v 40.8000 4.0000 -172.9400
v 40.8000 4.0000 -172.4400
v 10.4000 -0.3000 -190.4400
v 10.4000 -0.3000 -182.3400
v 10.8000 -0.3000 -190.4400
v 10.8000 -0.3000 -182.3400
v 10.4000 4.0000 -190.4400
v 10.4000 4.0000 -182.3400
v 10.8000 4.0000 -190.4400
v 10.8000 4.0000 -182.3400
v 10.4000 -0.3000 -182.3400
v 10.4000 -0.3000 -180.5400
v 10.8000 -0.3000 -182.3400
v 10.8000 -0.3000 -180.5400
v 10.4000 0.0000 -182.3400
v 10.4000 0.0000 -180.5400
v 10.8000 0.0000 -182.3400
v 10.8000 0.0000 -180.5400
v 10.4000 2.8000 -182.3400
v 10.4000 2.8000 -180.5400
v 10.8000 2.8000 -182.3400
v 10.8000 2.8000 -180.5400
v 10.4000 4.0000 -182.3400
v 10.4000 4.0000 -180.5400
v 10.8000 4.0000 -182.3400
v 10.8000 4.0000 -180.5400
v 10.4000 -0.3000 -180.5400
v 10.4000 -0.3000 -172.4400
v 10.8000 -0.3000 -180.5400
v 10.8000 -0.3000 -172.4400
v 10.4000 4.0000 -180.5400
v 10.4000 4.0000 -172.4400
v 10.8000 4.0000 -180.5400
v 10.8000 4.0000 -172.4400
v 40.8000 -0.3000 -190.4400
v 40.8000 -0.3000 -182.3400
v 41.2000 -0.3000 -190.4400
v 41.2000 -0.3000 -182.3400
v 40.8000 4.0000 -190.4400
v 40.8000 4.0000 -182.3400
v 41.2000 4.0000 -190.4400
v 41.2000 4.0000 -182.3400
v 40.8000 -0.3000 -182.3400
v 40.8000 -0.3000 -180.5400
v 41.2000 -0.3000 -182.3400
v 41.2000 -0.3000 -180.5400
v 40.8000 0.0000 -182.3400
v 40.8000 0.0000 -180.5400
v 41.2000 0.0000 -182.3400
v 41.2000 0.0000 -180.5400
v 40.8000 2.8000 -182.3400
v 40.8000 2.8000 -180.5400
v 41.2000 2.8000 -182.3400
v 41.2000 2.8000 -180.5400
v 40.8000 4.0000 -182.3400
v 40.8000 4.0000 -180.5400
v 41.2000 4.0000 -182.3400
v 41.2000 4.0000 -180.5400
v 40.8000 -0.3000 -180.5400
v 40.8000 -0.3000 -172.4400
v 41.2000 -0.3000 -180.5400
v 41.2000 -0.3000 -172.4400
v 40.8000 4.0000 -180.5400
v 40.8000 4.0000 -172.4400
v 41.2000 4.0000 -180.5400
v 41.2000 4.0000 -172.4400
f 7473 7475 7471 7469
f 7470 7472 7476 7474
f 7469 7470 7474 7473
f 7475 7476 7472 7471
f 7471 7472 7470 7469
f 7473 7474 7476 7475
f 7481 7483 7479 7477
f 7478 7480 7484 7482
f 7477 7478 7482 7481
f 7483 7484 7480 7479
f 7479 7480 7478 7477
f 7481 7482 7484 7483
f 7489 7491 7487 7485
f 7486 7488 7492 7490
f 7485 7486 7490 7489
f 7491 7492 7488 7487
f 7487 7488 7486 7485
f 7489 7490 7492 7491
f 7497 7499 7495 7493
f 7494 7496 7500 7498
f 7493 7494 7498 7497
f 7499 7500 7496 7495
f 7495 7496 7494 7493
f 7497 7498 7500 7499
f 7505 7507 7503 7501
f 7502 7504 7508 7506
f 7501 7502 7506 7505
f 7507 7508 7504 7503
f 7503 7504 7502 7501
f 7505 7506 7508 7507
f 7513 7515 7511 7509
f 7510 7512 7516 7514
f 7509 7510 7514 7513
f 7515 7516 7512 7511
f 7511 7512 7510 7509
f 7513 7514 7516 7515
f 7521 7523 7519 7517
f 7518 7520 7524 7522
f 7517 7518 7522 7521
f 7523 7524 7520 7519
f 7519 7520 7518 7517
f 7521 7522 7524 7523
f 7529 7531 7527 7525
f 7526 7528 7532 7530
f 7525 7526 7530 7529
f 7531 7532 7528 7527
f 7527 7528 7526 7525
f 7529 7530 7532 7531
f 7537 7539 7535 7533
f 7534 7536 7540 7538
f 7533 7534 7538 7537
f 7539 7540 7536 7535
f 7535 7536 7534 7533
f 7537 7538 7540 7539
f 7545 7547 7543 7541
f 7542 7544 7548 7546
f 7541 7542 7546 7545
f 7547 7548 7544 7543
f 7543 7544 7542 7541
f 7545 7546 7548 7547
f 7553 7555 7551 7549
f 7550 7552 7556 7554
f 7549 7550 7554 7553
f 7555 7556 7552 7551
f 7551 7552 7550 7549
f 7553 7554 7556 7555
f 7561 7563 7559 7557
f 7558 7560 7564 7562
f 7557 7558 7562 7561
f 7563 7564 7560 7559
f 7559 7560 7558 7557
f 7561 7562 7564 7563
f 7569 7571 7567 7565
f 7566 7568 7572 7570
f 7565 7566 7570 7569
f 7571 7572 7568 7567
f 7567 7568 7566 7565
f 7569 7570 7572 7571
f 7577 7579 7575 7573
f 7574 7576 7580 7578
f 7573 7574 7578 7577
f 7579 7580 7576 7575
f 7575 7576 7574 7573
f 7577 7578 7580 7579
f 7585 7587 7583 7581
f 7582 7584 7588 7586
f 7581 7582 7586 7585
f 7587 7588 7584 7583
f 7583 7584 7582 7581
f 7585 7586 7588 7587
f 7593 7595 7591 7589
f 7590 7592 7596 7594
f 7589 7590 7594 7593
f 7595 7596 7592 7591
f 7591 7592 7590 7589
f 7593 7594 7596 7595
f 7601 7603 7599 7597
f 7598 7600 7604 7602
f 7597 7598 7602 7601
f 7603 7604 7600 7599
f 7599 7600 7598 7597
f 7601 7602 7604 7603
f 7609 7611 7607 7605
f 7606 7608 7612 7610
f 7605 7606 7610 7609
f 7611 7612 7608 7607
f 7607 7608 7606 7605
f 7609 7610 7612 7611
o STATION_HOME_M10YDS_Interior-col
usemtl Interior
v 30.7000 0.0000 -189.9400
v 30.7000 0.0000 -182.6400
v 30.9000 0.0000 -189.9400
v 30.9000 0.0000 -182.6400
v 30.7000 4.0000 -189.9400
v 30.7000 4.0000 -182.6400
v 30.9000 4.0000 -189.9400
v 30.9000 4.0000 -182.6400
v 30.7000 3.0000 -182.6400
v 30.7000 3.0000 -180.2400
v 30.9000 3.0000 -182.6400
v 30.9000 3.0000 -180.2400
v 30.7000 4.0000 -182.6400
v 30.7000 4.0000 -180.2400
v 30.9000 4.0000 -182.6400
v 30.9000 4.0000 -180.2400
v 30.7000 0.0000 -180.2400
v 30.7000 0.0000 -172.9400
v 30.9000 0.0000 -180.2400
v 30.9000 0.0000 -172.9400
v 30.7000 4.0000 -180.2400
v 30.7000 4.0000 -172.9400
v 30.9000 4.0000 -180.2400
v 30.9000 4.0000 -172.9400
v 30.8000 0.0000 -182.8400
v 30.8000 0.0000 -182.6400
v 35.0000 0.0000 -182.8400
v 35.0000 0.0000 -182.6400
v 30.8000 4.0000 -182.8400
v 30.8000 4.0000 -182.6400
v 35.0000 4.0000 -182.8400
v 35.0000 4.0000 -182.6400
v 35.0000 2.6000 -182.8400
v 35.0000 2.6000 -182.6400
v 36.6000 2.6000 -182.8400
v 36.6000 2.6000 -182.6400
v 35.0000 4.0000 -182.8400
v 35.0000 4.0000 -182.6400
v 36.6000 4.0000 -182.8400
v 36.6000 4.0000 -182.6400
v 36.6000 0.0000 -182.8400
v 36.6000 0.0000 -182.6400
v 40.8000 0.0000 -182.8400
v 40.8000 0.0000 -182.6400
v 36.6000 4.0000 -182.8400
v 36.6000 4.0000 -182.6400
v 40.8000 4.0000 -182.8400
v 40.8000 4.0000 -182.6400
v 30.8000 0.0000 -180.2400
v 30.8000 0.0000 -180.0400
v 35.0000 0.0000 -180.2400
v 35.0000 0.0000 -180.0400
v 30.8000 4.0000 -180.2400
v 30.8000 4.0000 -180.0400
v 35.0000 4.0000 -180.2400
v 35.0000 4.0000 -180.0400
v 35.0000 2.6000 -180.2400
v 35.0000 2.6000 -180.0400
v 36.6000 2.6000 -180.2400
v 36.6000 2.6000 -180.0400
v 35.0000 4.0000 -180.2400
v 35.0000 4.0000 -180.0400
v 36.6000 4.0000 -180.2400
v 36.6000 4.0000 -180.0400
v 36.6000 0.0000 -180.2400
v 36.6000 0.0000 -180.0400
v 40.8000 0.0000 -180.2400
v 40.8000 0.0000 -180.0400
v 36.6000 4.0000 -180.2400
v 36.6000 4.0000 -180.0400
v 40.8000 4.0000 -180.2400
v 40.8000 4.0000 -180.0400
f 7617 7619 7615 7613
f 7614 7616 7620 7618
f 7613 7614 7618 7617
f 7619 7620 7616 7615
f 7615 7616 7614 7613
f 7617 7618 7620 7619
f 7625 7627 7623 7621
f 7622 7624 7628 7626
f 7621 7622 7626 7625
f 7627 7628 7624 7623
f 7623 7624 7622 7621
f 7625 7626 7628 7627
f 7633 7635 7631 7629
f 7630 7632 7636 7634
f 7629 7630 7634 7633
f 7635 7636 7632 7631
f 7631 7632 7630 7629
f 7633 7634 7636 7635
f 7641 7643 7639 7637
f 7638 7640 7644 7642
f 7637 7638 7642 7641
f 7643 7644 7640 7639
f 7639 7640 7638 7637
f 7641 7642 7644 7643
f 7649 7651 7647 7645
f 7646 7648 7652 7650
f 7645 7646 7650 7649
f 7651 7652 7648 7647
f 7647 7648 7646 7645
f 7649 7650 7652 7651
f 7657 7659 7655 7653
f 7654 7656 7660 7658
f 7653 7654 7658 7657
f 7659 7660 7656 7655
f 7655 7656 7654 7653
f 7657 7658 7660 7659
f 7665 7667 7663 7661
f 7662 7664 7668 7666
f 7661 7662 7666 7665
f 7667 7668 7664 7663
f 7663 7664 7662 7661
f 7665 7666 7668 7667
f 7673 7675 7671 7669
f 7670 7672 7676 7674
f 7669 7670 7674 7673
f 7675 7676 7672 7671
f 7671 7672 7670 7669
f 7673 7674 7676 7675
f 7681 7683 7679 7677
f 7678 7680 7684 7682
f 7677 7678 7682 7681
f 7683 7684 7680 7679
f 7679 7680 7678 7677
f 7681 7682 7684 7683
o STATION_HOME_M10YDS_Furniture-col
usemtl Furniture
v 31.4000 0.0000 -173.7400
v 31.4000 0.0000 -173.0400
v 40.2000 0.0000 -173.7400
v 40.2000 0.0000 -173.0400
v 31.4000 1.1000 -173.7400
v 31.4000 1.1000 -173.0400
v 40.2000 1.1000 -173.7400
v 40.2000 1.1000 -173.0400
v 31.4000 0.0000 -189.8400
v 31.4000 0.0000 -189.3400
v 33.8000 0.0000 -189.8400
v 33.8000 0.0000 -189.3400
v 31.4000 2.0000 -189.8400
v 31.4000 2.0000 -189.3400
v 33.8000 2.0000 -189.8400
v 33.8000 2.0000 -189.3400
v 35.2000 0.0000 -185.4400
v 35.2000 0.0000 -184.0400
v 36.4000 0.0000 -185.4400
v 36.4000 0.0000 -184.0400
v 35.2000 0.7500 -185.4400
v 35.2000 0.7500 -184.0400
v 36.4000 0.7500 -185.4400
v 36.4000 0.7500 -184.0400
v 31.2000 0.0000 -180.5900
v 31.2000 0.0000 -180.2400
v 32.4000 0.0000 -180.5900
v 32.4000 0.0000 -180.2400
v 31.2000 2.0000 -180.5900
v 31.2000 2.0000 -180.2400
v 32.4000 2.0000 -180.5900
v 32.4000 2.0000 -180.2400
v 15.5000 0.6000 -189.8900
v 15.5000 0.6000 -189.4900
v 16.5000 0.6000 -189.8900
v 16.5000 0.6000 -189.4900
v 15.5000 2.0000 -189.8900
v 15.5000 2.0000 -189.4900
v 16.5000 2.0000 -189.8900
v 16.5000 2.0000 -189.4900
v 20.3000 0.6000 -173.3900
v 20.3000 0.6000 -172.9900
v 21.3000 0.6000 -173.3900
v 21.3000 0.6000 -172.9900
v 20.3000 2.0000 -173.3900
v 20.3000 2.0000 -172.9900
v 21.3000 2.0000 -173.3900
v 21.3000 2.0000 -172.9900
v 25.1000 0.6000 -189.8900
v 25.1000 0.6000 -189.4900
v 26.1000 0.6000 -189.8900
v 26.1000 0.6000 -189.4900
v 25.1000 2.0000 -189.8900
v 25.1000 2.0000 -189.4900
v 26.1000 2.0000 -189.8900
v 26.1000 2.0000 -189.4900
f 7689 7691 7687 7685
f 7686 7688 7692 7690
f 7685 7686 7690 7689
f 7691 7692 7688 7687
f 7687 7688 7686 7685
f 7689 7690 7692 7691
f 7697 7699 7695 7693
f 7694 7696 7700 7698
f 7693 7694 7698 7697
f 7699 7700 7696 7695
f 7695 7696 7694 7693
f 7697 7698 7700 7699
f 7705 7707 7703 7701
f 7702 7704 7708 7706
f 7701 7702 7706 7705
f 7707 7708 7704 7703
f 7703 7704 7702 7701
f 7705 7706 7708 7707
f 7713 7715 7711 7709
f 7710 7712 7716 7714
f 7709 7710 7714 7713
f 7715 7716 7712 7711
f 7711 7712 7710 7709
f 7713 7714 7716 7715
f 7721 7723 7719 7717
f 7718 7720 7724 7722
f 7717 7718 7722 7721
f 7723 7724 7720 7719
f 7719 7720 7718 7717
f 7721 7722 7724 7723
f 7729 7731 7727 7725
f 7726 7728 7732 7730
f 7725 7726 7730 7729
f 7731 7732 7728 7727
f 7727 7728 7726 7725
f 7729 7730 7732 7731
f 7737 7739 7735 7733
f 7734 7736 7740 7738
f 7733 7734 7738 7737
f 7739 7740 7736 7735
f 7735 7736 7734 7733
f 7737 7738 7740 7739
o STATION_HOME_M10YDS_Cover-col
usemtl Cover
v 16.9500 0.0000 -179.3400
v 16.9500 0.0000 -178.0400
v 18.2500 0.0000 -179.3400
v 18.2500 0.0000 -178.0400
v 16.9500 1.3000 -179.3400
v 16.9500 1.3000 -178.0400
v 18.2500 1.3000 -179.3400
v 18.2500 1.3000 -178.0400
v 16.9500 0.0000 -187.9400
v 16.9500 0.0000 -186.6400
v 18.2500 0.0000 -187.9400
v 18.2500 0.0000 -186.6400
v 16.9500 1.3000 -187.9400
v 16.9500 1.3000 -186.6400
v 18.2500 1.3000 -187.9400
v 18.2500 1.3000 -186.6400
v 23.3500 0.0000 -179.3400
v 23.3500 0.0000 -178.0400
v 24.6500 0.0000 -179.3400
v 24.6500 0.0000 -178.0400
v 23.3500 1.3000 -179.3400
v 23.3500 1.3000 -178.0400
v 24.6500 1.3000 -179.3400
v 24.6500 1.3000 -178.0400
v 23.3500 0.0000 -187.9400
v 23.3500 0.0000 -186.6400
v 24.6500 0.0000 -187.9400
v 24.6500 0.0000 -186.6400
v 23.3500 1.3000 -187.9400
v 23.3500 1.3000 -186.6400
v 24.6500 1.3000 -187.9400
v 24.6500 1.3000 -186.6400
v 15.5000 0.0000 -185.0400
v 15.5000 0.0000 -184.0400
v 16.5000 0.0000 -185.0400
v 16.5000 0.0000 -184.0400
v 15.5000 1.1000 -185.0400
v 15.5000 1.1000 -184.0400
v 16.5000 1.1000 -185.0400
v 16.5000 1.1000 -184.0400
v 25.1000 0.0000 -185.0400
v 25.1000 0.0000 -184.0400
v 26.1000 0.0000 -185.0400
v 26.1000 0.0000 -184.0400
v 25.1000 1.1000 -185.0400
v 25.1000 1.1000 -184.0400
v 26.1000 1.1000 -185.0400
v 26.1000 1.1000 -184.0400
f 7745 7747 7743 7741
f 7742 7744 7748 7746
f 7741 7742 7746 7745
f 7747 7748 7744 7743
f 7743 7744 7742 7741
f 7745 7746 7748 7747
f 7753 7755 7751 7749
f 7750 7752 7756 7754
f 7749 7750 7754 7753
f 7755 7756 7752 7751
f 7751 7752 7750 7749
f 7753 7754 7756 7755
f 7761 7763 7759 7757
f 7758 7760 7764 7762
f 7757 7758 7762 7761
f 7763 7764 7760 7759
f 7759 7760 7758 7757
f 7761 7762 7764 7763
f 7769 7771 7767 7765
f 7766 7768 7772 7770
f 7765 7766 7770 7769
f 7771 7772 7768 7767
f 7767 7768 7766 7765
f 7769 7770 7772 7771
f 7777 7779 7775 7773
f 7774 7776 7780 7778
f 7773 7774 7778 7777
f 7779 7780 7776 7775
f 7775 7776 7774 7773
f 7777 7778 7780 7779
f 7785 7787 7783 7781
f 7782 7784 7788 7786
f 7781 7782 7786 7785
f 7787 7788 7784 7783
f 7783 7784 7782 7781
f 7785 7786 7788 7787
o STATION_HOME_M10YDS_Hazard
usemtl Hazard
v 19.5000 0.0000 -190.5600
v 19.5000 0.0000 -190.4400
v 19.8000 0.0000 -190.5600
v 19.8000 0.0000 -190.4400
v 19.5000 2.9000 -190.5600
v 19.5000 2.9000 -190.4400
v 19.8000 2.9000 -190.5600
v 19.8000 2.9000 -190.4400
v 21.8000 0.0000 -190.5600
v 21.8000 0.0000 -190.4400
v 22.1000 0.0000 -190.5600
v 22.1000 0.0000 -190.4400
v 21.8000 2.9000 -190.5600
v 21.8000 2.9000 -190.4400
v 22.1000 2.9000 -190.5600
v 22.1000 2.9000 -190.4400
v 19.5000 0.0000 -172.4400
v 19.5000 0.0000 -172.3200
v 19.8000 0.0000 -172.4400
v 19.8000 0.0000 -172.3200
v 19.5000 2.9000 -172.4400
v 19.5000 2.9000 -172.3200
v 19.8000 2.9000 -172.4400
v 19.8000 2.9000 -172.3200
v 21.8000 0.0000 -172.4400
v 21.8000 0.0000 -172.3200
v 22.1000 0.0000 -172.4400
v 22.1000 0.0000 -172.3200
v 21.8000 2.9000 -172.4400
v 21.8000 2.9000 -172.3200
v 22.1000 2.9000 -172.4400
v 22.1000 2.9000 -172.3200
v 41.2000 2.8000 -182.6400
v 41.2000 2.8000 -180.2400
v 41.2400 2.8000 -182.6400
v 41.2400 2.8000 -180.2400
v 41.2000 3.0000 -182.6400
v 41.2000 3.0000 -180.2400
v 41.2400 3.0000 -182.6400
v 41.2400 3.0000 -180.2400
v 15.5000 1.8000 -189.4900
v 15.5000 1.8000 -189.4700
v 16.5000 1.8000 -189.4900
v 16.5000 1.8000 -189.4700
v 15.5000 2.0000 -189.4900
v 15.5000 2.0000 -189.4700
v 16.5000 2.0000 -189.4900
v 16.5000 2.0000 -189.4700
v 20.3000 1.8000 -173.4100
v 20.3000 1.8000 -173.3900
v 21.3000 1.8000 -173.4100
v 21.3000 1.8000 -173.3900
v 20.3000 2.0000 -173.4100
v 20.3000 2.0000 -173.3900
v 21.3000 2.0000 -173.4100
v 21.3000 2.0000 -173.3900
v 25.1000 1.8000 -189.4900
v 25.1000 1.8000 -189.4700
v 26.1000 1.8000 -189.4900
v 26.1000 1.8000 -189.4700
v 25.1000 2.0000 -189.4900
v 25.1000 2.0000 -189.4700
v 26.1000 2.0000 -189.4900
v 26.1000 2.0000 -189.4700
f 7793 7795 7791 7789
f 7790 7792 7796 7794
f 7789 7790 7794 7793
f 7795 7796 7792 7791
f 7791 7792 7790 7789
f 7793 7794 7796 7795
f 7801 7803 7799 7797
f 7798 7800 7804 7802
f 7797 7798 7802 7801
f 7803 7804 7800 7799
f 7799 7800 7798 7797
f 7801 7802 7804 7803
f 7809 7811 7807 7805
f 7806 7808 7812 7810
f 7805 7806 7810 7809
f 7811 7812 7808 7807
f 7807 7808 7806 7805
f 7809 7810 7812 7811
f 7817 7819 7815 7813
f 7814 7816 7820 7818
f 7813 7814 7818 7817
f 7819 7820 7816 7815
f 7815 7816 7814 7813
f 7817 7818 7820 7819
f 7825 7827 7823 7821
f 7822 7824 7828 7826
f 7821 7822 7826 7825
f 7827 7828 7824 7823
f 7823 7824 7822 7821
f 7825 7826 7828 7827
f 7833 7835 7831 7829
f 7830 7832 7836 7834
f 7829 7830 7834 7833
f 7835 7836 7832 7831
f 7831 7832 7830 7829
f 7833 7834 7836 7835
f 7841 7843 7839 7837
f 7838 7840 7844 7842
f 7837 7838 7842 7841
f 7843 7844 7840 7839
f 7839 7840 7838 7837
f 7841 7842 7844 7843
f 7849 7851 7847 7845
f 7846 7848 7852 7850
f 7845 7846 7850 7849
f 7851 7852 7848 7847
f 7847 7848 7846 7845
f 7849 7850 7852 7851
o STATION_HOME_M10YDS_Lights
usemtl Lights
v 31.6000 0.8000 -173.7600
v 31.6000 0.8000 -173.7400
v 40.0000 0.8000 -173.7600
v 40.0000 0.8000 -173.7400
v 31.6000 1.0500 -173.7600
v 31.6000 1.0500 -173.7400
v 40.0000 1.0500 -173.7600
v 40.0000 1.0500 -173.7400
v 35.1000 1.0000 -178.7400
v 35.1000 1.0000 -177.7400
v 36.5000 1.0000 -178.7400
v 36.5000 1.0000 -177.7400
v 35.1000 1.0300 -178.7400
v 35.1000 1.0300 -177.7400
v 36.5000 1.0300 -178.7400
v 36.5000 1.0300 -177.7400
v 31.3000 3.6200 -181.7400
v 31.3000 3.6200 -181.1400
v 40.3000 3.6200 -181.7400
v 40.3000 3.6200 -181.1400
v 31.3000 3.7000 -181.7400
v 31.3000 3.7000 -181.1400
v 40.3000 3.7000 -181.7400
v 40.3000 3.7000 -181.1400
v 11.7000 3.8800 -181.8400
v 11.7000 3.8800 -181.0400
v 29.9000 3.8800 -181.8400
v 29.9000 3.8800 -181.0400
v 11.7000 3.9600 -181.8400
v 11.7000 3.9600 -181.0400
v 29.9000 3.9600 -181.8400
v 29.9000 3.9600 -181.0400
f 7857 7859 7855 7853
f 7854 7856 7860 7858
f 7853 7854 7858 7857
f 7859 7860 7856 7855
f 7855 7856 7854 7853
f 7857 7858 7860 7859
f 7865 7867 7863 7861
f 7862 7864 7868 7866
f 7861 7862 7866 7865
f 7867 7868 7864 7863
f 7863 7864 7862 7861
f 7865 7866 7868 7867
f 7873 7875 7871 7869
f 7870 7872 7876 7874
f 7869 7870 7874 7873
f 7875 7876 7872 7871
f 7871 7872 7870 7869
f 7873 7874 7876 7875
f 7881 7883 7879 7877
f 7878 7880 7884 7882
f 7877 7878 7882 7881
f 7883 7884 7880 7879
f 7879 7880 7878 7877
f 7881 7882 7884 7883
o STATION_HOME_M10YDS_Trim
usemtl Trim
v 46.8000 -5.6000 -189.6400
v 46.8000 -5.6000 -188.4400
v 76.8000 -5.6000 -189.6400
v 76.8000 -5.6000 -188.4400
v 46.8000 -4.4000 -189.6400
v 46.8000 -4.4000 -188.4400
v 76.8000 -4.4000 -189.6400
v 76.8000 -4.4000 -188.4400
v 46.8000 5.6000 -189.6400
v 46.8000 5.6000 -188.4400
v 76.8000 5.6000 -189.6400
v 76.8000 5.6000 -188.4400
v 46.8000 6.8000 -189.6400
v 46.8000 6.8000 -188.4400
v 76.8000 6.8000 -189.6400
v 76.8000 6.8000 -188.4400
v 46.8000 -5.6000 -174.4400
v 46.8000 -5.6000 -173.2400
v 76.8000 -5.6000 -174.4400
v 76.8000 -5.6000 -173.2400
v 46.8000 -4.4000 -174.4400
v 46.8000 -4.4000 -173.2400
v 76.8000 -4.4000 -174.4400
v 76.8000 -4.4000 -173.2400
v 46.8000 5.6000 -174.4400
v 46.8000 5.6000 -173.2400
v 76.8000 5.6000 -174.4400
v 76.8000 5.6000 -173.2400
v 46.8000 6.8000 -174.4400
v 46.8000 6.8000 -173.2400
v 76.8000 6.8000 -174.4400
v 76.8000 6.8000 -173.2400
v 46.8000 -5.6000 -189.6400
v 46.8000 -5.6000 -173.2400
v 48.0000 -5.6000 -189.6400
v 48.0000 -5.6000 -173.2400
v 46.8000 -4.4000 -189.6400
v 46.8000 -4.4000 -173.2400
v 48.0000 -4.4000 -189.6400
v 48.0000 -4.4000 -173.2400
v 46.8000 5.6000 -189.6400
v 46.8000 5.6000 -173.2400
v 48.0000 5.6000 -189.6400
v 48.0000 5.6000 -173.2400
v 46.8000 6.8000 -189.6400
v 46.8000 6.8000 -173.2400
v 48.0000 6.8000 -189.6400
v 48.0000 6.8000 -173.2400
v 52.5600 -5.6000 -189.6400
v 52.5600 -5.6000 -173.2400
v 53.7600 -5.6000 -189.6400
v 53.7600 -5.6000 -173.2400
v 52.5600 -4.4000 -189.6400
v 52.5600 -4.4000 -173.2400
v 53.7600 -4.4000 -189.6400
v 53.7600 -4.4000 -173.2400
v 52.5600 5.6000 -189.6400
v 52.5600 5.6000 -173.2400
v 53.7600 5.6000 -189.6400
v 53.7600 5.6000 -173.2400
v 52.5600 6.8000 -189.6400
v 52.5600 6.8000 -173.2400
v 53.7600 6.8000 -189.6400
v 53.7600 6.8000 -173.2400
v 58.3200 -5.6000 -189.6400
v 58.3200 -5.6000 -173.2400
v 59.5200 -5.6000 -189.6400
v 59.5200 -5.6000 -173.2400
v 58.3200 -4.4000 -189.6400
v 58.3200 -4.4000 -173.2400
v 59.5200 -4.4000 -189.6400
v 59.5200 -4.4000 -173.2400
v 58.3200 5.6000 -189.6400
v 58.3200 5.6000 -173.2400
v 59.5200 5.6000 -189.6400
v 59.5200 5.6000 -173.2400
v 58.3200 6.8000 -189.6400
v 58.3200 6.8000 -173.2400
v 59.5200 6.8000 -189.6400
v 59.5200 6.8000 -173.2400
v 64.0800 -5.6000 -189.6400
v 64.0800 -5.6000 -173.2400
v 65.2800 -5.6000 -189.6400
v 65.2800 -5.6000 -173.2400
v 64.0800 -4.4000 -189.6400
v 64.0800 -4.4000 -173.2400
v 65.2800 -4.4000 -189.6400
v 65.2800 -4.4000 -173.2400
v 64.0800 5.6000 -189.6400
v 64.0800 5.6000 -173.2400
v 65.2800 5.6000 -189.6400
v 65.2800 5.6000 -173.2400
v 64.0800 6.8000 -189.6400
v 64.0800 6.8000 -173.2400
v 65.2800 6.8000 -189.6400
v 65.2800 6.8000 -173.2400
v 69.8400 -5.6000 -189.6400
v 69.8400 -5.6000 -173.2400
v 71.0400 -5.6000 -189.6400
v 71.0400 -5.6000 -173.2400
v 69.8400 -4.4000 -189.6400
v 69.8400 -4.4000 -173.2400
v 71.0400 -4.4000 -189.6400
v 71.0400 -4.4000 -173.2400
v 69.8400 5.6000 -189.6400
v 69.8400 5.6000 -173.2400
v 71.0400 5.6000 -189.6400
v 71.0400 5.6000 -173.2400
v 69.8400 6.8000 -189.6400
v 69.8400 6.8000 -173.2400
v 71.0400 6.8000 -189.6400
v 71.0400 6.8000 -173.2400
v 75.6000 -5.6000 -189.6400
v 75.6000 -5.6000 -173.2400
v 76.8000 -5.6000 -189.6400
v 76.8000 -5.6000 -173.2400
v 75.6000 -4.4000 -189.6400
v 75.6000 -4.4000 -173.2400
v 76.8000 -4.4000 -189.6400
v 76.8000 -4.4000 -173.2400
v 75.6000 5.6000 -189.6400
v 75.6000 5.6000 -173.2400
v 76.8000 5.6000 -189.6400
v 76.8000 5.6000 -173.2400
v 75.6000 6.8000 -189.6400
v 75.6000 6.8000 -173.2400
v 76.8000 6.8000 -189.6400
v 76.8000 6.8000 -173.2400
v 41.2000 3.0000 -182.4400
v 41.2000 3.0000 -180.4400
v 46.8000 3.0000 -182.4400
v 46.8000 3.0000 -180.4400
v 41.2000 4.0000 -182.4400
v 41.2000 4.0000 -180.4400
v 46.8000 4.0000 -182.4400
v 46.8000 4.0000 -180.4400
f 7889 7891 7887 7885
f 7886 7888 7892 7890
f 7885 7886 7890 7889
f 7891 7892 7888 7887
f 7887 7888 7886 7885
f 7889 7890 7892 7891
f 7897 7899 7895 7893
f 7894 7896 7900 7898
f 7893 7894 7898 7897
f 7899 7900 7896 7895
f 7895 7896 7894 7893
f 7897 7898 7900 7899
f 7905 7907 7903 7901
f 7902 7904 7908 7906
f 7901 7902 7906 7905
f 7907 7908 7904 7903
f 7903 7904 7902 7901
f 7905 7906 7908 7907
f 7913 7915 7911 7909
f 7910 7912 7916 7914
f 7909 7910 7914 7913
f 7915 7916 7912 7911
f 7911 7912 7910 7909
f 7913 7914 7916 7915
f 7921 7923 7919 7917
f 7918 7920 7924 7922
f 7917 7918 7922 7921
f 7923 7924 7920 7919
f 7919 7920 7918 7917
f 7921 7922 7924 7923
f 7929 7931 7927 7925
f 7926 7928 7932 7930
f 7925 7926 7930 7929
f 7931 7932 7928 7927
f 7927 7928 7926 7925
f 7929 7930 7932 7931
f 7937 7939 7935 7933
f 7934 7936 7940 7938
f 7933 7934 7938 7937
f 7939 7940 7936 7935
f 7935 7936 7934 7933
f 7937 7938 7940 7939
f 7945 7947 7943 7941
f 7942 7944 7948 7946
f 7941 7942 7946 7945
f 7947 7948 7944 7943
f 7943 7944 7942 7941
f 7945 7946 7948 7947
f 7953 7955 7951 7949
f 7950 7952 7956 7954
f 7949 7950 7954 7953
f 7955 7956 7952 7951
f 7951 7952 7950 7949
f 7953 7954 7956 7955
f 7961 7963 7959 7957
f 7958 7960 7964 7962
f 7957 7958 7962 7961
f 7963 7964 7960 7959
f 7959 7960 7958 7957
f 7961 7962 7964 7963
f 7969 7971 7967 7965
f 7966 7968 7972 7970
f 7965 7966 7970 7969
f 7971 7972 7968 7967
f 7967 7968 7966 7965
f 7969 7970 7972 7971
f 7977 7979 7975 7973
f 7974 7976 7980 7978
f 7973 7974 7978 7977
f 7979 7980 7976 7975
f 7975 7976 7974 7973
f 7977 7978 7980 7979
f 7985 7987 7983 7981
f 7982 7984 7988 7986
f 7981 7982 7986 7985
f 7987 7988 7984 7983
f 7983 7984 7982 7981
f 7985 7986 7988 7987
f 7993 7995 7991 7989
f 7990 7992 7996 7994
f 7989 7990 7994 7993
f 7995 7996 7992 7991
f 7991 7992 7990 7989
f 7993 7994 7996 7995
f 8001 8003 7999 7997
f 7998 8000 8004 8002
f 7997 7998 8002 8001
f 8003 8004 8000 7999
f 7999 8000 7998 7997
f 8001 8002 8004 8003
f 8009 8011 8007 8005
f 8006 8008 8012 8010
f 8005 8006 8010 8009
f 8011 8012 8008 8007
f 8007 8008 8006 8005
f 8009 8010 8012 8011
f 8017 8019 8015 8013
f 8014 8016 8020 8018
f 8013 8014 8018 8017
f 8019 8020 8016 8015
f 8015 8016 8014 8013
f 8017 8018 8020 8019
o STATION_HOME_M10YDS_AirlockPort_Door-col
usemtl Door
v 19.7500 0.0000 -190.2400
v 19.7500 0.0000 -190.1400
v 21.8500 0.0000 -190.2400
v 21.8500 0.0000 -190.1400
v 19.7500 2.6000 -190.2400
v 19.7500 2.6000 -190.1400
v 21.8500 2.6000 -190.2400
v 21.8500 2.6000 -190.1400
f 8025 8027 8023 8021
f 8022 8024 8028 8026
f 8021 8022 8026 8025
f 8027 8028 8024 8023
f 8023 8024 8022 8021
f 8025 8026 8028 8027
o STATION_HOME_M10YDS_AirlockStbd_Door-col
usemtl Door
v 19.7500 0.0000 -172.7400
v 19.7500 0.0000 -172.6400
v 21.8500 0.0000 -172.7400
v 21.8500 0.0000 -172.6400
v 19.7500 2.6000 -172.7400
v 19.7500 2.6000 -172.6400
v 21.8500 2.6000 -172.7400
v 21.8500 2.6000 -172.6400
f 8033 8035 8031 8029
f 8030 8032 8036 8034
f 8029 8030 8034 8033
f 8035 8036 8032 8031
f 8031 8032 8030 8029
f 8033 8034 8036 8035
o STATION_HOME_M10YDS_Connector_Back_Door-col
usemtl Door
v 10.5500 0.0000 -182.3900
v 10.5500 0.0000 -180.4900
v 10.6500 0.0000 -182.3900
v 10.6500 0.0000 -180.4900
v 10.5500 2.8000 -182.3900
v 10.5500 2.8000 -180.4900
v 10.6500 2.8000 -182.3900
v 10.6500 2.8000 -180.4900
f 8041 8043 8039 8037
f 8038 8040 8044 8042
f 8037 8038 8042 8041
f 8043 8044 8040 8039
f 8039 8040 8038 8037
f 8041 8042 8044 8043
o STATION_HOME_M10YDS_Connector_Front_Door-col
usemtl Door
v 40.9500 0.0000 -182.3900
v 40.9500 0.0000 -180.4900
v 41.0500 0.0000 -182.3900
v 41.0500 0.0000 -180.4900
v 40.9500 2.8000 -182.3900
v 40.9500 2.8000 -180.4900
v 41.0500 2.8000 -182.3900
v 41.0500 2.8000 -180.4900
f 8049 8051 8047 8045
f 8046 8048 8052 8050
f 8045 8046 8050 8049
f 8051 8052 8048 8047
f 8047 8048 8046 8045
f 8049 8050 8052 8051
o STATION_HOME_M10YDS_ControlConsole-col
usemtl Furniture
v 35.0000 0.0000 -178.8400
v 35.0000 0.0000 -177.6400
v 36.6000 0.0000 -178.8400
v 36.6000 0.0000 -177.6400
v 35.0000 1.0000 -178.8400
v 35.0000 1.0000 -177.6400
v 36.6000 1.0000 -178.8400
v 36.6000 1.0000 -177.6400
f 8057 8059 8055 8053
f 8054 8056 8060 8058
f 8053 8054 8058 8057
f 8059 8060 8056 8055
f 8055 8056 8054 8053
f 8057 8058 8060 8059
o STATION_HOME_M10YDS_StatusLight
usemtl Lights
v 39.3000 4.4000 -181.9400
v 39.3000 4.4000 -180.9400
v 40.3000 4.4000 -181.9400
v 40.3000 4.4000 -180.9400
v 39.3000 4.7000 -181.9400
v 39.3000 4.7000 -180.9400
v 40.3000 4.7000 -181.9400
v 40.3000 4.7000 -180.9400
f 8065 8067 8063 8061
f 8062 8064 8068 8066
f 8061 8062 8066 8065
f 8067 8068 8064 8063
f 8063 8064 8062 8061
f 8065 8066 8068 8067
o STATION_HOME_T05L_Deck-col
usemtl Deck
v -4.4000 -0.3000 -180.0400
v -4.4000 -0.3000 -182.8400
v -10.4000 -0.3000 -180.0400
v -10.4000 -0.3000 -182.8400
v -4.4000 0.0000 -180.0400
v -4.4000 0.0000 -182.8400
v -10.4000 0.0000 -180.0400
v -10.4000 0.0000 -182.8400
f 8073 8075 8071 8069
f 8070 8072 8076 8074
f 8069 8070 8074 8073
f 8075 8076 8072 8071
f 8071 8072 8070 8069
f 8073 8074 8076 8075
o STATION_HOME_T05L_Hull-col
usemtl Hull
v -4.4000 3.2000 -179.6400
v -4.4000 3.2000 -183.2400
v -10.4000 3.2000 -179.6400
v -10.4000 3.2000 -183.2400
v -4.4000 3.6000 -179.6400
v -4.4000 3.6000 -183.2400
v -10.4000 3.6000 -179.6400
v -10.4000 3.6000 -183.2400
v -4.4000 -0.7000 -179.6400
v -4.4000 -0.7000 -183.2400
v -10.4000 -0.7000 -179.6400
v -10.4000 -0.7000 -183.2400
v -4.4000 -0.3000 -179.6400
v -4.4000 -0.3000 -183.2400
v -10.4000 -0.3000 -179.6400
v -10.4000 -0.3000 -183.2400
v -4.4000 -0.3000 -179.6400
v -4.4000 -0.3000 -180.0400
v -5.4000 -0.3000 -179.6400
v -5.4000 -0.3000 -180.0400
v -4.4000 3.2000 -179.6400
v -4.4000 3.2000 -180.0400
v -5.4000 3.2000 -179.6400
v -5.4000 3.2000 -180.0400
v -5.4000 -0.3000 -179.6400
v -5.4000 -0.3000 -180.0400
v -9.4000 -0.3000 -179.6400
v -9.4000 -0.3000 -180.0400
v -5.4000 1.2000 -179.6400
v -5.4000 1.2000 -180.0400
v -9.4000 1.2000 -179.6400
v -9.4000 1.2000 -180.0400
v -5.4000 2.4000 -179.6400
v -5.4000 2.4000 -180.0400
v -9.4000 2.4000 -179.6400
v -9.4000 2.4000 -180.0400
v -5.4000 3.2000 -179.6400
v -5.4000 3.2000 -180.0400
v -9.4000 3.2000 -179.6400
v -9.4000 3.2000 -180.0400
v -9.4000 -0.3000 -179.6400
v -9.4000 -0.3000 -180.0400
v -10.4000 -0.3000 -179.6400
v -10.4000 -0.3000 -180.0400
v -9.4000 3.2000 -179.6400
v -9.4000 3.2000 -180.0400
v -10.4000 3.2000 -179.6400
v -10.4000 3.2000 -180.0400
v -4.4000 -0.3000 -182.8400
v -4.4000 -0.3000 -183.2400
v -5.4000 -0.3000 -182.8400
v -5.4000 -0.3000 -183.2400
v -4.4000 3.2000 -182.8400
v -4.4000 3.2000 -183.2400
v -5.4000 3.2000 -182.8400
v -5.4000 3.2000 -183.2400
v -5.4000 -0.3000 -182.8400
v -5.4000 -0.3000 -183.2400
v -9.4000 -0.3000 -182.8400
v -9.4000 -0.3000 -183.2400
v -5.4000 1.2000 -182.8400
v -5.4000 1.2000 -183.2400
v -9.4000 1.2000 -182.8400
v -9.4000 1.2000 -183.2400
v -5.4000 2.4000 -182.8400
v -5.4000 2.4000 -183.2400
v -9.4000 2.4000 -182.8400
v -9.4000 2.4000 -183.2400
v -5.4000 3.2000 -182.8400
v -5.4000 3.2000 -183.2400
v -9.4000 3.2000 -182.8400
v -9.4000 3.2000 -183.2400
v -9.4000 -0.3000 -182.8400
v -9.4000 -0.3000 -183.2400
v -10.4000 -0.3000 -182.8400
v -10.4000 -0.3000 -183.2400
v -9.4000 3.2000 -182.8400
v -9.4000 3.2000 -183.2400
v -10.4000 3.2000 -182.8400
v -10.4000 3.2000 -183.2400
f 8081 8083 8079 8077
f 8078 8080 8084 8082
f 8077 8078 8082 8081
f 8083 8084 8080 8079
f 8079 8080 8078 8077
f 8081 8082 8084 8083
f 8089 8091 8087 8085
f 8086 8088 8092 8090
f 8085 8086 8090 8089
f 8091 8092 8088 8087
f 8087 8088 8086 8085
f 8089 8090 8092 8091
f 8097 8099 8095 8093
f 8094 8096 8100 8098
f 8093 8094 8098 8097
f 8099 8100 8096 8095
f 8095 8096 8094 8093
f 8097 8098 8100 8099
f 8105 8107 8103 8101
f 8102 8104 8108 8106
f 8101 8102 8106 8105
f 8107 8108 8104 8103
f 8103 8104 8102 8101
f 8105 8106 8108 8107
f 8113 8115 8111 8109
f 8110 8112 8116 8114
f 8109 8110 8114 8113
f 8115 8116 8112 8111
f 8111 8112 8110 8109
f 8113 8114 8116 8115
f 8121 8123 8119 8117
f 8118 8120 8124 8122
f 8117 8118 8122 8121
f 8123 8124 8120 8119
f 8119 8120 8118 8117
f 8121 8122 8124 8123
f 8129 8131 8127 8125
f 8126 8128 8132 8130
f 8125 8126 8130 8129
f 8131 8132 8128 8127
f 8127 8128 8126 8125
f 8129 8130 8132 8131
f 8137 8139 8135 8133
f 8134 8136 8140 8138
f 8133 8134 8138 8137
f 8139 8140 8136 8135
f 8135 8136 8134 8133
f 8137 8138 8140 8139
f 8145 8147 8143 8141
f 8142 8144 8148 8146
f 8141 8142 8146 8145
f 8147 8148 8144 8143
f 8143 8144 8142 8141
f 8145 8146 8148 8147
f 8153 8155 8151 8149
f 8150 8152 8156 8154
f 8149 8150 8154 8153
f 8155 8156 8152 8151
f 8151 8152 8150 8149
f 8153 8154 8156 8155
o STATION_HOME_T05L_Lights
usemtl Lights
v -4.9000 3.1200 -181.1400
v -4.9000 3.1200 -181.7400
v -9.9000 3.1200 -181.1400
v -9.9000 3.1200 -181.7400
v -4.9000 3.2000 -181.1400
v -4.9000 3.2000 -181.7400
v -9.9000 3.2000 -181.1400
v -9.9000 3.2000 -181.7400
f 8161 8163 8159 8157
f 8158 8160 8164 8162
f 8157 8158 8162 8161
f 8163 8164 8160 8159
f 8159 8160 8158 8157
f 8161 8162 8164 8163
o STATION_HOME_T05L_Glass-col
usemtl Glass
v -5.4000 1.2000 -179.8400
v -5.4000 1.2000 -179.8900
v -9.4000 1.2000 -179.8400
v -9.4000 1.2000 -179.8900
v -5.4000 2.4000 -179.8400
v -5.4000 2.4000 -179.8900
v -9.4000 2.4000 -179.8400
v -9.4000 2.4000 -179.8900
v -5.4000 1.2000 -182.9900
v -5.4000 1.2000 -183.0400
v -9.4000 1.2000 -182.9900
v -9.4000 1.2000 -183.0400
v -5.4000 2.4000 -182.9900
v -5.4000 2.4000 -183.0400
v -9.4000 2.4000 -182.9900
v -9.4000 2.4000 -183.0400
f 8169 8171 8167 8165
f 8166 8168 8172 8170
f 8165 8166 8170 8169
f 8171 8172 8168 8167
f 8167 8168 8166 8165
f 8169 8170 8172 8171
f 8177 8179 8175 8173
f 8174 8176 8180 8178
f 8173 8174 8178 8177
f 8179 8180 8176 8175
f 8175 8176 8174 8173
f 8177 8178 8180 8179
o STATION_HOME_M11YDM_Deck-col
usemtl Deck
v -10.8000 -0.3000 -172.9400
v -10.8000 -0.3000 -189.9400
v -50.8000 -0.3000 -172.9400
v -50.8000 -0.3000 -189.9400
v -10.8000 0.0000 -172.9400
v -10.8000 0.0000 -189.9400
v -50.8000 0.0000 -172.9400
v -50.8000 0.0000 -189.9400
v -40.8000 3.7000 -172.9400
v -40.8000 3.7000 -189.9400
v -50.8000 3.7000 -172.9400
v -50.8000 3.7000 -189.9400
v -40.8000 4.0000 -172.9400
v -40.8000 4.0000 -189.9400
v -50.8000 4.0000 -172.9400
v -50.8000 4.0000 -189.9400
f 8185 8187 8183 8181
f 8182 8184 8188 8186
f 8181 8182 8186 8185
f 8187 8188 8184 8183
f 8183 8184 8182 8181
f 8185 8186 8188 8187
f 8193 8195 8191 8189
f 8190 8192 8196 8194
f 8189 8190 8194 8193
f 8195 8196 8192 8191
f 8191 8192 8190 8189
f 8193 8194 8196 8195
o STATION_HOME_M11YDM_Hull-col
usemtl Hull
v -10.4000 8.0000 -172.4400
v -10.4000 8.0000 -190.4400
v -51.2000 8.0000 -172.4400
v -51.2000 8.0000 -190.4400
v -10.4000 8.4000 -172.4400
v -10.4000 8.4000 -190.4400
v -51.2000 8.4000 -172.4400
v -51.2000 8.4000 -190.4400
v -10.4000 -0.7000 -172.4400
v -10.4000 -0.7000 -190.4400
v -51.2000 -0.7000 -172.4400
v -51.2000 -0.7000 -190.4400
v -10.4000 -0.3000 -172.4400
v -10.4000 -0.3000 -190.4400
v -51.2000 -0.3000 -172.4400
v -51.2000 -0.3000 -190.4400
v -10.8000 -0.3000 -172.4400
v -10.8000 -0.3000 -172.9400
v -24.8000 -0.3000 -172.4400
v -24.8000 -0.3000 -172.9400
v -10.8000 8.0000 -172.4400
v -10.8000 8.0000 -172.9400
v -24.8000 8.0000 -172.4400
v -24.8000 8.0000 -172.9400
v -24.8000 -0.3000 -172.4400
v -24.8000 -0.3000 -172.9400
v -26.8000 -0.3000 -172.4400
v -26.8000 -0.3000 -172.9400
v -24.8000 0.0000 -172.4400
v -24.8000 0.0000 -172.9400
v -26.8000 0.0000 -172.4400
v -26.8000 0.0000 -172.9400
v -24.8000 2.6000 -172.4400
v -24.8000 2.6000 -172.9400
v -26.8000 2.6000 -172.4400
v -26.8000 2.6000 -172.9400
v -24.8000 8.0000 -172.4400
v -24.8000 8.0000 -172.9400
v -26.8000 8.0000 -172.4400
v -26.8000 8.0000 -172.9400
v -26.8000 -0.3000 -172.4400
v -26.8000 -0.3000 -172.9400
v -50.8000 -0.3000 -172.4400
v -50.8000 -0.3000 -172.9400
v -26.8000 8.0000 -172.4400
v -26.8000 8.0000 -172.9400
v -50.8000 8.0000 -172.4400
v -50.8000 8.0000 -172.9400
v -10.8000 -0.3000 -189.9400
v -10.8000 -0.3000 -190.4400
v -24.8000 -0.3000 -189.9400
v -24.8000 -0.3000 -190.4400
v -10.8000 8.0000 -189.9400
v -10.8000 8.0000 -190.4400
v -24.8000 8.0000 -189.9400
v -24.8000 8.0000 -190.4400
v -24.8000 -0.3000 -189.9400
v -24.8000 -0.3000 -190.4400
v -26.8000 -0.3000 -189.9400
v -26.8000 -0.3000 -190.4400
v -24.8000 0.0000 -189.9400
v -24.8000 0.0000 -190.4400
v -26.8000 0.0000 -189.9400
v -26.8000 0.0000 -190.4400
v -24.8000 2.6000 -189.9400
v -24.8000 2.6000 -190.4400
v -26.8000 2.6000 -189.9400
v -26.8000 2.6000 -190.4400
v -24.8000 8.0000 -189.9400
v -24.8000 8.0000 -190.4400
v -26.8000 8.0000 -189.9400
v -26.8000 8.0000 -190.4400
v -26.8000 -0.3000 -189.9400
v -26.8000 -0.3000 -190.4400
v -50.8000 -0.3000 -189.9400
v -50.8000 -0.3000 -190.4400
v -26.8000 8.0000 -189.9400
v -26.8000 8.0000 -190.4400
v -50.8000 8.0000 -189.9400
v -50.8000 8.0000 -190.4400
v -10.4000 -0.3000 -172.4400
v -10.4000 -0.3000 -180.5400
v -10.8000 -0.3000 -172.4400
v -10.8000 -0.3000 -180.5400
v -10.4000 8.0000 -172.4400
v -10.4000 8.0000 -180.5400
v -10.8000 8.0000 -172.4400
v -10.8000 8.0000 -180.5400
v -10.4000 -0.3000 -180.5400
v -10.4000 -0.3000 -182.3400
v -10.8000 -0.3000 -180.5400
v -10.8000 -0.3000 -182.3400
v -10.4000 0.0000 -180.5400
v -10.4000 0.0000 -182.3400
v -10.8000 0.0000 -180.5400
v -10.8000 0.0000 -182.3400
v -10.4000 2.8000 -180.5400
v -10.4000 2.8000 -182.3400
v -10.8000 2.8000 -180.5400
v -10.8000 2.8000 -182.3400
v -10.4000 8.0000 -180.5400
v -10.4000 8.0000 -182.3400
v -10.8000 8.0000 -180.5400
v -10.8000 8.0000 -182.3400
v -10.4000 -0.3000 -182.3400
v -10.4000 -0.3000 -190.4400
v -10.8000 -0.3000 -182.3400
v -10.8000 -0.3000 -190.4400
v -10.4000 8.0000 -182.3400
v -10.4000 8.0000 -190.4400
v -10.8000 8.0000 -182.3400
v -10.8000 8.0000 -190.4400
v -50.8000 -0.3000 -172.4400
v -50.8000 -0.3000 -180.5400
v -51.2000 -0.3000 -172.4400
v -51.2000 -0.3000 -180.5400
v -50.8000 8.0000 -172.4400
v -50.8000 8.0000 -180.5400
v -51.2000 8.0000 -172.4400
v -51.2000 8.0000 -180.5400
v -50.8000 -0.3000 -180.5400
v -50.8000 -0.3000 -182.3400
v -51.2000 -0.3000 -180.5400
v -51.2000 -0.3000 -182.3400
v -50.8000 0.0000 -180.5400
v -50.8000 0.0000 -182.3400
v -51.2000 0.0000 -180.5400
v -51.2000 0.0000 -182.3400
v -50.8000 2.8000 -180.5400
v -50.8000 2.8000 -182.3400
v -51.2000 2.8000 -180.5400
v -51.2000 2.8000 -182.3400
v -50.8000 8.0000 -180.5400
v -50.8000 8.0000 -182.3400
v -51.2000 8.0000 -180.5400
v -51.2000 8.0000 -182.3400
v -50.8000 -0.3000 -182.3400
v -50.8000 -0.3000 -190.4400
v -51.2000 -0.3000 -182.3400
v -51.2000 -0.3000 -190.4400
v -50.8000 8.0000 -182.3400
v -50.8000 8.0000 -190.4400
v -51.2000 8.0000 -182.3400
v -51.2000 8.0000 -190.4400
f 8201 8203 8199 8197
f 8198 8200 8204 8202
f 8197 8198 8202 8201
f 8203 8204 8200 8199
f 8199 8200 8198 8197
f 8201 8202 8204 8203
f 8209 8211 8207 8205
f 8206 8208 8212 8210
f 8205 8206 8210 8209
f 8211 8212 8208 8207
f 8207 8208 8206 8205
f 8209 8210 8212 8211
f 8217 8219 8215 8213
f 8214 8216 8220 8218
f 8213 8214 8218 8217
f 8219 8220 8216 8215
f 8215 8216 8214 8213
f 8217 8218 8220 8219
f 8225 8227 8223 8221
f 8222 8224 8228 8226
f 8221 8222 8226 8225
f 8227 8228 8224 8223
f 8223 8224 8222 8221
f 8225 8226 8228 8227
f 8233 8235 8231 8229
f 8230 8232 8236 8234
f 8229 8230 8234 8233
f 8235 8236 8232 8231
f 8231 8232 8230 8229
f 8233 8234 8236 8235
f 8241 8243 8239 8237
f 8238 8240 8244 8242
f 8237 8238 8242 8241
f 8243 8244 8240 8239
f 8239 8240 8238 8237
f 8241 8242 8244 8243
f 8249 8251 8247 8245
f 8246 8248 8252 8250
f 8245 8246 8250 8249
f 8251 8252 8248 8247
f 8247 8248 8246 8245
f 8249 8250 8252 8251
f 8257 8259 8255 8253
f 8254 8256 8260 8258
f 8253 8254 8258 8257
f 8259 8260 8256 8255
f 8255 8256 8254 8253
f 8257 8258 8260 8259
f 8265 8267 8263 8261
f 8262 8264 8268 8266
f 8261 8262 8266 8265
f 8267 8268 8264 8263
f 8263 8264 8262 8261
f 8265 8266 8268 8267
f 8273 8275 8271 8269
f 8270 8272 8276 8274
f 8269 8270 8274 8273
f 8275 8276 8272 8271
f 8271 8272 8270 8269
f 8273 8274 8276 8275
f 8281 8283 8279 8277
f 8278 8280 8284 8282
f 8277 8278 8282 8281
f 8283 8284 8280 8279
f 8279 8280 8278 8277
f 8281 8282 8284 8283
f 8289 8291 8287 8285
f 8286 8288 8292 8290
f 8285 8286 8290 8289
f 8291 8292 8288 8287
f 8287 8288 8286 8285
f 8289 8290 8292 8291
f 8297 8299 8295 8293
f 8294 8296 8300 8298
f 8293 8294 8298 8297
f 8299 8300 8296 8295
f 8295 8296 8294 8293
f 8297 8298 8300 8299
f 8305 8307 8303 8301
f 8302 8304 8308 8306
f 8301 8302 8306 8305
f 8307 8308 8304 8303
f 8303 8304 8302 8301
f 8305 8306 8308 8307
f 8313 8315 8311 8309
f 8310 8312 8316 8314
f 8309 8310 8314 8313
f 8315 8316 8312 8311
f 8311 8312 8310 8309
f 8313 8314 8316 8315
f 8321 8323 8319 8317
f 8318 8320 8324 8322
f 8317 8318 8322 8321
f 8323 8324 8320 8319
f 8319 8320 8318 8317
f 8321 8322 8324 8323
f 8329 8331 8327 8325
f 8326 8328 8332 8330
f 8325 8326 8330 8329
f 8331 8332 8328 8327
f 8327 8328 8326 8325
f 8329 8330 8332 8331
f 8337 8339 8335 8333
f 8334 8336 8340 8338
f 8333 8334 8338 8337
f 8339 8340 8336 8335
f 8335 8336 8334 8333
f 8337 8338 8340 8339
o STATION_HOME_M11YDM_Interior-col
usemtl Interior
v -40.7000 0.0000 -172.9400
v -40.7000 0.0000 -180.2400
v -40.9000 0.0000 -172.9400
v -40.9000 0.0000 -180.2400
v -40.7000 4.0000 -172.9400
v -40.7000 4.0000 -180.2400
v -40.9000 4.0000 -172.9400
v -40.9000 4.0000 -180.2400
v -40.7000 3.0000 -180.2400
v -40.7000 3.0000 -182.6400
v -40.9000 3.0000 -180.2400
v -40.9000 3.0000 -182.6400
v -40.7000 4.0000 -180.2400
v -40.7000 4.0000 -182.6400
v -40.9000 4.0000 -180.2400
v -40.9000 4.0000 -182.6400
v -40.7000 0.0000 -182.6400
v -40.7000 0.0000 -189.9400
v -40.9000 0.0000 -182.6400
v -40.9000 0.0000 -189.9400
v -40.7000 4.0000 -182.6400
v -40.7000 4.0000 -189.9400
v -40.9000 4.0000 -182.6400
v -40.9000 4.0000 -189.9400
v -40.8000 0.0000 -180.0400
v -40.8000 0.0000 -180.2400
v -45.0000 0.0000 -180.0400
v -45.0000 0.0000 -180.2400
v -40.8000 4.0000 -180.0400
v -40.8000 4.0000 -180.2400
v -45.0000 4.0000 -180.0400
v -45.0000 4.0000 -180.2400
v -45.0000 2.6000 -180.0400
v -45.0000 2.6000 -180.2400
v -46.6000 2.6000 -180.0400
v -46.6000 2.6000 -180.2400
v -45.0000 4.0000 -180.0400
v -45.0000 4.0000 -180.2400
v -46.6000 4.0000 -180.0400
v -46.6000 4.0000 -180.2400
v -46.6000 0.0000 -180.0400
v -46.6000 0.0000 -180.2400
v -50.8000 0.0000 -180.0400
v -50.8000 0.0000 -180.2400
v -46.6000 4.0000 -180.0400
v -46.6000 4.0000 -180.2400
v -50.8000 4.0000 -180.0400
v -50.8000 4.0000 -180.2400
v -40.8000 0.0000 -182.6400
v -40.8000 0.0000 -182.8400
v -45.0000 0.0000 -182.6400
v -45.0000 0.0000 -182.8400
v -40.8000 4.0000 -182.6400
v -40.8000 4.0000 -182.8400
v -45.0000 4.0000 -182.6400
v -45.0000 4.0000 -182.8400
v -45.0000 2.6000 -182.6400
v -45.0000 2.6000 -182.8400
v -46.6000 2.6000 -182.6400
v -46.6000 2.6000 -182.8400
v -45.0000 4.0000 -182.6400
v -45.0000 4.0000 -182.8400
v -46.6000 4.0000 -182.6400
v -46.6000 4.0000 -182.8400
v -46.6000 0.0000 -182.6400
v -46.6000 0.0000 -182.8400
v -50.8000 0.0000 -182.6400
v -50.8000 0.0000 -182.8400
v -46.6000 4.0000 -182.6400
v -46.6000 4.0000 -182.8400
v -50.8000 4.0000 -182.6400
v -50.8000 4.0000 -182.8400
f 8345 8347 8343 8341
f 8342 8344 8348 8346
f 8341 8342 8346 8345
f 8347 8348 8344 8343
f 8343 8344 8342 8341
f 8345 8346 8348 8347
f 8353 8355 8351 8349
f 8350 8352 8356 8354
f 8349 8350 8354 8353
f 8355 8356 8352 8351
f 8351 8352 8350 8349
f 8353 8354 8356 8355
f 8361 8363 8359 8357
f 8358 8360 8364 8362
f 8357 8358 8362 8361
f 8363 8364 8360 8359
f 8359 8360 8358 8357
f 8361 8362 8364 8363
f 8369 8371 8367 8365
f 8366 8368 8372 8370
f 8365 8366 8370 8369
f 8371 8372 8368 8367
f 8367 8368 8366 8365
f 8369 8370 8372 8371
f 8377 8379 8375 8373
f 8374 8376 8380 8378
f 8373 8374 8378 8377
f 8379 8380 8376 8375
f 8375 8376 8374 8373
f 8377 8378 8380 8379
f 8385 8387 8383 8381
f 8382 8384 8388 8386
f 8381 8382 8386 8385
f 8387 8388 8384 8383
f 8383 8384 8382 8381
f 8385 8386 8388 8387
f 8393 8395 8391 8389
f 8390 8392 8396 8394
f 8389 8390 8394 8393
f 8395 8396 8392 8391
f 8391 8392 8390 8389
f 8393 8394 8396 8395
f 8401 8403 8399 8397
f 8398 8400 8404 8402
f 8397 8398 8402 8401
f 8403 8404 8400 8399
f 8399 8400 8398 8397
f 8401 8402 8404 8403
f 8409 8411 8407 8405
f 8406 8408 8412 8410
f 8405 8406 8410 8409
f 8411 8412 8408 8407
f 8407 8408 8406 8405
f 8409 8410 8412 8411
o STATION_HOME_M11YDM_Furniture-col
usemtl Furniture
v -41.4000 0.0000 -189.1400
v -41.4000 0.0000 -189.8400
v -50.2000 0.0000 -189.1400
v -50.2000 0.0000 -189.8400
v -41.4000 1.1000 -189.1400
v -41.4000 1.1000 -189.8400
v -50.2000 1.1000 -189.1400
v -50.2000 1.1000 -189.8400
v -41.4000 0.0000 -173.0400
v -41.4000 0.0000 -173.5400
v -43.8000 0.0000 -173.0400
v -43.8000 0.0000 -173.5400
v -41.4000 2.0000 -173.0400
v -41.4000 2.0000 -173.5400
v -43.8000 2.0000 -173.0400
v -43.8000 2.0000 -173.5400
v -45.2000 0.0000 -177.4400
v -45.2000 0.0000 -178.8400
v -46.4000 0.0000 -177.4400
v -46.4000 0.0000 -178.8400
v -45.2000 0.7500 -177.4400
v -45.2000 0.7500 -178.8400
v -46.4000 0.7500 -177.4400
v -46.4000 0.7500 -178.8400
v -41.2000 0.0000 -182.2900
v -41.2000 0.0000 -182.6400
v -42.4000 0.0000 -182.2900
v -42.4000 0.0000 -182.6400
v -41.2000 2.0000 -182.2900
v -41.2000 2.0000 -182.6400
v -42.4000 2.0000 -182.2900
v -42.4000 2.0000 -182.6400
v -16.5400 0.6000 -172.9900
v -16.5400 0.6000 -173.3900
v -17.5400 0.6000 -172.9900
v -17.5400 0.6000 -173.3900
v -16.5400 2.0000 -172.9900
v -16.5400 2.0000 -173.3900
v -17.5400 2.0000 -172.9900
v -17.5400 2.0000 -173.3900
v -22.3800 0.6000 -189.4900
v -22.3800 0.6000 -189.8900
v -23.3800 0.6000 -189.4900
v -23.3800 0.6000 -189.8900
v -22.3800 2.0000 -189.4900
v -22.3800 2.0000 -189.8900
v -23.3800 2.0000 -189.4900
v -23.3800 2.0000 -189.8900
v -28.2200 0.6000 -172.9900
v -28.2200 0.6000 -173.3900
v -29.2200 0.6000 -172.9900
v -29.2200 0.6000 -173.3900
v -28.2200 2.0000 -172.9900
v -28.2200 2.0000 -173.3900
v -29.2200 2.0000 -172.9900
v -29.2200 2.0000 -173.3900
v -34.0600 0.6000 -189.4900
v -34.0600 0.6000 -189.8900
v -35.0600 0.6000 -189.4900
v -35.0600 0.6000 -189.8900
v -34.0600 2.0000 -189.4900
v -34.0600 2.0000 -189.8900
v -35.0600 2.0000 -189.4900
v -35.0600 2.0000 -189.8900
f 8417 8419 8415 8413
f 8414 8416 8420 8418
f 8413 8414 8418 8417
f 8419 8420 8416 8415
f 8415 8416 8414 8413
f 8417 8418 8420 8419
f 8425 8427 8423 8421
f 8422 8424 8428 8426
f 8421 8422 8426 8425
f 8427 8428 8424 8423
f 8423 8424 8422 8421
f 8425 8426 8428 8427
f 8433 8435 8431 8429
f 8430 8432 8436 8434
f 8429 8430 8434 8433
f 8435 8436 8432 8431
f 8431 8432 8430 8429
f 8433 8434 8436 8435
f 8441 8443 8439 8437
f 8438 8440 8444 8442
f 8437 8438 8442 8441
f 8443 8444 8440 8439
f 8439 8440 8438 8437
f 8441 8442 8444 8443
f 8449 8451 8447 8445
f 8446 8448 8452 8450
f 8445 8446 8450 8449
f 8451 8452 8448 8447
f 8447 8448 8446 8445
f 8449 8450 8452 8451
f 8457 8459 8455 8453
f 8454 8456 8460 8458
f 8453 8454 8458 8457
f 8459 8460 8456 8455
f 8455 8456 8454 8453
f 8457 8458 8460 8459
f 8465 8467 8463 8461
f 8462 8464 8468 8466
f 8461 8462 8466 8465
f 8467 8468 8464 8463
f 8463 8464 8462 8461
f 8465 8466 8468 8467
f 8473 8475 8471 8469
f 8470 8472 8476 8474
f 8469 8470 8474 8473
f 8475 8476 8472 8471
f 8471 8472 8470 8469
f 8473 8474 8476 8475
o STATION_HOME_M11YDM_Cover-col
usemtl Cover
v -20.2833 0.0000 -183.5400
v -20.2833 0.0000 -184.8400
v -21.5833 0.0000 -183.5400
v -21.5833 0.0000 -184.8400
v -20.2833 1.3000 -183.5400
v -20.2833 1.3000 -184.8400
v -21.5833 1.3000 -183.5400
v -21.5833 1.3000 -184.8400
v -20.2833 0.0000 -174.9400
v -20.2833 0.0000 -176.2400
v -21.5833 0.0000 -174.9400
v -21.5833 0.0000 -176.2400
v -20.2833 1.3000 -174.9400
v -20.2833 1.3000 -176.2400
v -21.5833 1.3000 -174.9400
v -21.5833 1.3000 -176.2400
v -30.0167 0.0000 -183.5400
v -30.0167 0.0000 -184.8400
v -31.3167 0.0000 -183.5400
v -31.3167 0.0000 -184.8400
v -30.0167 1.3000 -183.5400
v -30.0167 1.3000 -184.8400
v -31.3167 1.3000 -183.5400
v -31.3167 1.3000 -184.8400
v -30.0167 0.0000 -174.9400
v -30.0167 0.0000 -176.2400
v -31.3167 0.0000 -174.9400
v -31.3167 0.0000 -176.2400
v -30.0167 1.3000 -174.9400
v -30.0167 1.3000 -176.2400
v -31.3167 1.3000 -174.9400
v -31.3167 1.3000 -176.2400
v -18.0000 0.0000 -177.8400
v -18.0000 0.0000 -178.8400
v -19.0000 0.0000 -177.8400
v -19.0000 0.0000 -178.8400
v -18.0000 1.1000 -177.8400
v -18.0000 1.1000 -178.8400
v -19.0000 1.1000 -177.8400
v -19.0000 1.1000 -178.8400
v -32.6000 0.0000 -177.8400
v -32.6000 0.0000 -178.8400
v -33.6000 0.0000 -177.8400
v -33.6000 0.0000 -178.8400
v -32.6000 1.1000 -177.8400
v -32.6000 1.1000 -178.8400
v -33.6000 1.1000 -177.8400
v -33.6000 1.1000 -178.8400
f 8481 8483 8479 8477
f 8478 8480 8484 8482
f 8477 8478 8482 8481
f 8483 8484 8480 8479
f 8479 8480 8478 8477
f 8481 8482 8484 8483
f 8489 8491 8487 8485
f 8486 8488 8492 8490
f 8485 8486 8490 8489
f 8491 8492 8488 8487
f 8487 8488 8486 8485
f 8489 8490 8492 8491
f 8497 8499 8495 8493
f 8494 8496 8500 8498
f 8493 8494 8498 8497
f 8499 8500 8496 8495
f 8495 8496 8494 8493
f 8497 8498 8500 8499
f 8505 8507 8503 8501
f 8502 8504 8508 8506
f 8501 8502 8506 8505
f 8507 8508 8504 8503
f 8503 8504 8502 8501
f 8505 8506 8508 8507
f 8513 8515 8511 8509
f 8510 8512 8516 8514
f 8509 8510 8514 8513
f 8515 8516 8512 8511
f 8511 8512 8510 8509
f 8513 8514 8516 8515
f 8521 8523 8519 8517
f 8518 8520 8524 8522
f 8517 8518 8522 8521
f 8523 8524 8520 8519
f 8519 8520 8518 8517
f 8521 8522 8524 8523
o STATION_HOME_M11YDM_Hazard
usemtl Hazard
v -24.5000 0.0000 -172.3200
v -24.5000 0.0000 -172.4400
v -24.8000 0.0000 -172.3200
v -24.8000 0.0000 -172.4400
v -24.5000 2.9000 -172.3200
v -24.5000 2.9000 -172.4400
v -24.8000 2.9000 -172.3200
v -24.8000 2.9000 -172.4400
v -26.8000 0.0000 -172.3200
v -26.8000 0.0000 -172.4400
v -27.1000 0.0000 -172.3200
v -27.1000 0.0000 -172.4400
v -26.8000 2.9000 -172.3200
v -26.8000 2.9000 -172.4400
v -27.1000 2.9000 -172.3200
v -27.1000 2.9000 -172.4400
v -24.5000 0.0000 -190.4400
v -24.5000 0.0000 -190.5600
v -24.8000 0.0000 -190.4400
v -24.8000 0.0000 -190.5600
v -24.5000 2.9000 -190.4400
v -24.5000 2.9000 -190.5600
v -24.8000 2.9000 -190.4400
v -24.8000 2.9000 -190.5600
v -26.8000 0.0000 -190.4400
v -26.8000 0.0000 -190.5600
v -27.1000 0.0000 -190.4400
v -27.1000 0.0000 -190.5600
v -26.8000 2.9000 -190.4400
v -26.8000 2.9000 -190.5600
v -27.1000 2.9000 -190.4400
v -27.1000 2.9000 -190.5600
v -51.2000 2.8000 -180.2400
v -51.2000 2.8000 -182.6400
v -51.2400 2.8000 -180.2400
v -51.2400 2.8000 -182.6400
v -51.2000 3.0000 -180.2400
v -51.2000 3.0000 -182.6400
v -51.2400 3.0000 -180.2400
v -51.2400 3.0000 -182.6400
v -16.5400 1.8000 -173.3900
v -16.5400 1.8000 -173.4100
v -17.5400 1.8000 -173.3900
v -17.5400 1.8000 -173.4100
v -16.5400 2.0000 -173.3900
v -16.5400 2.0000 -173.4100
v -17.5400 2.0000 -173.3900
v -17.5400 2.0000 -173.4100
v -22.3800 1.8000 -189.4700
v -22.3800 1.8000 -189.4900
v -23.3800 1.8000 -189.4700
v -23.3800 1.8000 -189.4900
v -22.3800 2.0000 -189.4700
v -22.3800 2.0000 -189.4900
v -23.3800 2.0000 -189.4700
v -23.3800 2.0000 -189.4900
v -28.2200 1.8000 -173.3900
v -28.2200 1.8000 -173.4100
v -29.2200 1.8000 -173.3900
v -29.2200 1.8000 -173.4100
v -28.2200 2.0000 -173.3900
v -28.2200 2.0000 -173.4100
v -29.2200 2.0000 -173.3900
v -29.2200 2.0000 -173.4100
v -34.0600 1.8000 -189.4700
v -34.0600 1.8000 -189.4900
v -35.0600 1.8000 -189.4700
v -35.0600 1.8000 -189.4900
v -34.0600 2.0000 -189.4700
v -34.0600 2.0000 -189.4900
v -35.0600 2.0000 -189.4700
v -35.0600 2.0000 -189.4900
f 8529 8531 8527 8525
f 8526 8528 8532 8530
f 8525 8526 8530 8529
f 8531 8532 8528 8527
f 8527 8528 8526 8525
f 8529 8530 8532 8531
f 8537 8539 8535 8533
f 8534 8536 8540 8538
f 8533 8534 8538 8537
f 8539 8540 8536 8535
f 8535 8536 8534 8533
f 8537 8538 8540 8539
f 8545 8547 8543 8541
f 8542 8544 8548 8546
f 8541 8542 8546 8545
f 8547 8548 8544 8543
f 8543 8544 8542 8541
f 8545 8546 8548 8547
f 8553 8555 8551 8549
f 8550 8552 8556 8554
f 8549 8550 8554 8553
f 8555 8556 8552 8551
f 8551 8552 8550 8549
f 8553 8554 8556 8555
f 8561 8563 8559 8557
f 8558 8560 8564 8562
f 8557 8558 8562 8561
f 8563 8564 8560 8559
f 8559 8560 8558 8557
f 8561 8562 8564 8563
f 8569 8571 8567 8565
f 8566 8568 8572 8570
f 8565 8566 8570 8569
f 8571 8572 8568 8567
f 8567 8568 8566 8565
f 8569 8570 8572 8571
f 8577 8579 8575 8573
f 8574 8576 8580 8578
f 8573 8574 8578 8577
f 8579 8580 8576 8575
f 8575 8576 8574 8573
f 8577 8578 8580 8579
f 8585 8587 8583 8581
f 8582 8584 8588 8586
f 8581 8582 8586 8585
f 8587 8588 8584 8583
f 8583 8584 8582 8581
f 8585 8586 8588 8587
f 8593 8595 8591 8589
f 8590 8592 8596 8594
f 8589 8590 8594 8593
f 8595 8596 8592 8591
f 8591 8592 8590 8589
f 8593 8594 8596 8595
o STATION_HOME_M11YDM_Lights
usemtl Lights
v -41.6000 0.8000 -189.1200
v -41.6000 0.8000 -189.1400
v -50.0000 0.8000 -189.1200
v -50.0000 0.8000 -189.1400
v -41.6000 1.0500 -189.1200
v -41.6000 1.0500 -189.1400
v -50.0000 1.0500 -189.1200
v -50.0000 1.0500 -189.1400
v -45.1000 1.0000 -184.1400
v -45.1000 1.0000 -185.1400
v -46.5000 1.0000 -184.1400
v -46.5000 1.0000 -185.1400
v -45.1000 1.0300 -184.1400
v -45.1000 1.0300 -185.1400
v -46.5000 1.0300 -184.1400
v -46.5000 1.0300 -185.1400
v -41.3000 3.6200 -181.1400
v -41.3000 3.6200 -181.7400
v -50.3000 3.6200 -181.1400
v -50.3000 3.6200 -181.7400
v -41.3000 3.7000 -181.1400
v -41.3000 3.7000 -181.7400
v -50.3000 3.7000 -181.1400
v -50.3000 3.7000 -181.7400
v -11.7000 7.8800 -181.0400
v -11.7000 7.8800 -181.8400
v -39.9000 7.8800 -181.0400
v -39.9000 7.8800 -181.8400
v -11.7000 7.9600 -181.0400
v -11.7000 7.9600 -181.8400
v -39.9000 7.9600 -181.0400
v -39.9000 7.9600 -181.8400
f 8601 8603 8599 8597
f 8598 8600 8604 8602
f 8597 8598 8602 8601
f 8603 8604 8600 8599
f 8599 8600 8598 8597
f 8601 8602 8604 8603
f 8609 8611 8607 8605
f 8606 8608 8612 8610
f 8605 8606 8610 8609
f 8611 8612 8608 8607
f 8607 8608 8606 8605
f 8609 8610 8612 8611
f 8617 8619 8615 8613
f 8614 8616 8620 8618
f 8613 8614 8618 8617
f 8619 8620 8616 8615
f 8615 8616 8614 8613
f 8617 8618 8620 8619
f 8625 8627 8623 8621
f 8622 8624 8628 8626
f 8621 8622 8626 8625
f 8627 8628 8624 8623
f 8623 8624 8622 8621
f 8625 8626 8628 8627
o STATION_HOME_M11YDM_Trim
usemtl Trim
v -56.8000 -12.0000 -165.2400
v -56.8000 -12.0000 -166.4400
v -176.8000 -12.0000 -165.2400
v -176.8000 -12.0000 -166.4400
v -56.8000 -10.8000 -165.2400
v -56.8000 -10.8000 -166.4400
v -176.8000 -10.8000 -165.2400
v -176.8000 -10.8000 -166.4400
v -56.8000 12.0000 -165.2400
v -56.8000 12.0000 -166.4400
v -176.8000 12.0000 -165.2400
v -176.8000 12.0000 -166.4400
v -56.8000 13.2000 -165.2400
v -56.8000 13.2000 -166.4400
v -176.8000 13.2000 -165.2400
v -176.8000 13.2000 -166.4400
v -56.8000 -12.0000 -196.4400
v -56.8000 -12.0000 -197.6400
v -176.8000 -12.0000 -196.4400
v -176.8000 -12.0000 -197.6400
v -56.8000 -10.8000 -196.4400
v -56.8000 -10.8000 -197.6400
v -176.8000 -10.8000 -196.4400
v -176.8000 -10.8000 -197.6400
v -56.8000 12.0000 -196.4400
v -56.8000 12.0000 -197.6400
v -176.8000 12.0000 -196.4400
v -176.8000 12.0000 -197.6400
v -56.8000 13.2000 -196.4400
v -56.8000 13.2000 -197.6400
v -176.8000 13.2000 -196.4400
v -176.8000 13.2000 -197.6400
v -56.8000 -12.0000 -165.2400
v -56.8000 -12.0000 -197.6400
v -58.0000 -12.0000 -165.2400
v -58.0000 -12.0000 -197.6400
v -56.8000 -10.8000 -165.2400
v -56.8000 -10.8000 -197.6400
v -58.0000 -10.8000 -165.2400
v -58.0000 -10.8000 -197.6400
v -56.8000 12.0000 -165.2400
v -56.8000 12.0000 -197.6400
v -58.0000 12.0000 -165.2400
v -58.0000 12.0000 -197.6400
v -56.8000 13.2000 -165.2400
v -56.8000 13.2000 -197.6400
v -58.0000 13.2000 -165.2400
v -58.0000 13.2000 -197.6400
v -80.5600 -12.0000 -165.2400
v -80.5600 -12.0000 -197.6400
v -81.7600 -12.0000 -165.2400
v -81.7600 -12.0000 -197.6400
v -80.5600 -10.8000 -165.2400
v -80.5600 -10.8000 -197.6400
v -81.7600 -10.8000 -165.2400
v -81.7600 -10.8000 -197.6400
v -80.5600 12.0000 -165.2400
v -80.5600 12.0000 -197.6400
v -81.7600 12.0000 -165.2400
v -81.7600 12.0000 -197.6400
v -80.5600 13.2000 -165.2400
v -80.5600 13.2000 -197.6400
v -81.7600 13.2000 -165.2400
v -81.7600 13.2000 -197.6400
v -104.3200 -12.0000 -165.2400
v -104.3200 -12.0000 -197.6400
v -105.5200 -12.0000 -165.2400
v -105.5200 -12.0000 -197.6400
v -104.3200 -10.8000 -165.2400
v -104.3200 -10.8000 -197.6400
v -105.5200 -10.8000 -165.2400
v -105.5200 -10.8000 -197.6400
v -104.3200 12.0000 -165.2400
v -104.3200 12.0000 -197.6400
v -105.5200 12.0000 -165.2400
v -105.5200 12.0000 -197.6400
v -104.3200 13.2000 -165.2400
v -104.3200 13.2000 -197.6400
v -105.5200 13.2000 -165.2400
v -105.5200 13.2000 -197.6400
v -128.0800 -12.0000 -165.2400
v -128.0800 -12.0000 -197.6400
v -129.2800 -12.0000 -165.2400
v -129.2800 -12.0000 -197.6400
v -128.0800 -10.8000 -165.2400
v -128.0800 -10.8000 -197.6400
v -129.2800 -10.8000 -165.2400
v -129.2800 -10.8000 -197.6400
v -128.0800 12.0000 -165.2400
v -128.0800 12.0000 -197.6400
v -129.2800 12.0000 -165.2400
v -129.2800 12.0000 -197.6400
v -128.0800 13.2000 -165.2400
v -128.0800 13.2000 -197.6400
v -129.2800 13.2000 -165.2400
v -129.2800 13.2000 -197.6400
v -151.8400 -12.0000 -165.2400
v -151.8400 -12.0000 -197.6400
v -153.0400 -12.0000 -165.2400
v -153.0400 -12.0000 -197.6400
v -151.8400 -10.8000 -165.2400
v -151.8400 -10.8000 -197.6400
v -153.0400 -10.8000 -165.2400
v -153.0400 -10.8000 -197.6400
v -151.8400 12.0000 -165.2400
v -151.8400 12.0000 -197.6400
v -153.0400 12.0000 -165.2400
v -153.0400 12.0000 -197.6400
v -151.8400 13.2000 -165.2400
v -151.8400 13.2000 -197.6400
v -153.0400 13.2000 -165.2400
v -153.0400 13.2000 -197.6400
v -175.6000 -12.0000 -165.2400
v -175.6000 -12.0000 -197.6400
v -176.8000 -12.0000 -165.2400
v -176.8000 -12.0000 -197.6400
v -175.6000 -10.8000 -165.2400
v -175.6000 -10.8000 -197.6400
v -176.8000 -10.8000 -165.2400
v -176.8000 -10.8000 -197.6400
v -175.6000 12.0000 -165.2400
v -175.6000 12.0000 -197.6400
v -176.8000 12.0000 -165.2400
v -176.8000 12.0000 -197.6400
v -175.6000 13.2000 -165.2400
v -175.6000 13.2000 -197.6400
v -176.8000 13.2000 -165.2400
v -176.8000 13.2000 -197.6400
v -51.2000 3.0000 -180.4400
v -51.2000 3.0000 -182.4400
v -56.8000 3.0000 -180.4400
v -56.8000 3.0000 -182.4400
v -51.2000 4.0000 -180.4400
v -51.2000 4.0000 -182.4400
v -56.8000 4.0000 -180.4400
v -56.8000 4.0000 -182.4400
f 8633 8635 8631 8629
f 8630 8632 8636 8634
f 8629 8630 8634 8633
f 8635 8636 8632 8631
f 8631 8632 8630 8629
f 8633 8634 8636 8635
f 8641 8643 8639 8637
f 8638 8640 8644 8642
f 8637 8638 8642 8641
f 8643 8644 8640 8639
f 8639 8640 8638 8637
f 8641 8642 8644 8643
f 8649 8651 8647 8645
f 8646 8648 8652 8650
f 8645 8646 8650 8649
f 8651 8652 8648 8647
f 8647 8648 8646 8645
f 8649 8650 8652 8651
f 8657 8659 8655 8653
f 8654 8656 8660 8658
f 8653 8654 8658 8657
f 8659 8660 8656 8655
f 8655 8656 8654 8653
f 8657 8658 8660 8659
f 8665 8667 8663 8661
f 8662 8664 8668 8666
f 8661 8662 8666 8665
f 8667 8668 8664 8663
f 8663 8664 8662 8661
f 8665 8666 8668 8667
f 8673 8675 8671 8669
f 8670 8672 8676 8674
f 8669 8670 8674 8673
f 8675 8676 8672 8671
f 8671 8672 8670 8669
f 8673 8674 8676 8675
f 8681 8683 8679 8677
f 8678 8680 8684 8682
f 8677 8678 8682 8681
f 8683 8684 8680 8679
f 8679 8680 8678 8677
f 8681 8682 8684 8683
f 8689 8691 8687 8685
f 8686 8688 8692 8690
f 8685 8686 8690 8689
f 8691 8692 8688 8687
f 8687 8688 8686 8685
f 8689 8690 8692 8691
f 8697 8699 8695 8693
f 8694 8696 8700 8698
f 8693 8694 8698 8697
f 8699 8700 8696 8695
f 8695 8696 8694 8693
f 8697 8698 8700 8699
f 8705 8707 8703 8701
f 8702 8704 8708 8706
f 8701 8702 8706 8705
f 8707 8708 8704 8703
f 8703 8704 8702 8701
f 8705 8706 8708 8707
f 8713 8715 8711 8709
f 8710 8712 8716 8714
f 8709 8710 8714 8713
f 8715 8716 8712 8711
f 8711 8712 8710 8709
f 8713 8714 8716 8715
f 8721 8723 8719 8717
f 8718 8720 8724 8722
f 8717 8718 8722 8721
f 8723 8724 8720 8719
f 8719 8720 8718 8717
f 8721 8722 8724 8723
f 8729 8731 8727 8725
f 8726 8728 8732 8730
f 8725 8726 8730 8729
f 8731 8732 8728 8727
f 8727 8728 8726 8725
f 8729 8730 8732 8731
f 8737 8739 8735 8733
f 8734 8736 8740 8738
f 8733 8734 8738 8737
f 8739 8740 8736 8735
f 8735 8736 8734 8733
f 8737 8738 8740 8739
f 8745 8747 8743 8741
f 8742 8744 8748 8746
f 8741 8742 8746 8745
f 8747 8748 8744 8743
f 8743 8744 8742 8741
f 8745 8746 8748 8747
f 8753 8755 8751 8749
f 8750 8752 8756 8754
f 8749 8750 8754 8753
f 8755 8756 8752 8751
f 8751 8752 8750 8749
f 8753 8754 8756 8755
f 8761 8763 8759 8757
f 8758 8760 8764 8762
f 8757 8758 8762 8761
f 8763 8764 8760 8759
f 8759 8760 8758 8757
f 8761 8762 8764 8763
o STATION_HOME_M11YDM_AirlockPort_Door-col
usemtl Door
v -24.7500 0.0000 -172.6400
v -24.7500 0.0000 -172.7400
v -26.8500 0.0000 -172.6400
v -26.8500 0.0000 -172.7400
v -24.7500 2.6000 -172.6400
v -24.7500 2.6000 -172.7400
v -26.8500 2.6000 -172.6400
v -26.8500 2.6000 -172.7400
f 8769 8771 8767 8765
f 8766 8768 8772 8770
f 8765 8766 8770 8769
f 8771 8772 8768 8767
f 8767 8768 8766 8765
f 8769 8770 8772 8771
o STATION_HOME_M11YDM_AirlockStbd_Door-col
usemtl Door
v -24.7500 0.0000 -190.1400
v -24.7500 0.0000 -190.2400
v -26.8500 0.0000 -190.1400
v -26.8500 0.0000 -190.2400
v -24.7500 2.6000 -190.1400
v -24.7500 2.6000 -190.2400
v -26.8500 2.6000 -190.1400
v -26.8500 2.6000 -190.2400
f 8777 8779 8775 8773
f 8774 8776 8780 8778
f 8773 8774 8778 8777
f 8779 8780 8776 8775
f 8775 8776 8774 8773
f 8777 8778 8780 8779
o STATION_HOME_M11YDM_Connector_Back_Door-col
usemtl Door
v -10.5500 0.0000 -180.4900
v -10.5500 0.0000 -182.3900
v -10.6500 0.0000 -180.4900
v -10.6500 0.0000 -182.3900
v -10.5500 2.8000 -180.4900
v -10.5500 2.8000 -182.3900
v -10.6500 2.8000 -180.4900
v -10.6500 2.8000 -182.3900
f 8785 8787 8783 8781
f 8782 8784 8788 8786
f 8781 8782 8786 8785
f 8787 8788 8784 8783
f 8783 8784 8782 8781
f 8785 8786 8788 8787
o STATION_HOME_M11YDM_Connector_Front_Door-col
usemtl Door
v -50.9500 0.0000 -180.4900
v -50.9500 0.0000 -182.3900
v -51.0500 0.0000 -180.4900
v -51.0500 0.0000 -182.3900
v -50.9500 2.8000 -180.4900
v -50.9500 2.8000 -182.3900
v -51.0500 2.8000 -180.4900
v -51.0500 2.8000 -182.3900
f 8793 8795 8791 8789
f 8790 8792 8796 8794
f 8789 8790 8794 8793
f 8795 8796 8792 8791
f 8791 8792 8790 8789
f 8793 8794 8796 8795
o STATION_HOME_M11YDM_ControlConsole-col
usemtl Furniture
v -45.0000 0.0000 -184.0400
v -45.0000 0.0000 -185.2400
v -46.6000 0.0000 -184.0400
v -46.6000 0.0000 -185.2400
v -45.0000 1.0000 -184.0400
v -45.0000 1.0000 -185.2400
v -46.6000 1.0000 -184.0400
v -46.6000 1.0000 -185.2400
f 8801 8803 8799 8797
f 8798 8800 8804 8802
f 8797 8798 8802 8801
f 8803 8804 8800 8799
f 8799 8800 8798 8797
f 8801 8802 8804 8803
o STATION_HOME_M11YDM_StatusLight
usemtl Lights
v -49.3000 8.4000 -180.9400
v -49.3000 8.4000 -181.9400
v -50.3000 8.4000 -180.9400
v -50.3000 8.4000 -181.9400
v -49.3000 8.7000 -180.9400
v -49.3000 8.7000 -181.9400
v -50.3000 8.7000 -180.9400
v -50.3000 8.7000 -181.9400
f 8809 8811 8807 8805
f 8806 8808 8812 8810
f 8805 8806 8810 8809
f 8811 8812 8808 8807
f 8807 8808 8806 8805
f 8809 8810 8812 8811
o STATION_HOME_T06_Deck-col
usemtl Deck
v -1.4000 -0.3000 -185.8400
v 1.4000 -0.3000 -185.8400
v -1.4000 -0.3000 -212.4400
v 1.4000 -0.3000 -212.4400
v -1.4000 0.0000 -185.8400
v 1.4000 0.0000 -185.8400
v -1.4000 0.0000 -212.4400
v 1.4000 0.0000 -212.4400
f 8817 8819 8815 8813
f 8814 8816 8820 8818
f 8813 8814 8818 8817
f 8819 8820 8816 8815
f 8815 8816 8814 8813
f 8817 8818 8820 8819
o STATION_HOME_T06_Hull-col
usemtl Hull
v -1.8000 3.2000 -185.8400
v 1.8000 3.2000 -185.8400
v -1.8000 3.2000 -212.4400
v 1.8000 3.2000 -212.4400
v -1.8000 3.6000 -185.8400
v 1.8000 3.6000 -185.8400
v -1.8000 3.6000 -212.4400
v 1.8000 3.6000 -212.4400
v -1.8000 -0.7000 -185.8400
v 1.8000 -0.7000 -185.8400
v -1.8000 -0.7000 -212.4400
v 1.8000 -0.7000 -212.4400
v -1.8000 -0.3000 -185.8400
v 1.8000 -0.3000 -185.8400
v -1.8000 -0.3000 -212.4400
v 1.8000 -0.3000 -212.4400
v -1.8000 -0.3000 -185.8400
v -1.4000 -0.3000 -185.8400
v -1.8000 -0.3000 -186.8400
v -1.4000 -0.3000 -186.8400
v -1.8000 3.2000 -185.8400
v -1.4000 3.2000 -185.8400
v -1.8000 3.2000 -186.8400
v -1.4000 3.2000 -186.8400
v -1.8000 -0.3000 -186.8400
v -1.4000 -0.3000 -186.8400
v -1.8000 -0.3000 -211.4400
v -1.4000 -0.3000 -211.4400
v -1.8000 1.2000 -186.8400
v -1.4000 1.2000 -186.8400
v -1.8000 1.2000 -211.4400
v -1.4000 1.2000 -211.4400
v -1.8000 2.4000 -186.8400
v -1.4000 2.4000 -186.8400
v -1.8000 2.4000 -211.4400
v -1.4000 2.4000 -211.4400
v -1.8000 3.2000 -186.8400
v -1.4000 3.2000 -186.8400
v -1.8000 3.2000 -211.4400
v -1.4000 3.2000 -211.4400
v -1.8000 -0.3000 -211.4400
v -1.4000 -0.3000 -211.4400
v -1.8000 -0.3000 -212.4400
v -1.4000 -0.3000 -212.4400
v -1.8000 3.2000 -211.4400
v -1.4000 3.2000 -211.4400
v -1.8000 3.2000 -212.4400
v -1.4000 3.2000 -212.4400
v 1.4000 -0.3000 -185.8400
v 1.8000 -0.3000 -185.8400
v 1.4000 -0.3000 -186.8400
v 1.8000 -0.3000 -186.8400
v 1.4000 3.2000 -185.8400
v 1.8000 3.2000 -185.8400
v 1.4000 3.2000 -186.8400
v 1.8000 3.2000 -186.8400
v 1.4000 -0.3000 -186.8400
v 1.8000 -0.3000 -186.8400
v 1.4000 -0.3000 -211.4400
v 1.8000 -0.3000 -211.4400
v 1.4000 1.2000 -186.8400
v 1.8000 1.2000 -186.8400
v 1.4000 1.2000 -211.4400
v 1.8000 1.2000 -211.4400
v 1.4000 2.4000 -186.8400
v 1.8000 2.4000 -186.8400
v 1.4000 2.4000 -211.4400
v 1.8000 2.4000 -211.4400
v 1.4000 3.2000 -186.8400
v 1.8000 3.2000 -186.8400
v 1.4000 3.2000 -211.4400
v 1.8000 3.2000 -211.4400
v 1.4000 -0.3000 -211.4400
v 1.8000 -0.3000 -211.4400
v 1.4000 -0.3000 -212.4400
v 1.8000 -0.3000 -212.4400
v 1.4000 3.2000 -211.4400
v 1.8000 3.2000 -211.4400
v 1.4000 3.2000 -212.4400
v 1.8000 3.2000 -212.4400
f 8825 8827 8823 8821
f 8822 8824 8828 8826
f 8821 8822 8826 8825
f 8827 8828 8824 8823
f 8823 8824 8822 8821
f 8825 8826 8828 8827
f 8833 8835 8831 8829
f 8830 8832 8836 8834
f 8829 8830 8834 8833
f 8835 8836 8832 8831
f 8831 8832 8830 8829
f 8833 8834 8836 8835
f 8841 8843 8839 8837
f 8838 8840 8844 8842
f 8837 8838 8842 8841
f 8843 8844 8840 8839
f 8839 8840 8838 8837
f 8841 8842 8844 8843
f 8849 8851 8847 8845
f 8846 8848 8852 8850
f 8845 8846 8850 8849
f 8851 8852 8848 8847
f 8847 8848 8846 8845
f 8849 8850 8852 8851
f 8857 8859 8855 8853
f 8854 8856 8860 8858
f 8853 8854 8858 8857
f 8859 8860 8856 8855
f 8855 8856 8854 8853
f 8857 8858 8860 8859
f 8865 8867 8863 8861
f 8862 8864 8868 8866
f 8861 8862 8866 8865
f 8867 8868 8864 8863
f 8863 8864 8862 8861
f 8865 8866 8868 8867
f 8873 8875 8871 8869
f 8870 8872 8876 8874
f 8869 8870 8874 8873
f 8875 8876 8872 8871
f 8871 8872 8870 8869
f 8873 8874 8876 8875
f 8881 8883 8879 8877
f 8878 8880 8884 8882
f 8877 8878 8882 8881
f 8883 8884 8880 8879
f 8879 8880 8878 8877
f 8881 8882 8884 8883
f 8889 8891 8887 8885
f 8886 8888 8892 8890
f 8885 8886 8890 8889
f 8891 8892 8888 8887
f 8887 8888 8886 8885
f 8889 8890 8892 8891
f 8897 8899 8895 8893
f 8894 8896 8900 8898
f 8893 8894 8898 8897
f 8899 8900 8896 8895
f 8895 8896 8894 8893
f 8897 8898 8900 8899
o STATION_HOME_T06_Lights
usemtl Lights
v -0.3000 3.1200 -186.3400
v 0.3000 3.1200 -186.3400
v -0.3000 3.1200 -211.9400
v 0.3000 3.1200 -211.9400
v -0.3000 3.2000 -186.3400
v 0.3000 3.2000 -186.3400
v -0.3000 3.2000 -211.9400
v 0.3000 3.2000 -211.9400
f 8905 8907 8903 8901
f 8902 8904 8908 8906
f 8901 8902 8906 8905
f 8907 8908 8904 8903
f 8903 8904 8902 8901
f 8905 8906 8908 8907
o STATION_HOME_T06_Glass-col
usemtl Glass
v -1.6000 1.2000 -186.8400
v -1.5500 1.2000 -186.8400
v -1.6000 1.2000 -211.4400
v -1.5500 1.2000 -211.4400
v -1.6000 2.4000 -186.8400
v -1.5500 2.4000 -186.8400
v -1.6000 2.4000 -211.4400
v -1.5500 2.4000 -211.4400
v 1.5500 1.2000 -186.8400
v 1.6000 1.2000 -186.8400
v 1.5500 1.2000 -211.4400
v 1.6000 1.2000 -211.4400
v 1.5500 2.4000 -186.8400
v 1.6000 2.4000 -186.8400
v 1.5500 2.4000 -211.4400
v 1.6000 2.4000 -211.4400
f 8913 8915 8911 8909
f 8910 8912 8916 8914
f 8909 8910 8914 8913
f 8915 8916 8912 8911
f 8911 8912 8910 8909
f 8913 8914 8916 8915
f 8921 8923 8919 8917
f 8918 8920 8924 8922
f 8917 8918 8922 8921
f 8923 8924 8920 8919
f 8919 8920 8918 8917
f 8921 8922 8924 8923
o STATION_HOME_H06_Deck-col
usemtl Deck
v -4.0000 -0.3000 -212.8400
v 4.0000 -0.3000 -212.8400
v -4.0000 -0.3000 -220.8400
v 4.0000 -0.3000 -220.8400
v -4.0000 0.0000 -212.8400
v 4.0000 0.0000 -212.8400
v -4.0000 0.0000 -220.8400
v 4.0000 0.0000 -220.8400
f 8929 8931 8927 8925
f 8926 8928 8932 8930
f 8925 8926 8930 8929
f 8931 8932 8928 8927
f 8927 8928 8926 8925
f 8929 8930 8932 8931
o STATION_HOME_H06_Hull-col
usemtl Hull
v -4.4000 4.0000 -212.4400
v 4.4000 4.0000 -212.4400
v -4.4000 4.0000 -221.2400
v 4.4000 4.0000 -221.2400
v -4.4000 4.4000 -212.4400
v 4.4000 4.4000 -212.4400
v -4.4000 4.4000 -221.2400
v 4.4000 4.4000 -221.2400
v -4.4000 -0.7000 -212.4400
v 4.4000 -0.7000 -212.4400
v -4.4000 -0.7000 -221.2400
v 4.4000 -0.7000 -221.2400
v -4.4000 -0.3000 -212.4400
v 4.4000 -0.3000 -212.4400
v -4.4000 -0.3000 -221.2400
v 4.4000 -0.3000 -221.2400
v -4.4000 -0.3000 -212.4400
v -1.1000 -0.3000 -212.4400
v -4.4000 -0.3000 -212.8400
v -1.1000 -0.3000 -212.8400
v -4.4000 4.0000 -212.4400
v -1.1000 4.0000 -212.4400
v -4.4000 4.0000 -212.8400
v -1.1000 4.0000 -212.8400
v -1.1000 -0.3000 -212.4400
v 1.1000 -0.3000 -212.4400
v -1.1000 -0.3000 -212.8400
v 1.1000 -0.3000 -212.8400
v -1.1000 0.0000 -212.4400
v 1.1000 0.0000 -212.4400
v -1.1000 0.0000 -212.8400
v 1.1000 0.0000 -212.8400
v -1.1000 3.0000 -212.4400
v 1.1000 3.0000 -212.4400
v -1.1000 3.0000 -212.8400
v 1.1000 3.0000 -212.8400
v -1.1000 4.0000 -212.4400
v 1.1000 4.0000 -212.4400
v -1.1000 4.0000 -212.8400
v 1.1000 4.0000 -212.8400
v 1.1000 -0.3000 -212.4400
v 4.4000 -0.3000 -212.4400
v 1.1000 -0.3000 -212.8400
v 4.4000 -0.3000 -212.8400
v 1.1000 4.0000 -212.4400
v 4.4000 4.0000 -212.4400
v 1.1000 4.0000 -212.8400
v 4.4000 4.0000 -212.8400
v -4.4000 -0.3000 -220.8400
v -1.1000 -0.3000 -220.8400
v -4.4000 -0.3000 -221.2400
v -1.1000 -0.3000 -221.2400
v -4.4000 4.0000 -220.8400
v -1.1000 4.0000 -220.8400
v -4.4000 4.0000 -221.2400
v -1.1000 4.0000 -221.2400
v -1.1000 -0.3000 -220.8400
v 1.1000 -0.3000 -220.8400
v -1.1000 -0.3000 -221.2400
v 1.1000 -0.3000 -221.2400
v -1.1000 0.0000 -220.8400
v 1.1000 0.0000 -220.8400
v -1.1000 0.0000 -221.2400
v 1.1000 0.0000 -221.2400
v -1.1000 3.0000 -220.8400
v 1.1000 3.0000 -220.8400
v -1.1000 3.0000 -221.2400
v 1.1000 3.0000 -221.2400
v -1.1000 4.0000 -220.8400
v 1.1000 4.0000 -220.8400
v -1.1000 4.0000 -221.2400
v 1.1000 4.0000 -221.2400
v 1.1000 -0.3000 -220.8400
v 4.4000 -0.3000 -220.8400
v 1.1000 -0.3000 -221.2400
v 4.4000 -0.3000 -221.2400
v 1.1000 4.0000 -220.8400
v 4.4000 4.0000 -220.8400
v 1.1000 4.0000 -221.2400
v 4.4000 4.0000 -221.2400
v -4.4000 -0.3000 -212.4400
v -4.0000 -0.3000 -212.4400
v -4.4000 -0.3000 -215.7400
v -4.0000 -0.3000 -215.7400
v -4.4000 4.0000 -212.4400
v -4.0000 4.0000 -212.4400
v -4.4000 4.0000 -215.7400
v -4.0000 4.0000 -215.7400
v -4.4000 -0.3000 -215.7400
v -4.0000 -0.3000 -215.7400
v -4.4000 -0.3000 -217.9400
v -4.0000 -0.3000 -217.9400
v -4.4000 0.0000 -215.7400
v -4.0000 0.0000 -215.7400
v -4.4000 0.0000 -217.9400
v -4.0000 0.0000 -217.9400
v -4.4000 3.0000 -215.7400
v -4.0000 3.0000 -215.7400
v -4.4000 3.0000 -217.9400
v -4.0000 3.0000 -217.9400
v -4.4000 4.0000 -215.7400
v -4.0000 4.0000 -215.7400
v -4.4000 4.0000 -217.9400
v -4.0000 4.0000 -217.9400
v -4.4000 -0.3000 -217.9400
v -4.0000 -0.3000 -217.9400
v -4.4000 -0.3000 -221.2400
v -4.0000 -0.3000 -221.2400
v -4.4000 4.0000 -217.9400
v -4.0000 4.0000 -217.9400
v -4.4000 4.0000 -221.2400
v -4.0000 4.0000 -221.2400
v 4.0000 -0.3000 -212.4400
v 4.4000 -0.3000 -212.4400
v 4.0000 -0.3000 -215.7400
v 4.4000 -0.3000 -215.7400
v 4.0000 4.0000 -212.4400
v 4.4000 4.0000 -212.4400
v 4.0000 4.0000 -215.7400
v 4.4000 4.0000 -215.7400
v 4.0000 -0.3000 -215.7400
v 4.4000 -0.3000 -215.7400
v 4.0000 -0.3000 -217.9400
v 4.4000 -0.3000 -217.9400
v 4.0000 0.0000 -215.7400
v 4.4000 0.0000 -215.7400
v 4.0000 0.0000 -217.9400
v 4.4000 0.0000 -217.9400
v 4.0000 3.0000 -215.7400
v 4.4000 3.0000 -215.7400
v 4.0000 3.0000 -217.9400
v 4.4000 3.0000 -217.9400
v 4.0000 4.0000 -215.7400
v 4.4000 4.0000 -215.7400
v 4.0000 4.0000 -217.9400
v 4.4000 4.0000 -217.9400
v 4.0000 -0.3000 -217.9400
v 4.4000 -0.3000 -217.9400
v 4.0000 -0.3000 -221.2400
v 4.4000 -0.3000 -221.2400
v 4.0000 4.0000 -217.9400
v 4.4000 4.0000 -217.9400
v 4.0000 4.0000 -221.2400
v 4.4000 4.0000 -221.2400
f 8937 8939 8935 8933
f 8934 8936 8940 8938
f 8933 8934 8938 8937
f 8939 8940 8936 8935
f 8935 8936 8934 8933
f 8937 8938 8940 8939
f 8945 8947 8943 8941
f 8942 8944 8948 8946
f 8941 8942 8946 8945
f 8947 8948 8944 8943
f 8943 8944 8942 8941
f 8945 8946 8948 8947
f 8953 8955 8951 8949
f 8950 8952 8956 8954
f 8949 8950 8954 8953
f 8955 8956 8952 8951
f 8951 8952 8950 8949
f 8953 8954 8956 8955
f 8961 8963 8959 8957
f 8958 8960 8964 8962
f 8957 8958 8962 8961
f 8963 8964 8960 8959
f 8959 8960 8958 8957
f 8961 8962 8964 8963
f 8969 8971 8967 8965
f 8966 8968 8972 8970
f 8965 8966 8970 8969
f 8971 8972 8968 8967
f 8967 8968 8966 8965
f 8969 8970 8972 8971
f 8977 8979 8975 8973
f 8974 8976 8980 8978
f 8973 8974 8978 8977
f 8979 8980 8976 8975
f 8975 8976 8974 8973
f 8977 8978 8980 8979
f 8985 8987 8983 8981
f 8982 8984 8988 8986
f 8981 8982 8986 8985
f 8987 8988 8984 8983
f 8983 8984 8982 8981
f 8985 8986 8988 8987
f 8993 8995 8991 8989
f 8990 8992 8996 8994
f 8989 8990 8994 8993
f 8995 8996 8992 8991
f 8991 8992 8990 8989
f 8993 8994 8996 8995
f 9001 9003 8999 8997
f 8998 9000 9004 9002
f 8997 8998 9002 9001
f 9003 9004 9000 8999
f 8999 9000 8998 8997
f 9001 9002 9004 9003
f 9009 9011 9007 9005
f 9006 9008 9012 9010
f 9005 9006 9010 9009
f 9011 9012 9008 9007
f 9007 9008 9006 9005
f 9009 9010 9012 9011
f 9017 9019 9015 9013
f 9014 9016 9020 9018
f 9013 9014 9018 9017
f 9019 9020 9016 9015
f 9015 9016 9014 9013
f 9017 9018 9020 9019
f 9025 9027 9023 9021
f 9022 9024 9028 9026
f 9021 9022 9026 9025
f 9027 9028 9024 9023
f 9023 9024 9022 9021
f 9025 9026 9028 9027
f 9033 9035 9031 9029
f 9030 9032 9036 9034
f 9029 9030 9034 9033
f 9035 9036 9032 9031
f 9031 9032 9030 9029
f 9033 9034 9036 9035
f 9041 9043 9039 9037
f 9038 9040 9044 9042
f 9037 9038 9042 9041
f 9043 9044 9040 9039
f 9039 9040 9038 9037
f 9041 9042 9044 9043
f 9049 9051 9047 9045
f 9046 9048 9052 9050
f 9045 9046 9050 9049
f 9051 9052 9048 9047
f 9047 9048 9046 9045
f 9049 9050 9052 9051
f 9057 9059 9055 9053
f 9054 9056 9060 9058
f 9053 9054 9058 9057
f 9059 9060 9056 9055
f 9055 9056 9054 9053
f 9057 9058 9060 9059
f 9065 9067 9063 9061
f 9062 9064 9068 9066
f 9061 9062 9066 9065
f 9067 9068 9064 9063
f 9063 9064 9062 9061
f 9065 9066 9068 9067
f 9073 9075 9071 9069
f 9070 9072 9076 9074
f 9069 9070 9074 9073
f 9075 9076 9072 9071
f 9071 9072 9070 9069
f 9073 9074 9076 9075
o STATION_HOME_H06_Lights
usemtl Lights
v -1.0000 3.9200 -215.8400
v 1.0000 3.9200 -215.8400
v -1.0000 3.9200 -217.8400
v 1.0000 3.9200 -217.8400
v -1.0000 4.0000 -215.8400
v 1.0000 4.0000 -215.8400
v -1.0000 4.0000 -217.8400
v 1.0000 4.0000 -217.8400
f 9081 9083 9079 9077
f 9078 9080 9084 9082
f 9077 9078 9082 9081
f 9083 9084 9080 9079
f 9079 9080 9078 9077
f 9081 9082 9084 9083
o STATION_HOME_T06R_Deck-col
usemtl Deck
v 4.4000 -0.3000 -218.2400
v 4.4000 -0.3000 -215.4400
v 10.4000 -0.3000 -218.2400
v 10.4000 -0.3000 -215.4400
v 4.4000 0.0000 -218.2400
v 4.4000 0.0000 -215.4400
v 10.4000 0.0000 -218.2400
v 10.4000 0.0000 -215.4400
f 9089 9091 9087 9085
f 9086 9088 9092 9090
f 9085 9086 9090 9089
f 9091 9092 9088 9087
f 9087 9088 9086 9085
f 9089 9090 9092 9091
o STATION_HOME_T06R_Hull-col
usemtl Hull
v 4.4000 3.2000 -218.6400
v 4.4000 3.2000 -215.0400
v 10.4000 3.2000 -218.6400
v 10.4000 3.2000 -215.0400
v 4.4000 3.6000 -218.6400
v 4.4000 3.6000 -215.0400
v 10.4000 3.6000 -218.6400
v 10.4000 3.6000 -215.0400
v 4.4000 -0.7000 -218.6400
v 4.4000 -0.7000 -215.0400
v 10.4000 -0.7000 -218.6400
v 10.4000 -0.7000 -215.0400
v 4.4000 -0.3000 -218.6400
v 4.4000 -0.3000 -215.0400
v 10.4000 -0.3000 -218.6400
v 10.4000 -0.3000 -215.0400
v 4.4000 -0.3000 -218.6400
v 4.4000 -0.3000 -218.2400
v 5.4000 -0.3000 -218.6400
v 5.4000 -0.3000 -218.2400
v 4.4000 3.2000 -218.6400
v 4.4000 3.2000 -218.2400
v 5.4000 3.2000 -218.6400
v 5.4000 3.2000 -218.2400
v 5.4000 -0.3000 -218.6400
v 5.4000 -0.3000 -218.2400
v 9.4000 -0.3000 -218.6400
v 9.4000 -0.3000 -218.2400
v 5.4000 1.2000 -218.6400
v 5.4000 1.2000 -218.2400
v 9.4000 1.2000 -218.6400
v 9.4000 1.2000 -218.2400
v 5.4000 2.4000 -218.6400
v 5.4000 2.4000 -218.2400
v 9.4000 2.4000 -218.6400
v 9.4000 2.4000 -218.2400
v 5.4000 3.2000 -218.6400
v 5.4000 3.2000 -218.2400
v 9.4000 3.2000 -218.6400
v 9.4000 3.2000 -218.2400
v 9.4000 -0.3000 -218.6400
v 9.4000 -0.3000 -218.2400
v 10.4000 -0.3000 -218.6400
v 10.4000 -0.3000 -218.2400
v 9.4000 3.2000 -218.6400
v 9.4000 3.2000 -218.2400
v 10.4000 3.2000 -218.6400
v 10.4000 3.2000 -218.2400
v 4.4000 -0.3000 -215.4400
v 4.4000 -0.3000 -215.0400
v 5.4000 -0.3000 -215.4400
v 5.4000 -0.3000 -215.0400
v 4.4000 3.2000 -215.4400
v 4.4000 3.2000 -215.0400
v 5.4000 3.2000 -215.4400
v 5.4000 3.2000 -215.0400
v 5.4000 -0.3000 -215.4400
v 5.4000 -0.3000 -215.0400
v 9.4000 -0.3000 -215.4400
v 9.4000 -0.3000 -215.0400
v 5.4000 1.2000 -215.4400
v 5.4000 1.2000 -215.0400
v 9.4000 1.2000 -215.4400
v 9.4000 1.2000 -215.0400
v 5.4000 2.4000 -215.4400
v 5.4000 2.4000 -215.0400
v 9.4000 2.4000 -215.4400
v 9.4000 2.4000 -215.0400
v 5.4000 3.2000 -215.4400
v 5.4000 3.2000 -215.0400
v 9.4000 3.2000 -215.4400
v 9.4000 3.2000 -215.0400
v 9.4000 -0.3000 -215.4400
v 9.4000 -0.3000 -215.0400
v 10.4000 -0.3000 -215.4400
v 10.4000 -0.3000 -215.0400
v 9.4000 3.2000 -215.4400
v 9.4000 3.2000 -215.0400
v 10.4000 3.2000 -215.4400
v 10.4000 3.2000 -215.0400
f 9097 9099 9095 9093
f 9094 9096 9100 9098
f 9093 9094 9098 9097
f 9099 9100 9096 9095
f 9095 9096 9094 9093
f 9097 9098 9100 9099
f 9105 9107 9103 9101
f 9102 9104 9108 9106
f 9101 9102 9106 9105
f 9107 9108 9104 9103
f 9103 9104 9102 9101
f 9105 9106 9108 9107
f 9113 9115 9111 9109
f 9110 9112 9116 9114
f 9109 9110 9114 9113
f 9115 9116 9112 9111
f 9111 9112 9110 9109
f 9113 9114 9116 9115
f 9121 9123 9119 9117
f 9118 9120 9124 9122
f 9117 9118 9122 9121
f 9123 9124 9120 9119
f 9119 9120 9118 9117
f 9121 9122 9124 9123
f 9129 9131 9127 9125
f 9126 9128 9132 9130
f 9125 9126 9130 9129
f 9131 9132 9128 9127
f 9127 9128 9126 9125
f 9129 9130 9132 9131
f 9137 9139 9135 9133
f 9134 9136 9140 9138
f 9133 9134 9138 9137
f 9139 9140 9136 9135
f 9135 9136 9134 9133
f 9137 9138 9140 9139
f 9145 9147 9143 9141
f 9142 9144 9148 9146
f 9141 9142 9146 9145
f 9147 9148 9144 9143
f 9143 9144 9142 9141
f 9145 9146 9148 9147
f 9153 9155 9151 9149
f 9150 9152 9156 9154
f 9149 9150 9154 9153
f 9155 9156 9152 9151
f 9151 9152 9150 9149
f 9153 9154 9156 9155
f 9161 9163 9159 9157
f 9158 9160 9164 9162
f 9157 9158 9162 9161
f 9163 9164 9160 9159
f 9159 9160 9158 9157
f 9161 9162 9164 9163
f 9169 9171 9167 9165
f 9166 9168 9172 9170
f 9165 9166 9170 9169
f 9171 9172 9168 9167
f 9167 9168 9166 9165
f 9169 9170 9172 9171
o STATION_HOME_T06R_Lights
usemtl Lights
v 4.9000 3.1200 -217.1400
v 4.9000 3.1200 -216.5400
v 9.9000 3.1200 -217.1400
v 9.9000 3.1200 -216.5400
v 4.9000 3.2000 -217.1400
v 4.9000 3.2000 -216.5400
v 9.9000 3.2000 -217.1400
v 9.9000 3.2000 -216.5400
f 9177 9179 9175 9173
f 9174 9176 9180 9178
f 9173 9174 9178 9177
f 9179 9180 9176 9175
f 9175 9176 9174 9173
f 9177 9178 9180 9179
o STATION_HOME_T06R_Glass-col
usemtl Glass
v 5.4000 1.2000 -218.4400
v 5.4000 1.2000 -218.3900
v 9.4000 1.2000 -218.4400
v 9.4000 1.2000 -218.3900
v 5.4000 2.4000 -218.4400
v 5.4000 2.4000 -218.3900
v 9.4000 2.4000 -218.4400
v 9.4000 2.4000 -218.3900
v 5.4000 1.2000 -215.2900
v 5.4000 1.2000 -215.2400
v 9.4000 1.2000 -215.2900
v 9.4000 1.2000 -215.2400
v 5.4000 2.4000 -215.2900
v 5.4000 2.4000 -215.2400
v 9.4000 2.4000 -215.2900
v 9.4000 2.4000 -215.2400
f 9185 9187 9183 9181
f 9182 9184 9188 9186
f 9181 9182 9186 9185
f 9187 9188 9184 9183
f 9183 9184 9182 9181
f 9185 9186 9188 9187
f 9193 9195 9191 9189
f 9190 9192 9196 9194
f 9189 9190 9194 9193
f 9195 9196 9192 9191
f 9191 9192 9190 9189
f 9193 9194 9196 9195
o STATION_HOME_M12STO_Deck-col
usemtl Deck
v 10.8000 -0.3000 -225.3400
v 10.8000 -0.3000 -208.3400
v 30.8000 -0.3000 -225.3400
v 30.8000 -0.3000 -208.3400
v 10.8000 0.0000 -225.3400
v 10.8000 0.0000 -208.3400
v 30.8000 0.0000 -225.3400
v 30.8000 0.0000 -208.3400
f 9201 9203 9199 9197
f 9198 9200 9204 9202
f 9197 9198 9202 9201
f 9203 9204 9200 9199
f 9199 9200 9198 9197
f 9201 9202 9204 9203
o STATION_HOME_M12STO_Hull-col
usemtl Hull
v 10.4000 4.0000 -225.8400
v 10.4000 4.0000 -207.8400
v 31.2000 4.0000 -225.8400
v 31.2000 4.0000 -207.8400
v 10.4000 4.4000 -225.8400
v 10.4000 4.4000 -207.8400
v 31.2000 4.4000 -225.8400
v 31.2000 4.4000 -207.8400
v 10.4000 -0.7000 -225.8400
v 10.4000 -0.7000 -207.8400
v 31.2000 -0.7000 -225.8400
v 31.2000 -0.7000 -207.8400
v 10.4000 -0.3000 -225.8400
v 10.4000 -0.3000 -207.8400
v 31.2000 -0.3000 -225.8400
v 31.2000 -0.3000 -207.8400
v 10.8000 -0.3000 -225.8400
v 10.8000 -0.3000 -225.3400
v 14.8000 -0.3000 -225.8400
v 14.8000 -0.3000 -225.3400
v 10.8000 4.0000 -225.8400
v 10.8000 4.0000 -225.3400
v 14.8000 4.0000 -225.8400
v 14.8000 4.0000 -225.3400
v 14.8000 -0.3000 -225.8400
v 14.8000 -0.3000 -225.3400
v 16.8000 -0.3000 -225.8400
v 16.8000 -0.3000 -225.3400
v 14.8000 0.0000 -225.8400
v 14.8000 0.0000 -225.3400
v 16.8000 0.0000 -225.8400
v 16.8000 0.0000 -225.3400
v 14.8000 2.6000 -225.8400
v 14.8000 2.6000 -225.3400
v 16.8000 2.6000 -225.8400
v 16.8000 2.6000 -225.3400
v 14.8000 4.0000 -225.8400
v 14.8000 4.0000 -225.3400
v 16.8000 4.0000 -225.8400
v 16.8000 4.0000 -225.3400
v 16.8000 -0.3000 -225.8400
v 16.8000 -0.3000 -225.3400
v 30.8000 -0.3000 -225.8400
v 30.8000 -0.3000 -225.3400
v 16.8000 4.0000 -225.8400
v 16.8000 4.0000 -225.3400
v 30.8000 4.0000 -225.8400
v 30.8000 4.0000 -225.3400
v 10.8000 -0.3000 -208.3400
v 10.8000 -0.3000 -207.8400
v 14.8000 -0.3000 -208.3400
v 14.8000 -0.3000 -207.8400
v 10.8000 4.0000 -208.3400
v 10.8000 4.0000 -207.8400
v 14.8000 4.0000 -208.3400
v 14.8000 4.0000 -207.8400
v 14.8000 -0.3000 -208.3400
v 14.8000 -0.3000 -207.8400
v 16.8000 -0.3000 -208.3400
v 16.8000 -0.3000 -207.8400
v 14.8000 0.0000 -208.3400
v 14.8000 0.0000 -207.8400
v 16.8000 0.0000 -208.3400
v 16.8000 0.0000 -207.8400
v 14.8000 2.6000 -208.3400
v 14.8000 2.6000 -207.8400
v 16.8000 2.6000 -208.3400
v 16.8000 2.6000 -207.8400
v 14.8000 4.0000 -208.3400
v 14.8000 4.0000 -207.8400
v 16.8000 4.0000 -208.3400
v 16.8000 4.0000 -207.8400
v 16.8000 -0.3000 -208.3400
v 16.8000 -0.3000 -207.8400
v 30.8000 -0.3000 -208.3400
v 30.8000 -0.3000 -207.8400
v 16.8000 4.0000 -208.3400
v 16.8000 4.0000 -207.8400
v 30.8000 4.0000 -208.3400
v 30.8000 4.0000 -207.8400
v 10.4000 -0.3000 -225.8400
v 10.4000 -0.3000 -217.7400
v 10.8000 -0.3000 -225.8400
v 10.8000 -0.3000 -217.7400
v 10.4000 4.0000 -225.8400
v 10.4000 4.0000 -217.7400
v 10.8000 4.0000 -225.8400
v 10.8000 4.0000 -217.7400
v 10.4000 -0.3000 -217.7400
v 10.4000 -0.3000 -215.9400
v 10.8000 -0.3000 -217.7400
v 10.8000 -0.3000 -215.9400
v 10.4000 0.0000 -217.7400
v 10.4000 0.0000 -215.9400
v 10.8000 0.0000 -217.7400
v 10.8000 0.0000 -215.9400
v 10.4000 2.8000 -217.7400
v 10.4000 2.8000 -215.9400
v 10.8000 2.8000 -217.7400
v 10.8000 2.8000 -215.9400
v 10.4000 4.0000 -217.7400
v 10.4000 4.0000 -215.9400
v 10.8000 4.0000 -217.7400
v 10.8000 4.0000 -215.9400
v 10.4000 -0.3000 -215.9400
v 10.4000 -0.3000 -207.8400
v 10.8000 -0.3000 -215.9400
v 10.8000 -0.3000 -207.8400
v 10.4000 4.0000 -215.9400
v 10.4000 4.0000 -207.8400
v 10.8000 4.0000 -215.9400
v 10.8000 4.0000 -207.8400
v 30.8000 -0.3000 -225.8400
v 30.8000 -0.3000 -217.7400
v 31.2000 -0.3000 -225.8400
v 31.2000 -0.3000 -217.7400
v 30.8000 4.0000 -225.8400
v 30.8000 4.0000 -217.7400
v 31.2000 4.0000 -225.8400
v 31.2000 4.0000 -217.7400
v 30.8000 -0.3000 -217.7400
v 30.8000 -0.3000 -215.9400
v 31.2000 -0.3000 -217.7400
v 31.2000 -0.3000 -215.9400
v 30.8000 0.0000 -217.7400
v 30.8000 0.0000 -215.9400
v 31.2000 0.0000 -217.7400
v 31.2000 0.0000 -215.9400
v 30.8000 2.8000 -217.7400
v 30.8000 2.8000 -215.9400
v 31.2000 2.8000 -217.7400
v 31.2000 2.8000 -215.9400
v 30.8000 4.0000 -217.7400
v 30.8000 4.0000 -215.9400
v 31.2000 4.0000 -217.7400
v 31.2000 4.0000 -215.9400
v 30.8000 -0.3000 -215.9400
v 30.8000 -0.3000 -207.8400
v 31.2000 -0.3000 -215.9400
v 31.2000 -0.3000 -207.8400
v 30.8000 4.0000 -215.9400
v 30.8000 4.0000 -207.8400
v 31.2000 4.0000 -215.9400
v 31.2000 4.0000 -207.8400
f 9209 9211 9207 9205
f 9206 9208 9212 9210
f 9205 9206 9210 9209
f 9211 9212 9208 9207
f 9207 9208 9206 9205
f 9209 9210 9212 9211
f 9217 9219 9215 9213
f 9214 9216 9220 9218
f 9213 9214 9218 9217
f 9219 9220 9216 9215
f 9215 9216 9214 9213
f 9217 9218 9220 9219
f 9225 9227 9223 9221
f 9222 9224 9228 9226
f 9221 9222 9226 9225
f 9227 9228 9224 9223
f 9223 9224 9222 9221
f 9225 9226 9228 9227
f 9233 9235 9231 9229
f 9230 9232 9236 9234
f 9229 9230 9234 9233
f 9235 9236 9232 9231
f 9231 9232 9230 9229
f 9233 9234 9236 9235
f 9241 9243 9239 9237
f 9238 9240 9244 9242
f 9237 9238 9242 9241
f 9243 9244 9240 9239
f 9239 9240 9238 9237
f 9241 9242 9244 9243
f 9249 9251 9247 9245
f 9246 9248 9252 9250
f 9245 9246 9250 9249
f 9251 9252 9248 9247
f 9247 9248 9246 9245
f 9249 9250 9252 9251
f 9257 9259 9255 9253
f 9254 9256 9260 9258
f 9253 9254 9258 9257
f 9259 9260 9256 9255
f 9255 9256 9254 9253
f 9257 9258 9260 9259
f 9265 9267 9263 9261
f 9262 9264 9268 9266
f 9261 9262 9266 9265
f 9267 9268 9264 9263
f 9263 9264 9262 9261
f 9265 9266 9268 9267
f 9273 9275 9271 9269
f 9270 9272 9276 9274
f 9269 9270 9274 9273
f 9275 9276 9272 9271
f 9271 9272 9270 9269
f 9273 9274 9276 9275
f 9281 9283 9279 9277
f 9278 9280 9284 9282
f 9277 9278 9282 9281
f 9283 9284 9280 9279
f 9279 9280 9278 9277
f 9281 9282 9284 9283
f 9289 9291 9287 9285
f 9286 9288 9292 9290
f 9285 9286 9290 9289
f 9291 9292 9288 9287
f 9287 9288 9286 9285
f 9289 9290 9292 9291
f 9297 9299 9295 9293
f 9294 9296 9300 9298
f 9293 9294 9298 9297
f 9299 9300 9296 9295
f 9295 9296 9294 9293
f 9297 9298 9300 9299
f 9305 9307 9303 9301
f 9302 9304 9308 9306
f 9301 9302 9306 9305
f 9307 9308 9304 9303
f 9303 9304 9302 9301
f 9305 9306 9308 9307
f 9313 9315 9311 9309
f 9310 9312 9316 9314
f 9309 9310 9314 9313
f 9315 9316 9312 9311
f 9311 9312 9310 9309
f 9313 9314 9316 9315
f 9321 9323 9319 9317
f 9318 9320 9324 9322
f 9317 9318 9322 9321
f 9323 9324 9320 9319
f 9319 9320 9318 9317
f 9321 9322 9324 9323
f 9329 9331 9327 9325
f 9326 9328 9332 9330
f 9325 9326 9330 9329
f 9331 9332 9328 9327
f 9327 9328 9326 9325
f 9329 9330 9332 9331
f 9337 9339 9335 9333
f 9334 9336 9340 9338
f 9333 9334 9338 9337
f 9339 9340 9336 9335
f 9335 9336 9334 9333
f 9337 9338 9340 9339
f 9345 9347 9343 9341
f 9342 9344 9348 9346
f 9341 9342 9346 9345
f 9347 9348 9344 9343
f 9343 9344 9342 9341
f 9345 9346 9348 9347
o STATION_HOME_M12STO_Interior-col
usemtl Interior
v 20.7000 0.0000 -225.3400
v 20.7000 0.0000 -218.0400
v 20.9000 0.0000 -225.3400
v 20.9000 0.0000 -218.0400
v 20.7000 4.0000 -225.3400
v 20.7000 4.0000 -218.0400
v 20.9000 4.0000 -225.3400
v 20.9000 4.0000 -218.0400
v 20.7000 3.0000 -218.0400
v 20.7000 3.0000 -215.6400
v 20.9000 3.0000 -218.0400
v 20.9000 3.0000 -215.6400
v 20.7000 4.0000 -218.0400
v 20.7000 4.0000 -215.6400
v 20.9000 4.0000 -218.0400
v 20.9000 4.0000 -215.6400
v 20.7000 0.0000 -215.6400
v 20.7000 0.0000 -208.3400
v 20.9000 0.0000 -215.6400
v 20.9000 0.0000 -208.3400
v 20.7000 4.0000 -215.6400
v 20.7000 4.0000 -208.3400
v 20.9000 4.0000 -215.6400
v 20.9000 4.0000 -208.3400
v 20.8000 0.0000 -218.2400
v 20.8000 0.0000 -218.0400
v 25.0000 0.0000 -218.2400
v 25.0000 0.0000 -218.0400
v 20.8000 4.0000 -218.2400
v 20.8000 4.0000 -218.0400
v 25.0000 4.0000 -218.2400
v 25.0000 4.0000 -218.0400
v 25.0000 2.6000 -218.2400
v 25.0000 2.6000 -218.0400
v 26.6000 2.6000 -218.2400
v 26.6000 2.6000 -218.0400
v 25.0000 4.0000 -218.2400
v 25.0000 4.0000 -218.0400
v 26.6000 4.0000 -218.2400
v 26.6000 4.0000 -218.0400
v 26.6000 0.0000 -218.2400
v 26.6000 0.0000 -218.0400
v 30.8000 0.0000 -218.2400
v 30.8000 0.0000 -218.0400
v 26.6000 4.0000 -218.2400
v 26.6000 4.0000 -218.0400
v 30.8000 4.0000 -218.2400
v 30.8000 4.0000 -218.0400
v 20.8000 0.0000 -215.6400
v 20.8000 0.0000 -215.4400
v 25.0000 0.0000 -215.6400
v 25.0000 0.0000 -215.4400
v 20.8000 4.0000 -215.6400
v 20.8000 4.0000 -215.4400
v 25.0000 4.0000 -215.6400
v 25.0000 4.0000 -215.4400
v 25.0000 2.6000 -215.6400
v 25.0000 2.6000 -215.4400
v 26.6000 2.6000 -215.6400
v 26.6000 2.6000 -215.4400
v 25.0000 4.0000 -215.6400
v 25.0000 4.0000 -215.4400
v 26.6000 4.0000 -215.6400
v 26.6000 4.0000 -215.4400
v 26.6000 0.0000 -215.6400
v 26.6000 0.0000 -215.4400
v 30.8000 0.0000 -215.6400
v 30.8000 0.0000 -215.4400
v 26.6000 4.0000 -215.6400
v 26.6000 4.0000 -215.4400
v 30.8000 4.0000 -215.6400
v 30.8000 4.0000 -215.4400
f 9353 9355 9351 9349
f 9350 9352 9356 9354
f 9349 9350 9354 9353
f 9355 9356 9352 9351
f 9351 9352 9350 9349
f 9353 9354 9356 9355
f 9361 9363 9359 9357
f 9358 9360 9364 9362
f 9357 9358 9362 9361
f 9363 9364 9360 9359
f 9359 9360 9358 9357
f 9361 9362 9364 9363
f 9369 9371 9367 9365
f 9366 9368 9372 9370
f 9365 9366 9370 9369
f 9371 9372 9368 9367
f 9367 9368 9366 9365
f 9369 9370 9372 9371
f 9377 9379 9375 9373
f 9374 9376 9380 9378
f 9373 9374 9378 9377
f 9379 9380 9376 9375
f 9375 9376 9374 9373
f 9377 9378 9380 9379
f 9385 9387 9383 9381
f 9382 9384 9388 9386
f 9381 9382 9386 9385
f 9387 9388 9384 9383
f 9383 9384 9382 9381
f 9385 9386 9388 9387
f 9393 9395 9391 9389
f 9390 9392 9396 9394
f 9389 9390 9394 9393
f 9395 9396 9392 9391
f 9391 9392 9390 9389
f 9393 9394 9396 9395
f 9401 9403 9399 9397
f 9398 9400 9404 9402
f 9397 9398 9402 9401
f 9403 9404 9400 9399
f 9399 9400 9398 9397
f 9401 9402 9404 9403
f 9409 9411 9407 9405
f 9406 9408 9412 9410
f 9405 9406 9410 9409
f 9411 9412 9408 9407
f 9407 9408 9406 9405
f 9409 9410 9412 9411
f 9417 9419 9415 9413
f 9414 9416 9420 9418
f 9413 9414 9418 9417
f 9419 9420 9416 9415
f 9415 9416 9414 9413
f 9417 9418 9420 9419
o STATION_HOME_M12STO_Furniture-col
usemtl Furniture
v 21.4000 0.0000 -209.1400
v 21.4000 0.0000 -208.4400
v 30.2000 0.0000 -209.1400
v 30.2000 0.0000 -208.4400
v 21.4000 1.1000 -209.1400
v 21.4000 1.1000 -208.4400
v 30.2000 1.1000 -209.1400
v 30.2000 1.1000 -208.4400
v 21.4000 0.0000 -225.2400
v 21.4000 0.0000 -224.7400
v 23.8000 0.0000 -225.2400
v 23.8000 0.0000 -224.7400
v 21.4000 2.0000 -225.2400
v 21.4000 2.0000 -224.7400
v 23.8000 2.0000 -225.2400
v 23.8000 2.0000 -224.7400
v 25.2000 0.0000 -220.8400
v 25.2000 0.0000 -219.4400
v 26.4000 0.0000 -220.8400
v 26.4000 0.0000 -219.4400
v 25.2000 0.7500 -220.8400
v 25.2000 0.7500 -219.4400
v 26.4000 0.7500 -220.8400
v 26.4000 0.7500 -219.4400
v 21.2000 0.0000 -215.9900
v 21.2000 0.0000 -215.6400
v 22.4000 0.0000 -215.9900
v 22.4000 0.0000 -215.6400
v 21.2000 2.0000 -215.9900
v 21.2000 2.0000 -215.6400
v 22.4000 2.0000 -215.9900
v 22.4000 2.0000 -215.6400
v 12.3000 0.0000 -214.7400
v 12.3000 0.0000 -210.3400
v 13.1000 0.0000 -214.7400
v 13.1000 0.0000 -210.3400
v 12.3000 3.2000 -214.7400
v 12.3000 3.2000 -210.3400
v 13.1000 3.2000 -214.7400
v 13.1000 3.2000 -210.3400
v 12.3000 0.0000 -223.3400
v 12.3000 0.0000 -219.7400
v 13.1000 0.0000 -223.3400
v 13.1000 0.0000 -219.7400
v 12.3000 3.2000 -223.3400
v 12.3000 3.2000 -219.7400
v 13.1000 3.2000 -223.3400
v 13.1000 3.2000 -219.7400
v 15.3000 0.0000 -214.7400
v 15.3000 0.0000 -210.3400
v 16.1000 0.0000 -214.7400
v 16.1000 0.0000 -210.3400
v 15.3000 3.2000 -214.7400
v 15.3000 3.2000 -210.3400
v 16.1000 3.2000 -214.7400
v 16.1000 3.2000 -210.3400
v 15.3000 0.0000 -223.3400
v 15.3000 0.0000 -219.7400
v 16.1000 0.0000 -223.3400
v 16.1000 0.0000 -219.7400
v 15.3000 3.2000 -223.3400
v 15.3000 3.2000 -219.7400
v 16.1000 3.2000 -223.3400
v 16.1000 3.2000 -219.7400
v 18.3000 0.0000 -214.7400
v 18.3000 0.0000 -210.3400
v 19.1000 0.0000 -214.7400
v 19.1000 0.0000 -210.3400
v 18.3000 3.2000 -214.7400
v 18.3000 3.2000 -210.3400
v 19.1000 3.2000 -214.7400
v 19.1000 3.2000 -210.3400
v 18.3000 0.0000 -223.3400
v 18.3000 0.0000 -219.7400
v 19.1000 0.0000 -223.3400
v 19.1000 0.0000 -219.7400
v 18.3000 3.2000 -223.3400
v 18.3000 3.2000 -219.7400
v 19.1000 3.2000 -223.3400
v 19.1000 3.2000 -219.7400
v 15.3000 0.6000 -225.2900
v 15.3000 0.6000 -224.8900
v 16.3000 0.6000 -225.2900
v 16.3000 0.6000 -224.8900
v 15.3000 2.0000 -225.2900
v 15.3000 2.0000 -224.8900
v 16.3000 2.0000 -225.2900
v 16.3000 2.0000 -224.8900
f 9425 9427 9423 9421
f 9422 9424 9428 9426
f 9421 9422 9426 9425
f 9427 9428 9424 9423
f 9423 9424 9422 9421
f 9425 9426 9428 9427
f 9433 9435 9431 9429
f 9430 9432 9436 9434
f 9429 9430 9434 9433
f 9435 9436 9432 9431
f 9431 9432 9430 9429
f 9433 9434 9436 9435
f 9441 9443 9439 9437
f 9438 9440 9444 9442
f 9437 9438 9442 9441
f 9443 9444 9440 9439
f 9439 9440 9438 9437
f 9441 9442 9444 9443
f 9449 9451 9447 9445
f 9446 9448 9452 9450
f 9445 9446 9450 9449
f 9451 9452 9448 9447
f 9447 9448 9446 9445
f 9449 9450 9452 9451
f 9457 9459 9455 9453
f 9454 9456 9460 9458
f 9453 9454 9458 9457
f 9459 9460 9456 9455
f 9455 9456 9454 9453
f 9457 9458 9460 9459
f 9465 9467 9463 9461
f 9462 9464 9468 9466
f 9461 9462 9466 9465
f 9467 9468 9464 9463
f 9463 9464 9462 9461
f 9465 9466 9468 9467
f 9473 9475 9471 9469
f 9470 9472 9476 9474
f 9469 9470 9474 9473
f 9475 9476 9472 9471
f 9471 9472 9470 9469
f 9473 9474 9476 9475
f 9481 9483 9479 9477
f 9478 9480 9484 9482
f 9477 9478 9482 9481
f 9483 9484 9480 9479
f 9479 9480 9478 9477
f 9481 9482 9484 9483
f 9489 9491 9487 9485
f 9486 9488 9492 9490
f 9485 9486 9490 9489
f 9491 9492 9488 9487
f 9487 9488 9486 9485
f 9489 9490 9492 9491
f 9497 9499 9495 9493
f 9494 9496 9500 9498
f 9493 9494 9498 9497
f 9499 9500 9496 9495
f 9495 9496 9494 9493
f 9497 9498 9500 9499
f 9505 9507 9503 9501
f 9502 9504 9508 9506
f 9501 9502 9506 9505
f 9507 9508 9504 9503
f 9503 9504 9502 9501
f 9505 9506 9508 9507
o STATION_HOME_M12STO_Cover-col
usemtl Cover
v 13.0000 0.0000 -220.4400
v 13.0000 0.0000 -219.4400
v 14.0000 0.0000 -220.4400
v 14.0000 0.0000 -219.4400
v 13.0000 1.1000 -220.4400
v 13.0000 1.1000 -219.4400
v 14.0000 1.1000 -220.4400
v 14.0000 1.1000 -219.4400
v 17.6000 0.0000 -220.4400
v 17.6000 0.0000 -219.4400
v 18.6000 0.0000 -220.4400
v 18.6000 0.0000 -219.4400
v 17.6000 1.1000 -220.4400
v 17.6000 1.1000 -219.4400
v 18.6000 1.1000 -220.4400
v 18.6000 1.1000 -219.4400
f 9513 9515 9511 9509
f 9510 9512 9516 9514
f 9509 9510 9514 9513
f 9515 9516 9512 9511
f 9511 9512 9510 9509
f 9513 9514 9516 9515
f 9521 9523 9519 9517
f 9518 9520 9524 9522
f 9517 9518 9522 9521
f 9523 9524 9520 9519
f 9519 9520 9518 9517
f 9521 9522 9524 9523
o STATION_HOME_M12STO_Hazard
usemtl Hazard
v 14.5000 0.0000 -225.9600
v 14.5000 0.0000 -225.8400
v 14.8000 0.0000 -225.9600
v 14.8000 0.0000 -225.8400
v 14.5000 2.9000 -225.9600
v 14.5000 2.9000 -225.8400
v 14.8000 2.9000 -225.9600
v 14.8000 2.9000 -225.8400
v 16.8000 0.0000 -225.9600
v 16.8000 0.0000 -225.8400
v 17.1000 0.0000 -225.9600
v 17.1000 0.0000 -225.8400
v 16.8000 2.9000 -225.9600
v 16.8000 2.9000 -225.8400
v 17.1000 2.9000 -225.9600
v 17.1000 2.9000 -225.8400
v 14.5000 0.0000 -207.8400
v 14.5000 0.0000 -207.7200
v 14.8000 0.0000 -207.8400
v 14.8000 0.0000 -207.7200
v 14.5000 2.9000 -207.8400
v 14.5000 2.9000 -207.7200
v 14.8000 2.9000 -207.8400
v 14.8000 2.9000 -207.7200
v 16.8000 0.0000 -207.8400
v 16.8000 0.0000 -207.7200
v 17.1000 0.0000 -207.8400
v 17.1000 0.0000 -207.7200
v 16.8000 2.9000 -207.8400
v 16.8000 2.9000 -207.7200
v 17.1000 2.9000 -207.8400
v 17.1000 2.9000 -207.7200
v 31.2000 2.8000 -218.0400
v 31.2000 2.8000 -215.6400
v 31.2400 2.8000 -218.0400
v 31.2400 2.8000 -215.6400
v 31.2000 3.0000 -218.0400
v 31.2000 3.0000 -215.6400
v 31.2400 3.0000 -218.0400
v 31.2400 3.0000 -215.6400
v 15.3000 1.8000 -224.8900
v 15.3000 1.8000 -224.8700
v 16.3000 1.8000 -224.8900
v 16.3000 1.8000 -224.8700
v 15.3000 2.0000 -224.8900
v 15.3000 2.0000 -224.8700
v 16.3000 2.0000 -224.8900
v 16.3000 2.0000 -224.8700
f 9529 9531 9527 9525
f 9526 9528 9532 9530
f 9525 9526 9530 9529
f 9531 9532 9528 9527
f 9527 9528 9526 9525
f 9529 9530 9532 9531
f 9537 9539 9535 9533
f 9534 9536 9540 9538
f 9533 9534 9538 9537
f 9539 9540 9536 9535
f 9535 9536 9534 9533
f 9537 9538 9540 9539
f 9545 9547 9543 9541
f 9542 9544 9548 9546
f 9541 9542 9546 9545
f 9547 9548 9544 9543
f 9543 9544 9542 9541
f 9545 9546 9548 9547
f 9553 9555 9551 9549
f 9550 9552 9556 9554
f 9549 9550 9554 9553
f 9555 9556 9552 9551
f 9551 9552 9550 9549
f 9553 9554 9556 9555
f 9561 9563 9559 9557
f 9558 9560 9564 9562
f 9557 9558 9562 9561
f 9563 9564 9560 9559
f 9559 9560 9558 9557
f 9561 9562 9564 9563
f 9569 9571 9567 9565
f 9566 9568 9572 9570
f 9565 9566 9570 9569
f 9571 9572 9568 9567
f 9567 9568 9566 9565
f 9569 9570 9572 9571
o STATION_HOME_M12STO_Lights
usemtl Lights
v 21.6000 0.8000 -209.1600
v 21.6000 0.8000 -209.1400
v 30.0000 0.8000 -209.1600
v 30.0000 0.8000 -209.1400
v 21.6000 1.0500 -209.1600
v 21.6000 1.0500 -209.1400
v 30.0000 1.0500 -209.1600
v 30.0000 1.0500 -209.1400
v 25.1000 1.0000 -214.1400
v 25.1000 1.0000 -213.1400
v 26.5000 1.0000 -214.1400
v 26.5000 1.0000 -213.1400
v 25.1000 1.0300 -214.1400
v 25.1000 1.0300 -213.1400
v 26.5000 1.0300 -214.1400
v 26.5000 1.0300 -213.1400
v 21.3000 3.6200 -217.1400
v 21.3000 3.6200 -216.5400
v 30.3000 3.6200 -217.1400
v 30.3000 3.6200 -216.5400
v 21.3000 3.7000 -217.1400
v 21.3000 3.7000 -216.5400
v 30.3000 3.7000 -217.1400
v 30.3000 3.7000 -216.5400
v 11.7000 3.8800 -217.2400
v 11.7000 3.8800 -216.4400
v 19.9000 3.8800 -217.2400
v 19.9000 3.8800 -216.4400
v 11.7000 3.9600 -217.2400
v 11.7000 3.9600 -216.4400
v 19.9000 3.9600 -217.2400
v 19.9000 3.9600 -216.4400
f 9577 9579 9575 9573
f 9574 9576 9580 9578
f 9573 9574 9578 9577
f 9579 9580 9576 9575
f 9575 9576 9574 9573
f 9577 9578 9580 9579
f 9585 9587 9583 9581
f 9582 9584 9588 9586
f 9581 9582 9586 9585
f 9587 9588 9584 9583
f 9583 9584 9582 9581
f 9585 9586 9588 9587
f 9593 9595 9591 9589
f 9590 9592 9596 9594
f 9589 9590 9594 9593
f 9595 9596 9592 9591
f 9591 9592 9590 9589
f 9593 9594 9596 9595
f 9601 9603 9599 9597
f 9598 9600 9604 9602
f 9597 9598 9602 9601
f 9603 9604 9600 9599
f 9599 9600 9598 9597
f 9601 9602 9604 9603
o STATION_HOME_M12STO_AirlockPort_Door-col
usemtl Door
v 14.7500 0.0000 -225.6400
v 14.7500 0.0000 -225.5400
v 16.8500 0.0000 -225.6400
v 16.8500 0.0000 -225.5400
v 14.7500 2.6000 -225.6400
v 14.7500 2.6000 -225.5400
v 16.8500 2.6000 -225.6400
v 16.8500 2.6000 -225.5400
f 9609 9611 9607 9605
f 9606 9608 9612 9610
f 9605 9606 9610 9609
f 9611 9612 9608 9607
f 9607 9608 9606 9605
f 9609 9610 9612 9611
o STATION_HOME_M12STO_AirlockStbd_Door-col
usemtl Door
v 14.7500 0.0000 -208.1400
v 14.7500 0.0000 -208.0400
v 16.8500 0.0000 -208.1400
v 16.8500 0.0000 -208.0400
v 14.7500 2.6000 -208.1400
v 14.7500 2.6000 -208.0400
v 16.8500 2.6000 -208.1400
v 16.8500 2.6000 -208.0400
f 9617 9619 9615 9613
f 9614 9616 9620 9618
f 9613 9614 9618 9617
f 9619 9620 9616 9615
f 9615 9616 9614 9613
f 9617 9618 9620 9619
o STATION_HOME_M12STO_Connector_Back_Door-col
usemtl Door
v 10.5500 0.0000 -217.7900
v 10.5500 0.0000 -215.8900
v 10.6500 0.0000 -217.7900
v 10.6500 0.0000 -215.8900
v 10.5500 2.8000 -217.7900
v 10.5500 2.8000 -215.8900
v 10.6500 2.8000 -217.7900
v 10.6500 2.8000 -215.8900
f 9625 9627 9623 9621
f 9622 9624 9628 9626
f 9621 9622 9626 9625
f 9627 9628 9624 9623
f 9623 9624 9622 9621
f 9625 9626 9628 9627
o STATION_HOME_M12STO_Connector_Front_Door-col
usemtl Door
v 30.9500 0.0000 -217.7900
v 30.9500 0.0000 -215.8900
v 31.0500 0.0000 -217.7900
v 31.0500 0.0000 -215.8900
v 30.9500 2.8000 -217.7900
v 30.9500 2.8000 -215.8900
v 31.0500 2.8000 -217.7900
v 31.0500 2.8000 -215.8900
f 9633 9635 9631 9629
f 9630 9632 9636 9634
f 9629 9630 9634 9633
f 9635 9636 9632 9631
f 9631 9632 9630 9629
f 9633 9634 9636 9635
o STATION_HOME_M12STO_ControlConsole-col
usemtl Furniture
v 25.0000 0.0000 -214.2400
v 25.0000 0.0000 -213.0400
v 26.6000 0.0000 -214.2400
v 26.6000 0.0000 -213.0400
v 25.0000 1.0000 -214.2400
v 25.0000 1.0000 -213.0400
v 26.6000 1.0000 -214.2400
v 26.6000 1.0000 -213.0400
f 9641 9643 9639 9637
f 9638 9640 9644 9642
f 9637 9638 9642 9641
f 9643 9644 9640 9639
f 9639 9640 9638 9637
f 9641 9642 9644 9643
o STATION_HOME_M12STO_StatusLight
usemtl Lights
v 29.3000 4.4000 -217.3400
v 29.3000 4.4000 -216.3400
v 30.3000 4.4000 -217.3400
v 30.3000 4.4000 -216.3400
v 29.3000 4.7000 -217.3400
v 29.3000 4.7000 -216.3400
v 30.3000 4.7000 -217.3400
v 30.3000 4.7000 -216.3400
f 9649 9651 9647 9645
f 9646 9648 9652 9650
f 9645 9646 9650 9649
f 9651 9652 9648 9647
f 9647 9648 9646 9645
f 9649 9650 9652 9651
o STATION_HOME_T06L_Deck-col
usemtl Deck
v -4.4000 -0.3000 -215.4400
v -4.4000 -0.3000 -218.2400
v -10.4000 -0.3000 -215.4400
v -10.4000 -0.3000 -218.2400
v -4.4000 0.0000 -215.4400
v -4.4000 0.0000 -218.2400
v -10.4000 0.0000 -215.4400
v -10.4000 0.0000 -218.2400
f 9657 9659 9655 9653
f 9654 9656 9660 9658
f 9653 9654 9658 9657
f 9659 9660 9656 9655
f 9655 9656 9654 9653
f 9657 9658 9660 9659
o STATION_HOME_T06L_Hull-col
usemtl Hull
v -4.4000 3.2000 -215.0400
v -4.4000 3.2000 -218.6400
v -10.4000 3.2000 -215.0400
v -10.4000 3.2000 -218.6400
v -4.4000 3.6000 -215.0400
v -4.4000 3.6000 -218.6400
v -10.4000 3.6000 -215.0400
v -10.4000 3.6000 -218.6400
v -4.4000 -0.7000 -215.0400
v -4.4000 -0.7000 -218.6400
v -10.4000 -0.7000 -215.0400
v -10.4000 -0.7000 -218.6400
v -4.4000 -0.3000 -215.0400
v -4.4000 -0.3000 -218.6400
v -10.4000 -0.3000 -215.0400
v -10.4000 -0.3000 -218.6400
v -4.4000 -0.3000 -215.0400
v -4.4000 -0.3000 -215.4400
v -5.4000 -0.3000 -215.0400
v -5.4000 -0.3000 -215.4400
v -4.4000 3.2000 -215.0400
v -4.4000 3.2000 -215.4400
v -5.4000 3.2000 -215.0400
v -5.4000 3.2000 -215.4400
v -5.4000 -0.3000 -215.0400
v -5.4000 -0.3000 -215.4400
v -9.4000 -0.3000 -215.0400
v -9.4000 -0.3000 -215.4400
v -5.4000 1.2000 -215.0400
v -5.4000 1.2000 -215.4400
v -9.4000 1.2000 -215.0400
v -9.4000 1.2000 -215.4400
v -5.4000 2.4000 -215.0400
v -5.4000 2.4000 -215.4400
v -9.4000 2.4000 -215.0400
v -9.4000 2.4000 -215.4400
v -5.4000 3.2000 -215.0400
v -5.4000 3.2000 -215.4400
v -9.4000 3.2000 -215.0400
v -9.4000 3.2000 -215.4400
v -9.4000 -0.3000 -215.0400
v -9.4000 -0.3000 -215.4400
v -10.4000 -0.3000 -215.0400
v -10.4000 -0.3000 -215.4400
v -9.4000 3.2000 -215.0400
v -9.4000 3.2000 -215.4400
v -10.4000 3.2000 -215.0400
v -10.4000 3.2000 -215.4400
v -4.4000 -0.3000 -218.2400
v -4.4000 -0.3000 -218.6400
v -5.4000 -0.3000 -218.2400
v -5.4000 -0.3000 -218.6400
v -4.4000 3.2000 -218.2400
v -4.4000 3.2000 -218.6400
v -5.4000 3.2000 -218.2400
v -5.4000 3.2000 -218.6400
v -5.4000 -0.3000 -218.2400
v -5.4000 -0.3000 -218.6400
v -9.4000 -0.3000 -218.2400
v -9.4000 -0.3000 -218.6400
v -5.4000 1.2000 -218.2400
v -5.4000 1.2000 -218.6400
v -9.4000 1.2000 -218.2400
v -9.4000 1.2000 -218.6400
v -5.4000 2.4000 -218.2400
v -5.4000 2.4000 -218.6400
v -9.4000 2.4000 -218.2400
v -9.4000 2.4000 -218.6400
v -5.4000 3.2000 -218.2400
v -5.4000 3.2000 -218.6400
v -9.4000 3.2000 -218.2400
v -9.4000 3.2000 -218.6400
v -9.4000 -0.3000 -218.2400
v -9.4000 -0.3000 -218.6400
v -10.4000 -0.3000 -218.2400
v -10.4000 -0.3000 -218.6400
v -9.4000 3.2000 -218.2400
v -9.4000 3.2000 -218.6400
v -10.4000 3.2000 -218.2400
v -10.4000 3.2000 -218.6400
f 9665 9667 9663 9661
f 9662 9664 9668 9666
f 9661 9662 9666 9665
f 9667 9668 9664 9663
f 9663 9664 9662 9661
f 9665 9666 9668 9667
f 9673 9675 9671 9669
f 9670 9672 9676 9674
f 9669 9670 9674 9673
f 9675 9676 9672 9671
f 9671 9672 9670 9669
f 9673 9674 9676 9675
f 9681 9683 9679 9677
f 9678 9680 9684 9682
f 9677 9678 9682 9681
f 9683 9684 9680 9679
f 9679 9680 9678 9677
f 9681 9682 9684 9683
f 9689 9691 9687 9685
f 9686 9688 9692 9690
f 9685 9686 9690 9689
f 9691 9692 9688 9687
f 9687 9688 9686 9685
f 9689 9690 9692 9691
f 9697 9699 9695 9693
f 9694 9696 9700 9698
f 9693 9694 9698 9697
f 9699 9700 9696 9695
f 9695 9696 9694 9693
f 9697 9698 9700 9699
f 9705 9707 9703 9701
f 9702 9704 9708 9706
f 9701 9702 9706 9705
f 9707 9708 9704 9703
f 9703 9704 9702 9701
f 9705 9706 9708 9707
f 9713 9715 9711 9709
f 9710 9712 9716 9714
f 9709 9710 9714 9713
f 9715 9716 9712 9711
f 9711 9712 9710 9709
f 9713 9714 9716 9715
f 9721 9723 9719 9717
f 9718 9720 9724 9722
f 9717 9718 9722 9721
f 9723 9724 9720 9719
f 9719 9720 9718 9717
f 9721 9722 9724 9723
f 9729 9731 9727 9725
f 9726 9728 9732 9730
f 9725 9726 9730 9729
f 9731 9732 9728 9727
f 9727 9728 9726 9725
f 9729 9730 9732 9731
f 9737 9739 9735 9733
f 9734 9736 9740 9738
f 9733 9734 9738 9737
f 9739 9740 9736 9735
f 9735 9736 9734 9733
f 9737 9738 9740 9739
o STATION_HOME_T06L_Lights
usemtl Lights
v -4.9000 3.1200 -216.5400
v -4.9000 3.1200 -217.1400
v -9.9000 3.1200 -216.5400
v -9.9000 3.1200 -217.1400
v -4.9000 3.2000 -216.5400
v -4.9000 3.2000 -217.1400
v -9.9000 3.2000 -216.5400
v -9.9000 3.2000 -217.1400
f 9745 9747 9743 9741
f 9742 9744 9748 9746
f 9741 9742 9746 9745
f 9747 9748 9744 9743
f 9743 9744 9742 9741
f 9745 9746 9748 9747
o STATION_HOME_T06L_Glass-col
usemtl Glass
v -5.4000 1.2000 -215.2400
v -5.4000 1.2000 -215.2900
v -9.4000 1.2000 -215.2400
v -9.4000 1.2000 -215.2900
v -5.4000 2.4000 -215.2400
v -5.4000 2.4000 -215.2900
v -9.4000 2.4000 -215.2400
v -9.4000 2.4000 -215.2900
v -5.4000 1.2000 -218.3900
v -5.4000 1.2000 -218.4400
v -9.4000 1.2000 -218.3900
v -9.4000 1.2000 -218.4400
v -5.4000 2.4000 -218.3900
v -5.4000 2.4000 -218.4400
v -9.4000 2.4000 -218.3900
v -9.4000 2.4000 -218.4400
f 9753 9755 9751 9749
f 9750 9752 9756 9754
f 9749 9750 9754 9753
f 9755 9756 9752 9751
f 9751 9752 9750 9749
f 9753 9754 9756 9755
f 9761 9763 9759 9757
f 9758 9760 9764 9762
f 9757 9758 9762 9761
f 9763 9764 9760 9759
f 9759 9760 9758 9757
f 9761 9762 9764 9763
o STATION_HOME_M13FUE_Deck-col
usemtl Deck
v -10.8000 -0.3000 -208.3400
v -10.8000 -0.3000 -225.3400
v -30.8000 -0.3000 -208.3400
v -30.8000 -0.3000 -225.3400
v -10.8000 0.0000 -208.3400
v -10.8000 0.0000 -225.3400
v -30.8000 0.0000 -208.3400
v -30.8000 0.0000 -225.3400
f 9769 9771 9767 9765
f 9766 9768 9772 9770
f 9765 9766 9770 9769
f 9771 9772 9768 9767
f 9767 9768 9766 9765
f 9769 9770 9772 9771
o STATION_HOME_M13FUE_Hull-col
usemtl Hull
v -10.4000 4.0000 -207.8400
v -10.4000 4.0000 -225.8400
v -31.2000 4.0000 -207.8400
v -31.2000 4.0000 -225.8400
v -10.4000 4.4000 -207.8400
v -10.4000 4.4000 -225.8400
v -31.2000 4.4000 -207.8400
v -31.2000 4.4000 -225.8400
v -10.4000 -0.7000 -207.8400
v -10.4000 -0.7000 -225.8400
v -31.2000 -0.7000 -207.8400
v -31.2000 -0.7000 -225.8400
v -10.4000 -0.3000 -207.8400
v -10.4000 -0.3000 -225.8400
v -31.2000 -0.3000 -207.8400
v -31.2000 -0.3000 -225.8400
v -10.8000 -0.3000 -207.8400
v -10.8000 -0.3000 -208.3400
v -14.8000 -0.3000 -207.8400
v -14.8000 -0.3000 -208.3400
v -10.8000 4.0000 -207.8400
v -10.8000 4.0000 -208.3400
v -14.8000 4.0000 -207.8400
v -14.8000 4.0000 -208.3400
v -14.8000 -0.3000 -207.8400
v -14.8000 -0.3000 -208.3400
v -16.8000 -0.3000 -207.8400
v -16.8000 -0.3000 -208.3400
v -14.8000 0.0000 -207.8400
v -14.8000 0.0000 -208.3400
v -16.8000 0.0000 -207.8400
v -16.8000 0.0000 -208.3400
v -14.8000 2.6000 -207.8400
v -14.8000 2.6000 -208.3400
v -16.8000 2.6000 -207.8400
v -16.8000 2.6000 -208.3400
v -14.8000 4.0000 -207.8400
v -14.8000 4.0000 -208.3400
v -16.8000 4.0000 -207.8400
v -16.8000 4.0000 -208.3400
v -16.8000 -0.3000 -207.8400
v -16.8000 -0.3000 -208.3400
v -30.8000 -0.3000 -207.8400
v -30.8000 -0.3000 -208.3400
v -16.8000 4.0000 -207.8400
v -16.8000 4.0000 -208.3400
v -30.8000 4.0000 -207.8400
v -30.8000 4.0000 -208.3400
v -10.8000 -0.3000 -225.3400
v -10.8000 -0.3000 -225.8400
v -14.8000 -0.3000 -225.3400
v -14.8000 -0.3000 -225.8400
v -10.8000 4.0000 -225.3400
v -10.8000 4.0000 -225.8400
v -14.8000 4.0000 -225.3400
v -14.8000 4.0000 -225.8400
v -14.8000 -0.3000 -225.3400
v -14.8000 -0.3000 -225.8400
v -16.8000 -0.3000 -225.3400
v -16.8000 -0.3000 -225.8400
v -14.8000 0.0000 -225.3400
v -14.8000 0.0000 -225.8400
v -16.8000 0.0000 -225.3400
v -16.8000 0.0000 -225.8400
v -14.8000 2.6000 -225.3400
v -14.8000 2.6000 -225.8400
v -16.8000 2.6000 -225.3400
v -16.8000 2.6000 -225.8400
v -14.8000 4.0000 -225.3400
v -14.8000 4.0000 -225.8400
v -16.8000 4.0000 -225.3400
v -16.8000 4.0000 -225.8400
v -16.8000 -0.3000 -225.3400
v -16.8000 -0.3000 -225.8400
v -30.8000 -0.3000 -225.3400
v -30.8000 -0.3000 -225.8400
v -16.8000 4.0000 -225.3400
v -16.8000 4.0000 -225.8400
v -30.8000 4.0000 -225.3400
v -30.8000 4.0000 -225.8400
v -10.4000 -0.3000 -207.8400
v -10.4000 -0.3000 -215.9400
v -10.8000 -0.3000 -207.8400
v -10.8000 -0.3000 -215.9400
v -10.4000 4.0000 -207.8400
v -10.4000 4.0000 -215.9400
v -10.8000 4.0000 -207.8400
v -10.8000 4.0000 -215.9400
v -10.4000 -0.3000 -215.9400
v -10.4000 -0.3000 -217.7400
v -10.8000 -0.3000 -215.9400
v -10.8000 -0.3000 -217.7400
v -10.4000 0.0000 -215.9400
v -10.4000 0.0000 -217.7400
v -10.8000 0.0000 -215.9400
v -10.8000 0.0000 -217.7400
v -10.4000 2.8000 -215.9400
v -10.4000 2.8000 -217.7400
v -10.8000 2.8000 -215.9400
v -10.8000 2.8000 -217.7400
v -10.4000 4.0000 -215.9400
v -10.4000 4.0000 -217.7400
v -10.8000 4.0000 -215.9400
v -10.8000 4.0000 -217.7400
v -10.4000 -0.3000 -217.7400
v -10.4000 -0.3000 -225.8400
v -10.8000 -0.3000 -217.7400
v -10.8000 -0.3000 -225.8400
v -10.4000 4.0000 -217.7400
v -10.4000 4.0000 -225.8400
v -10.8000 4.0000 -217.7400
v -10.8000 4.0000 -225.8400
v -30.8000 -0.3000 -207.8400
v -30.8000 -0.3000 -215.9400
v -31.2000 -0.3000 -207.8400
v -31.2000 -0.3000 -215.9400
v -30.8000 4.0000 -207.8400
v -30.8000 4.0000 -215.9400
v -31.2000 4.0000 -207.8400
v -31.2000 4.0000 -215.9400
v -30.8000 -0.3000 -215.9400
v -30.8000 -0.3000 -217.7400
v -31.2000 -0.3000 -215.9400
v -31.2000 -0.3000 -217.7400
v -30.8000 0.0000 -215.9400
v -30.8000 0.0000 -217.7400
v -31.2000 0.0000 -215.9400
v -31.2000 0.0000 -217.7400
v -30.8000 2.8000 -215.9400
v -30.8000 2.8000 -217.7400
v -31.2000 2.8000 -215.9400
v -31.2000 2.8000 -217.7400
v -30.8000 4.0000 -215.9400
v -30.8000 4.0000 -217.7400
v -31.2000 4.0000 -215.9400
v -31.2000 4.0000 -217.7400
v -30.8000 -0.3000 -217.7400
v -30.8000 -0.3000 -225.8400
v -31.2000 -0.3000 -217.7400
v -31.2000 -0.3000 -225.8400
v -30.8000 4.0000 -217.7400
v -30.8000 4.0000 -225.8400
v -31.2000 4.0000 -217.7400
v -31.2000 4.0000 -225.8400
f 9777 9779 9775 9773
f 9774 9776 9780 9778
f 9773 9774 9778 9777
f 9779 9780 9776 9775
f 9775 9776 9774 9773
f 9777 9778 9780 9779
f 9785 9787 9783 9781
f 9782 9784 9788 9786
f 9781 9782 9786 9785
f 9787 9788 9784 9783
f 9783 9784 9782 9781
f 9785 9786 9788 9787
f 9793 9795 9791 9789
f 9790 9792 9796 9794
f 9789 9790 9794 9793
f 9795 9796 9792 9791
f 9791 9792 9790 9789
f 9793 9794 9796 9795
f 9801 9803 9799 9797
f 9798 9800 9804 9802
f 9797 9798 9802 9801
f 9803 9804 9800 9799
f 9799 9800 9798 9797
f 9801 9802 9804 9803
f 9809 9811 9807 9805
f 9806 9808 9812 9810
f 9805 9806 9810 9809
f 9811 9812 9808 9807
f 9807 9808 9806 9805
f 9809 9810 9812 9811
f 9817 9819 9815 9813
f 9814 9816 9820 9818
f 9813 9814 9818 9817
f 9819 9820 9816 9815
f 9815 9816 9814 9813
f 9817 9818 9820 9819
f 9825 9827 9823 9821
f 9822 9824 9828 9826
f 9821 9822 9826 9825
f 9827 9828 9824 9823
f 9823 9824 9822 9821
f 9825 9826 9828 9827
f 9833 9835 9831 9829
f 9830 9832 9836 9834
f 9829 9830 9834 9833
f 9835 9836 9832 9831
f 9831 9832 9830 9829
f 9833 9834 9836 9835
f 9841 9843 9839 9837
f 9838 9840 9844 9842
f 9837 9838 9842 9841
f 9843 9844 9840 9839
f 9839 9840 9838 9837
f 9841 9842 9844 9843
f 9849 9851 9847 9845
f 9846 9848 9852 9850
f 9845 9846 9850 9849
f 9851 9852 9848 9847
f 9847 9848 9846 9845
f 9849 9850 9852 9851
f 9857 9859 9855 9853
f 9854 9856 9860 9858
f 9853 9854 9858 9857
f 9859 9860 9856 9855
f 9855 9856 9854 9853
f 9857 9858 9860 9859
f 9865 9867 9863 9861
f 9862 9864 9868 9866
f 9861 9862 9866 9865
f 9867 9868 9864 9863
f 9863 9864 9862 9861
f 9865 9866 9868 9867
f 9873 9875 9871 9869
f 9870 9872 9876 9874
f 9869 9870 9874 9873
f 9875 9876 9872 9871
f 9871 9872 9870 9869
f 9873 9874 9876 9875
f 9881 9883 9879 9877
f 9878 9880 9884 9882
f 9877 9878 9882 9881
f 9883 9884 9880 9879
f 9879 9880 9878 9877
f 9881 9882 9884 9883
f 9889 9891 9887 9885
f 9886 9888 9892 9890
f 9885 9886 9890 9889
f 9891 9892 9888 9887
f 9887 9888 9886 9885
f 9889 9890 9892 9891
f 9897 9899 9895 9893
f 9894 9896 9900 9898
f 9893 9894 9898 9897
f 9899 9900 9896 9895
f 9895 9896 9894 9893
f 9897 9898 9900 9899
f 9905 9907 9903 9901
f 9902 9904 9908 9906
f 9901 9902 9906 9905
f 9907 9908 9904 9903
f 9903 9904 9902 9901
f 9905 9906 9908 9907
f 9913 9915 9911 9909
f 9910 9912 9916 9914
f 9909 9910 9914 9913
f 9915 9916 9912 9911
f 9911 9912 9910 9909
f 9913 9914 9916 9915
o STATION_HOME_M13FUE_Interior-col
usemtl Interior
v -20.7000 0.0000 -208.3400
v -20.7000 0.0000 -215.6400
v -20.9000 0.0000 -208.3400
v -20.9000 0.0000 -215.6400
v -20.7000 4.0000 -208.3400
v -20.7000 4.0000 -215.6400
v -20.9000 4.0000 -208.3400
v -20.9000 4.0000 -215.6400
v -20.7000 3.0000 -215.6400
v -20.7000 3.0000 -218.0400
v -20.9000 3.0000 -215.6400
v -20.9000 3.0000 -218.0400
v -20.7000 4.0000 -215.6400
v -20.7000 4.0000 -218.0400
v -20.9000 4.0000 -215.6400
v -20.9000 4.0000 -218.0400
v -20.7000 0.0000 -218.0400
v -20.7000 0.0000 -225.3400
v -20.9000 0.0000 -218.0400
v -20.9000 0.0000 -225.3400
v -20.7000 4.0000 -218.0400
v -20.7000 4.0000 -225.3400
v -20.9000 4.0000 -218.0400
v -20.9000 4.0000 -225.3400
v -20.8000 0.0000 -215.4400
v -20.8000 0.0000 -215.6400
v -25.0000 0.0000 -215.4400
v -25.0000 0.0000 -215.6400
v -20.8000 4.0000 -215.4400
v -20.8000 4.0000 -215.6400
v -25.0000 4.0000 -215.4400
v -25.0000 4.0000 -215.6400
v -25.0000 2.6000 -215.4400
v -25.0000 2.6000 -215.6400
v -26.6000 2.6000 -215.4400
v -26.6000 2.6000 -215.6400
v -25.0000 4.0000 -215.4400
v -25.0000 4.0000 -215.6400
v -26.6000 4.0000 -215.4400
v -26.6000 4.0000 -215.6400
v -26.6000 0.0000 -215.4400
v -26.6000 0.0000 -215.6400
v -30.8000 0.0000 -215.4400
v -30.8000 0.0000 -215.6400
v -26.6000 4.0000 -215.4400
v -26.6000 4.0000 -215.6400
v -30.8000 4.0000 -215.4400
v -30.8000 4.0000 -215.6400
v -20.8000 0.0000 -218.0400
v -20.8000 0.0000 -218.2400
v -25.0000 0.0000 -218.0400
v -25.0000 0.0000 -218.2400
v -20.8000 4.0000 -218.0400
v -20.8000 4.0000 -218.2400
v -25.0000 4.0000 -218.0400
v -25.0000 4.0000 -218.2400
v -25.0000 2.6000 -218.0400
v -25.0000 2.6000 -218.2400
v -26.6000 2.6000 -218.0400
v -26.6000 2.6000 -218.2400
v -25.0000 4.0000 -218.0400
v -25.0000 4.0000 -218.2400
v -26.6000 4.0000 -218.0400
v -26.6000 4.0000 -218.2400
v -26.6000 0.0000 -218.0400
v -26.6000 0.0000 -218.2400
v -30.8000 0.0000 -218.0400
v -30.8000 0.0000 -218.2400
v -26.6000 4.0000 -218.0400
v -26.6000 4.0000 -218.2400
v -30.8000 4.0000 -218.0400
v -30.8000 4.0000 -218.2400
f 9921 9923 9919 9917
f 9918 9920 9924 9922
f 9917 9918 9922 9921
f 9923 9924 9920 9919
f 9919 9920 9918 9917
f 9921 9922 9924 9923
f 9929 9931 9927 9925
f 9926 9928 9932 9930
f 9925 9926 9930 9929
f 9931 9932 9928 9927
f 9927 9928 9926 9925
f 9929 9930 9932 9931
f 9937 9939 9935 9933
f 9934 9936 9940 9938
f 9933 9934 9938 9937
f 9939 9940 9936 9935
f 9935 9936 9934 9933
f 9937 9938 9940 9939
f 9945 9947 9943 9941
f 9942 9944 9948 9946
f 9941 9942 9946 9945
f 9947 9948 9944 9943
f 9943 9944 9942 9941
f 9945 9946 9948 9947
f 9953 9955 9951 9949
f 9950 9952 9956 9954
f 9949 9950 9954 9953
f 9955 9956 9952 9951
f 9951 9952 9950 9949
f 9953 9954 9956 9955
f 9961 9963 9959 9957
f 9958 9960 9964 9962
f 9957 9958 9962 9961
f 9963 9964 9960 9959
f 9959 9960 9958 9957
f 9961 9962 9964 9963
f 9969 9971 9967 9965
f 9966 9968 9972 9970
f 9965 9966 9970 9969
f 9971 9972 9968 9967
f 9967 9968 9966 9965
f 9969 9970 9972 9971
f 9977 9979 9975 9973
f 9974 9976 9980 9978
f 9973 9974 9978 9977
f 9979 9980 9976 9975
f 9975 9976 9974 9973
f 9977 9978 9980 9979
f 9985 9987 9983 9981
f 9982 9984 9988 9986
f 9981 9982 9986 9985
f 9987 9988 9984 9983
f 9983 9984 9982 9981
f 9985 9986 9988 9987
o STATION_HOME_M13FUE_Furniture-col
usemtl Furniture
v -21.4000 0.0000 -224.5400
v -21.4000 0.0000 -225.2400
v -30.2000 0.0000 -224.5400
v -30.2000 0.0000 -225.2400
v -21.4000 1.1000 -224.5400
v -21.4000 1.1000 -225.2400
v -30.2000 1.1000 -224.5400
v -30.2000 1.1000 -225.2400
v -21.4000 0.0000 -208.4400
v -21.4000 0.0000 -208.9400
v -23.8000 0.0000 -208.4400
v -23.8000 0.0000 -208.9400
v -21.4000 2.0000 -208.4400
v -21.4000 2.0000 -208.9400
v -23.8000 2.0000 -208.4400
v -23.8000 2.0000 -208.9400
v -25.2000 0.0000 -212.8400
v -25.2000 0.0000 -214.2400
v -26.4000 0.0000 -212.8400
v -26.4000 0.0000 -214.2400
v -25.2000 0.7500 -212.8400
v -25.2000 0.7500 -214.2400
v -26.4000 0.7500 -212.8400
v -26.4000 0.7500 -214.2400
v -21.2000 0.0000 -217.6900
v -21.2000 0.0000 -218.0400
v -22.4000 0.0000 -217.6900
v -22.4000 0.0000 -218.0400
v -21.2000 2.0000 -217.6900
v -21.2000 2.0000 -218.0400
v -22.4000 2.0000 -217.6900
v -22.4000 2.0000 -218.0400
v -12.2000 0.0000 -210.3400
v -12.2000 0.0000 -214.0400
v -19.4000 0.0000 -210.3400
v -19.4000 0.0000 -214.0400
v -12.2000 1.0000 -210.3400
v -12.2000 1.0000 -214.0400
v -19.4000 1.0000 -210.3400
v -19.4000 1.0000 -214.0400
v -13.7667 0.6000 -208.3900
v -13.7667 0.6000 -208.7900
v -14.7667 0.6000 -208.3900
v -14.7667 0.6000 -208.7900
v -13.7667 2.0000 -208.3900
v -13.7667 2.0000 -208.7900
v -14.7667 2.0000 -208.3900
v -14.7667 2.0000 -208.7900
v -16.8333 0.6000 -224.8900
v -16.8333 0.6000 -225.2900
v -17.8333 0.6000 -224.8900
v -17.8333 0.6000 -225.2900
v -16.8333 2.0000 -224.8900
v -16.8333 2.0000 -225.2900
v -17.8333 2.0000 -224.8900
v -17.8333 2.0000 -225.2900
f 9993 9995 9991 9989
f 9990 9992 9996 9994
f 9989 9990 9994 9993
f 9995 9996 9992 9991
f 9991 9992 9990 9989
f 9993 9994 9996 9995
f 10001 10003 9999 9997
f 9998 10000 10004 10002
f 9997 9998 10002 10001
f 10003 10004 10000 9999
f 9999 10000 9998 9997
f 10001 10002 10004 10003
f 10009 10011 10007 10005
f 10006 10008 10012 10010
f 10005 10006 10010 10009
f 10011 10012 10008 10007
f 10007 10008 10006 10005
f 10009 10010 10012 10011
f 10017 10019 10015 10013
f 10014 10016 10020 10018
f 10013 10014 10018 10017
f 10019 10020 10016 10015
f 10015 10016 10014 10013
f 10017 10018 10020 10019
f 10025 10027 10023 10021
f 10022 10024 10028 10026
f 10021 10022 10026 10025
f 10027 10028 10024 10023
f 10023 10024 10022 10021
f 10025 10026 10028 10027
f 10033 10035 10031 10029
f 10030 10032 10036 10034
f 10029 10030 10034 10033
f 10035 10036 10032 10031
f 10031 10032 10030 10029
f 10033 10034 10036 10035
f 10041 10043 10039 10037
f 10038 10040 10044 10042
f 10037 10038 10042 10041
f 10043 10044 10040 10039
f 10039 10040 10038 10037
f 10041 10042 10044 10043
o STATION_HOME_M13FUE_Cover-col
usemtl Cover
v -13.0000 0.0000 -213.2400
v -13.0000 0.0000 -214.2400
v -14.0000 0.0000 -213.2400
v -14.0000 0.0000 -214.2400
v -13.0000 1.1000 -213.2400
v -13.0000 1.1000 -214.2400
v -14.0000 1.1000 -213.2400
v -14.0000 1.1000 -214.2400
v -17.6000 0.0000 -213.2400
v -17.6000 0.0000 -214.2400
v -18.6000 0.0000 -213.2400
v -18.6000 0.0000 -214.2400
v -17.6000 1.1000 -213.2400
v -17.6000 1.1000 -214.2400
v -18.6000 1.1000 -213.2400
v -18.6000 1.1000 -214.2400
f 10049 10051 10047 10045
f 10046 10048 10052 10050
f 10045 10046 10050 10049
f 10051 10052 10048 10047
f 10047 10048 10046 10045
f 10049 10050 10052 10051
f 10057 10059 10055 10053
f 10054 10056 10060 10058
f 10053 10054 10058 10057
f 10059 10060 10056 10055
f 10055 10056 10054 10053
f 10057 10058 10060 10059
o STATION_HOME_M13FUE_Hazard
usemtl Hazard
v -14.5000 0.0000 -207.7200
v -14.5000 0.0000 -207.8400
v -14.8000 0.0000 -207.7200
v -14.8000 0.0000 -207.8400
v -14.5000 2.9000 -207.7200
v -14.5000 2.9000 -207.8400
v -14.8000 2.9000 -207.7200
v -14.8000 2.9000 -207.8400
v -16.8000 0.0000 -207.7200
v -16.8000 0.0000 -207.8400
v -17.1000 0.0000 -207.7200
v -17.1000 0.0000 -207.8400
v -16.8000 2.9000 -207.7200
v -16.8000 2.9000 -207.8400
v -17.1000 2.9000 -207.7200
v -17.1000 2.9000 -207.8400
v -14.5000 0.0000 -225.8400
v -14.5000 0.0000 -225.9600
v -14.8000 0.0000 -225.8400
v -14.8000 0.0000 -225.9600
v -14.5000 2.9000 -225.8400
v -14.5000 2.9000 -225.9600
v -14.8000 2.9000 -225.8400
v -14.8000 2.9000 -225.9600
v -16.8000 0.0000 -225.8400
v -16.8000 0.0000 -225.9600
v -17.1000 0.0000 -225.8400
v -17.1000 0.0000 -225.9600
v -16.8000 2.9000 -225.8400
v -16.8000 2.9000 -225.9600
v -17.1000 2.9000 -225.8400
v -17.1000 2.9000 -225.9600
v -31.2000 2.8000 -215.6400
v -31.2000 2.8000 -218.0400
v -31.2400 2.8000 -215.6400
v -31.2400 2.8000 -218.0400
v -31.2000 3.0000 -215.6400
v -31.2000 3.0000 -218.0400
v -31.2400 3.0000 -215.6400
v -31.2400 3.0000 -218.0400
v -13.7667 1.8000 -208.7900
v -13.7667 1.8000 -208.8100
v -14.7667 1.8000 -208.7900
v -14.7667 1.8000 -208.8100
v -13.7667 2.0000 -208.7900
v -13.7667 2.0000 -208.8100
v -14.7667 2.0000 -208.7900
v -14.7667 2.0000 -208.8100
v -16.8333 1.8000 -224.8700
v -16.8333 1.8000 -224.8900
v -17.8333 1.8000 -224.8700
v -17.8333 1.8000 -224.8900
v -16.8333 2.0000 -224.8700
v -16.8333 2.0000 -224.8900
v -17.8333 2.0000 -224.8700
v -17.8333 2.0000 -224.8900
f 10065 10067 10063 10061
f 10062 10064 10068 10066
f 10061 10062 10066 10065
f 10067 10068 10064 10063
f 10063 10064 10062 10061
f 10065 10066 10068 10067
f 10073 10075 10071 10069
f 10070 10072 10076 10074
f 10069 10070 10074 10073
f 10075 10076 10072 10071
f 10071 10072 10070 10069
f 10073 10074 10076 10075
f 10081 10083 10079 10077
f 10078 10080 10084 10082
f 10077 10078 10082 10081
f 10083 10084 10080 10079
f 10079 10080 10078 10077
f 10081 10082 10084 10083
f 10089 10091 10087 10085
f 10086 10088 10092 10090
f 10085 10086 10090 10089
f 10091 10092 10088 10087
f 10087 10088 10086 10085
f 10089 10090 10092 10091
f 10097 10099 10095 10093
f 10094 10096 10100 10098
f 10093 10094 10098 10097
f 10099 10100 10096 10095
f 10095 10096 10094 10093
f 10097 10098 10100 10099
f 10105 10107 10103 10101
f 10102 10104 10108 10106
f 10101 10102 10106 10105
f 10107 10108 10104 10103
f 10103 10104 10102 10101
f 10105 10106 10108 10107
f 10113 10115 10111 10109
f 10110 10112 10116 10114
f 10109 10110 10114 10113
f 10115 10116 10112 10111
f 10111 10112 10110 10109
f 10113 10114 10116 10115
o STATION_HOME_M13FUE_Lights
usemtl Lights
v -21.6000 0.8000 -224.5200
v -21.6000 0.8000 -224.5400
v -30.0000 0.8000 -224.5200
v -30.0000 0.8000 -224.5400
v -21.6000 1.0500 -224.5200
v -21.6000 1.0500 -224.5400
v -30.0000 1.0500 -224.5200
v -30.0000 1.0500 -224.5400
v -25.1000 1.0000 -219.5400
v -25.1000 1.0000 -220.5400
v -26.5000 1.0000 -219.5400
v -26.5000 1.0000 -220.5400
v -25.1000 1.0300 -219.5400
v -25.1000 1.0300 -220.5400
v -26.5000 1.0300 -219.5400
v -26.5000 1.0300 -220.5400
v -21.3000 3.6200 -216.5400
v -21.3000 3.6200 -217.1400
v -30.3000 3.6200 -216.5400
v -30.3000 3.6200 -217.1400
v -21.3000 3.7000 -216.5400
v -21.3000 3.7000 -217.1400
v -30.3000 3.7000 -216.5400
v -30.3000 3.7000 -217.1400
v -11.7000 3.8800 -216.4400
v -11.7000 3.8800 -217.2400
v -19.9000 3.8800 -216.4400
v -19.9000 3.8800 -217.2400
v -11.7000 3.9600 -216.4400
v -11.7000 3.9600 -217.2400
v -19.9000 3.9600 -216.4400
v -19.9000 3.9600 -217.2400
f 10121 10123 10119 10117
f 10118 10120 10124 10122
f 10117 10118 10122 10121
f 10123 10124 10120 10119
f 10119 10120 10118 10117
f 10121 10122 10124 10123
f 10129 10131 10127 10125
f 10126 10128 10132 10130
f 10125 10126 10130 10129
f 10131 10132 10128 10127
f 10127 10128 10126 10125
f 10129 10130 10132 10131
f 10137 10139 10135 10133
f 10134 10136 10140 10138
f 10133 10134 10138 10137
f 10139 10140 10136 10135
f 10135 10136 10134 10133
f 10137 10138 10140 10139
f 10145 10147 10143 10141
f 10142 10144 10148 10146
f 10141 10142 10146 10145
f 10147 10148 10144 10143
f 10143 10144 10142 10141
f 10145 10146 10148 10147
o STATION_HOME_M13FUE_Trim
usemtl Trim
v -15.4000 2.0000 -225.8400
v -15.4000 2.0000 -226.8400
v -16.2000 2.0000 -225.8400
v -16.2000 2.0000 -226.8400
v -15.4000 2.8000 -225.8400
v -15.4000 2.8000 -226.8400
v -16.2000 2.8000 -225.8400
v -16.2000 2.8000 -226.8400
v -25.4000 2.0000 -225.8400
v -25.4000 2.0000 -226.8400
v -26.2000 2.0000 -225.8400
v -26.2000 2.0000 -226.8400
v -25.4000 2.8000 -225.8400
v -25.4000 2.8000 -226.8400
v -26.2000 2.8000 -225.8400
v -26.2000 2.8000 -226.8400
f 10153 10155 10151 10149
f 10150 10152 10156 10154
f 10149 10150 10154 10153
f 10155 10156 10152 10151
f 10151 10152 10150 10149
f 10153 10154 10156 10155
f 10161 10163 10159 10157
f 10158 10160 10164 10162
f 10157 10158 10162 10161
f 10163 10164 10160 10159
f 10159 10160 10158 10157
f 10161 10162 10164 10163
o STATION_HOME_M13FUE_Machinery-col
usemtl Engine
v -12.2000 0.0000 -218.4400
v -12.2000 0.0000 -223.3400
v -19.4000 0.0000 -218.4400
v -19.4000 0.0000 -223.3400
v -12.2000 2.4000 -218.4400
v -12.2000 2.4000 -223.3400
v -19.4000 2.4000 -218.4400
v -19.4000 2.4000 -223.3400
f 10169 10171 10167 10165
f 10166 10168 10172 10170
f 10165 10166 10170 10169
f 10171 10172 10168 10167
f 10167 10168 10166 10165
f 10169 10170 10172 10171
o STATION_HOME_M13FUE_Armor
usemtl Armor
v -15.8000 0.0000 -233.0400
v -17.0246 0.0000 -232.7964
v -18.0627 0.0000 -232.1027
v -18.7564 0.0000 -231.0646
v -19.0000 0.0000 -229.8400
v -18.7564 0.0000 -228.6154
v -18.0627 0.0000 -227.5773
v -17.0246 0.0000 -226.8836
v -15.8000 0.0000 -226.6400
v -14.5754 0.0000 -226.8836
v -13.5373 0.0000 -227.5773
v -12.8436 0.0000 -228.6154
v -12.6000 0.0000 -229.8400
v -12.8436 0.0000 -231.0646
v -13.5373 0.0000 -232.1027
v -14.5754 0.0000 -232.7964
v -15.8000 6.0000 -233.0400
v -17.0246 6.0000 -232.7964
v -18.0627 6.0000 -232.1027
v -18.7564 6.0000 -231.0646
v -19.0000 6.0000 -229.8400
v -18.7564 6.0000 -228.6154
v -18.0627 6.0000 -227.5773
v -17.0246 6.0000 -226.8836
v -15.8000 6.0000 -226.6400
v -14.5754 6.0000 -226.8836
v -13.5373 6.0000 -227.5773
v -12.8436 6.0000 -228.6154
v -12.6000 6.0000 -229.8400
v -12.8436 6.0000 -231.0646
v -13.5373 6.0000 -232.1027
v -14.5754 6.0000 -232.7964
v -25.8000 0.0000 -233.0400
v -27.0246 0.0000 -232.7964
v -28.0627 0.0000 -232.1027
v -28.7564 0.0000 -231.0646
v -29.0000 0.0000 -229.8400
v -28.7564 0.0000 -228.6154
v -28.0627 0.0000 -227.5773
v -27.0246 0.0000 -226.8836
v -25.8000 0.0000 -226.6400
v -24.5754 0.0000 -226.8836
v -23.5373 0.0000 -227.5773
v -22.8436 0.0000 -228.6154
v -22.6000 0.0000 -229.8400
v -22.8436 0.0000 -231.0646
v -23.5373 0.0000 -232.1027
v -24.5754 0.0000 -232.7964
v -25.8000 6.0000 -233.0400
v -27.0246 6.0000 -232.7964
v -28.0627 6.0000 -232.1027
v -28.7564 6.0000 -231.0646
v -29.0000 6.0000 -229.8400
v -28.7564 6.0000 -228.6154
v -28.0627 6.0000 -227.5773
v -27.0246 6.0000 -226.8836
v -25.8000 6.0000 -226.6400
v -24.5754 6.0000 -226.8836
v -23.5373 6.0000 -227.5773
v -22.8436 6.0000 -228.6154
v -22.6000 6.0000 -229.8400
v -22.8436 6.0000 -231.0646
v -23.5373 6.0000 -232.1027
v -24.5754 6.0000 -232.7964
f 10173 10174 10190 10189
f 10174 10175 10191 10190
f 10175 10176 10192 10191
f 10176 10177 10193 10192
f 10177 10178 10194 10193
f 10178 10179 10195 10194
f 10179 10180 10196 10195
f 10180 10181 10197 10196
f 10181 10182 10198 10197
f 10182 10183 10199 10198
f 10183 10184 10200 10199
f 10184 10185 10201 10200
f 10185 10186 10202 10201
f 10186 10187 10203 10202
f 10187 10188 10204 10203
f 10188 10173 10189 10204
f 10188 10187 10186 10185 10184 10183 10182 10181 10180 10179 10178 10177 10176 10175 10174 10173
f 10189 10190 10191 10192 10193 10194 10195 10196 10197 10198 10199 10200 10201 10202 10203 10204
f 10205 10206 10222 10221
f 10206 10207 10223 10222
f 10207 10208 10224 10223
f 10208 10209 10225 10224
f 10209 10210 10226 10225
f 10210 10211 10227 10226
f 10211 10212 10228 10227
f 10212 10213 10229 10228
f 10213 10214 10230 10229
f 10214 10215 10231 10230
f 10215 10216 10232 10231
f 10216 10217 10233 10232
f 10217 10218 10234 10233
f 10218 10219 10235 10234
f 10219 10220 10236 10235
f 10220 10205 10221 10236
f 10220 10219 10218 10217 10216 10215 10214 10213 10212 10211 10210 10209 10208 10207 10206 10205
f 10221 10222 10223 10224 10225 10226 10227 10228 10229 10230 10231 10232 10233 10234 10235 10236
o STATION_HOME_M13FUE_AirlockPort_Door-col
usemtl Door
v -14.7500 0.0000 -208.0400
v -14.7500 0.0000 -208.1400
v -16.8500 0.0000 -208.0400
v -16.8500 0.0000 -208.1400
v -14.7500 2.6000 -208.0400
v -14.7500 2.6000 -208.1400
v -16.8500 2.6000 -208.0400
v -16.8500 2.6000 -208.1400
f 10241 10243 10239 10237
f 10238 10240 10244 10242
f 10237 10238 10242 10241
f 10243 10244 10240 10239
f 10239 10240 10238 10237
f 10241 10242 10244 10243
o STATION_HOME_M13FUE_AirlockStbd_Door-col
usemtl Door
v -14.7500 0.0000 -225.5400
v -14.7500 0.0000 -225.6400
v -16.8500 0.0000 -225.5400
v -16.8500 0.0000 -225.6400
v -14.7500 2.6000 -225.5400
v -14.7500 2.6000 -225.6400
v -16.8500 2.6000 -225.5400
v -16.8500 2.6000 -225.6400
f 10249 10251 10247 10245
f 10246 10248 10252 10250
f 10245 10246 10250 10249
f 10251 10252 10248 10247
f 10247 10248 10246 10245
f 10249 10250 10252 10251
o STATION_HOME_M13FUE_Connector_Back_Door-col
usemtl Door
v -10.5500 0.0000 -215.8900
v -10.5500 0.0000 -217.7900
v -10.6500 0.0000 -215.8900
v -10.6500 0.0000 -217.7900
v -10.5500 2.8000 -215.8900
v -10.5500 2.8000 -217.7900
v -10.6500 2.8000 -215.8900
v -10.6500 2.8000 -217.7900
f 10257 10259 10255 10253
f 10254 10256 10260 10258
f 10253 10254 10258 10257
f 10259 10260 10256 10255
f 10255 10256 10254 10253
f 10257 10258 10260 10259
o STATION_HOME_M13FUE_Connector_Front_Door-col
usemtl Door
v -30.9500 0.0000 -215.8900
v -30.9500 0.0000 -217.7900
v -31.0500 0.0000 -215.8900
v -31.0500 0.0000 -217.7900
v -30.9500 2.8000 -215.8900
v -30.9500 2.8000 -217.7900
v -31.0500 2.8000 -215.8900
v -31.0500 2.8000 -217.7900
f 10265 10267 10263 10261
f 10262 10264 10268 10266
f 10261 10262 10266 10265
f 10267 10268 10264 10263
f 10263 10264 10262 10261
f 10265 10266 10268 10267
o STATION_HOME_M13FUE_ControlConsole-col
usemtl Furniture
v -25.0000 0.0000 -219.4400
v -25.0000 0.0000 -220.6400
v -26.6000 0.0000 -219.4400
v -26.6000 0.0000 -220.6400
v -25.0000 1.0000 -219.4400
v -25.0000 1.0000 -220.6400
v -26.6000 1.0000 -219.4400
v -26.6000 1.0000 -220.6400
f 10273 10275 10271 10269
f 10270 10272 10276 10274
f 10269 10270 10274 10273
f 10275 10276 10272 10271
f 10271 10272 10270 10269
f 10273 10274 10276 10275
o STATION_HOME_M13FUE_StatusLight
usemtl Lights
v -29.3000 4.4000 -216.3400
v -29.3000 4.4000 -217.3400
v -30.3000 4.4000 -216.3400
v -30.3000 4.4000 -217.3400
v -29.3000 4.7000 -216.3400
v -29.3000 4.7000 -217.3400
v -30.3000 4.7000 -216.3400
v -30.3000 4.7000 -217.3400
f 10281 10283 10279 10277
f 10278 10280 10284 10282
f 10277 10278 10282 10281
f 10283 10284 10280 10279
f 10279 10280 10278 10277
f 10281 10282 10284 10283
o STATION_HOME_T07_Deck-col
usemtl Deck
v -1.4000 -0.3000 -221.2400
v 1.4000 -0.3000 -221.2400
v -1.4000 -0.3000 -254.6400
v 1.4000 -0.3000 -254.6400
v -1.4000 0.0000 -221.2400
v 1.4000 0.0000 -221.2400
v -1.4000 0.0000 -254.6400
v 1.4000 0.0000 -254.6400
f 10289 10291 10287 10285
f 10286 10288 10292 10290
f 10285 10286 10290 10289
f 10291 10292 10288 10287
f 10287 10288 10286 10285
f 10289 10290 10292 10291
o STATION_HOME_T07_Hull-col
usemtl Hull
v -1.8000 3.2000 -221.2400
v 1.8000 3.2000 -221.2400
v -1.8000 3.2000 -254.6400
v 1.8000 3.2000 -254.6400
v -1.8000 3.6000 -221.2400
v 1.8000 3.6000 -221.2400
v -1.8000 3.6000 -254.6400
v 1.8000 3.6000 -254.6400
v -1.8000 -0.7000 -221.2400
v 1.8000 -0.7000 -221.2400
v -1.8000 -0.7000 -254.6400
v 1.8000 -0.7000 -254.6400
v -1.8000 -0.3000 -221.2400
v 1.8000 -0.3000 -221.2400
v -1.8000 -0.3000 -254.6400
v 1.8000 -0.3000 -254.6400
v -1.8000 -0.3000 -221.2400
v -1.4000 -0.3000 -221.2400
v -1.8000 -0.3000 -222.2400
v -1.4000 -0.3000 -222.2400
v -1.8000 3.2000 -221.2400
v -1.4000 3.2000 -221.2400
v -1.8000 3.2000 -222.2400
v -1.4000 3.2000 -222.2400
v -1.8000 -0.3000 -222.2400
v -1.4000 -0.3000 -222.2400
v -1.8000 -0.3000 -253.6400
v -1.4000 -0.3000 -253.6400
v -1.8000 1.2000 -222.2400
v -1.4000 1.2000 -222.2400
v -1.8000 1.2000 -253.6400
v -1.4000 1.2000 -253.6400
v -1.8000 2.4000 -222.2400
v -1.4000 2.4000 -222.2400
v -1.8000 2.4000 -253.6400
v -1.4000 2.4000 -253.6400
v -1.8000 3.2000 -222.2400
v -1.4000 3.2000 -222.2400
v -1.8000 3.2000 -253.6400
v -1.4000 3.2000 -253.6400
v -1.8000 -0.3000 -253.6400
v -1.4000 -0.3000 -253.6400
v -1.8000 -0.3000 -254.6400
v -1.4000 -0.3000 -254.6400
v -1.8000 3.2000 -253.6400
v -1.4000 3.2000 -253.6400
v -1.8000 3.2000 -254.6400
v -1.4000 3.2000 -254.6400
v 1.4000 -0.3000 -221.2400
v 1.8000 -0.3000 -221.2400
v 1.4000 -0.3000 -222.2400
v 1.8000 -0.3000 -222.2400
v 1.4000 3.2000 -221.2400
v 1.8000 3.2000 -221.2400
v 1.4000 3.2000 -222.2400
v 1.8000 3.2000 -222.2400
v 1.4000 -0.3000 -222.2400
v 1.8000 -0.3000 -222.2400
v 1.4000 -0.3000 -253.6400
v 1.8000 -0.3000 -253.6400
v 1.4000 1.2000 -222.2400
v 1.8000 1.2000 -222.2400
v 1.4000 1.2000 -253.6400
v 1.8000 1.2000 -253.6400
v 1.4000 2.4000 -222.2400
v 1.8000 2.4000 -222.2400
v 1.4000 2.4000 -253.6400
v 1.8000 2.4000 -253.6400
v 1.4000 3.2000 -222.2400
v 1.8000 3.2000 -222.2400
v 1.4000 3.2000 -253.6400
v 1.8000 3.2000 -253.6400
v 1.4000 -0.3000 -253.6400
v 1.8000 -0.3000 -253.6400
v 1.4000 -0.3000 -254.6400
v 1.8000 -0.3000 -254.6400
v 1.4000 3.2000 -253.6400
v 1.8000 3.2000 -253.6400
v 1.4000 3.2000 -254.6400
v 1.8000 3.2000 -254.6400
f 10297 10299 10295 10293
f 10294 10296 10300 10298
f 10293 10294 10298 10297
f 10299 10300 10296 10295
f 10295 10296 10294 10293
f 10297 10298 10300 10299
f 10305 10307 10303 10301
f 10302 10304 10308 10306
f 10301 10302 10306 10305
f 10307 10308 10304 10303
f 10303 10304 10302 10301
f 10305 10306 10308 10307
f 10313 10315 10311 10309
f 10310 10312 10316 10314
f 10309 10310 10314 10313
f 10315 10316 10312 10311
f 10311 10312 10310 10309
f 10313 10314 10316 10315
f 10321 10323 10319 10317
f 10318 10320 10324 10322
f 10317 10318 10322 10321
f 10323 10324 10320 10319
f 10319 10320 10318 10317
f 10321 10322 10324 10323
f 10329 10331 10327 10325
f 10326 10328 10332 10330
f 10325 10326 10330 10329
f 10331 10332 10328 10327
f 10327 10328 10326 10325
f 10329 10330 10332 10331
f 10337 10339 10335 10333
f 10334 10336 10340 10338
f 10333 10334 10338 10337
f 10339 10340 10336 10335
f 10335 10336 10334 10333
f 10337 10338 10340 10339
f 10345 10347 10343 10341
f 10342 10344 10348 10346
f 10341 10342 10346 10345
f 10347 10348 10344 10343
f 10343 10344 10342 10341
f 10345 10346 10348 10347
f 10353 10355 10351 10349
f 10350 10352 10356 10354
f 10349 10350 10354 10353
f 10355 10356 10352 10351
f 10351 10352 10350 10349
f 10353 10354 10356 10355
f 10361 10363 10359 10357
f 10358 10360 10364 10362
f 10357 10358 10362 10361
f 10363 10364 10360 10359
f 10359 10360 10358 10357
f 10361 10362 10364 10363
f 10369 10371 10367 10365
f 10366 10368 10372 10370
f 10365 10366 10370 10369
f 10371 10372 10368 10367
f 10367 10368 10366 10365
f 10369 10370 10372 10371
o STATION_HOME_T07_Lights
usemtl Lights
v -0.3000 3.1200 -221.7400
v 0.3000 3.1200 -221.7400
v -0.3000 3.1200 -254.1400
v 0.3000 3.1200 -254.1400
v -0.3000 3.2000 -221.7400
v 0.3000 3.2000 -221.7400
v -0.3000 3.2000 -254.1400
v 0.3000 3.2000 -254.1400
f 10377 10379 10375 10373
f 10374 10376 10380 10378
f 10373 10374 10378 10377
f 10379 10380 10376 10375
f 10375 10376 10374 10373
f 10377 10378 10380 10379
o STATION_HOME_T07_Glass-col
usemtl Glass
v -1.6000 1.2000 -222.2400
v -1.5500 1.2000 -222.2400
v -1.6000 1.2000 -253.6400
v -1.5500 1.2000 -253.6400
v -1.6000 2.4000 -222.2400
v -1.5500 2.4000 -222.2400
v -1.6000 2.4000 -253.6400
v -1.5500 2.4000 -253.6400
v 1.5500 1.2000 -222.2400
v 1.6000 1.2000 -222.2400
v 1.5500 1.2000 -253.6400
v 1.6000 1.2000 -253.6400
v 1.5500 2.4000 -222.2400
v 1.6000 2.4000 -222.2400
v 1.5500 2.4000 -253.6400
v 1.6000 2.4000 -253.6400
f 10385 10387 10383 10381
f 10382 10384 10388 10386
f 10381 10382 10386 10385
f 10387 10388 10384 10383
f 10383 10384 10382 10381
f 10385 10386 10388 10387
f 10393 10395 10391 10389
f 10390 10392 10396 10394
f 10389 10390 10394 10393
f 10395 10396 10392 10391
f 10391 10392 10390 10389
f 10393 10394 10396 10395
o STATION_HOME_H07_Deck-col
usemtl Deck
v -4.0000 -0.3000 -255.0400
v 4.0000 -0.3000 -255.0400
v -4.0000 -0.3000 -263.0400
v 4.0000 -0.3000 -263.0400
v -4.0000 0.0000 -255.0400
v 4.0000 0.0000 -255.0400
v -4.0000 0.0000 -263.0400
v 4.0000 0.0000 -263.0400
f 10401 10403 10399 10397
f 10398 10400 10404 10402
f 10397 10398 10402 10401
f 10403 10404 10400 10399
f 10399 10400 10398 10397
f 10401 10402 10404 10403
o STATION_HOME_H07_Hull-col
usemtl Hull
v -4.4000 4.0000 -254.6400
v 4.4000 4.0000 -254.6400
v -4.4000 4.0000 -263.4400
v 4.4000 4.0000 -263.4400
v -4.4000 4.4000 -254.6400
v 4.4000 4.4000 -254.6400
v -4.4000 4.4000 -263.4400
v 4.4000 4.4000 -263.4400
v -4.4000 -0.7000 -254.6400
v 4.4000 -0.7000 -254.6400
v -4.4000 -0.7000 -263.4400
v 4.4000 -0.7000 -263.4400
v -4.4000 -0.3000 -254.6400
v 4.4000 -0.3000 -254.6400
v -4.4000 -0.3000 -263.4400
v 4.4000 -0.3000 -263.4400
v -4.4000 -0.3000 -254.6400
v -1.1000 -0.3000 -254.6400
v -4.4000 -0.3000 -255.0400
v -1.1000 -0.3000 -255.0400
v -4.4000 4.0000 -254.6400
v -1.1000 4.0000 -254.6400
v -4.4000 4.0000 -255.0400
v -1.1000 4.0000 -255.0400
v -1.1000 -0.3000 -254.6400
v 1.1000 -0.3000 -254.6400
v -1.1000 -0.3000 -255.0400
v 1.1000 -0.3000 -255.0400
v -1.1000 0.0000 -254.6400
v 1.1000 0.0000 -254.6400
v -1.1000 0.0000 -255.0400
v 1.1000 0.0000 -255.0400
v -1.1000 3.0000 -254.6400
v 1.1000 3.0000 -254.6400
v -1.1000 3.0000 -255.0400
v 1.1000 3.0000 -255.0400
v -1.1000 4.0000 -254.6400
v 1.1000 4.0000 -254.6400
v -1.1000 4.0000 -255.0400
v 1.1000 4.0000 -255.0400
v 1.1000 -0.3000 -254.6400
v 4.4000 -0.3000 -254.6400
v 1.1000 -0.3000 -255.0400
v 4.4000 -0.3000 -255.0400
v 1.1000 4.0000 -254.6400
v 4.4000 4.0000 -254.6400
v 1.1000 4.0000 -255.0400
v 4.4000 4.0000 -255.0400
v -4.4000 -0.3000 -263.0400
v -1.1000 -0.3000 -263.0400
v -4.4000 -0.3000 -263.4400
v -1.1000 -0.3000 -263.4400
v -4.4000 4.0000 -263.0400
v -1.1000 4.0000 -263.0400
v -4.4000 4.0000 -263.4400
v -1.1000 4.0000 -263.4400
v -1.1000 -0.3000 -263.0400
v 1.1000 -0.3000 -263.0400
v -1.1000 -0.3000 -263.4400
v 1.1000 -0.3000 -263.4400
v -1.1000 0.0000 -263.0400
v 1.1000 0.0000 -263.0400
v -1.1000 0.0000 -263.4400
v 1.1000 0.0000 -263.4400
v -1.1000 3.0000 -263.0400
v 1.1000 3.0000 -263.0400
v -1.1000 3.0000 -263.4400
v 1.1000 3.0000 -263.4400
v -1.1000 4.0000 -263.0400
v 1.1000 4.0000 -263.0400
v -1.1000 4.0000 -263.4400
v 1.1000 4.0000 -263.4400
v 1.1000 -0.3000 -263.0400
v 4.4000 -0.3000 -263.0400
v 1.1000 -0.3000 -263.4400
v 4.4000 -0.3000 -263.4400
v 1.1000 4.0000 -263.0400
v 4.4000 4.0000 -263.0400
v 1.1000 4.0000 -263.4400
v 4.4000 4.0000 -263.4400
v -4.4000 -0.3000 -254.6400
v -4.0000 -0.3000 -254.6400
v -4.4000 -0.3000 -257.9400
v -4.0000 -0.3000 -257.9400
v -4.4000 4.0000 -254.6400
v -4.0000 4.0000 -254.6400
v -4.4000 4.0000 -257.9400
v -4.0000 4.0000 -257.9400
v -4.4000 -0.3000 -257.9400
v -4.0000 -0.3000 -257.9400
v -4.4000 -0.3000 -260.1400
v -4.0000 -0.3000 -260.1400
v -4.4000 0.0000 -257.9400
v -4.0000 0.0000 -257.9400
v -4.4000 0.0000 -260.1400
v -4.0000 0.0000 -260.1400
v -4.4000 3.0000 -257.9400
v -4.0000 3.0000 -257.9400
v -4.4000 3.0000 -260.1400
v -4.0000 3.0000 -260.1400
v -4.4000 4.0000 -257.9400
v -4.0000 4.0000 -257.9400
v -4.4000 4.0000 -260.1400
v -4.0000 4.0000 -260.1400
v -4.4000 -0.3000 -260.1400
v -4.0000 -0.3000 -260.1400
v -4.4000 -0.3000 -263.4400
v -4.0000 -0.3000 -263.4400
v -4.4000 4.0000 -260.1400
v -4.0000 4.0000 -260.1400
v -4.4000 4.0000 -263.4400
v -4.0000 4.0000 -263.4400
v 4.0000 -0.3000 -254.6400
v 4.4000 -0.3000 -254.6400
v 4.0000 -0.3000 -257.9400
v 4.4000 -0.3000 -257.9400
v 4.0000 4.0000 -254.6400
v 4.4000 4.0000 -254.6400
v 4.0000 4.0000 -257.9400
v 4.4000 4.0000 -257.9400
v 4.0000 -0.3000 -257.9400
v 4.4000 -0.3000 -257.9400
v 4.0000 -0.3000 -260.1400
v 4.4000 -0.3000 -260.1400
v 4.0000 0.0000 -257.9400
v 4.4000 0.0000 -257.9400
v 4.0000 0.0000 -260.1400
v 4.4000 0.0000 -260.1400
v 4.0000 3.0000 -257.9400
v 4.4000 3.0000 -257.9400
v 4.0000 3.0000 -260.1400
v 4.4000 3.0000 -260.1400
v 4.0000 4.0000 -257.9400
v 4.4000 4.0000 -257.9400
v 4.0000 4.0000 -260.1400
v 4.4000 4.0000 -260.1400
v 4.0000 -0.3000 -260.1400
v 4.4000 -0.3000 -260.1400
v 4.0000 -0.3000 -263.4400
v 4.4000 -0.3000 -263.4400
v 4.0000 4.0000 -260.1400
v 4.4000 4.0000 -260.1400
v 4.0000 4.0000 -263.4400
v 4.4000 4.0000 -263.4400
f 10409 10411 10407 10405
f 10406 10408 10412 10410
f 10405 10406 10410 10409
f 10411 10412 10408 10407
f 10407 10408 10406 10405
f 10409 10410 10412 10411
f 10417 10419 10415 10413
f 10414 10416 10420 10418
f 10413 10414 10418 10417
f 10419 10420 10416 10415
f 10415 10416 10414 10413
f 10417 10418 10420 10419
f 10425 10427 10423 10421
f 10422 10424 10428 10426
f 10421 10422 10426 10425
f 10427 10428 10424 10423
f 10423 10424 10422 10421
f 10425 10426 10428 10427
f 10433 10435 10431 10429
f 10430 10432 10436 10434
f 10429 10430 10434 10433
f 10435 10436 10432 10431
f 10431 10432 10430 10429
f 10433 10434 10436 10435
f 10441 10443 10439 10437
f 10438 10440 10444 10442
f 10437 10438 10442 10441
f 10443 10444 10440 10439
f 10439 10440 10438 10437
f 10441 10442 10444 10443
f 10449 10451 10447 10445
f 10446 10448 10452 10450
f 10445 10446 10450 10449
f 10451 10452 10448 10447
f 10447 10448 10446 10445
f 10449 10450 10452 10451
f 10457 10459 10455 10453
f 10454 10456 10460 10458
f 10453 10454 10458 10457
f 10459 10460 10456 10455
f 10455 10456 10454 10453
f 10457 10458 10460 10459
f 10465 10467 10463 10461
f 10462 10464 10468 10466
f 10461 10462 10466 10465
f 10467 10468 10464 10463
f 10463 10464 10462 10461
f 10465 10466 10468 10467
f 10473 10475 10471 10469
f 10470 10472 10476 10474
f 10469 10470 10474 10473
f 10475 10476 10472 10471
f 10471 10472 10470 10469
f 10473 10474 10476 10475
f 10481 10483 10479 10477
f 10478 10480 10484 10482
f 10477 10478 10482 10481
f 10483 10484 10480 10479
f 10479 10480 10478 10477
f 10481 10482 10484 10483
f 10489 10491 10487 10485
f 10486 10488 10492 10490
f 10485 10486 10490 10489
f 10491 10492 10488 10487
f 10487 10488 10486 10485
f 10489 10490 10492 10491
f 10497 10499 10495 10493
f 10494 10496 10500 10498
f 10493 10494 10498 10497
f 10499 10500 10496 10495
f 10495 10496 10494 10493
f 10497 10498 10500 10499
f 10505 10507 10503 10501
f 10502 10504 10508 10506
f 10501 10502 10506 10505
f 10507 10508 10504 10503
f 10503 10504 10502 10501
f 10505 10506 10508 10507
f 10513 10515 10511 10509
f 10510 10512 10516 10514
f 10509 10510 10514 10513
f 10515 10516 10512 10511
f 10511 10512 10510 10509
f 10513 10514 10516 10515
f 10521 10523 10519 10517
f 10518 10520 10524 10522
f 10517 10518 10522 10521
f 10523 10524 10520 10519
f 10519 10520 10518 10517
f 10521 10522 10524 10523
f 10529 10531 10527 10525
f 10526 10528 10532 10530
f 10525 10526 10530 10529
f 10531 10532 10528 10527
f 10527 10528 10526 10525
f 10529 10530 10532 10531
f 10537 10539 10535 10533
f 10534 10536 10540 10538
f 10533 10534 10538 10537
f 10539 10540 10536 10535
f 10535 10536 10534 10533
f 10537 10538 10540 10539
f 10545 10547 10543 10541
f 10542 10544 10548 10546
f 10541 10542 10546 10545
f 10547 10548 10544 10543
f 10543 10544 10542 10541
f 10545 10546 10548 10547
o STATION_HOME_H07_Lights
usemtl Lights
v -1.0000 3.9200 -258.0400
v 1.0000 3.9200 -258.0400
v -1.0000 3.9200 -260.0400
v 1.0000 3.9200 -260.0400
v -1.0000 4.0000 -258.0400
v 1.0000 4.0000 -258.0400
v -1.0000 4.0000 -260.0400
v 1.0000 4.0000 -260.0400
f 10553 10555 10551 10549
f 10550 10552 10556 10554
f 10549 10550 10554 10553
f 10555 10556 10552 10551
f 10551 10552 10550 10549
f 10553 10554 10556 10555
o STATION_HOME_T07R_Deck-col
usemtl Deck
v 4.4000 -0.3000 -260.4400
v 4.4000 -0.3000 -257.6400
v 10.4000 -0.3000 -260.4400
v 10.4000 -0.3000 -257.6400
v 4.4000 0.0000 -260.4400
v 4.4000 0.0000 -257.6400
v 10.4000 0.0000 -260.4400
v 10.4000 0.0000 -257.6400
f 10561 10563 10559 10557
f 10558 10560 10564 10562
f 10557 10558 10562 10561
f 10563 10564 10560 10559
f 10559 10560 10558 10557
f 10561 10562 10564 10563
o STATION_HOME_T07R_Hull-col
usemtl Hull
v 4.4000 3.2000 -260.8400
v 4.4000 3.2000 -257.2400
v 10.4000 3.2000 -260.8400
v 10.4000 3.2000 -257.2400
v 4.4000 3.6000 -260.8400
v 4.4000 3.6000 -257.2400
v 10.4000 3.6000 -260.8400
v 10.4000 3.6000 -257.2400
v 4.4000 -0.7000 -260.8400
v 4.4000 -0.7000 -257.2400
v 10.4000 -0.7000 -260.8400
v 10.4000 -0.7000 -257.2400
v 4.4000 -0.3000 -260.8400
v 4.4000 -0.3000 -257.2400
v 10.4000 -0.3000 -260.8400
v 10.4000 -0.3000 -257.2400
v 4.4000 -0.3000 -260.8400
v 4.4000 -0.3000 -260.4400
v 5.4000 -0.3000 -260.8400
v 5.4000 -0.3000 -260.4400
v 4.4000 3.2000 -260.8400
v 4.4000 3.2000 -260.4400
v 5.4000 3.2000 -260.8400
v 5.4000 3.2000 -260.4400
v 5.4000 -0.3000 -260.8400
v 5.4000 -0.3000 -260.4400
v 9.4000 -0.3000 -260.8400
v 9.4000 -0.3000 -260.4400
v 5.4000 1.2000 -260.8400
v 5.4000 1.2000 -260.4400
v 9.4000 1.2000 -260.8400
v 9.4000 1.2000 -260.4400
v 5.4000 2.4000 -260.8400
v 5.4000 2.4000 -260.4400
v 9.4000 2.4000 -260.8400
v 9.4000 2.4000 -260.4400
v 5.4000 3.2000 -260.8400
v 5.4000 3.2000 -260.4400
v 9.4000 3.2000 -260.8400
v 9.4000 3.2000 -260.4400
v 9.4000 -0.3000 -260.8400
v 9.4000 -0.3000 -260.4400
v 10.4000 -0.3000 -260.8400
v 10.4000 -0.3000 -260.4400
v 9.4000 3.2000 -260.8400
v 9.4000 3.2000 -260.4400
v 10.4000 3.2000 -260.8400
v 10.4000 3.2000 -260.4400
v 4.4000 -0.3000 -257.6400
v 4.4000 -0.3000 -257.2400
v 5.4000 -0.3000 -257.6400
v 5.4000 -0.3000 -257.2400
v 4.4000 3.2000 -257.6400
v 4.4000 3.2000 -257.2400
v 5.4000 3.2000 -257.6400
v 5.4000 3.2000 -257.2400
v 5.4000 -0.3000 -257.6400
v 5.4000 -0.3000 -257.2400
v 9.4000 -0.3000 -257.6400
v 9.4000 -0.3000 -257.2400
v 5.4000 1.2000 -257.6400
v 5.4000 1.2000 -257.2400
v 9.4000 1.2000 -257.6400
v 9.4000 1.2000 -257.2400
v 5.4000 2.4000 -257.6400
v 5.4000 2.4000 -257.2400
v 9.4000 2.4000 -257.6400
v 9.4000 2.4000 -257.2400
v 5.4000 3.2000 -257.6400
v 5.4000 3.2000 -257.2400
v 9.4000 3.2000 -257.6400
v 9.4000 3.2000 -257.2400
v 9.4000 -0.3000 -257.6400
v 9.4000 -0.3000 -257.2400
v 10.4000 -0.3000 -257.6400
v 10.4000 -0.3000 -257.2400
v 9.4000 3.2000 -257.6400
v 9.4000 3.2000 -257.2400
v 10.4000 3.2000 -257.6400
v 10.4000 3.2000 -257.2400
f 10569 10571 10567 10565
f 10566 10568 10572 10570
f 10565 10566 10570 10569
f 10571 10572 10568 10567
f 10567 10568 10566 10565
f 10569 10570 10572 10571
f 10577 10579 10575 10573
f 10574 10576 10580 10578
f 10573 10574 10578 10577
f 10579 10580 10576 10575
f 10575 10576 10574 10573
f 10577 10578 10580 10579
f 10585 10587 10583 10581
f 10582 10584 10588 10586
f 10581 10582 10586 10585
f 10587 10588 10584 10583
f 10583 10584 10582 10581
f 10585 10586 10588 10587
f 10593 10595 10591 10589
f 10590 10592 10596 10594
f 10589 10590 10594 10593
f 10595 10596 10592 10591
f 10591 10592 10590 10589
f 10593 10594 10596 10595
f 10601 10603 10599 10597
f 10598 10600 10604 10602
f 10597 10598 10602 10601
f 10603 10604 10600 10599
f 10599 10600 10598 10597
f 10601 10602 10604 10603
f 10609 10611 10607 10605
f 10606 10608 10612 10610
f 10605 10606 10610 10609
f 10611 10612 10608 10607
f 10607 10608 10606 10605
f 10609 10610 10612 10611
f 10617 10619 10615 10613
f 10614 10616 10620 10618
f 10613 10614 10618 10617
f 10619 10620 10616 10615
f 10615 10616 10614 10613
f 10617 10618 10620 10619
f 10625 10627 10623 10621
f 10622 10624 10628 10626
f 10621 10622 10626 10625
f 10627 10628 10624 10623
f 10623 10624 10622 10621
f 10625 10626 10628 10627
f 10633 10635 10631 10629
f 10630 10632 10636 10634
f 10629 10630 10634 10633
f 10635 10636 10632 10631
f 10631 10632 10630 10629
f 10633 10634 10636 10635
f 10641 10643 10639 10637
f 10638 10640 10644 10642
f 10637 10638 10642 10641
f 10643 10644 10640 10639
f 10639 10640 10638 10637
f 10641 10642 10644 10643
o STATION_HOME_T07R_Lights
usemtl Lights
v 4.9000 3.1200 -259.3400
v 4.9000 3.1200 -258.7400
v 9.9000 3.1200 -259.3400
v 9.9000 3.1200 -258.7400
v 4.9000 3.2000 -259.3400
v 4.9000 3.2000 -258.7400
v 9.9000 3.2000 -259.3400
v 9.9000 3.2000 -258.7400
f 10649 10651 10647 10645
f 10646 10648 10652 10650
f 10645 10646 10650 10649
f 10651 10652 10648 10647
f 10647 10648 10646 10645
f 10649 10650 10652 10651
o STATION_HOME_T07R_Glass-col
usemtl Glass
v 5.4000 1.2000 -260.6400
v 5.4000 1.2000 -260.5900
v 9.4000 1.2000 -260.6400
v 9.4000 1.2000 -260.5900
v 5.4000 2.4000 -260.6400
v 5.4000 2.4000 -260.5900
v 9.4000 2.4000 -260.6400
v 9.4000 2.4000 -260.5900
v 5.4000 1.2000 -257.4900
v 5.4000 1.2000 -257.4400
v 9.4000 1.2000 -257.4900
v 9.4000 1.2000 -257.4400
v 5.4000 2.4000 -257.4900
v 5.4000 2.4000 -257.4400
v 9.4000 2.4000 -257.4900
v 9.4000 2.4000 -257.4400
f 10657 10659 10655 10653
f 10654 10656 10660 10658
f 10653 10654 10658 10657
f 10659 10660 10656 10655
f 10655 10656 10654 10653
f 10657 10658 10660 10659
f 10665 10667 10663 10661
f 10662 10664 10668 10666
f 10661 10662 10666 10665
f 10667 10668 10664 10663
f 10663 10664 10662 10661
f 10665 10666 10668 10667
o STATION_HOME_M14DOK_Deck-col
usemtl Deck
v 10.8000 -0.3000 -267.5400
v 10.8000 -0.3000 -250.5400
v 30.8000 -0.3000 -267.5400
v 30.8000 -0.3000 -250.5400
v 10.8000 0.0000 -267.5400
v 10.8000 0.0000 -250.5400
v 30.8000 0.0000 -267.5400
v 30.8000 0.0000 -250.5400
f 10673 10675 10671 10669
f 10670 10672 10676 10674
f 10669 10670 10674 10673
f 10675 10676 10672 10671
f 10671 10672 10670 10669
f 10673 10674 10676 10675
o STATION_HOME_M14DOK_Hull-col
usemtl Hull
v 10.4000 4.0000 -268.0400
v 10.4000 4.0000 -250.0400
v 31.2000 4.0000 -268.0400
v 31.2000 4.0000 -250.0400
v 10.4000 4.4000 -268.0400
v 10.4000 4.4000 -250.0400
v 31.2000 4.4000 -268.0400
v 31.2000 4.4000 -250.0400
v 10.4000 -0.7000 -268.0400
v 10.4000 -0.7000 -250.0400
v 31.2000 -0.7000 -268.0400
v 31.2000 -0.7000 -250.0400
v 10.4000 -0.3000 -268.0400
v 10.4000 -0.3000 -250.0400
v 31.2000 -0.3000 -268.0400
v 31.2000 -0.3000 -250.0400
v 10.8000 -0.3000 -268.0400
v 10.8000 -0.3000 -267.5400
v 14.8000 -0.3000 -268.0400
v 14.8000 -0.3000 -267.5400
v 10.8000 4.0000 -268.0400
v 10.8000 4.0000 -267.5400
v 14.8000 4.0000 -268.0400
v 14.8000 4.0000 -267.5400
v 14.8000 -0.3000 -268.0400
v 14.8000 -0.3000 -267.5400
v 16.8000 -0.3000 -268.0400
v 16.8000 -0.3000 -267.5400
v 14.8000 0.0000 -268.0400
v 14.8000 0.0000 -267.5400
v 16.8000 0.0000 -268.0400
v 16.8000 0.0000 -267.5400
v 14.8000 2.6000 -268.0400
v 14.8000 2.6000 -267.5400
v 16.8000 2.6000 -268.0400
v 16.8000 2.6000 -267.5400
v 14.8000 4.0000 -268.0400
v 14.8000 4.0000 -267.5400
v 16.8000 4.0000 -268.0400
v 16.8000 4.0000 -267.5400
v 16.8000 -0.3000 -268.0400
v 16.8000 -0.3000 -267.5400
v 30.8000 -0.3000 -268.0400
v 30.8000 -0.3000 -267.5400
v 16.8000 4.0000 -268.0400
v 16.8000 4.0000 -267.5400
v 30.8000 4.0000 -268.0400
v 30.8000 4.0000 -267.5400
v 10.8000 -0.3000 -250.5400
v 10.8000 -0.3000 -250.0400
v 14.8000 -0.3000 -250.5400
v 14.8000 -0.3000 -250.0400
v 10.8000 4.0000 -250.5400
v 10.8000 4.0000 -250.0400
v 14.8000 4.0000 -250.5400
v 14.8000 4.0000 -250.0400
v 14.8000 -0.3000 -250.5400
v 14.8000 -0.3000 -250.0400
v 16.8000 -0.3000 -250.5400
v 16.8000 -0.3000 -250.0400
v 14.8000 0.0000 -250.5400
v 14.8000 0.0000 -250.0400
v 16.8000 0.0000 -250.5400
v 16.8000 0.0000 -250.0400
v 14.8000 2.6000 -250.5400
v 14.8000 2.6000 -250.0400
v 16.8000 2.6000 -250.5400
v 16.8000 2.6000 -250.0400
v 14.8000 4.0000 -250.5400
v 14.8000 4.0000 -250.0400
v 16.8000 4.0000 -250.5400
v 16.8000 4.0000 -250.0400
v 16.8000 -0.3000 -250.5400
v 16.8000 -0.3000 -250.0400
v 30.8000 -0.3000 -250.5400
v 30.8000 -0.3000 -250.0400
v 16.8000 4.0000 -250.5400
v 16.8000 4.0000 -250.0400
v 30.8000 4.0000 -250.5400
v 30.8000 4.0000 -250.0400
v 10.4000 -0.3000 -268.0400
v 10.4000 -0.3000 -259.9400
v 10.8000 -0.3000 -268.0400
v 10.8000 -0.3000 -259.9400
v 10.4000 4.0000 -268.0400
v 10.4000 4.0000 -259.9400
v 10.8000 4.0000 -268.0400
v 10.8000 4.0000 -259.9400
v 10.4000 -0.3000 -259.9400
v 10.4000 -0.3000 -258.1400
v 10.8000 -0.3000 -259.9400
v 10.8000 -0.3000 -258.1400
v 10.4000 0.0000 -259.9400
v 10.4000 0.0000 -258.1400
v 10.8000 0.0000 -259.9400
v 10.8000 0.0000 -258.1400
v 10.4000 2.8000 -259.9400
v 10.4000 2.8000 -258.1400
v 10.8000 2.8000 -259.9400
v 10.8000 2.8000 -258.1400
v 10.4000 4.0000 -259.9400
v 10.4000 4.0000 -258.1400
v 10.8000 4.0000 -259.9400
v 10.8000 4.0000 -258.1400
v 10.4000 -0.3000 -258.1400
v 10.4000 -0.3000 -250.0400
v 10.8000 -0.3000 -258.1400
v 10.8000 -0.3000 -250.0400
v 10.4000 4.0000 -258.1400
v 10.4000 4.0000 -250.0400
v 10.8000 4.0000 -258.1400
v 10.8000 4.0000 -250.0400
v 30.8000 -0.3000 -268.0400
v 30.8000 -0.3000 -259.9400
v 31.2000 -0.3000 -268.0400
v 31.2000 -0.3000 -259.9400
v 30.8000 4.0000 -268.0400
v 30.8000 4.0000 -259.9400
v 31.2000 4.0000 -268.0400
v 31.2000 4.0000 -259.9400
v 30.8000 -0.3000 -259.9400
v 30.8000 -0.3000 -258.1400
v 31.2000 -0.3000 -259.9400
v 31.2000 -0.3000 -258.1400
v 30.8000 0.0000 -259.9400
v 30.8000 0.0000 -258.1400
v 31.2000 0.0000 -259.9400
v 31.2000 0.0000 -258.1400
v 30.8000 2.8000 -259.9400
v 30.8000 2.8000 -258.1400
v 31.2000 2.8000 -259.9400
v 31.2000 2.8000 -258.1400
v 30.8000 4.0000 -259.9400
v 30.8000 4.0000 -258.1400
v 31.2000 4.0000 -259.9400
v 31.2000 4.0000 -258.1400
v 30.8000 -0.3000 -258.1400
v 30.8000 -0.3000 -250.0400
v 31.2000 -0.3000 -258.1400
v 31.2000 -0.3000 -250.0400
v 30.8000 4.0000 -258.1400
v 30.8000 4.0000 -250.0400
v 31.2000 4.0000 -258.1400
v 31.2000 4.0000 -250.0400
f 10681 10683 10679 10677
f 10678 10680 10684 10682
f 10677 10678 10682 10681
f 10683 10684 10680 10679
f 10679 10680 10678 10677
f 10681 10682 10684 10683
f 10689 10691 10687 10685
f 10686 10688 10692 10690
f 10685 10686 10690 10689
f 10691 10692 10688 10687
f 10687 10688 10686 10685
f 10689 10690 10692 10691
f 10697 10699 10695 10693
f 10694 10696 10700 10698
f 10693 10694 10698 10697
f 10699 10700 10696 10695
f 10695 10696 10694 10693
f 10697 10698 10700 10699
f 10705 10707 10703 10701
f 10702 10704 10708 10706
f 10701 10702 10706 10705
f 10707 10708 10704 10703
f 10703 10704 10702 10701
f 10705 10706 10708 10707
f 10713 10715 10711 10709
f 10710 10712 10716 10714
f 10709 10710 10714 10713
f 10715 10716 10712 10711
f 10711 10712 10710 10709
f 10713 10714 10716 10715
f 10721 10723 10719 10717
f 10718 10720 10724 10722
f 10717 10718 10722 10721
f 10723 10724 10720 10719
f 10719 10720 10718 10717
f 10721 10722 10724 10723
f 10729 10731 10727 10725
f 10726 10728 10732 10730
f 10725 10726 10730 10729
f 10731 10732 10728 10727
f 10727 10728 10726 10725
f 10729 10730 10732 10731
f 10737 10739 10735 10733
f 10734 10736 10740 10738
f 10733 10734 10738 10737
f 10739 10740 10736 10735
f 10735 10736 10734 10733
f 10737 10738 10740 10739
f 10745 10747 10743 10741
f 10742 10744 10748 10746
f 10741 10742 10746 10745
f 10747 10748 10744 10743
f 10743 10744 10742 10741
f 10745 10746 10748 10747
f 10753 10755 10751 10749
f 10750 10752 10756 10754
f 10749 10750 10754 10753
f 10755 10756 10752 10751
f 10751 10752 10750 10749
f 10753 10754 10756 10755
f 10761 10763 10759 10757
f 10758 10760 10764 10762
f 10757 10758 10762 10761
f 10763 10764 10760 10759
f 10759 10760 10758 10757
f 10761 10762 10764 10763
f 10769 10771 10767 10765
f 10766 10768 10772 10770
f 10765 10766 10770 10769
f 10771 10772 10768 10767
f 10767 10768 10766 10765
f 10769 10770 10772 10771
f 10777 10779 10775 10773
f 10774 10776 10780 10778
f 10773 10774 10778 10777
f 10779 10780 10776 10775
f 10775 10776 10774 10773
f 10777 10778 10780 10779
f 10785 10787 10783 10781
f 10782 10784 10788 10786
f 10781 10782 10786 10785
f 10787 10788 10784 10783
f 10783 10784 10782 10781
f 10785 10786 10788 10787
f 10793 10795 10791 10789
f 10790 10792 10796 10794
f 10789 10790 10794 10793
f 10795 10796 10792 10791
f 10791 10792 10790 10789
f 10793 10794 10796 10795
f 10801 10803 10799 10797
f 10798 10800 10804 10802
f 10797 10798 10802 10801
f 10803 10804 10800 10799
f 10799 10800 10798 10797
f 10801 10802 10804 10803
f 10809 10811 10807 10805
f 10806 10808 10812 10810
f 10805 10806 10810 10809
f 10811 10812 10808 10807
f 10807 10808 10806 10805
f 10809 10810 10812 10811
f 10817 10819 10815 10813
f 10814 10816 10820 10818
f 10813 10814 10818 10817
f 10819 10820 10816 10815
f 10815 10816 10814 10813
f 10817 10818 10820 10819
o STATION_HOME_M14DOK_Interior-col
usemtl Interior
v 20.7000 0.0000 -267.5400
v 20.7000 0.0000 -260.2400
v 20.9000 0.0000 -267.5400
v 20.9000 0.0000 -260.2400
v 20.7000 4.0000 -267.5400
v 20.7000 4.0000 -260.2400
v 20.9000 4.0000 -267.5400
v 20.9000 4.0000 -260.2400
v 20.7000 3.0000 -260.2400
v 20.7000 3.0000 -257.8400
v 20.9000 3.0000 -260.2400
v 20.9000 3.0000 -257.8400
v 20.7000 4.0000 -260.2400
v 20.7000 4.0000 -257.8400
v 20.9000 4.0000 -260.2400
v 20.9000 4.0000 -257.8400
v 20.7000 0.0000 -257.8400
v 20.7000 0.0000 -250.5400
v 20.9000 0.0000 -257.8400
v 20.9000 0.0000 -250.5400
v 20.7000 4.0000 -257.8400
v 20.7000 4.0000 -250.5400
v 20.9000 4.0000 -257.8400
v 20.9000 4.0000 -250.5400
v 20.8000 0.0000 -260.4400
v 20.8000 0.0000 -260.2400
v 25.0000 0.0000 -260.4400
v 25.0000 0.0000 -260.2400
v 20.8000 4.0000 -260.4400
v 20.8000 4.0000 -260.2400
v 25.0000 4.0000 -260.4400
v 25.0000 4.0000 -260.2400
v 25.0000 2.6000 -260.4400
v 25.0000 2.6000 -260.2400
v 26.6000 2.6000 -260.4400
v 26.6000 2.6000 -260.2400
v 25.0000 4.0000 -260.4400
v 25.0000 4.0000 -260.2400
v 26.6000 4.0000 -260.4400
v 26.6000 4.0000 -260.2400
v 26.6000 0.0000 -260.4400
v 26.6000 0.0000 -260.2400
v 30.8000 0.0000 -260.4400
v 30.8000 0.0000 -260.2400
v 26.6000 4.0000 -260.4400
v 26.6000 4.0000 -260.2400
v 30.8000 4.0000 -260.4400
v 30.8000 4.0000 -260.2400
v 20.8000 0.0000 -257.8400
v 20.8000 0.0000 -257.6400
v 25.0000 0.0000 -257.8400
v 25.0000 0.0000 -257.6400
v 20.8000 4.0000 -257.8400
v 20.8000 4.0000 -257.6400
v 25.0000 4.0000 -257.8400
v 25.0000 4.0000 -257.6400
v 25.0000 2.6000 -257.8400
v 25.0000 2.6000 -257.6400
v 26.6000 2.6000 -257.8400
v 26.6000 2.6000 -257.6400
v 25.0000 4.0000 -257.8400
v 25.0000 4.0000 -257.6400
v 26.6000 4.0000 -257.8400
v 26.6000 4.0000 -257.6400
v 26.6000 0.0000 -257.8400
v 26.6000 0.0000 -257.6400
v 30.8000 0.0000 -257.8400
v 30.8000 0.0000 -257.6400
v 26.6000 4.0000 -257.8400
v 26.6000 4.0000 -257.6400
v 30.8000 4.0000 -257.8400
v 30.8000 4.0000 -257.6400
f 10825 10827 10823 10821
f 10822 10824 10828 10826
f 10821 10822 10826 10825
f 10827 10828 10824 10823
f 10823 10824 10822 10821
f 10825 10826 10828 10827
f 10833 10835 10831 10829
f 10830 10832 10836 10834
f 10829 10830 10834 10833
f 10835 10836 10832 10831
f 10831 10832 10830 10829
f 10833 10834 10836 10835
f 10841 10843 10839 10837
f 10838 10840 10844 10842
f 10837 10838 10842 10841
f 10843 10844 10840 10839
f 10839 10840 10838 10837
f 10841 10842 10844 10843
f 10849 10851 10847 10845
f 10846 10848 10852 10850
f 10845 10846 10850 10849
f 10851 10852 10848 10847
f 10847 10848 10846 10845
f 10849 10850 10852 10851
f 10857 10859 10855 10853
f 10854 10856 10860 10858
f 10853 10854 10858 10857
f 10859 10860 10856 10855
f 10855 10856 10854 10853
f 10857 10858 10860 10859
f 10865 10867 10863 10861
f 10862 10864 10868 10866
f 10861 10862 10866 10865
f 10867 10868 10864 10863
f 10863 10864 10862 10861
f 10865 10866 10868 10867
f 10873 10875 10871 10869
f 10870 10872 10876 10874
f 10869 10870 10874 10873
f 10875 10876 10872 10871
f 10871 10872 10870 10869
f 10873 10874 10876 10875
f 10881 10883 10879 10877
f 10878 10880 10884 10882
f 10877 10878 10882 10881
f 10883 10884 10880 10879
f 10879 10880 10878 10877
f 10881 10882 10884 10883
f 10889 10891 10887 10885
f 10886 10888 10892 10890
f 10885 10886 10890 10889
f 10891 10892 10888 10887
f 10887 10888 10886 10885
f 10889 10890 10892 10891
o STATION_HOME_M14DOK_Furniture-col
usemtl Furniture
v 21.4000 0.0000 -251.3400
v 21.4000 0.0000 -250.6400
v 30.2000 0.0000 -251.3400
v 30.2000 0.0000 -250.6400
v 21.4000 1.1000 -251.3400
v 21.4000 1.1000 -250.6400
v 30.2000 1.1000 -251.3400
v 30.2000 1.1000 -250.6400
v 21.4000 0.0000 -267.4400
v 21.4000 0.0000 -266.9400
v 23.8000 0.0000 -267.4400
v 23.8000 0.0000 -266.9400
v 21.4000 2.0000 -267.4400
v 21.4000 2.0000 -266.9400
v 23.8000 2.0000 -267.4400
v 23.8000 2.0000 -266.9400
v 25.2000 0.0000 -263.0400
v 25.2000 0.0000 -261.6400
v 26.4000 0.0000 -263.0400
v 26.4000 0.0000 -261.6400
v 25.2000 0.7500 -263.0400
v 25.2000 0.7500 -261.6400
v 26.4000 0.7500 -263.0400
v 26.4000 0.7500 -261.6400
v 21.2000 0.0000 -258.1900
v 21.2000 0.0000 -257.8400
v 22.4000 0.0000 -258.1900
v 22.4000 0.0000 -257.8400
v 21.2000 2.0000 -258.1900
v 21.2000 2.0000 -257.8400
v 22.4000 2.0000 -258.1900
v 22.4000 2.0000 -257.8400
v 15.3000 0.6000 -267.4900
v 15.3000 0.6000 -267.0900
v 16.3000 0.6000 -267.4900
v 16.3000 0.6000 -267.0900
v 15.3000 2.0000 -267.4900
v 15.3000 2.0000 -267.0900
v 16.3000 2.0000 -267.4900
v 16.3000 2.0000 -267.0900
f 10897 10899 10895 10893
f 10894 10896 10900 10898
f 10893 10894 10898 10897
f 10899 10900 10896 10895
f 10895 10896 10894 10893
f 10897 10898 10900 10899
f 10905 10907 10903 10901
f 10902 10904 10908 10906
f 10901 10902 10906 10905
f 10907 10908 10904 10903
f 10903 10904 10902 10901
f 10905 10906 10908 10907
f 10913 10915 10911 10909
f 10910 10912 10916 10914
f 10909 10910 10914 10913
f 10915 10916 10912 10911
f 10911 10912 10910 10909
f 10913 10914 10916 10915
f 10921 10923 10919 10917
f 10918 10920 10924 10922
f 10917 10918 10922 10921
f 10923 10924 10920 10919
f 10919 10920 10918 10917
f 10921 10922 10924 10923
f 10929 10931 10927 10925
f 10926 10928 10932 10930
f 10925 10926 10930 10929
f 10931 10932 10928 10927
f 10927 10928 10926 10925
f 10929 10930 10932 10931
o STATION_HOME_M14DOK_Cover-col
usemtl Cover
v 13.6167 0.0000 -256.9400
v 13.6167 0.0000 -255.6400
v 14.9167 0.0000 -256.9400
v 14.9167 0.0000 -255.6400
v 13.6167 1.3000 -256.9400
v 13.6167 1.3000 -255.6400
v 14.9167 1.3000 -256.9400
v 14.9167 1.3000 -255.6400
v 13.6167 0.0000 -265.5400
v 13.6167 0.0000 -264.2400
v 14.9167 0.0000 -265.5400
v 14.9167 0.0000 -264.2400
v 13.6167 1.3000 -265.5400
v 13.6167 1.3000 -264.2400
v 14.9167 1.3000 -265.5400
v 14.9167 1.3000 -264.2400
v 16.6833 0.0000 -256.9400
v 16.6833 0.0000 -255.6400
v 17.9833 0.0000 -256.9400
v 17.9833 0.0000 -255.6400
v 16.6833 1.3000 -256.9400
v 16.6833 1.3000 -255.6400
v 17.9833 1.3000 -256.9400
v 17.9833 1.3000 -255.6400
v 16.6833 0.0000 -265.5400
v 16.6833 0.0000 -264.2400
v 17.9833 0.0000 -265.5400
v 17.9833 0.0000 -264.2400
v 16.6833 1.3000 -265.5400
v 16.6833 1.3000 -264.2400
v 17.9833 1.3000 -265.5400
v 17.9833 1.3000 -264.2400
v 13.0000 0.0000 -262.6400
v 13.0000 0.0000 -261.6400
v 14.0000 0.0000 -262.6400
v 14.0000 0.0000 -261.6400
v 13.0000 1.1000 -262.6400
v 13.0000 1.1000 -261.6400
v 14.0000 1.1000 -262.6400
v 14.0000 1.1000 -261.6400
v 17.6000 0.0000 -262.6400
v 17.6000 0.0000 -261.6400
v 18.6000 0.0000 -262.6400
v 18.6000 0.0000 -261.6400
v 17.6000 1.1000 -262.6400
v 17.6000 1.1000 -261.6400
v 18.6000 1.1000 -262.6400
v 18.6000 1.1000 -261.6400
f 10937 10939 10935 10933
f 10934 10936 10940 10938
f 10933 10934 10938 10937
f 10939 10940 10936 10935
f 10935 10936 10934 10933
f 10937 10938 10940 10939
f 10945 10947 10943 10941
f 10942 10944 10948 10946
f 10941 10942 10946 10945
f 10947 10948 10944 10943
f 10943 10944 10942 10941
f 10945 10946 10948 10947
f 10953 10955 10951 10949
f 10950 10952 10956 10954
f 10949 10950 10954 10953
f 10955 10956 10952 10951
f 10951 10952 10950 10949
f 10953 10954 10956 10955
f 10961 10963 10959 10957
f 10958 10960 10964 10962
f 10957 10958 10962 10961
f 10963 10964 10960 10959
f 10959 10960 10958 10957
f 10961 10962 10964 10963
f 10969 10971 10967 10965
f 10966 10968 10972 10970
f 10965 10966 10970 10969
f 10971 10972 10968 10967
f 10967 10968 10966 10965
f 10969 10970 10972 10971
f 10977 10979 10975 10973
f 10974 10976 10980 10978
f 10973 10974 10978 10977
f 10979 10980 10976 10975
f 10975 10976 10974 10973
f 10977 10978 10980 10979
o STATION_HOME_M14DOK_Hazard
usemtl Hazard
v 14.5000 0.0000 -268.1600
v 14.5000 0.0000 -268.0400
v 14.8000 0.0000 -268.1600
v 14.8000 0.0000 -268.0400
v 14.5000 2.9000 -268.1600
v 14.5000 2.9000 -268.0400
v 14.8000 2.9000 -268.1600
v 14.8000 2.9000 -268.0400
v 16.8000 0.0000 -268.1600
v 16.8000 0.0000 -268.0400
v 17.1000 0.0000 -268.1600
v 17.1000 0.0000 -268.0400
v 16.8000 2.9000 -268.1600
v 16.8000 2.9000 -268.0400
v 17.1000 2.9000 -268.1600
v 17.1000 2.9000 -268.0400
v 14.5000 0.0000 -250.0400
v 14.5000 0.0000 -249.9200
v 14.8000 0.0000 -250.0400
v 14.8000 0.0000 -249.9200
v 14.5000 2.9000 -250.0400
v 14.5000 2.9000 -249.9200
v 14.8000 2.9000 -250.0400
v 14.8000 2.9000 -249.9200
v 16.8000 0.0000 -250.0400
v 16.8000 0.0000 -249.9200
v 17.1000 0.0000 -250.0400
v 17.1000 0.0000 -249.9200
v 16.8000 2.9000 -250.0400
v 16.8000 2.9000 -249.9200
v 17.1000 2.9000 -250.0400
v 17.1000 2.9000 -249.9200
v 31.2000 2.8000 -260.2400
v 31.2000 2.8000 -257.8400
v 31.2400 2.8000 -260.2400
v 31.2400 2.8000 -257.8400
v 31.2000 3.0000 -260.2400
v 31.2000 3.0000 -257.8400
v 31.2400 3.0000 -260.2400
v 31.2400 3.0000 -257.8400
v 15.3000 1.8000 -267.0900
v 15.3000 1.8000 -267.0700
v 16.3000 1.8000 -267.0900
v 16.3000 1.8000 -267.0700
v 15.3000 2.0000 -267.0900
v 15.3000 2.0000 -267.0700
v 16.3000 2.0000 -267.0900
v 16.3000 2.0000 -267.0700
v 15.8000 -0.3000 -281.0400
v 15.8000 -0.3000 -270.0400
v 16.0000 -0.3000 -281.0400
v 16.0000 -0.3000 -270.0400
v 15.8000 -0.2800 -281.0400
v 15.8000 -0.2800 -270.0400
v 16.0000 -0.2800 -281.0400
v 16.0000 -0.2800 -270.0400
v 15.8000 -0.3000 -248.0400
v 15.8000 -0.3000 -237.0400
v 16.0000 -0.3000 -248.0400
v 16.0000 -0.3000 -237.0400
v 15.8000 -0.2800 -248.0400
v 15.8000 -0.2800 -237.0400
v 16.0000 -0.2800 -248.0400
v 16.0000 -0.2800 -237.0400
f 10985 10987 10983 10981
f 10982 10984 10988 10986
f 10981 10982 10986 10985
f 10987 10988 10984 10983
f 10983 10984 10982 10981
f 10985 10986 10988 10987
f 10993 10995 10991 10989
f 10990 10992 10996 10994
f 10989 10990 10994 10993
f 10995 10996 10992 10991
f 10991 10992 10990 10989
f 10993 10994 10996 10995
f 11001 11003 10999 10997
f 10998 11000 11004 11002
f 10997 10998 11002 11001
f 11003 11004 11000 10999
f 10999 11000 10998 10997
f 11001 11002 11004 11003
f 11009 11011 11007 11005
f 11006 11008 11012 11010
f 11005 11006 11010 11009
f 11011 11012 11008 11007
f 11007 11008 11006 11005
f 11009 11010 11012 11011
f 11017 11019 11015 11013
f 11014 11016 11020 11018
f 11013 11014 11018 11017
f 11019 11020 11016 11015
f 11015 11016 11014 11013
f 11017 11018 11020 11019
f 11025 11027 11023 11021
f 11022 11024 11028 11026
f 11021 11022 11026 11025
f 11027 11028 11024 11023
f 11023 11024 11022 11021
f 11025 11026 11028 11027
f 11033 11035 11031 11029
f 11030 11032 11036 11034
f 11029 11030 11034 11033
f 11035 11036 11032 11031
f 11031 11032 11030 11029
f 11033 11034 11036 11035
f 11041 11043 11039 11037
f 11038 11040 11044 11042
f 11037 11038 11042 11041
f 11043 11044 11040 11039
f 11039 11040 11038 11037
f 11041 11042 11044 11043
o STATION_HOME_M14DOK_Lights
usemtl Lights
v 21.6000 0.8000 -251.3600
v 21.6000 0.8000 -251.3400
v 30.0000 0.8000 -251.3600
v 30.0000 0.8000 -251.3400
v 21.6000 1.0500 -251.3600
v 21.6000 1.0500 -251.3400
v 30.0000 1.0500 -251.3600
v 30.0000 1.0500 -251.3400
v 25.1000 1.0000 -256.3400
v 25.1000 1.0000 -255.3400
v 26.5000 1.0000 -256.3400
v 26.5000 1.0000 -255.3400
v 25.1000 1.0300 -256.3400
v 25.1000 1.0300 -255.3400
v 26.5000 1.0300 -256.3400
v 26.5000 1.0300 -255.3400
v 21.3000 3.6200 -259.3400
v 21.3000 3.6200 -258.7400
v 30.3000 3.6200 -259.3400
v 30.3000 3.6200 -258.7400
v 21.3000 3.7000 -259.3400
v 21.3000 3.7000 -258.7400
v 30.3000 3.7000 -259.3400
v 30.3000 3.7000 -258.7400
v 11.7000 3.8800 -259.4400
v 11.7000 3.8800 -258.6400
v 19.9000 3.8800 -259.4400
v 19.9000 3.8800 -258.6400
v 11.7000 3.9600 -259.4400
v 11.7000 3.9600 -258.6400
v 19.9000 3.9600 -259.4400
v 19.9000 3.9600 -258.6400
f 11049 11051 11047 11045
f 11046 11048 11052 11050
f 11045 11046 11050 11049
f 11051 11052 11048 11047
f 11047 11048 11046 11045
f 11049 11050 11052 11051
f 11057 11059 11055 11053
f 11054 11056 11060 11058
f 11053 11054 11058 11057
f 11059 11060 11056 11055
f 11055 11056 11054 11053
f 11057 11058 11060 11059
f 11065 11067 11063 11061
f 11062 11064 11068 11066
f 11061 11062 11066 11065
f 11067 11068 11064 11063
f 11063 11064 11062 11061
f 11065 11066 11068 11067
f 11073 11075 11071 11069
f 11070 11072 11076 11074
f 11069 11070 11074 11073
f 11075 11076 11072 11071
f 11071 11072 11070 11069
f 11073 11074 11076 11075
o STATION_HOME_M14DOK_Trim
usemtl Trim
v 14.8000 -0.6000 -282.0400
v 14.8000 -0.6000 -268.0400
v 26.8000 -0.6000 -282.0400
v 26.8000 -0.6000 -268.0400
v 14.8000 -0.3000 -282.0400
v 14.8000 -0.3000 -268.0400
v 26.8000 -0.3000 -282.0400
v 26.8000 -0.3000 -268.0400
v 14.8000 -0.6000 -250.0400
v 14.8000 -0.6000 -236.0400
v 26.8000 -0.6000 -250.0400
v 26.8000 -0.6000 -236.0400
v 14.8000 -0.3000 -250.0400
v 14.8000 -0.3000 -236.0400
v 26.8000 -0.3000 -250.0400
v 26.8000 -0.3000 -236.0400
f 11081 11083 11079 11077
f 11078 11080 11084 11082
f 11077 11078 11082 11081
f 11083 11084 11080 11079
f 11079 11080 11078 11077
f 11081 11082 11084 11083
f 11089 11091 11087 11085
f 11086 11088 11092 11090
f 11085 11086 11090 11089
f 11091 11092 11088 11087
f 11087 11088 11086 11085
f 11089 11090 11092 11091
o STATION_HOME_M14DOK_AirlockPort_Door-col
usemtl Door
v 14.7500 0.0000 -267.8400
v 14.7500 0.0000 -267.7400
v 16.8500 0.0000 -267.8400
v 16.8500 0.0000 -267.7400
v 14.7500 2.6000 -267.8400
v 14.7500 2.6000 -267.7400
v 16.8500 2.6000 -267.8400
v 16.8500 2.6000 -267.7400
f 11097 11099 11095 11093
f 11094 11096 11100 11098
f 11093 11094 11098 11097
f 11099 11100 11096 11095
f 11095 11096 11094 11093
f 11097 11098 11100 11099
o STATION_HOME_M14DOK_AirlockStbd_Door-col
usemtl Door
v 14.7500 0.0000 -250.3400
v 14.7500 0.0000 -250.2400
v 16.8500 0.0000 -250.3400
v 16.8500 0.0000 -250.2400
v 14.7500 2.6000 -250.3400
v 14.7500 2.6000 -250.2400
v 16.8500 2.6000 -250.3400
v 16.8500 2.6000 -250.2400
f 11105 11107 11103 11101
f 11102 11104 11108 11106
f 11101 11102 11106 11105
f 11107 11108 11104 11103
f 11103 11104 11102 11101
f 11105 11106 11108 11107
o STATION_HOME_M14DOK_Connector_Back_Door-col
usemtl Door
v 10.5500 0.0000 -259.9900
v 10.5500 0.0000 -258.0900
v 10.6500 0.0000 -259.9900
v 10.6500 0.0000 -258.0900
v 10.5500 2.8000 -259.9900
v 10.5500 2.8000 -258.0900
v 10.6500 2.8000 -259.9900
v 10.6500 2.8000 -258.0900
f 11113 11115 11111 11109
f 11110 11112 11116 11114
f 11109 11110 11114 11113
f 11115 11116 11112 11111
f 11111 11112 11110 11109
f 11113 11114 11116 11115
o STATION_HOME_M14DOK_Connector_Front_Door-col
usemtl Door
v 30.9500 0.0000 -259.9900
v 30.9500 0.0000 -258.0900
v 31.0500 0.0000 -259.9900
v 31.0500 0.0000 -258.0900
v 30.9500 2.8000 -259.9900
v 30.9500 2.8000 -258.0900
v 31.0500 2.8000 -259.9900
v 31.0500 2.8000 -258.0900
f 11121 11123 11119 11117
f 11118 11120 11124 11122
f 11117 11118 11122 11121
f 11123 11124 11120 11119
f 11119 11120 11118 11117
f 11121 11122 11124 11123
o STATION_HOME_M14DOK_ControlConsole-col
usemtl Furniture
v 25.0000 0.0000 -256.4400
v 25.0000 0.0000 -255.2400
v 26.6000 0.0000 -256.4400
v 26.6000 0.0000 -255.2400
v 25.0000 1.0000 -256.4400
v 25.0000 1.0000 -255.2400
v 26.6000 1.0000 -256.4400
v 26.6000 1.0000 -255.2400
f 11129 11131 11127 11125
f 11126 11128 11132 11130
f 11125 11126 11130 11129
f 11131 11132 11128 11127
f 11127 11128 11126 11125
f 11129 11130 11132 11131
o STATION_HOME_M14DOK_StatusLight
usemtl Lights
v 29.3000 4.4000 -259.5400
v 29.3000 4.4000 -258.5400
v 30.3000 4.4000 -259.5400
v 30.3000 4.4000 -258.5400
v 29.3000 4.7000 -259.5400
v 29.3000 4.7000 -258.5400
v 30.3000 4.7000 -259.5400
v 30.3000 4.7000 -258.5400
f 11137 11139 11135 11133
f 11134 11136 11140 11138
f 11133 11134 11138 11137
f 11139 11140 11136 11135
f 11135 11136 11134 11133
f 11137 11138 11140 11139
o STATION_HOME_T07L_Deck-col
usemtl Deck
v -4.4000 -0.3000 -257.6400
v -4.4000 -0.3000 -260.4400
v -10.4000 -0.3000 -257.6400
v -10.4000 -0.3000 -260.4400
v -4.4000 0.0000 -257.6400
v -4.4000 0.0000 -260.4400
v -10.4000 0.0000 -257.6400
v -10.4000 0.0000 -260.4400
f 11145 11147 11143 11141
f 11142 11144 11148 11146
f 11141 11142 11146 11145
f 11147 11148 11144 11143
f 11143 11144 11142 11141
f 11145 11146 11148 11147
o STATION_HOME_T07L_Hull-col
usemtl Hull
v -4.4000 3.2000 -257.2400
v -4.4000 3.2000 -260.8400
v -10.4000 3.2000 -257.2400
v -10.4000 3.2000 -260.8400
v -4.4000 3.6000 -257.2400
v -4.4000 3.6000 -260.8400
v -10.4000 3.6000 -257.2400
v -10.4000 3.6000 -260.8400
v -4.4000 -0.7000 -257.2400
v -4.4000 -0.7000 -260.8400
v -10.4000 -0.7000 -257.2400
v -10.4000 -0.7000 -260.8400
v -4.4000 -0.3000 -257.2400
v -4.4000 -0.3000 -260.8400
v -10.4000 -0.3000 -257.2400
v -10.4000 -0.3000 -260.8400
v -4.4000 -0.3000 -257.2400
v -4.4000 -0.3000 -257.6400
v -5.4000 -0.3000 -257.2400
v -5.4000 -0.3000 -257.6400
v -4.4000 3.2000 -257.2400
v -4.4000 3.2000 -257.6400
v -5.4000 3.2000 -257.2400
v -5.4000 3.2000 -257.6400
v -5.4000 -0.3000 -257.2400
v -5.4000 -0.3000 -257.6400
v -9.4000 -0.3000 -257.2400
v -9.4000 -0.3000 -257.6400
v -5.4000 1.2000 -257.2400
v -5.4000 1.2000 -257.6400
v -9.4000 1.2000 -257.2400
v -9.4000 1.2000 -257.6400
v -5.4000 2.4000 -257.2400
v -5.4000 2.4000 -257.6400
v -9.4000 2.4000 -257.2400
v -9.4000 2.4000 -257.6400
v -5.4000 3.2000 -257.2400
v -5.4000 3.2000 -257.6400
v -9.4000 3.2000 -257.2400
v -9.4000 3.2000 -257.6400
v -9.4000 -0.3000 -257.2400
v -9.4000 -0.3000 -257.6400
v -10.4000 -0.3000 -257.2400
v -10.4000 -0.3000 -257.6400
v -9.4000 3.2000 -257.2400
v -9.4000 3.2000 -257.6400
v -10.4000 3.2000 -257.2400
v -10.4000 3.2000 -257.6400
v -4.4000 -0.3000 -260.4400
v -4.4000 -0.3000 -260.8400
v -5.4000 -0.3000 -260.4400
v -5.4000 -0.3000 -260.8400
v -4.4000 3.2000 -260.4400
v -4.4000 3.2000 -260.8400
v -5.4000 3.2000 -260.4400
v -5.4000 3.2000 -260.8400
v -5.4000 -0.3000 -260.4400
v -5.4000 -0.3000 -260.8400
v -9.4000 -0.3000 -260.4400
v -9.4000 -0.3000 -260.8400
v -5.4000 1.2000 -260.4400
v -5.4000 1.2000 -260.8400
v -9.4000 1.2000 -260.4400
v -9.4000 1.2000 -260.8400
v -5.4000 2.4000 -260.4400
v -5.4000 2.4000 -260.8400
v -9.4000 2.4000 -260.4400
v -9.4000 2.4000 -260.8400
v -5.4000 3.2000 -260.4400
v -5.4000 3.2000 -260.8400
v -9.4000 3.2000 -260.4400
v -9.4000 3.2000 -260.8400
v -9.4000 -0.3000 -260.4400
v -9.4000 -0.3000 -260.8400
v -10.4000 -0.3000 -260.4400
v -10.4000 -0.3000 -260.8400
v -9.4000 3.2000 -260.4400
v -9.4000 3.2000 -260.8400
v -10.4000 3.2000 -260.4400
v -10.4000 3.2000 -260.8400
f 11153 11155 11151 11149
f 11150 11152 11156 11154
f 11149 11150 11154 11153
f 11155 11156 11152 11151
f 11151 11152 11150 11149
f 11153 11154 11156 11155
f 11161 11163 11159 11157
f 11158 11160 11164 11162
f 11157 11158 11162 11161
f 11163 11164 11160 11159
f 11159 11160 11158 11157
f 11161 11162 11164 11163
f 11169 11171 11167 11165
f 11166 11168 11172 11170
f 11165 11166 11170 11169
f 11171 11172 11168 11167
f 11167 11168 11166 11165
f 11169 11170 11172 11171
f 11177 11179 11175 11173
f 11174 11176 11180 11178
f 11173 11174 11178 11177
f 11179 11180 11176 11175
f 11175 11176 11174 11173
f 11177 11178 11180 11179
f 11185 11187 11183 11181
f 11182 11184 11188 11186
f 11181 11182 11186 11185
f 11187 11188 11184 11183
f 11183 11184 11182 11181
f 11185 11186 11188 11187
f 11193 11195 11191 11189
f 11190 11192 11196 11194
f 11189 11190 11194 11193
f 11195 11196 11192 11191
f 11191 11192 11190 11189
f 11193 11194 11196 11195
f 11201 11203 11199 11197
f 11198 11200 11204 11202
f 11197 11198 11202 11201
f 11203 11204 11200 11199
f 11199 11200 11198 11197
f 11201 11202 11204 11203
f 11209 11211 11207 11205
f 11206 11208 11212 11210
f 11205 11206 11210 11209
f 11211 11212 11208 11207
f 11207 11208 11206 11205
f 11209 11210 11212 11211
f 11217 11219 11215 11213
f 11214 11216 11220 11218
f 11213 11214 11218 11217
f 11219 11220 11216 11215
f 11215 11216 11214 11213
f 11217 11218 11220 11219
f 11225 11227 11223 11221
f 11222 11224 11228 11226
f 11221 11222 11226 11225
f 11227 11228 11224 11223
f 11223 11224 11222 11221
f 11225 11226 11228 11227
o STATION_HOME_T07L_Lights
usemtl Lights
v -4.9000 3.1200 -258.7400
v -4.9000 3.1200 -259.3400
v -9.9000 3.1200 -258.7400
v -9.9000 3.1200 -259.3400
v -4.9000 3.2000 -258.7400
v -4.9000 3.2000 -259.3400
v -9.9000 3.2000 -258.7400
v -9.9000 3.2000 -259.3400
f 11233 11235 11231 11229
f 11230 11232 11236 11234
f 11229 11230 11234 11233
f 11235 11236 11232 11231
f 11231 11232 11230 11229
f 11233 11234 11236 11235
o STATION_HOME_T07L_Glass-col
usemtl Glass
v -5.4000 1.2000 -257.4400
v -5.4000 1.2000 -257.4900
v -9.4000 1.2000 -257.4400
v -9.4000 1.2000 -257.4900
v -5.4000 2.4000 -257.4400
v -5.4000 2.4000 -257.4900
v -9.4000 2.4000 -257.4400
v -9.4000 2.4000 -257.4900
v -5.4000 1.2000 -260.5900
v -5.4000 1.2000 -260.6400
v -9.4000 1.2000 -260.5900
v -9.4000 1.2000 -260.6400
v -5.4000 2.4000 -260.5900
v -5.4000 2.4000 -260.6400
v -9.4000 2.4000 -260.5900
v -9.4000 2.4000 -260.6400
f 11241 11243 11239 11237
f 11238 11240 11244 11242
f 11237 11238 11242 11241
f 11243 11244 11240 11239
f 11239 11240 11238 11237
f 11241 11242 11244 11243
f 11249 11251 11247 11245
f 11246 11248 11252 11250
f 11245 11246 11250 11249
f 11251 11252 11248 11247
f 11247 11248 11246 11245
f 11249 11250 11252 11251
o STATION_HOME_M15BAR_Deck-col
usemtl Deck
v -10.8000 -0.3000 -250.5400
v -10.8000 -0.3000 -267.5400
v -30.8000 -0.3000 -250.5400
v -30.8000 -0.3000 -267.5400
v -10.8000 0.0000 -250.5400
v -10.8000 0.0000 -267.5400
v -30.8000 0.0000 -250.5400
v -30.8000 0.0000 -267.5400
v -20.8000 3.7000 -250.5400
v -20.8000 3.7000 -267.5400
v -30.8000 3.7000 -250.5400
v -30.8000 3.7000 -267.5400
v -20.8000 4.0000 -250.5400
v -20.8000 4.0000 -267.5400
v -30.8000 4.0000 -250.5400
v -30.8000 4.0000 -267.5400
f 11257 11259 11255 11253
f 11254 11256 11260 11258
f 11253 11254 11258 11257
f 11259 11260 11256 11255
f 11255 11256 11254 11253
f 11257 11258 11260 11259
f 11265 11267 11263 11261
f 11262 11264 11268 11266
f 11261 11262 11266 11265
f 11267 11268 11264 11263
f 11263 11264 11262 11261
f 11265 11266 11268 11267
o STATION_HOME_M15BAR_Hull-col
usemtl Hull
v -10.4000 8.0000 -250.0400
v -10.4000 8.0000 -268.0400
v -31.2000 8.0000 -250.0400
v -31.2000 8.0000 -268.0400
v -10.4000 8.4000 -250.0400
v -10.4000 8.4000 -268.0400
v -31.2000 8.4000 -250.0400
v -31.2000 8.4000 -268.0400
v -10.4000 -0.7000 -250.0400
v -10.4000 -0.7000 -268.0400
v -31.2000 -0.7000 -250.0400
v -31.2000 -0.7000 -268.0400
v -10.4000 -0.3000 -250.0400
v -10.4000 -0.3000 -268.0400
v -31.2000 -0.3000 -250.0400
v -31.2000 -0.3000 -268.0400
v -10.8000 -0.3000 -250.0400
v -10.8000 -0.3000 -250.5400
v -14.8000 -0.3000 -250.0400
v -14.8000 -0.3000 -250.5400
v -10.8000 8.0000 -250.0400
v -10.8000 8.0000 -250.5400
v -14.8000 8.0000 -250.0400
v -14.8000 8.0000 -250.5400
v -14.8000 -0.3000 -250.0400
v -14.8000 -0.3000 -250.5400
v -16.8000 -0.3000 -250.0400
v -16.8000 -0.3000 -250.5400
v -14.8000 0.0000 -250.0400
v -14.8000 0.0000 -250.5400
v -16.8000 0.0000 -250.0400
v -16.8000 0.0000 -250.5400
v -14.8000 2.6000 -250.0400
v -14.8000 2.6000 -250.5400
v -16.8000 2.6000 -250.0400
v -16.8000 2.6000 -250.5400
v -14.8000 8.0000 -250.0400
v -14.8000 8.0000 -250.5400
v -16.8000 8.0000 -250.0400
v -16.8000 8.0000 -250.5400
v -16.8000 -0.3000 -250.0400
v -16.8000 -0.3000 -250.5400
v -30.8000 -0.3000 -250.0400
v -30.8000 -0.3000 -250.5400
v -16.8000 8.0000 -250.0400
v -16.8000 8.0000 -250.5400
v -30.8000 8.0000 -250.0400
v -30.8000 8.0000 -250.5400
v -10.8000 -0.3000 -267.5400
v -10.8000 -0.3000 -268.0400
v -14.8000 -0.3000 -267.5400
v -14.8000 -0.3000 -268.0400
v -10.8000 8.0000 -267.5400
v -10.8000 8.0000 -268.0400
v -14.8000 8.0000 -267.5400
v -14.8000 8.0000 -268.0400
v -14.8000 -0.3000 -267.5400
v -14.8000 -0.3000 -268.0400
v -16.8000 -0.3000 -267.5400
v -16.8000 -0.3000 -268.0400
v -14.8000 0.0000 -267.5400
v -14.8000 0.0000 -268.0400
v -16.8000 0.0000 -267.5400
v -16.8000 0.0000 -268.0400
v -14.8000 2.6000 -267.5400
v -14.8000 2.6000 -268.0400
v -16.8000 2.6000 -267.5400
v -16.8000 2.6000 -268.0400
v -14.8000 8.0000 -267.5400
v -14.8000 8.0000 -268.0400
v -16.8000 8.0000 -267.5400
v -16.8000 8.0000 -268.0400
v -16.8000 -0.3000 -267.5400
v -16.8000 -0.3000 -268.0400
v -30.8000 -0.3000 -267.5400
v -30.8000 -0.3000 -268.0400
v -16.8000 8.0000 -267.5400
v -16.8000 8.0000 -268.0400
v -30.8000 8.0000 -267.5400
v -30.8000 8.0000 -268.0400
v -10.4000 -0.3000 -250.0400
v -10.4000 -0.3000 -258.1400
v -10.8000 -0.3000 -250.0400
v -10.8000 -0.3000 -258.1400
v -10.4000 8.0000 -250.0400
v -10.4000 8.0000 -258.1400
v -10.8000 8.0000 -250.0400
v -10.8000 8.0000 -258.1400
v -10.4000 -0.3000 -258.1400
v -10.4000 -0.3000 -259.9400
v -10.8000 -0.3000 -258.1400
v -10.8000 -0.3000 -259.9400
v -10.4000 0.0000 -258.1400
v -10.4000 0.0000 -259.9400
v -10.8000 0.0000 -258.1400
v -10.8000 0.0000 -259.9400
v -10.4000 2.8000 -258.1400
v -10.4000 2.8000 -259.9400
v -10.8000 2.8000 -258.1400
v -10.8000 2.8000 -259.9400
v -10.4000 8.0000 -258.1400
v -10.4000 8.0000 -259.9400
v -10.8000 8.0000 -258.1400
v -10.8000 8.0000 -259.9400
v -10.4000 -0.3000 -259.9400
v -10.4000 -0.3000 -268.0400
v -10.8000 -0.3000 -259.9400
v -10.8000 -0.3000 -268.0400
v -10.4000 8.0000 -259.9400
v -10.4000 8.0000 -268.0400
v -10.8000 8.0000 -259.9400
v -10.8000 8.0000 -268.0400
v -30.8000 -0.3000 -250.0400
v -30.8000 -0.3000 -258.1400
v -31.2000 -0.3000 -250.0400
v -31.2000 -0.3000 -258.1400
v -30.8000 8.0000 -250.0400
v -30.8000 8.0000 -258.1400
v -31.2000 8.0000 -250.0400
v -31.2000 8.0000 -258.1400
v -30.8000 -0.3000 -258.1400
v -30.8000 -0.3000 -259.9400
v -31.2000 -0.3000 -258.1400
v -31.2000 -0.3000 -259.9400
v -30.8000 0.0000 -258.1400
v -30.8000 0.0000 -259.9400
v -31.2000 0.0000 -258.1400
v -31.2000 0.0000 -259.9400
v -30.8000 2.8000 -258.1400
v -30.8000 2.8000 -259.9400
v -31.2000 2.8000 -258.1400
v -31.2000 2.8000 -259.9400
v -30.8000 8.0000 -258.1400
v -30.8000 8.0000 -259.9400
v -31.2000 8.0000 -258.1400
v -31.2000 8.0000 -259.9400
v -30.8000 -0.3000 -259.9400
v -30.8000 -0.3000 -268.0400
v -31.2000 -0.3000 -259.9400
v -31.2000 -0.3000 -268.0400
v -30.8000 8.0000 -259.9400
v -30.8000 8.0000 -268.0400
v -31.2000 8.0000 -259.9400
v -31.2000 8.0000 -268.0400
f 11273 11275 11271 11269
f 11270 11272 11276 11274
f 11269 11270 11274 11273
f 11275 11276 11272 11271
f 11271 11272 11270 11269
f 11273 11274 11276 11275
f 11281 11283 11279 11277
f 11278 11280 11284 11282
f 11277 11278 11282 11281
f 11283 11284 11280 11279
f 11279 11280 11278 11277
f 11281 11282 11284 11283
f 11289 11291 11287 11285
f 11286 11288 11292 11290
f 11285 11286 11290 11289
f 11291 11292 11288 11287
f 11287 11288 11286 11285
f 11289 11290 11292 11291
f 11297 11299 11295 11293
f 11294 11296 11300 11298
f 11293 11294 11298 11297
f 11299 11300 11296 11295
f 11295 11296 11294 11293
f 11297 11298 11300 11299
f 11305 11307 11303 11301
f 11302 11304 11308 11306
f 11301 11302 11306 11305
f 11307 11308 11304 11303
f 11303 11304 11302 11301
f 11305 11306 11308 11307
f 11313 11315 11311 11309
f 11310 11312 11316 11314
f 11309 11310 11314 11313
f 11315 11316 11312 11311
f 11311 11312 11310 11309
f 11313 11314 11316 11315
f 11321 11323 11319 11317
f 11318 11320 11324 11322
f 11317 11318 11322 11321
f 11323 11324 11320 11319
f 11319 11320 11318 11317
f 11321 11322 11324 11323
f 11329 11331 11327 11325
f 11326 11328 11332 11330
f 11325 11326 11330 11329
f 11331 11332 11328 11327
f 11327 11328 11326 11325
f 11329 11330 11332 11331
f 11337 11339 11335 11333
f 11334 11336 11340 11338
f 11333 11334 11338 11337
f 11339 11340 11336 11335
f 11335 11336 11334 11333
f 11337 11338 11340 11339
f 11345 11347 11343 11341
f 11342 11344 11348 11346
f 11341 11342 11346 11345
f 11347 11348 11344 11343
f 11343 11344 11342 11341
f 11345 11346 11348 11347
f 11353 11355 11351 11349
f 11350 11352 11356 11354
f 11349 11350 11354 11353
f 11355 11356 11352 11351
f 11351 11352 11350 11349
f 11353 11354 11356 11355
f 11361 11363 11359 11357
f 11358 11360 11364 11362
f 11357 11358 11362 11361
f 11363 11364 11360 11359
f 11359 11360 11358 11357
f 11361 11362 11364 11363
f 11369 11371 11367 11365
f 11366 11368 11372 11370
f 11365 11366 11370 11369
f 11371 11372 11368 11367
f 11367 11368 11366 11365
f 11369 11370 11372 11371
f 11377 11379 11375 11373
f 11374 11376 11380 11378
f 11373 11374 11378 11377
f 11379 11380 11376 11375
f 11375 11376 11374 11373
f 11377 11378 11380 11379
f 11385 11387 11383 11381
f 11382 11384 11388 11386
f 11381 11382 11386 11385
f 11387 11388 11384 11383
f 11383 11384 11382 11381
f 11385 11386 11388 11387
f 11393 11395 11391 11389
f 11390 11392 11396 11394
f 11389 11390 11394 11393
f 11395 11396 11392 11391
f 11391 11392 11390 11389
f 11393 11394 11396 11395
f 11401 11403 11399 11397
f 11398 11400 11404 11402
f 11397 11398 11402 11401
f 11403 11404 11400 11399
f 11399 11400 11398 11397
f 11401 11402 11404 11403
f 11409 11411 11407 11405
f 11406 11408 11412 11410
f 11405 11406 11410 11409
f 11411 11412 11408 11407
f 11407 11408 11406 11405
f 11409 11410 11412 11411
o STATION_HOME_M15BAR_Interior-col
usemtl Interior
v -20.7000 0.0000 -250.5400
v -20.7000 0.0000 -257.8400
v -20.9000 0.0000 -250.5400
v -20.9000 0.0000 -257.8400
v -20.7000 4.0000 -250.5400
v -20.7000 4.0000 -257.8400
v -20.9000 4.0000 -250.5400
v -20.9000 4.0000 -257.8400
v -20.7000 3.0000 -257.8400
v -20.7000 3.0000 -260.2400
v -20.9000 3.0000 -257.8400
v -20.9000 3.0000 -260.2400
v -20.7000 4.0000 -257.8400
v -20.7000 4.0000 -260.2400
v -20.9000 4.0000 -257.8400
v -20.9000 4.0000 -260.2400
v -20.7000 0.0000 -260.2400
v -20.7000 0.0000 -267.5400
v -20.9000 0.0000 -260.2400
v -20.9000 0.0000 -267.5400
v -20.7000 4.0000 -260.2400
v -20.7000 4.0000 -267.5400
v -20.9000 4.0000 -260.2400
v -20.9000 4.0000 -267.5400
v -20.8000 0.0000 -257.6400
v -20.8000 0.0000 -257.8400
v -25.0000 0.0000 -257.6400
v -25.0000 0.0000 -257.8400
v -20.8000 4.0000 -257.6400
v -20.8000 4.0000 -257.8400
v -25.0000 4.0000 -257.6400
v -25.0000 4.0000 -257.8400
v -25.0000 2.6000 -257.6400
v -25.0000 2.6000 -257.8400
v -26.6000 2.6000 -257.6400
v -26.6000 2.6000 -257.8400
v -25.0000 4.0000 -257.6400
v -25.0000 4.0000 -257.8400
v -26.6000 4.0000 -257.6400
v -26.6000 4.0000 -257.8400
v -26.6000 0.0000 -257.6400
v -26.6000 0.0000 -257.8400
v -30.8000 0.0000 -257.6400
v -30.8000 0.0000 -257.8400
v -26.6000 4.0000 -257.6400
v -26.6000 4.0000 -257.8400
v -30.8000 4.0000 -257.6400
v -30.8000 4.0000 -257.8400
v -20.8000 0.0000 -260.2400
v -20.8000 0.0000 -260.4400
v -25.0000 0.0000 -260.2400
v -25.0000 0.0000 -260.4400
v -20.8000 4.0000 -260.2400
v -20.8000 4.0000 -260.4400
v -25.0000 4.0000 -260.2400
v -25.0000 4.0000 -260.4400
v -25.0000 2.6000 -260.2400
v -25.0000 2.6000 -260.4400
v -26.6000 2.6000 -260.2400
v -26.6000 2.6000 -260.4400
v -25.0000 4.0000 -260.2400
v -25.0000 4.0000 -260.4400
v -26.6000 4.0000 -260.2400
v -26.6000 4.0000 -260.4400
v -26.6000 0.0000 -260.2400
v -26.6000 0.0000 -260.4400
v -30.8000 0.0000 -260.2400
v -30.8000 0.0000 -260.4400
v -26.6000 4.0000 -260.2400
v -26.6000 4.0000 -260.4400
v -30.8000 4.0000 -260.2400
v -30.8000 4.0000 -260.4400
f 11417 11419 11415 11413
f 11414 11416 11420 11418
f 11413 11414 11418 11417
f 11419 11420 11416 11415
f 11415 11416 11414 11413
f 11417 11418 11420 11419
f 11425 11427 11423 11421
f 11422 11424 11428 11426
f 11421 11422 11426 11425
f 11427 11428 11424 11423
f 11423 11424 11422 11421
f 11425 11426 11428 11427
f 11433 11435 11431 11429
f 11430 11432 11436 11434
f 11429 11430 11434 11433
f 11435 11436 11432 11431
f 11431 11432 11430 11429
f 11433 11434 11436 11435
f 11441 11443 11439 11437
f 11438 11440 11444 11442
f 11437 11438 11442 11441
f 11443 11444 11440 11439
f 11439 11440 11438 11437
f 11441 11442 11444 11443
f 11449 11451 11447 11445
f 11446 11448 11452 11450
f 11445 11446 11450 11449
f 11451 11452 11448 11447
f 11447 11448 11446 11445
f 11449 11450 11452 11451
f 11457 11459 11455 11453
f 11454 11456 11460 11458
f 11453 11454 11458 11457
f 11459 11460 11456 11455
f 11455 11456 11454 11453
f 11457 11458 11460 11459
f 11465 11467 11463 11461
f 11462 11464 11468 11466
f 11461 11462 11466 11465
f 11467 11468 11464 11463
f 11463 11464 11462 11461
f 11465 11466 11468 11467
f 11473 11475 11471 11469
f 11470 11472 11476 11474
f 11469 11470 11474 11473
f 11475 11476 11472 11471
f 11471 11472 11470 11469
f 11473 11474 11476 11475
f 11481 11483 11479 11477
f 11478 11480 11484 11482
f 11477 11478 11482 11481
f 11483 11484 11480 11479
f 11479 11480 11478 11477
f 11481 11482 11484 11483
o STATION_HOME_M15BAR_Furniture-col
usemtl Furniture
v -21.4000 0.0000 -266.7400
v -21.4000 0.0000 -267.4400
v -30.2000 0.0000 -266.7400
v -30.2000 0.0000 -267.4400
v -21.4000 1.1000 -266.7400
v -21.4000 1.1000 -267.4400
v -30.2000 1.1000 -266.7400
v -30.2000 1.1000 -267.4400
v -21.4000 0.0000 -250.6400
v -21.4000 0.0000 -251.1400
v -23.8000 0.0000 -250.6400
v -23.8000 0.0000 -251.1400
v -21.4000 2.0000 -250.6400
v -21.4000 2.0000 -251.1400
v -23.8000 2.0000 -250.6400
v -23.8000 2.0000 -251.1400
v -25.2000 0.0000 -255.0400
v -25.2000 0.0000 -256.4400
v -26.4000 0.0000 -255.0400
v -26.4000 0.0000 -256.4400
v -25.2000 0.7500 -255.0400
v -25.2000 0.7500 -256.4400
v -26.4000 0.7500 -255.0400
v -26.4000 0.7500 -256.4400
v -21.2000 0.0000 -259.8900
v -21.2000 0.0000 -260.2400
v -22.4000 0.0000 -259.8900
v -22.4000 0.0000 -260.2400
v -21.2000 2.0000 -259.8900
v -21.2000 2.0000 -260.2400
v -22.4000 2.0000 -259.8900
v -22.4000 2.0000 -260.2400
v -12.3000 0.0000 -261.1400
v -12.3000 0.0000 -265.5400
v -13.1000 0.0000 -261.1400
v -13.1000 0.0000 -265.5400
v -12.3000 3.2000 -261.1400
v -12.3000 3.2000 -265.5400
v -13.1000 3.2000 -261.1400
v -13.1000 3.2000 -265.5400
v -12.3000 0.0000 -252.5400
v -12.3000 0.0000 -256.1400
v -13.1000 0.0000 -252.5400
v -13.1000 0.0000 -256.1400
v -12.3000 3.2000 -252.5400
v -12.3000 3.2000 -256.1400
v -13.1000 3.2000 -252.5400
v -13.1000 3.2000 -256.1400
v -15.3000 0.0000 -261.1400
v -15.3000 0.0000 -265.5400
v -16.1000 0.0000 -261.1400
v -16.1000 0.0000 -265.5400
v -15.3000 3.2000 -261.1400
v -15.3000 3.2000 -265.5400
v -16.1000 3.2000 -261.1400
v -16.1000 3.2000 -265.5400
v -15.3000 0.0000 -252.5400
v -15.3000 0.0000 -256.1400
v -16.1000 0.0000 -252.5400
v -16.1000 0.0000 -256.1400
v -15.3000 3.2000 -252.5400
v -15.3000 3.2000 -256.1400
v -16.1000 3.2000 -252.5400
v -16.1000 3.2000 -256.1400
v -18.3000 0.0000 -261.1400
v -18.3000 0.0000 -265.5400
v -19.1000 0.0000 -261.1400
v -19.1000 0.0000 -265.5400
v -18.3000 3.2000 -261.1400
v -18.3000 3.2000 -265.5400
v -19.1000 3.2000 -261.1400
v -19.1000 3.2000 -265.5400
v -18.3000 0.0000 -252.5400
v -18.3000 0.0000 -256.1400
v -19.1000 0.0000 -252.5400
v -19.1000 0.0000 -256.1400
v -18.3000 3.2000 -252.5400
v -18.3000 3.2000 -256.1400
v -19.1000 3.2000 -252.5400
v -19.1000 3.2000 -256.1400
v -15.3000 0.6000 -250.5900
v -15.3000 0.6000 -250.9900
v -16.3000 0.6000 -250.5900
v -16.3000 0.6000 -250.9900
v -15.3000 2.0000 -250.5900
v -15.3000 2.0000 -250.9900
v -16.3000 2.0000 -250.5900
v -16.3000 2.0000 -250.9900
f 11489 11491 11487 11485
f 11486 11488 11492 11490
f 11485 11486 11490 11489
f 11491 11492 11488 11487
f 11487 11488 11486 11485
f 11489 11490 11492 11491
f 11497 11499 11495 11493
f 11494 11496 11500 11498
f 11493 11494 11498 11497
f 11499 11500 11496 11495
f 11495 11496 11494 11493
f 11497 11498 11500 11499
f 11505 11507 11503 11501
f 11502 11504 11508 11506
f 11501 11502 11506 11505
f 11507 11508 11504 11503
f 11503 11504 11502 11501
f 11505 11506 11508 11507
f 11513 11515 11511 11509
f 11510 11512 11516 11514
f 11509 11510 11514 11513
f 11515 11516 11512 11511
f 11511 11512 11510 11509
f 11513 11514 11516 11515
f 11521 11523 11519 11517
f 11518 11520 11524 11522
f 11517 11518 11522 11521
f 11523 11524 11520 11519
f 11519 11520 11518 11517
f 11521 11522 11524 11523
f 11529 11531 11527 11525
f 11526 11528 11532 11530
f 11525 11526 11530 11529
f 11531 11532 11528 11527
f 11527 11528 11526 11525
f 11529 11530 11532 11531
f 11537 11539 11535 11533
f 11534 11536 11540 11538
f 11533 11534 11538 11537
f 11539 11540 11536 11535
f 11535 11536 11534 11533
f 11537 11538 11540 11539
f 11545 11547 11543 11541
f 11542 11544 11548 11546
f 11541 11542 11546 11545
f 11547 11548 11544 11543
f 11543 11544 11542 11541
f 11545 11546 11548 11547
f 11553 11555 11551 11549
f 11550 11552 11556 11554
f 11549 11550 11554 11553
f 11555 11556 11552 11551
f 11551 11552 11550 11549
f 11553 11554 11556 11555
f 11561 11563 11559 11557
f 11558 11560 11564 11562
f 11557 11558 11562 11561
f 11563 11564 11560 11559
f 11559 11560 11558 11557
f 11561 11562 11564 11563
f 11569 11571 11567 11565
f 11566 11568 11572 11570
f 11565 11566 11570 11569
f 11571 11572 11568 11567
f 11567 11568 11566 11565
f 11569 11570 11572 11571
o STATION_HOME_M15BAR_Cover-col
usemtl Cover
v -13.0000 0.0000 -255.4400
v -13.0000 0.0000 -256.4400
v -14.0000 0.0000 -255.4400
v -14.0000 0.0000 -256.4400
v -13.0000 1.1000 -255.4400
v -13.0000 1.1000 -256.4400
v -14.0000 1.1000 -255.4400
v -14.0000 1.1000 -256.4400
v -17.6000 0.0000 -255.4400
v -17.6000 0.0000 -256.4400
v -18.6000 0.0000 -255.4400
v -18.6000 0.0000 -256.4400
v -17.6000 1.1000 -255.4400
v -17.6000 1.1000 -256.4400
v -18.6000 1.1000 -255.4400
v -18.6000 1.1000 -256.4400
f 11577 11579 11575 11573
f 11574 11576 11580 11578
f 11573 11574 11578 11577
f 11579 11580 11576 11575
f 11575 11576 11574 11573
f 11577 11578 11580 11579
f 11585 11587 11583 11581
f 11582 11584 11588 11586
f 11581 11582 11586 11585
f 11587 11588 11584 11583
f 11583 11584 11582 11581
f 11585 11586 11588 11587
o STATION_HOME_M15BAR_Hazard
usemtl Hazard
v -14.5000 0.0000 -249.9200
v -14.5000 0.0000 -250.0400
v -14.8000 0.0000 -249.9200
v -14.8000 0.0000 -250.0400
v -14.5000 2.9000 -249.9200
v -14.5000 2.9000 -250.0400
v -14.8000 2.9000 -249.9200
v -14.8000 2.9000 -250.0400
v -16.8000 0.0000 -249.9200
v -16.8000 0.0000 -250.0400
v -17.1000 0.0000 -249.9200
v -17.1000 0.0000 -250.0400
v -16.8000 2.9000 -249.9200
v -16.8000 2.9000 -250.0400
v -17.1000 2.9000 -249.9200
v -17.1000 2.9000 -250.0400
v -14.5000 0.0000 -268.0400
v -14.5000 0.0000 -268.1600
v -14.8000 0.0000 -268.0400
v -14.8000 0.0000 -268.1600
v -14.5000 2.9000 -268.0400
v -14.5000 2.9000 -268.1600
v -14.8000 2.9000 -268.0400
v -14.8000 2.9000 -268.1600
v -16.8000 0.0000 -268.0400
v -16.8000 0.0000 -268.1600
v -17.1000 0.0000 -268.0400
v -17.1000 0.0000 -268.1600
v -16.8000 2.9000 -268.0400
v -16.8000 2.9000 -268.1600
v -17.1000 2.9000 -268.0400
v -17.1000 2.9000 -268.1600
v -31.2000 2.8000 -257.8400
v -31.2000 2.8000 -260.2400
v -31.2400 2.8000 -257.8400
v -31.2400 2.8000 -260.2400
v -31.2000 3.0000 -257.8400
v -31.2000 3.0000 -260.2400
v -31.2400 3.0000 -257.8400
v -31.2400 3.0000 -260.2400
v -15.3000 1.8000 -250.9900
v -15.3000 1.8000 -251.0100
v -16.3000 1.8000 -250.9900
v -16.3000 1.8000 -251.0100
v -15.3000 2.0000 -250.9900
v -15.3000 2.0000 -251.0100
v -16.3000 2.0000 -250.9900
v -16.3000 2.0000 -251.0100
f 11593 11595 11591 11589
f 11590 11592 11596 11594
f 11589 11590 11594 11593
f 11595 11596 11592 11591
f 11591 11592 11590 11589
f 11593 11594 11596 11595
f 11601 11603 11599 11597
f 11598 11600 11604 11602
f 11597 11598 11602 11601
f 11603 11604 11600 11599
f 11599 11600 11598 11597
f 11601 11602 11604 11603
f 11609 11611 11607 11605
f 11606 11608 11612 11610
f 11605 11606 11610 11609
f 11611 11612 11608 11607
f 11607 11608 11606 11605
f 11609 11610 11612 11611
f 11617 11619 11615 11613
f 11614 11616 11620 11618
f 11613 11614 11618 11617
f 11619 11620 11616 11615
f 11615 11616 11614 11613
f 11617 11618 11620 11619
f 11625 11627 11623 11621
f 11622 11624 11628 11626
f 11621 11622 11626 11625
f 11627 11628 11624 11623
f 11623 11624 11622 11621
f 11625 11626 11628 11627
f 11633 11635 11631 11629
f 11630 11632 11636 11634
f 11629 11630 11634 11633
f 11635 11636 11632 11631
f 11631 11632 11630 11629
f 11633 11634 11636 11635
o STATION_HOME_M15BAR_Lights
usemtl Lights
v -21.6000 0.8000 -266.7200
v -21.6000 0.8000 -266.7400
v -30.0000 0.8000 -266.7200
v -30.0000 0.8000 -266.7400
v -21.6000 1.0500 -266.7200
v -21.6000 1.0500 -266.7400
v -30.0000 1.0500 -266.7200
v -30.0000 1.0500 -266.7400
v -25.1000 1.0000 -261.7400
v -25.1000 1.0000 -262.7400
v -26.5000 1.0000 -261.7400
v -26.5000 1.0000 -262.7400
v -25.1000 1.0300 -261.7400
v -25.1000 1.0300 -262.7400
v -26.5000 1.0300 -261.7400
v -26.5000 1.0300 -262.7400
v -21.3000 3.6200 -258.7400
v -21.3000 3.6200 -259.3400
v -30.3000 3.6200 -258.7400
v -30.3000 3.6200 -259.3400
v -21.3000 3.7000 -258.7400
v -21.3000 3.7000 -259.3400
v -30.3000 3.7000 -258.7400
v -30.3000 3.7000 -259.3400
v -11.7000 7.8800 -258.6400
v -11.7000 7.8800 -259.4400
v -19.9000 7.8800 -258.6400
v -19.9000 7.8800 -259.4400
v -11.7000 7.9600 -258.6400
v -11.7000 7.9600 -259.4400
v -19.9000 7.9600 -258.6400
v -19.9000 7.9600 -259.4400
v -14.8000 2.6000 -268.0400
v -14.8000 2.6000 -268.0800
v -26.8000 2.6000 -268.0400
v -26.8000 2.6000 -268.0800
v -14.8000 2.8000 -268.0400
v -14.8000 2.8000 -268.0800
v -26.8000 2.8000 -268.0400
v -26.8000 2.8000 -268.0800
f 11641 11643 11639 11637
f 11638 11640 11644 11642
f 11637 11638 11642 11641
f 11643 11644 11640 11639
f 11639 11640 11638 11637
f 11641 11642 11644 11643
f 11649 11651 11647 11645
f 11646 11648 11652 11650
f 11645 11646 11650 11649
f 11651 11652 11648 11647
f 11647 11648 11646 11645
f 11649 11650 11652 11651
f 11657 11659 11655 11653
f 11654 11656 11660 11658
f 11653 11654 11658 11657
f 11659 11660 11656 11655
f 11655 11656 11654 11653
f 11657 11658 11660 11659
f 11665 11667 11663 11661
f 11662 11664 11668 11666
f 11661 11662 11666 11665
f 11667 11668 11664 11663
f 11663 11664 11662 11661
f 11665 11666 11668 11667
f 11673 11675 11671 11669
f 11670 11672 11676 11674
f 11669 11670 11674 11673
f 11675 11676 11672 11671
f 11671 11672 11670 11669
f 11673 11674 11676 11675
o STATION_HOME_M15BAR_AirlockPort_Door-col
usemtl Door
v -14.7500 0.0000 -250.2400
v -14.7500 0.0000 -250.3400
v -16.8500 0.0000 -250.2400
v -16.8500 0.0000 -250.3400
v -14.7500 2.6000 -250.2400
v -14.7500 2.6000 -250.3400
v -16.8500 2.6000 -250.2400
v -16.8500 2.6000 -250.3400
f 11681 11683 11679 11677
f 11678 11680 11684 11682
f 11677 11678 11682 11681
f 11683 11684 11680 11679
f 11679 11680 11678 11677
f 11681 11682 11684 11683
o STATION_HOME_M15BAR_AirlockStbd_Door-col
usemtl Door
v -14.7500 0.0000 -267.7400
v -14.7500 0.0000 -267.8400
v -16.8500 0.0000 -267.7400
v -16.8500 0.0000 -267.8400
v -14.7500 2.6000 -267.7400
v -14.7500 2.6000 -267.8400
v -16.8500 2.6000 -267.7400
v -16.8500 2.6000 -267.8400
f 11689 11691 11687 11685
f 11686 11688 11692 11690
f 11685 11686 11690 11689
f 11691 11692 11688 11687
f 11687 11688 11686 11685
f 11689 11690 11692 11691
o STATION_HOME_M15BAR_Connector_Back_Door-col
usemtl Door
v -10.5500 0.0000 -258.0900
v -10.5500 0.0000 -259.9900
v -10.6500 0.0000 -258.0900
v -10.6500 0.0000 -259.9900
v -10.5500 2.8000 -258.0900
v -10.5500 2.8000 -259.9900
v -10.6500 2.8000 -258.0900
v -10.6500 2.8000 -259.9900
f 11697 11699 11695 11693
f 11694 11696 11700 11698
f 11693 11694 11698 11697
f 11699 11700 11696 11695
f 11695 11696 11694 11693
f 11697 11698 11700 11699
o STATION_HOME_M15BAR_Connector_Front_Door-col
usemtl Door
v -30.9500 0.0000 -258.0900
v -30.9500 0.0000 -259.9900
v -31.0500 0.0000 -258.0900
v -31.0500 0.0000 -259.9900
v -30.9500 2.8000 -258.0900
v -30.9500 2.8000 -259.9900
v -31.0500 2.8000 -258.0900
v -31.0500 2.8000 -259.9900
f 11705 11707 11703 11701
f 11702 11704 11708 11706
f 11701 11702 11706 11705
f 11707 11708 11704 11703
f 11703 11704 11702 11701
f 11705 11706 11708 11707
o STATION_HOME_M15BAR_ControlConsole-col
usemtl Furniture
v -25.0000 0.0000 -261.6400
v -25.0000 0.0000 -262.8400
v -26.6000 0.0000 -261.6400
v -26.6000 0.0000 -262.8400
v -25.0000 1.0000 -261.6400
v -25.0000 1.0000 -262.8400
v -26.6000 1.0000 -261.6400
v -26.6000 1.0000 -262.8400
f 11713 11715 11711 11709
f 11710 11712 11716 11714
f 11709 11710 11714 11713
f 11715 11716 11712 11711
f 11711 11712 11710 11709
f 11713 11714 11716 11715
o STATION_HOME_M15BAR_StatusLight
usemtl Lights
v -29.3000 8.4000 -258.5400
v -29.3000 8.4000 -259.5400
v -30.3000 8.4000 -258.5400
v -30.3000 8.4000 -259.5400
v -29.3000 8.7000 -258.5400
v -29.3000 8.7000 -259.5400
v -30.3000 8.7000 -258.5400
v -30.3000 8.7000 -259.5400
f 11721 11723 11719 11717
f 11718 11720 11724 11722
f 11717 11718 11722 11721
f 11723 11724 11720 11719
f 11719 11720 11718 11717
f 11721 11722 11724 11723
o STATION_HOME_T08_Deck-col
usemtl Deck
v -1.4000 -0.3000 -263.4400
v 1.4000 -0.3000 -263.4400
v -1.4000 -0.3000 -289.7600
v 1.4000 -0.3000 -289.7600
v -1.4000 0.0000 -263.4400
v 1.4000 0.0000 -263.4400
v -1.4000 0.0000 -289.7600
v 1.4000 0.0000 -289.7600
f 11729 11731 11727 11725
f 11726 11728 11732 11730
f 11725 11726 11730 11729
f 11731 11732 11728 11727
f 11727 11728 11726 11725
f 11729 11730 11732 11731
o STATION_HOME_T08_Hull-col
usemtl Hull
v -1.8000 3.2000 -263.4400
v 1.8000 3.2000 -263.4400
v -1.8000 3.2000 -289.7600
v 1.8000 3.2000 -289.7600
v -1.8000 3.6000 -263.4400
v 1.8000 3.6000 -263.4400
v -1.8000 3.6000 -289.7600
v 1.8000 3.6000 -289.7600
v -1.8000 -0.7000 -263.4400
v 1.8000 -0.7000 -263.4400
v -1.8000 -0.7000 -289.7600
v 1.8000 -0.7000 -289.7600
v -1.8000 -0.3000 -263.4400
v 1.8000 -0.3000 -263.4400
v -1.8000 -0.3000 -289.7600
v 1.8000 -0.3000 -289.7600
v -1.8000 -0.3000 -263.4400
v -1.4000 -0.3000 -263.4400
v -1.8000 -0.3000 -264.4400
v -1.4000 -0.3000 -264.4400
v -1.8000 3.2000 -263.4400
v -1.4000 3.2000 -263.4400
v -1.8000 3.2000 -264.4400
v -1.4000 3.2000 -264.4400
v -1.8000 -0.3000 -264.4400
v -1.4000 -0.3000 -264.4400
v -1.8000 -0.3000 -288.7600
v -1.4000 -0.3000 -288.7600
v -1.8000 1.2000 -264.4400
v -1.4000 1.2000 -264.4400
v -1.8000 1.2000 -288.7600
v -1.4000 1.2000 -288.7600
v -1.8000 2.4000 -264.4400
v -1.4000 2.4000 -264.4400
v -1.8000 2.4000 -288.7600
v -1.4000 2.4000 -288.7600
v -1.8000 3.2000 -264.4400
v -1.4000 3.2000 -264.4400
v -1.8000 3.2000 -288.7600
v -1.4000 3.2000 -288.7600
v -1.8000 -0.3000 -288.7600
v -1.4000 -0.3000 -288.7600
v -1.8000 -0.3000 -289.7600
v -1.4000 -0.3000 -289.7600
v -1.8000 3.2000 -288.7600
v -1.4000 3.2000 -288.7600
v -1.8000 3.2000 -289.7600
v -1.4000 3.2000 -289.7600
v 1.4000 -0.3000 -263.4400
v 1.8000 -0.3000 -263.4400
v 1.4000 -0.3000 -264.4400
v 1.8000 -0.3000 -264.4400
v 1.4000 3.2000 -263.4400
v 1.8000 3.2000 -263.4400
v 1.4000 3.2000 -264.4400
v 1.8000 3.2000 -264.4400
v 1.4000 -0.3000 -264.4400
v 1.8000 -0.3000 -264.4400
v 1.4000 -0.3000 -288.7600
v 1.8000 -0.3000 -288.7600
v 1.4000 1.2000 -264.4400
v 1.8000 1.2000 -264.4400
v 1.4000 1.2000 -288.7600
v 1.8000 1.2000 -288.7600
v 1.4000 2.4000 -264.4400
v 1.8000 2.4000 -264.4400
v 1.4000 2.4000 -288.7600
v 1.8000 2.4000 -288.7600
v 1.4000 3.2000 -264.4400
v 1.8000 3.2000 -264.4400
v 1.4000 3.2000 -288.7600
v 1.8000 3.2000 -288.7600
v 1.4000 -0.3000 -288.7600
v 1.8000 -0.3000 -288.7600
v 1.4000 -0.3000 -289.7600
v 1.8000 -0.3000 -289.7600
v 1.4000 3.2000 -288.7600
v 1.8000 3.2000 -288.7600
v 1.4000 3.2000 -289.7600
v 1.8000 3.2000 -289.7600
f 11737 11739 11735 11733
f 11734 11736 11740 11738
f 11733 11734 11738 11737
f 11739 11740 11736 11735
f 11735 11736 11734 11733
f 11737 11738 11740 11739
f 11745 11747 11743 11741
f 11742 11744 11748 11746
f 11741 11742 11746 11745
f 11747 11748 11744 11743
f 11743 11744 11742 11741
f 11745 11746 11748 11747
f 11753 11755 11751 11749
f 11750 11752 11756 11754
f 11749 11750 11754 11753
f 11755 11756 11752 11751
f 11751 11752 11750 11749
f 11753 11754 11756 11755
f 11761 11763 11759 11757
f 11758 11760 11764 11762
f 11757 11758 11762 11761
f 11763 11764 11760 11759
f 11759 11760 11758 11757
f 11761 11762 11764 11763
f 11769 11771 11767 11765
f 11766 11768 11772 11770
f 11765 11766 11770 11769
f 11771 11772 11768 11767
f 11767 11768 11766 11765
f 11769 11770 11772 11771
f 11777 11779 11775 11773
f 11774 11776 11780 11778
f 11773 11774 11778 11777
f 11779 11780 11776 11775
f 11775 11776 11774 11773
f 11777 11778 11780 11779
f 11785 11787 11783 11781
f 11782 11784 11788 11786
f 11781 11782 11786 11785
f 11787 11788 11784 11783
f 11783 11784 11782 11781
f 11785 11786 11788 11787
f 11793 11795 11791 11789
f 11790 11792 11796 11794
f 11789 11790 11794 11793
f 11795 11796 11792 11791
f 11791 11792 11790 11789
f 11793 11794 11796 11795
f 11801 11803 11799 11797
f 11798 11800 11804 11802
f 11797 11798 11802 11801
f 11803 11804 11800 11799
f 11799 11800 11798 11797
f 11801 11802 11804 11803
f 11809 11811 11807 11805
f 11806 11808 11812 11810
f 11805 11806 11810 11809
f 11811 11812 11808 11807
f 11807 11808 11806 11805
f 11809 11810 11812 11811
o STATION_HOME_T08_Lights
usemtl Lights
v -0.3000 3.1200 -263.9400
v 0.3000 3.1200 -263.9400
v -0.3000 3.1200 -289.2600
v 0.3000 3.1200 -289.2600
v -0.3000 3.2000 -263.9400
v 0.3000 3.2000 -263.9400
v -0.3000 3.2000 -289.2600
v 0.3000 3.2000 -289.2600
f 11817 11819 11815 11813
f 11814 11816 11820 11818
f 11813 11814 11818 11817
f 11819 11820 11816 11815
f 11815 11816 11814 11813
f 11817 11818 11820 11819
o STATION_HOME_T08_Glass-col
usemtl Glass
v -1.6000 1.2000 -264.4400
v -1.5500 1.2000 -264.4400
v -1.6000 1.2000 -288.7600
v -1.5500 1.2000 -288.7600
v -1.6000 2.4000 -264.4400
v -1.5500 2.4000 -264.4400
v -1.6000 2.4000 -288.7600
v -1.5500 2.4000 -288.7600
v 1.5500 1.2000 -264.4400
v 1.6000 1.2000 -264.4400
v 1.5500 1.2000 -288.7600
v 1.6000 1.2000 -288.7600
v 1.5500 2.4000 -264.4400
v 1.6000 2.4000 -264.4400
v 1.5500 2.4000 -288.7600
v 1.6000 2.4000 -288.7600
f 11825 11827 11823 11821
f 11822 11824 11828 11826
f 11821 11822 11826 11825
f 11827 11828 11824 11823
f 11823 11824 11822 11821
f 11825 11826 11828 11827
f 11833 11835 11831 11829
f 11830 11832 11836 11834
f 11829 11830 11834 11833
f 11835 11836 11832 11831
f 11831 11832 11830 11829
f 11833 11834 11836 11835
o STATION_HOME_H08_Deck-col
usemtl Deck
v -4.0000 -0.3000 -290.1600
v 4.0000 -0.3000 -290.1600
v -4.0000 -0.3000 -298.1600
v 4.0000 -0.3000 -298.1600
v -4.0000 0.0000 -290.1600
v 4.0000 0.0000 -290.1600
v -4.0000 0.0000 -298.1600
v 4.0000 0.0000 -298.1600
f 11841 11843 11839 11837
f 11838 11840 11844 11842
f 11837 11838 11842 11841
f 11843 11844 11840 11839
f 11839 11840 11838 11837
f 11841 11842 11844 11843
o STATION_HOME_H08_Hull-col
usemtl Hull
v -4.4000 4.0000 -289.7600
v 4.4000 4.0000 -289.7600
v -4.4000 4.0000 -298.5600
v 4.4000 4.0000 -298.5600
v -4.4000 4.4000 -289.7600
v 4.4000 4.4000 -289.7600
v -4.4000 4.4000 -298.5600
v 4.4000 4.4000 -298.5600
v -4.4000 -0.7000 -289.7600
v 4.4000 -0.7000 -289.7600
v -4.4000 -0.7000 -298.5600
v 4.4000 -0.7000 -298.5600
v -4.4000 -0.3000 -289.7600
v 4.4000 -0.3000 -289.7600
v -4.4000 -0.3000 -298.5600
v 4.4000 -0.3000 -298.5600
v -4.4000 -0.3000 -289.7600
v -1.1000 -0.3000 -289.7600
v -4.4000 -0.3000 -290.1600
v -1.1000 -0.3000 -290.1600
v -4.4000 4.0000 -289.7600
v -1.1000 4.0000 -289.7600
v -4.4000 4.0000 -290.1600
v -1.1000 4.0000 -290.1600
v -1.1000 -0.3000 -289.7600
v 1.1000 -0.3000 -289.7600
v -1.1000 -0.3000 -290.1600
v 1.1000 -0.3000 -290.1600
v -1.1000 0.0000 -289.7600
v 1.1000 0.0000 -289.7600
v -1.1000 0.0000 -290.1600
v 1.1000 0.0000 -290.1600
v -1.1000 3.0000 -289.7600
v 1.1000 3.0000 -289.7600
v -1.1000 3.0000 -290.1600
v 1.1000 3.0000 -290.1600
v -1.1000 4.0000 -289.7600
v 1.1000 4.0000 -289.7600
v -1.1000 4.0000 -290.1600
v 1.1000 4.0000 -290.1600
v 1.1000 -0.3000 -289.7600
v 4.4000 -0.3000 -289.7600
v 1.1000 -0.3000 -290.1600
v 4.4000 -0.3000 -290.1600
v 1.1000 4.0000 -289.7600
v 4.4000 4.0000 -289.7600
v 1.1000 4.0000 -290.1600
v 4.4000 4.0000 -290.1600
v -4.4000 -0.3000 -298.1600
v -1.1000 -0.3000 -298.1600
v -4.4000 -0.3000 -298.5600
v -1.1000 -0.3000 -298.5600
v -4.4000 4.0000 -298.1600
v -1.1000 4.0000 -298.1600
v -4.4000 4.0000 -298.5600
v -1.1000 4.0000 -298.5600
v -1.1000 -0.3000 -298.1600
v 1.1000 -0.3000 -298.1600
v -1.1000 -0.3000 -298.5600
v 1.1000 -0.3000 -298.5600
v -1.1000 0.0000 -298.1600
v 1.1000 0.0000 -298.1600
v -1.1000 0.0000 -298.5600
v 1.1000 0.0000 -298.5600
v -1.1000 3.0000 -298.1600
v 1.1000 3.0000 -298.1600
v -1.1000 3.0000 -298.5600
v 1.1000 3.0000 -298.5600
v -1.1000 4.0000 -298.1600
v 1.1000 4.0000 -298.1600
v -1.1000 4.0000 -298.5600
v 1.1000 4.0000 -298.5600
v 1.1000 -0.3000 -298.1600
v 4.4000 -0.3000 -298.1600
v 1.1000 -0.3000 -298.5600
v 4.4000 -0.3000 -298.5600
v 1.1000 4.0000 -298.1600
v 4.4000 4.0000 -298.1600
v 1.1000 4.0000 -298.5600
v 4.4000 4.0000 -298.5600
v -4.4000 -0.3000 -289.7600
v -4.0000 -0.3000 -289.7600
v -4.4000 -0.3000 -293.0600
v -4.0000 -0.3000 -293.0600
v -4.4000 4.0000 -289.7600
v -4.0000 4.0000 -289.7600
v -4.4000 4.0000 -293.0600
v -4.0000 4.0000 -293.0600
v -4.4000 -0.3000 -293.0600
v -4.0000 -0.3000 -293.0600
v -4.4000 -0.3000 -295.2600
v -4.0000 -0.3000 -295.2600
v -4.4000 0.0000 -293.0600
v -4.0000 0.0000 -293.0600
v -4.4000 0.0000 -295.2600
v -4.0000 0.0000 -295.2600
v -4.4000 3.0000 -293.0600
v -4.0000 3.0000 -293.0600
v -4.4000 3.0000 -295.2600
v -4.0000 3.0000 -295.2600
v -4.4000 4.0000 -293.0600
v -4.0000 4.0000 -293.0600
v -4.4000 4.0000 -295.2600
v -4.0000 4.0000 -295.2600
v -4.4000 -0.3000 -295.2600
v -4.0000 -0.3000 -295.2600
v -4.4000 -0.3000 -298.5600
v -4.0000 -0.3000 -298.5600
v -4.4000 4.0000 -295.2600
v -4.0000 4.0000 -295.2600
v -4.4000 4.0000 -298.5600
v -4.0000 4.0000 -298.5600
v 4.0000 -0.3000 -289.7600
v 4.4000 -0.3000 -289.7600
v 4.0000 -0.3000 -293.0600
v 4.4000 -0.3000 -293.0600
v 4.0000 4.0000 -289.7600
v 4.4000 4.0000 -289.7600
v 4.0000 4.0000 -293.0600
v 4.4000 4.0000 -293.0600
v 4.0000 -0.3000 -293.0600
v 4.4000 -0.3000 -293.0600
v 4.0000 -0.3000 -295.2600
v 4.4000 -0.3000 -295.2600
v 4.0000 0.0000 -293.0600
v 4.4000 0.0000 -293.0600
v 4.0000 0.0000 -295.2600
v 4.4000 0.0000 -295.2600
v 4.0000 3.0000 -293.0600
v 4.4000 3.0000 -293.0600
v 4.0000 3.0000 -295.2600
v 4.4000 3.0000 -295.2600
v 4.0000 4.0000 -293.0600
v 4.4000 4.0000 -293.0600
v 4.0000 4.0000 -295.2600
v 4.4000 4.0000 -295.2600
v 4.0000 -0.3000 -295.2600
v 4.4000 -0.3000 -295.2600
v 4.0000 -0.3000 -298.5600
v 4.4000 -0.3000 -298.5600
v 4.0000 4.0000 -295.2600
v 4.4000 4.0000 -295.2600
v 4.0000 4.0000 -298.5600
v 4.4000 4.0000 -298.5600
f 11849 11851 11847 11845
f 11846 11848 11852 11850
f 11845 11846 11850 11849
f 11851 11852 11848 11847
f 11847 11848 11846 11845
f 11849 11850 11852 11851
f 11857 11859 11855 11853
f 11854 11856 11860 11858
f 11853 11854 11858 11857
f 11859 11860 11856 11855
f 11855 11856 11854 11853
f 11857 11858 11860 11859
f 11865 11867 11863 11861
f 11862 11864 11868 11866
f 11861 11862 11866 11865
f 11867 11868 11864 11863
f 11863 11864 11862 11861
f 11865 11866 11868 11867
f 11873 11875 11871 11869
f 11870 11872 11876 11874
f 11869 11870 11874 11873
f 11875 11876 11872 11871
f 11871 11872 11870 11869
f 11873 11874 11876 11875
f 11881 11883 11879 11877
f 11878 11880 11884 11882
f 11877 11878 11882 11881
f 11883 11884 11880 11879
f 11879 11880 11878 11877
f 11881 11882 11884 11883
f 11889 11891 11887 11885
f 11886 11888 11892 11890
f 11885 11886 11890 11889
f 11891 11892 11888 11887
f 11887 11888 11886 11885
f 11889 11890 11892 11891
f 11897 11899 11895 11893
f 11894 11896 11900 11898
f 11893 11894 11898 11897
f 11899 11900 11896 11895
f 11895 11896 11894 11893
f 11897 11898 11900 11899
f 11905 11907 11903 11901
f 11902 11904 11908 11906
f 11901 11902 11906 11905
f 11907 11908 11904 11903
f 11903 11904 11902 11901
f 11905 11906 11908 11907
f 11913 11915 11911 11909
f 11910 11912 11916 11914
f 11909 11910 11914 11913
f 11915 11916 11912 11911
f 11911 11912 11910 11909
f 11913 11914 11916 11915
f 11921 11923 11919 11917
f 11918 11920 11924 11922
f 11917 11918 11922 11921
f 11923 11924 11920 11919
f 11919 11920 11918 11917
f 11921 11922 11924 11923
f 11929 11931 11927 11925
f 11926 11928 11932 11930
f 11925 11926 11930 11929
f 11931 11932 11928 11927
f 11927 11928 11926 11925
f 11929 11930 11932 11931
f 11937 11939 11935 11933
f 11934 11936 11940 11938
f 11933 11934 11938 11937
f 11939 11940 11936 11935
f 11935 11936 11934 11933
f 11937 11938 11940 11939
f 11945 11947 11943 11941
f 11942 11944 11948 11946
f 11941 11942 11946 11945
f 11947 11948 11944 11943
f 11943 11944 11942 11941
f 11945 11946 11948 11947
f 11953 11955 11951 11949
f 11950 11952 11956 11954
f 11949 11950 11954 11953
f 11955 11956 11952 11951
f 11951 11952 11950 11949
f 11953 11954 11956 11955
f 11961 11963 11959 11957
f 11958 11960 11964 11962
f 11957 11958 11962 11961
f 11963 11964 11960 11959
f 11959 11960 11958 11957
f 11961 11962 11964 11963
f 11969 11971 11967 11965
f 11966 11968 11972 11970
f 11965 11966 11970 11969
f 11971 11972 11968 11967
f 11967 11968 11966 11965
f 11969 11970 11972 11971
f 11977 11979 11975 11973
f 11974 11976 11980 11978
f 11973 11974 11978 11977
f 11979 11980 11976 11975
f 11975 11976 11974 11973
f 11977 11978 11980 11979
f 11985 11987 11983 11981
f 11982 11984 11988 11986
f 11981 11982 11986 11985
f 11987 11988 11984 11983
f 11983 11984 11982 11981
f 11985 11986 11988 11987
o STATION_HOME_H08_Lights
usemtl Lights
v -1.0000 3.9200 -293.1600
v 1.0000 3.9200 -293.1600
v -1.0000 3.9200 -295.1600
v 1.0000 3.9200 -295.1600
v -1.0000 4.0000 -293.1600
v 1.0000 4.0000 -293.1600
v -1.0000 4.0000 -295.1600
v 1.0000 4.0000 -295.1600
f 11993 11995 11991 11989
f 11990 11992 11996 11994
f 11989 11990 11994 11993
f 11995 11996 11992 11991
f 11991 11992 11990 11989
f 11993 11994 11996 11995
o STATION_HOME_T08R_Deck-col
usemtl Deck
v 4.4000 -0.3000 -295.5600
v 4.4000 -0.3000 -292.7600
v 10.4000 -0.3000 -295.5600
v 10.4000 -0.3000 -292.7600
v 4.4000 0.0000 -295.5600
v 4.4000 0.0000 -292.7600
v 10.4000 0.0000 -295.5600
v 10.4000 0.0000 -292.7600
f 12001 12003 11999 11997
f 11998 12000 12004 12002
f 11997 11998 12002 12001
f 12003 12004 12000 11999
f 11999 12000 11998 11997
f 12001 12002 12004 12003
o STATION_HOME_T08R_Hull-col
usemtl Hull
v 4.4000 3.2000 -295.9600
v 4.4000 3.2000 -292.3600
v 10.4000 3.2000 -295.9600
v 10.4000 3.2000 -292.3600
v 4.4000 3.6000 -295.9600
v 4.4000 3.6000 -292.3600
v 10.4000 3.6000 -295.9600
v 10.4000 3.6000 -292.3600
v 4.4000 -0.7000 -295.9600
v 4.4000 -0.7000 -292.3600
v 10.4000 -0.7000 -295.9600
v 10.4000 -0.7000 -292.3600
v 4.4000 -0.3000 -295.9600
v 4.4000 -0.3000 -292.3600
v 10.4000 -0.3000 -295.9600
v 10.4000 -0.3000 -292.3600
v 4.4000 -0.3000 -295.9600
v 4.4000 -0.3000 -295.5600
v 5.4000 -0.3000 -295.9600
v 5.4000 -0.3000 -295.5600
v 4.4000 3.2000 -295.9600
v 4.4000 3.2000 -295.5600
v 5.4000 3.2000 -295.9600
v 5.4000 3.2000 -295.5600
v 5.4000 -0.3000 -295.9600
v 5.4000 -0.3000 -295.5600
v 9.4000 -0.3000 -295.9600
v 9.4000 -0.3000 -295.5600
v 5.4000 1.2000 -295.9600
v 5.4000 1.2000 -295.5600
v 9.4000 1.2000 -295.9600
v 9.4000 1.2000 -295.5600
v 5.4000 2.4000 -295.9600
v 5.4000 2.4000 -295.5600
v 9.4000 2.4000 -295.9600
v 9.4000 2.4000 -295.5600
v 5.4000 3.2000 -295.9600
v 5.4000 3.2000 -295.5600
v 9.4000 3.2000 -295.9600
v 9.4000 3.2000 -295.5600
v 9.4000 -0.3000 -295.9600
v 9.4000 -0.3000 -295.5600
v 10.4000 -0.3000 -295.9600
v 10.4000 -0.3000 -295.5600
v 9.4000 3.2000 -295.9600
v 9.4000 3.2000 -295.5600
v 10.4000 3.2000 -295.9600
v 10.4000 3.2000 -295.5600
v 4.4000 -0.3000 -292.7600
v 4.4000 -0.3000 -292.3600
v 5.4000 -0.3000 -292.7600
v 5.4000 -0.3000 -292.3600
v 4.4000 3.2000 -292.7600
v 4.4000 3.2000 -292.3600
v 5.4000 3.2000 -292.7600
v 5.4000 3.2000 -292.3600
v 5.4000 -0.3000 -292.7600
v 5.4000 -0.3000 -292.3600
v 9.4000 -0.3000 -292.7600
v 9.4000 -0.3000 -292.3600
v 5.4000 1.2000 -292.7600
v 5.4000 1.2000 -292.3600
v 9.4000 1.2000 -292.7600
v 9.4000 1.2000 -292.3600
v 5.4000 2.4000 -292.7600
v 5.4000 2.4000 -292.3600
v 9.4000 2.4000 -292.7600
v 9.4000 2.4000 -292.3600
v 5.4000 3.2000 -292.7600
v 5.4000 3.2000 -292.3600
v 9.4000 3.2000 -292.7600
v 9.4000 3.2000 -292.3600
v 9.4000 -0.3000 -292.7600
v 9.4000 -0.3000 -292.3600
v 10.4000 -0.3000 -292.7600
v 10.4000 -0.3000 -292.3600
v 9.4000 3.2000 -292.7600
v 9.4000 3.2000 -292.3600
v 10.4000 3.2000 -292.7600
v 10.4000 3.2000 -292.3600
f 12009 12011 12007 12005
f 12006 12008 12012 12010
f 12005 12006 12010 12009
f 12011 12012 12008 12007
f 12007 12008 12006 12005
f 12009 12010 12012 12011
f 12017 12019 12015 12013
f 12014 12016 12020 12018
f 12013 12014 12018 12017
f 12019 12020 12016 12015
f 12015 12016 12014 12013
f 12017 12018 12020 12019
f 12025 12027 12023 12021
f 12022 12024 12028 12026
f 12021 12022 12026 12025
f 12027 12028 12024 12023
f 12023 12024 12022 12021
f 12025 12026 12028 12027
f 12033 12035 12031 12029
f 12030 12032 12036 12034
f 12029 12030 12034 12033
f 12035 12036 12032 12031
f 12031 12032 12030 12029
f 12033 12034 12036 12035
f 12041 12043 12039 12037
f 12038 12040 12044 12042
f 12037 12038 12042 12041
f 12043 12044 12040 12039
f 12039 12040 12038 12037
f 12041 12042 12044 12043
f 12049 12051 12047 12045
f 12046 12048 12052 12050
f 12045 12046 12050 12049
f 12051 12052 12048 12047
f 12047 12048 12046 12045
f 12049 12050 12052 12051
f 12057 12059 12055 12053
f 12054 12056 12060 12058
f 12053 12054 12058 12057
f 12059 12060 12056 12055
f 12055 12056 12054 12053
f 12057 12058 12060 12059
f 12065 12067 12063 12061
f 12062 12064 12068 12066
f 12061 12062 12066 12065
f 12067 12068 12064 12063
f 12063 12064 12062 12061
f 12065 12066 12068 12067
f 12073 12075 12071 12069
f 12070 12072 12076 12074
f 12069 12070 12074 12073
f 12075 12076 12072 12071
f 12071 12072 12070 12069
f 12073 12074 12076 12075
f 12081 12083 12079 12077
f 12078 12080 12084 12082
f 12077 12078 12082 12081
f 12083 12084 12080 12079
f 12079 12080 12078 12077
f 12081 12082 12084 12083
o STATION_HOME_T08R_Lights
usemtl Lights
v 4.9000 3.1200 -294.4600
v 4.9000 3.1200 -293.8600
v 9.9000 3.1200 -294.4600
v 9.9000 3.1200 -293.8600
v 4.9000 3.2000 -294.4600
v 4.9000 3.2000 -293.8600
v 9.9000 3.2000 -294.4600
v 9.9000 3.2000 -293.8600
f 12089 12091 12087 12085
f 12086 12088 12092 12090
f 12085 12086 12090 12089
f 12091 12092 12088 12087
f 12087 12088 12086 12085
f 12089 12090 12092 12091
o STATION_HOME_T08R_Glass-col
usemtl Glass
v 5.4000 1.2000 -295.7600
v 5.4000 1.2000 -295.7100
v 9.4000 1.2000 -295.7600
v 9.4000 1.2000 -295.7100
v 5.4000 2.4000 -295.7600
v 5.4000 2.4000 -295.7100
v 9.4000 2.4000 -295.7600
v 9.4000 2.4000 -295.7100
v 5.4000 1.2000 -292.6100
v 5.4000 1.2000 -292.5600
v 9.4000 1.2000 -292.6100
v 9.4000 1.2000 -292.5600
v 5.4000 2.4000 -292.6100
v 5.4000 2.4000 -292.5600
v 9.4000 2.4000 -292.6100
v 9.4000 2.4000 -292.5600
f 12097 12099 12095 12093
f 12094 12096 12100 12098
f 12093 12094 12098 12097
f 12099 12100 12096 12095
f 12095 12096 12094 12093
f 12097 12098 12100 12099
f 12105 12107 12103 12101
f 12102 12104 12108 12106
f 12101 12102 12106 12105
f 12107 12108 12104 12103
f 12103 12104 12102 12101
f 12105 12106 12108 12107
o STATION_HOME_M16DEF_Deck-col
usemtl Deck
v 10.8000 -0.3000 -302.6600
v 10.8000 -0.3000 -285.6600
v 24.8000 -0.3000 -302.6600
v 24.8000 -0.3000 -285.6600
v 10.8000 0.0000 -302.6600
v 10.8000 0.0000 -285.6600
v 24.8000 0.0000 -302.6600
v 24.8000 0.0000 -285.6600
f 12113 12115 12111 12109
f 12110 12112 12116 12114
f 12109 12110 12114 12113
f 12115 12116 12112 12111
f 12111 12112 12110 12109
f 12113 12114 12116 12115
o STATION_HOME_M16DEF_Hull-col
usemtl Hull
v 10.4000 4.0000 -303.1600
v 10.4000 4.0000 -285.1600
v 25.2000 4.0000 -303.1600
v 25.2000 4.0000 -285.1600
v 10.4000 4.4000 -303.1600
v 10.4000 4.4000 -285.1600
v 25.2000 4.4000 -303.1600
v 25.2000 4.4000 -285.1600
v 10.4000 -0.7000 -303.1600
v 10.4000 -0.7000 -285.1600
v 25.2000 -0.7000 -303.1600
v 25.2000 -0.7000 -285.1600
v 10.4000 -0.3000 -303.1600
v 10.4000 -0.3000 -285.1600
v 25.2000 -0.3000 -303.1600
v 25.2000 -0.3000 -285.1600
v 10.8000 -0.3000 -303.1600
v 10.8000 -0.3000 -302.6600
v 13.3000 -0.3000 -303.1600
v 13.3000 -0.3000 -302.6600
v 10.8000 4.0000 -303.1600
v 10.8000 4.0000 -302.6600
v 13.3000 4.0000 -303.1600
v 13.3000 4.0000 -302.6600
v 13.3000 -0.3000 -303.1600
v 13.3000 -0.3000 -302.6600
v 15.3000 -0.3000 -303.1600
v 15.3000 -0.3000 -302.6600
v 13.3000 0.0000 -303.1600
v 13.3000 0.0000 -302.6600
v 15.3000 0.0000 -303.1600
v 15.3000 0.0000 -302.6600
v 13.3000 2.6000 -303.1600
v 13.3000 2.6000 -302.6600
v 15.3000 2.6000 -303.1600
v 15.3000 2.6000 -302.6600
v 13.3000 4.0000 -303.1600
v 13.3000 4.0000 -302.6600
v 15.3000 4.0000 -303.1600
v 15.3000 4.0000 -302.6600
v 15.3000 -0.3000 -303.1600
v 15.3000 -0.3000 -302.6600
v 24.8000 -0.3000 -303.1600
v 24.8000 -0.3000 -302.6600
v 15.3000 4.0000 -303.1600
v 15.3000 4.0000 -302.6600
v 24.8000 4.0000 -303.1600
v 24.8000 4.0000 -302.6600
v 10.8000 -0.3000 -285.6600
v 10.8000 -0.3000 -285.1600
v 13.3000 -0.3000 -285.6600
v 13.3000 -0.3000 -285.1600
v 10.8000 4.0000 -285.6600
v 10.8000 4.0000 -285.1600
v 13.3000 4.0000 -285.6600
v 13.3000 4.0000 -285.1600
v 13.3000 -0.3000 -285.6600
v 13.3000 -0.3000 -285.1600
v 15.3000 -0.3000 -285.6600
v 15.3000 -0.3000 -285.1600
v 13.3000 0.0000 -285.6600
v 13.3000 0.0000 -285.1600
v 15.3000 0.0000 -285.6600
v 15.3000 0.0000 -285.1600
v 13.3000 2.6000 -285.6600
v 13.3000 2.6000 -285.1600
v 15.3000 2.6000 -285.6600
v 15.3000 2.6000 -285.1600
v 13.3000 4.0000 -285.6600
v 13.3000 4.0000 -285.1600
v 15.3000 4.0000 -285.6600
v 15.3000 4.0000 -285.1600
v 15.3000 -0.3000 -285.6600
v 15.3000 -0.3000 -285.1600
v 24.8000 -0.3000 -285.6600
v 24.8000 -0.3000 -285.1600
v 15.3000 4.0000 -285.6600
v 15.3000 4.0000 -285.1600
v 24.8000 4.0000 -285.6600
v 24.8000 4.0000 -285.1600
v 10.4000 -0.3000 -303.1600
v 10.4000 -0.3000 -295.0600
v 10.8000 -0.3000 -303.1600
v 10.8000 -0.3000 -295.0600
v 10.4000 4.0000 -303.1600
v 10.4000 4.0000 -295.0600
v 10.8000 4.0000 -303.1600
v 10.8000 4.0000 -295.0600
v 10.4000 -0.3000 -295.0600
v 10.4000 -0.3000 -293.2600
v 10.8000 -0.3000 -295.0600
v 10.8000 -0.3000 -293.2600
v 10.4000 0.0000 -295.0600
v 10.4000 0.0000 -293.2600
v 10.8000 0.0000 -295.0600
v 10.8000 0.0000 -293.2600
v 10.4000 2.8000 -295.0600
v 10.4000 2.8000 -293.2600
v 10.8000 2.8000 -295.0600
v 10.8000 2.8000 -293.2600
v 10.4000 4.0000 -295.0600
v 10.4000 4.0000 -293.2600
v 10.8000 4.0000 -295.0600
v 10.8000 4.0000 -293.2600
v 10.4000 -0.3000 -293.2600
v 10.4000 -0.3000 -285.1600
v 10.8000 -0.3000 -293.2600
v 10.8000 -0.3000 -285.1600
v 10.4000 4.0000 -293.2600
v 10.4000 4.0000 -285.1600
v 10.8000 4.0000 -293.2600
v 10.8000 4.0000 -285.1600
v 24.8000 -0.3000 -303.1600
v 24.8000 -0.3000 -295.0600
v 25.2000 -0.3000 -303.1600
v 25.2000 -0.3000 -295.0600
v 24.8000 4.0000 -303.1600
v 24.8000 4.0000 -295.0600
v 25.2000 4.0000 -303.1600
v 25.2000 4.0000 -295.0600
v 24.8000 -0.3000 -295.0600
v 24.8000 -0.3000 -293.2600
v 25.2000 -0.3000 -295.0600
v 25.2000 -0.3000 -293.2600
v 24.8000 0.0000 -295.0600
v 24.8000 0.0000 -293.2600
v 25.2000 0.0000 -295.0600
v 25.2000 0.0000 -293.2600
v 24.8000 2.8000 -295.0600
v 24.8000 2.8000 -293.2600
v 25.2000 2.8000 -295.0600
v 25.2000 2.8000 -293.2600
v 24.8000 4.0000 -295.0600
v 24.8000 4.0000 -293.2600
v 25.2000 4.0000 -295.0600
v 25.2000 4.0000 -293.2600
v 24.8000 -0.3000 -293.2600
v 24.8000 -0.3000 -285.1600
v 25.2000 -0.3000 -293.2600
v 25.2000 -0.3000 -285.1600
v 24.8000 4.0000 -293.2600
v 24.8000 4.0000 -285.1600
v 25.2000 4.0000 -293.2600
v 25.2000 4.0000 -285.1600
f 12121 12123 12119 12117
f 12118 12120 12124 12122
f 12117 12118 12122 12121
f 12123 12124 12120 12119
f 12119 12120 12118 12117
f 12121 12122 12124 12123
f 12129 12131 12127 12125
f 12126 12128 12132 12130
f 12125 12126 12130 12129
f 12131 12132 12128 12127
f 12127 12128 12126 12125
f 12129 12130 12132 12131
f 12137 12139 12135 12133
f 12134 12136 12140 12138
f 12133 12134 12138 12137
f 12139 12140 12136 12135
f 12135 12136 12134 12133
f 12137 12138 12140 12139
f 12145 12147 12143 12141
f 12142 12144 12148 12146
f 12141 12142 12146 12145
f 12147 12148 12144 12143
f 12143 12144 12142 12141
f 12145 12146 12148 12147
f 12153 12155 12151 12149
f 12150 12152 12156 12154
f 12149 12150 12154 12153
f 12155 12156 12152 12151
f 12151 12152 12150 12149
f 12153 12154 12156 12155
f 12161 12163 12159 12157
f 12158 12160 12164 12162
f 12157 12158 12162 12161
f 12163 12164 12160 12159
f 12159 12160 12158 12157
f 12161 12162 12164 12163
f 12169 12171 12167 12165
f 12166 12168 12172 12170
f 12165 12166 12170 12169
f 12171 12172 12168 12167
f 12167 12168 12166 12165
f 12169 12170 12172 12171
f 12177 12179 12175 12173
f 12174 12176 12180 12178
f 12173 12174 12178 12177
f 12179 12180 12176 12175
f 12175 12176 12174 12173
f 12177 12178 12180 12179
f 12185 12187 12183 12181
f 12182 12184 12188 12186
f 12181 12182 12186 12185
f 12187 12188 12184 12183
f 12183 12184 12182 12181
f 12185 12186 12188 12187
f 12193 12195 12191 12189
f 12190 12192 12196 12194
f 12189 12190 12194 12193
f 12195 12196 12192 12191
f 12191 12192 12190 12189
f 12193 12194 12196 12195
f 12201 12203 12199 12197
f 12198 12200 12204 12202
f 12197 12198 12202 12201
f 12203 12204 12200 12199
f 12199 12200 12198 12197
f 12201 12202 12204 12203
f 12209 12211 12207 12205
f 12206 12208 12212 12210
f 12205 12206 12210 12209
f 12211 12212 12208 12207
f 12207 12208 12206 12205
f 12209 12210 12212 12211
f 12217 12219 12215 12213
f 12214 12216 12220 12218
f 12213 12214 12218 12217
f 12219 12220 12216 12215
f 12215 12216 12214 12213
f 12217 12218 12220 12219
f 12225 12227 12223 12221
f 12222 12224 12228 12226
f 12221 12222 12226 12225
f 12227 12228 12224 12223
f 12223 12224 12222 12221
f 12225 12226 12228 12227
f 12233 12235 12231 12229
f 12230 12232 12236 12234
f 12229 12230 12234 12233
f 12235 12236 12232 12231
f 12231 12232 12230 12229
f 12233 12234 12236 12235
f 12241 12243 12239 12237
f 12238 12240 12244 12242
f 12237 12238 12242 12241
f 12243 12244 12240 12239
f 12239 12240 12238 12237
f 12241 12242 12244 12243
f 12249 12251 12247 12245
f 12246 12248 12252 12250
f 12245 12246 12250 12249
f 12251 12252 12248 12247
f 12247 12248 12246 12245
f 12249 12250 12252 12251
f 12257 12259 12255 12253
f 12254 12256 12260 12258
f 12253 12254 12258 12257
f 12259 12260 12256 12255
f 12255 12256 12254 12253
f 12257 12258 12260 12259
o STATION_HOME_M16DEF_Interior-col
usemtl Interior
v 17.7000 0.0000 -302.6600
v 17.7000 0.0000 -295.3600
v 17.9000 0.0000 -302.6600
v 17.9000 0.0000 -295.3600
v 17.7000 4.0000 -302.6600
v 17.7000 4.0000 -295.3600
v 17.9000 4.0000 -302.6600
v 17.9000 4.0000 -295.3600
v 17.7000 3.0000 -295.3600
v 17.7000 3.0000 -292.9600
v 17.9000 3.0000 -295.3600
v 17.9000 3.0000 -292.9600
v 17.7000 4.0000 -295.3600
v 17.7000 4.0000 -292.9600
v 17.9000 4.0000 -295.3600
v 17.9000 4.0000 -292.9600
v 17.7000 0.0000 -292.9600
v 17.7000 0.0000 -285.6600
v 17.9000 0.0000 -292.9600
v 17.9000 0.0000 -285.6600
v 17.7000 4.0000 -292.9600
v 17.7000 4.0000 -285.6600
v 17.9000 4.0000 -292.9600
v 17.9000 4.0000 -285.6600
v 17.8000 0.0000 -295.5600
v 17.8000 0.0000 -295.3600
v 20.5000 0.0000 -295.5600
v 20.5000 0.0000 -295.3600
v 17.8000 4.0000 -295.5600
v 17.8000 4.0000 -295.3600
v 20.5000 4.0000 -295.5600
v 20.5000 4.0000 -295.3600
v 20.5000 2.6000 -295.5600
v 20.5000 2.6000 -295.3600
v 22.1000 2.6000 -295.5600
v 22.1000 2.6000 -295.3600
v 20.5000 4.0000 -295.5600
v 20.5000 4.0000 -295.3600
v 22.1000 4.0000 -295.5600
v 22.1000 4.0000 -295.3600
v 22.1000 0.0000 -295.5600
v 22.1000 0.0000 -295.3600
v 24.8000 0.0000 -295.5600
v 24.8000 0.0000 -295.3600
v 22.1000 4.0000 -295.5600
v 22.1000 4.0000 -295.3600
v 24.8000 4.0000 -295.5600
v 24.8000 4.0000 -295.3600
v 17.8000 0.0000 -292.9600
v 17.8000 0.0000 -292.7600
v 20.5000 0.0000 -292.9600
v 20.5000 0.0000 -292.7600
v 17.8000 4.0000 -292.9600
v 17.8000 4.0000 -292.7600
v 20.5000 4.0000 -292.9600
v 20.5000 4.0000 -292.7600
v 20.5000 2.6000 -292.9600
v 20.5000 2.6000 -292.7600
v 22.1000 2.6000 -292.9600
v 22.1000 2.6000 -292.7600
v 20.5000 4.0000 -292.9600
v 20.5000 4.0000 -292.7600
v 22.1000 4.0000 -292.9600
v 22.1000 4.0000 -292.7600
v 22.1000 0.0000 -292.9600
v 22.1000 0.0000 -292.7600
v 24.8000 0.0000 -292.9600
v 24.8000 0.0000 -292.7600
v 22.1000 4.0000 -292.9600
v 22.1000 4.0000 -292.7600
v 24.8000 4.0000 -292.9600
v 24.8000 4.0000 -292.7600
f 12265 12267 12263 12261
f 12262 12264 12268 12266
f 12261 12262 12266 12265
f 12267 12268 12264 12263
f 12263 12264 12262 12261
f 12265 12266 12268 12267
f 12273 12275 12271 12269
f 12270 12272 12276 12274
f 12269 12270 12274 12273
f 12275 12276 12272 12271
f 12271 12272 12270 12269
f 12273 12274 12276 12275
f 12281 12283 12279 12277
f 12278 12280 12284 12282
f 12277 12278 12282 12281
f 12283 12284 12280 12279
f 12279 12280 12278 12277
f 12281 12282 12284 12283
f 12289 12291 12287 12285
f 12286 12288 12292 12290
f 12285 12286 12290 12289
f 12291 12292 12288 12287
f 12287 12288 12286 12285
f 12289 12290 12292 12291
f 12297 12299 12295 12293
f 12294 12296 12300 12298
f 12293 12294 12298 12297
f 12299 12300 12296 12295
f 12295 12296 12294 12293
f 12297 12298 12300 12299
f 12305 12307 12303 12301
f 12302 12304 12308 12306
f 12301 12302 12306 12305
f 12307 12308 12304 12303
f 12303 12304 12302 12301
f 12305 12306 12308 12307
f 12313 12315 12311 12309
f 12310 12312 12316 12314
f 12309 12310 12314 12313
f 12315 12316 12312 12311
f 12311 12312 12310 12309
f 12313 12314 12316 12315
f 12321 12323 12319 12317
f 12318 12320 12324 12322
f 12317 12318 12322 12321
f 12323 12324 12320 12319
f 12319 12320 12318 12317
f 12321 12322 12324 12323
f 12329 12331 12327 12325
f 12326 12328 12332 12330
f 12325 12326 12330 12329
f 12331 12332 12328 12327
f 12327 12328 12326 12325
f 12329 12330 12332 12331
o STATION_HOME_M16DEF_Furniture-col
usemtl Furniture
v 18.4000 0.0000 -286.4600
v 18.4000 0.0000 -285.7600
v 24.2000 0.0000 -286.4600
v 24.2000 0.0000 -285.7600
v 18.4000 1.1000 -286.4600
v 18.4000 1.1000 -285.7600
v 24.2000 1.1000 -286.4600
v 24.2000 1.1000 -285.7600
v 18.4000 0.0000 -302.5600
v 18.4000 0.0000 -302.0600
v 20.8000 0.0000 -302.5600
v 20.8000 0.0000 -302.0600
v 18.4000 2.0000 -302.5600
v 18.4000 2.0000 -302.0600
v 20.8000 2.0000 -302.5600
v 20.8000 2.0000 -302.0600
v 20.7000 0.0000 -298.1600
v 20.7000 0.0000 -296.7600
v 21.9000 0.0000 -298.1600
v 21.9000 0.0000 -296.7600
v 20.7000 0.7500 -298.1600
v 20.7000 0.7500 -296.7600
v 21.9000 0.7500 -298.1600
v 21.9000 0.7500 -296.7600
v 18.2000 0.0000 -293.3100
v 18.2000 0.0000 -292.9600
v 19.4000 0.0000 -293.3100
v 19.4000 0.0000 -292.9600
v 18.2000 2.0000 -293.3100
v 18.2000 2.0000 -292.9600
v 19.4000 2.0000 -293.3100
v 19.4000 2.0000 -292.9600
v 13.1000 0.0000 -300.6600
v 13.1000 0.0000 -296.9600
v 15.5000 0.0000 -300.6600
v 15.5000 0.0000 -296.9600
v 13.1000 1.2000 -300.6600
v 13.1000 1.2000 -296.9600
v 15.5000 1.2000 -300.6600
v 15.5000 1.2000 -296.9600
v 12.7667 0.6000 -302.6100
v 12.7667 0.6000 -302.2100
v 13.7667 0.6000 -302.6100
v 13.7667 0.6000 -302.2100
v 12.7667 2.0000 -302.6100
v 12.7667 2.0000 -302.2100
v 13.7667 2.0000 -302.6100
v 13.7667 2.0000 -302.2100
v 14.8333 0.6000 -286.1100
v 14.8333 0.6000 -285.7100
v 15.8333 0.6000 -286.1100
v 15.8333 0.6000 -285.7100
v 14.8333 2.0000 -286.1100
v 14.8333 2.0000 -285.7100
v 15.8333 2.0000 -286.1100
v 15.8333 2.0000 -285.7100
f 12337 12339 12335 12333
f 12334 12336 12340 12338
f 12333 12334 12338 12337
f 12339 12340 12336 12335
f 12335 12336 12334 12333
f 12337 12338 12340 12339
f 12345 12347 12343 12341
f 12342 12344 12348 12346
f 12341 12342 12346 12345
f 12347 12348 12344 12343
f 12343 12344 12342 12341
f 12345 12346 12348 12347
f 12353 12355 12351 12349
f 12350 12352 12356 12354
f 12349 12350 12354 12353
f 12355 12356 12352 12351
f 12351 12352 12350 12349
f 12353 12354 12356 12355
f 12361 12363 12359 12357
f 12358 12360 12364 12362
f 12357 12358 12362 12361
f 12363 12364 12360 12359
f 12359 12360 12358 12357
f 12361 12362 12364 12363
f 12369 12371 12367 12365
f 12366 12368 12372 12370
f 12365 12366 12370 12369
f 12371 12372 12368 12367
f 12367 12368 12366 12365
f 12369 12370 12372 12371
f 12377 12379 12375 12373
f 12374 12376 12380 12378
f 12373 12374 12378 12377
f 12379 12380 12376 12375
f 12375 12376 12374 12373
f 12377 12378 12380 12379
f 12385 12387 12383 12381
f 12382 12384 12388 12386
f 12381 12382 12386 12385
f 12387 12388 12384 12383
f 12383 12384 12382 12381
f 12385 12386 12388 12387
o STATION_HOME_M16DEF_Cover-col
usemtl Cover
v 12.2500 0.0000 -297.7600
v 12.2500 0.0000 -296.7600
v 13.2500 0.0000 -297.7600
v 13.2500 0.0000 -296.7600
v 12.2500 1.1000 -297.7600
v 12.2500 1.1000 -296.7600
v 13.2500 1.1000 -297.7600
v 13.2500 1.1000 -296.7600
v 15.3500 0.0000 -297.7600
v 15.3500 0.0000 -296.7600
v 16.3500 0.0000 -297.7600
v 16.3500 0.0000 -296.7600
v 15.3500 1.1000 -297.7600
v 15.3500 1.1000 -296.7600
v 16.3500 1.1000 -297.7600
v 16.3500 1.1000 -296.7600
f 12393 12395 12391 12389
f 12390 12392 12396 12394
f 12389 12390 12394 12393
f 12395 12396 12392 12391
f 12391 12392 12390 12389
f 12393 12394 12396 12395
f 12401 12403 12399 12397
f 12398 12400 12404 12402
f 12397 12398 12402 12401
f 12403 12404 12400 12399
f 12399 12400 12398 12397
f 12401 12402 12404 12403
o STATION_HOME_M16DEF_Hazard
usemtl Hazard
v 13.0000 0.0000 -303.2800
v 13.0000 0.0000 -303.1600
v 13.3000 0.0000 -303.2800
v 13.3000 0.0000 -303.1600
v 13.0000 2.9000 -303.2800
v 13.0000 2.9000 -303.1600
v 13.3000 2.9000 -303.2800
v 13.3000 2.9000 -303.1600
v 15.3000 0.0000 -303.2800
v 15.3000 0.0000 -303.1600
v 15.6000 0.0000 -303.2800
v 15.6000 0.0000 -303.1600
v 15.3000 2.9000 -303.2800
v 15.3000 2.9000 -303.1600
v 15.6000 2.9000 -303.2800
v 15.6000 2.9000 -303.1600
v 13.0000 0.0000 -285.1600
v 13.0000 0.0000 -285.0400
v 13.3000 0.0000 -285.1600
v 13.3000 0.0000 -285.0400
v 13.0000 2.9000 -285.1600
v 13.0000 2.9000 -285.0400
v 13.3000 2.9000 -285.1600
v 13.3000 2.9000 -285.0400
v 15.3000 0.0000 -285.1600
v 15.3000 0.0000 -285.0400
v 15.6000 0.0000 -285.1600
v 15.6000 0.0000 -285.0400
v 15.3000 2.9000 -285.1600
v 15.3000 2.9000 -285.0400
v 15.6000 2.9000 -285.1600
v 15.6000 2.9000 -285.0400
v 25.2000 2.8000 -295.3600
v 25.2000 2.8000 -292.9600
v 25.2400 2.8000 -295.3600
v 25.2400 2.8000 -292.9600
v 25.2000 3.0000 -295.3600
v 25.2000 3.0000 -292.9600
v 25.2400 3.0000 -295.3600
v 25.2400 3.0000 -292.9600
v 12.7667 1.8000 -302.2100
v 12.7667 1.8000 -302.1900
v 13.7667 1.8000 -302.2100
v 13.7667 1.8000 -302.1900
v 12.7667 2.0000 -302.2100
v 12.7667 2.0000 -302.1900
v 13.7667 2.0000 -302.2100
v 13.7667 2.0000 -302.1900
v 14.8333 1.8000 -286.1300
v 14.8333 1.8000 -286.1100
v 15.8333 1.8000 -286.1300
v 15.8333 1.8000 -286.1100
v 14.8333 2.0000 -286.1300
v 14.8333 2.0000 -286.1100
v 15.8333 2.0000 -286.1300
v 15.8333 2.0000 -286.1100
f 12409 12411 12407 12405
f 12406 12408 12412 12410
f 12405 12406 12410 12409
f 12411 12412 12408 12407
f 12407 12408 12406 12405
f 12409 12410 12412 12411
f 12417 12419 12415 12413
f 12414 12416 12420 12418
f 12413 12414 12418 12417
f 12419 12420 12416 12415
f 12415 12416 12414 12413
f 12417 12418 12420 12419
f 12425 12427 12423 12421
f 12422 12424 12428 12426
f 12421 12422 12426 12425
f 12427 12428 12424 12423
f 12423 12424 12422 12421
f 12425 12426 12428 12427
f 12433 12435 12431 12429
f 12430 12432 12436 12434
f 12429 12430 12434 12433
f 12435 12436 12432 12431
f 12431 12432 12430 12429
f 12433 12434 12436 12435
f 12441 12443 12439 12437
f 12438 12440 12444 12442
f 12437 12438 12442 12441
f 12443 12444 12440 12439
f 12439 12440 12438 12437
f 12441 12442 12444 12443
f 12449 12451 12447 12445
f 12446 12448 12452 12450
f 12445 12446 12450 12449
f 12451 12452 12448 12447
f 12447 12448 12446 12445
f 12449 12450 12452 12451
f 12457 12459 12455 12453
f 12454 12456 12460 12458
f 12453 12454 12458 12457
f 12459 12460 12456 12455
f 12455 12456 12454 12453
f 12457 12458 12460 12459
o STATION_HOME_M16DEF_Lights
usemtl Lights
v 18.6000 0.8000 -286.4800
v 18.6000 0.8000 -286.4600
v 24.0000 0.8000 -286.4800
v 24.0000 0.8000 -286.4600
v 18.6000 1.0500 -286.4800
v 18.6000 1.0500 -286.4600
v 24.0000 1.0500 -286.4800
v 24.0000 1.0500 -286.4600
v 20.6000 1.0000 -291.4600
v 20.6000 1.0000 -290.4600
v 22.0000 1.0000 -291.4600
v 22.0000 1.0000 -290.4600
v 20.6000 1.0300 -291.4600
v 20.6000 1.0300 -290.4600
v 22.0000 1.0300 -291.4600
v 22.0000 1.0300 -290.4600
v 18.3000 3.6200 -294.4600
v 18.3000 3.6200 -293.8600
v 24.3000 3.6200 -294.4600
v 24.3000 3.6200 -293.8600
v 18.3000 3.7000 -294.4600
v 18.3000 3.7000 -293.8600
v 24.3000 3.7000 -294.4600
v 24.3000 3.7000 -293.8600
v 11.7000 3.8800 -294.5600
v 11.7000 3.8800 -293.7600
v 16.9000 3.8800 -294.5600
v 16.9000 3.8800 -293.7600
v 11.7000 3.9600 -294.5600
v 11.7000 3.9600 -293.7600
v 16.9000 3.9600 -294.5600
v 16.9000 3.9600 -293.7600
f 12465 12467 12463 12461
f 12462 12464 12468 12466
f 12461 12462 12466 12465
f 12467 12468 12464 12463
f 12463 12464 12462 12461
f 12465 12466 12468 12467
f 12473 12475 12471 12469
f 12470 12472 12476 12474
f 12469 12470 12474 12473
f 12475 12476 12472 12471
f 12471 12472 12470 12469
f 12473 12474 12476 12475
f 12481 12483 12479 12477
f 12478 12480 12484 12482
f 12477 12478 12482 12481
f 12483 12484 12480 12479
f 12479 12480 12478 12477
f 12481 12482 12484 12483
f 12489 12491 12487 12485
f 12486 12488 12492 12490
f 12485 12486 12490 12489
f 12491 12492 12488 12487
f 12487 12488 12486 12485
f 12489 12490 12492 12491
o STATION_HOME_M16DEF_Machinery-col
usemtl Engine
v 14.3000 0.0000 -290.0600
v 14.8290 0.0000 -290.2319
v 15.1560 0.0000 -290.6819
v 15.1560 0.0000 -291.2381
v 14.8290 0.0000 -291.6881
v 14.3000 0.0000 -291.8600
v 13.7710 0.0000 -291.6881
v 13.4440 0.0000 -291.2381
v 13.4440 0.0000 -290.6819
v 13.7710 0.0000 -290.2319
v 14.3000 3.6000 -290.0600
v 14.8290 3.6000 -290.2319
v 15.1560 3.6000 -290.6819
v 15.1560 3.6000 -291.2381
v 14.8290 3.6000 -291.6881
v 14.3000 3.6000 -291.8600
v 13.7710 3.6000 -291.6881
v 13.4440 3.6000 -291.2381
v 13.4440 3.6000 -290.6819
v 13.7710 3.6000 -290.2319
f 12493 12494 12504 12503
f 12494 12495 12505 12504
f 12495 12496 12506 12505
f 12496 12497 12507 12506
f 12497 12498 12508 12507
f 12498 12499 12509 12508
f 12499 12500 12510 12509
f 12500 12501 12511 12510
f 12501 12502 12512 12511
f 12502 12493 12503 12512
f 12502 12501 12500 12499 12498 12497 12496 12495 12494 12493
f 12503 12504 12505 12506 12507 12508 12509 12510 12511 12512
o STATION_HOME_M16DEF_AirlockPort_Door-col
usemtl Door
v 13.2500 0.0000 -302.9600
v 13.2500 0.0000 -302.8600
v 15.3500 0.0000 -302.9600
v 15.3500 0.0000 -302.8600
v 13.2500 2.6000 -302.9600
v 13.2500 2.6000 -302.8600
v 15.3500 2.6000 -302.9600
v 15.3500 2.6000 -302.8600
f 12517 12519 12515 12513
f 12514 12516 12520 12518
f 12513 12514 12518 12517
f 12519 12520 12516 12515
f 12515 12516 12514 12513
f 12517 12518 12520 12519
o STATION_HOME_M16DEF_AirlockStbd_Door-col
usemtl Door
v 13.2500 0.0000 -285.4600
v 13.2500 0.0000 -285.3600
v 15.3500 0.0000 -285.4600
v 15.3500 0.0000 -285.3600
v 13.2500 2.6000 -285.4600
v 13.2500 2.6000 -285.3600
v 15.3500 2.6000 -285.4600
v 15.3500 2.6000 -285.3600
f 12525 12527 12523 12521
f 12522 12524 12528 12526
f 12521 12522 12526 12525
f 12527 12528 12524 12523
f 12523 12524 12522 12521
f 12525 12526 12528 12527
o STATION_HOME_M16DEF_Connector_Back_Door-col
usemtl Door
v 10.5500 0.0000 -295.1100
v 10.5500 0.0000 -293.2100
v 10.6500 0.0000 -295.1100
v 10.6500 0.0000 -293.2100
v 10.5500 2.8000 -295.1100
v 10.5500 2.8000 -293.2100
v 10.6500 2.8000 -295.1100
v 10.6500 2.8000 -293.2100
f 12533 12535 12531 12529
f 12530 12532 12536 12534
f 12529 12530 12534 12533
f 12535 12536 12532 12531
f 12531 12532 12530 12529
f 12533 12534 12536 12535
o STATION_HOME_M16DEF_Connector_Front_Door-col
usemtl Door
v 24.9500 0.0000 -295.1100
v 24.9500 0.0000 -293.2100
v 25.0500 0.0000 -295.1100
v 25.0500 0.0000 -293.2100
v 24.9500 2.8000 -295.1100
v 24.9500 2.8000 -293.2100
v 25.0500 2.8000 -295.1100
v 25.0500 2.8000 -293.2100
f 12541 12543 12539 12537
f 12538 12540 12544 12542
f 12537 12538 12542 12541
f 12543 12544 12540 12539
f 12539 12540 12538 12537
f 12541 12542 12544 12543
o STATION_HOME_M16DEF_ControlConsole-col
usemtl Furniture
v 20.5000 0.0000 -291.5600
v 20.5000 0.0000 -290.3600
v 22.1000 0.0000 -291.5600
v 22.1000 0.0000 -290.3600
v 20.5000 1.0000 -291.5600
v 20.5000 1.0000 -290.3600
v 22.1000 1.0000 -291.5600
v 22.1000 1.0000 -290.3600
f 12549 12551 12547 12545
f 12546 12548 12552 12550
f 12545 12546 12550 12549
f 12551 12552 12548 12547
f 12547 12548 12546 12545
f 12549 12550 12552 12551
o STATION_HOME_M16DEF_StatusLight
usemtl Lights
v 23.3000 4.4000 -294.6600
v 23.3000 4.4000 -293.6600
v 24.3000 4.4000 -294.6600
v 24.3000 4.4000 -293.6600
v 23.3000 4.7000 -294.6600
v 23.3000 4.7000 -293.6600
v 24.3000 4.7000 -294.6600
v 24.3000 4.7000 -293.6600
f 12557 12559 12555 12553
f 12554 12556 12560 12558
f 12553 12554 12558 12557
f 12559 12560 12556 12555
f 12555 12556 12554 12553
f 12557 12558 12560 12559
o STATION_HOME_M16DEF_Turret_1
usemtl Turret
v 15.0000 4.4000 -290.0320
v 15.8144 4.4000 -290.1940
v 16.5047 4.4000 -290.6553
v 16.9660 4.4000 -291.3456
v 17.1280 4.4000 -292.1600
v 16.9660 4.4000 -292.9744
v 16.5047 4.4000 -293.6647
v 15.8144 4.4000 -294.1260
v 15.0000 4.4000 -294.2880
v 14.1856 4.4000 -294.1260
v 13.4953 4.4000 -293.6647
v 13.0340 4.4000 -292.9744
v 12.8720 4.4000 -292.1600
v 13.0340 4.4000 -291.3456
v 13.4953 4.4000 -290.6553
v 14.1856 4.4000 -290.1940
v 15.0000 5.1840 -290.0320
v 15.8144 5.1840 -290.1940
v 16.5047 5.1840 -290.6553
v 16.9660 5.1840 -291.3456
v 17.1280 5.1840 -292.1600
v 16.9660 5.1840 -292.9744
v 16.5047 5.1840 -293.6647
v 15.8144 5.1840 -294.1260
v 15.0000 5.1840 -294.2880
v 14.1856 5.1840 -294.1260
v 13.4953 5.1840 -293.6647
v 13.0340 5.1840 -292.9744
v 12.8720 5.1840 -292.1600
v 13.0340 5.1840 -291.3456
v 13.4953 5.1840 -290.6553
v 14.1856 5.1840 -290.1940
v 13.2080 5.1840 -293.9520
v 13.2080 5.1840 -290.3680
v 17.0160 5.1840 -293.9520
v 17.0160 5.1840 -290.3680
v 13.2080 6.9760 -293.3920
v 13.2080 6.9760 -290.9280
v 17.0160 6.9760 -293.3920
v 17.0160 6.9760 -290.9280
v 16.3440 5.8560 -293.0784
v 16.3440 5.8560 -292.6752
v 22.1680 5.8560 -293.0784
v 22.1680 5.8560 -292.6752
v 16.3440 6.2592 -293.0784
v 16.3440 6.2592 -292.6752
v 22.1680 6.2592 -293.0784
v 22.1680 6.2592 -292.6752
v 16.3440 5.8560 -291.6448
v 16.3440 5.8560 -291.2416
v 22.1680 5.8560 -291.6448
v 22.1680 5.8560 -291.2416
v 16.3440 6.2592 -291.6448
v 16.3440 6.2592 -291.2416
v 22.1680 6.2592 -291.6448
v 22.1680 6.2592 -291.2416
f 12561 12562 12578 12577
f 12562 12563 12579 12578
f 12563 12564 12580 12579
f 12564 12565 12581 12580
f 12565 12566 12582 12581
f 12566 12567 12583 12582
f 12567 12568 12584 12583
f 12568 12569 12585 12584
f 12569 12570 12586 12585
f 12570 12571 12587 12586
f 12571 12572 12588 12587
f 12572 12573 12589 12588
f 12573 12574 12590 12589
f 12574 12575 12591 12590
f 12575 12576 12592 12591
f 12576 12561 12577 12592
f 12576 12575 12574 12573 12572 12571 12570 12569 12568 12567 12566 12565 12564 12563 12562 12561
f 12577 12578 12579 12580 12581 12582 12583 12584 12585 12586 12587 12588 12589 12590 12591 12592
f 12597 12599 12595 12593
f 12594 12596 12600 12598
f 12593 12594 12598 12597
f 12599 12600 12596 12595
f 12595 12596 12594 12593
f 12597 12598 12600 12599
f 12605 12607 12603 12601
f 12602 12604 12608 12606
f 12601 12602 12606 12605
f 12607 12608 12604 12603
f 12603 12604 12602 12601
f 12605 12606 12608 12607
f 12613 12615 12611 12609
f 12610 12612 12616 12614
f 12609 12610 12614 12613
f 12615 12616 12612 12611
f 12611 12612 12610 12609
f 12613 12614 12616 12615
o STATION_HOME_M16DEF_Turret_2
usemtl Turret
v 20.6000 4.4000 -290.0320
v 21.4144 4.4000 -290.1940
v 22.1047 4.4000 -290.6553
v 22.5660 4.4000 -291.3456
v 22.7280 4.4000 -292.1600
v 22.5660 4.4000 -292.9744
v 22.1047 4.4000 -293.6647
v 21.4144 4.4000 -294.1260
v 20.6000 4.4000 -294.2880
v 19.7856 4.4000 -294.1260
v 19.0953 4.4000 -293.6647
v 18.6340 4.4000 -292.9744
v 18.4720 4.4000 -292.1600
v 18.6340 4.4000 -291.3456
v 19.0953 4.4000 -290.6553
v 19.7856 4.4000 -290.1940
v 20.6000 5.1840 -290.0320
v 21.4144 5.1840 -290.1940
v 22.1047 5.1840 -290.6553
v 22.5660 5.1840 -291.3456
v 22.7280 5.1840 -292.1600
v 22.5660 5.1840 -292.9744
v 22.1047 5.1840 -293.6647
v 21.4144 5.1840 -294.1260
v 20.6000 5.1840 -294.2880
v 19.7856 5.1840 -294.1260
v 19.0953 5.1840 -293.6647
v 18.6340 5.1840 -292.9744
v 18.4720 5.1840 -292.1600
v 18.6340 5.1840 -291.3456
v 19.0953 5.1840 -290.6553
v 19.7856 5.1840 -290.1940
v 18.8080 5.1840 -293.9520
v 18.8080 5.1840 -290.3680
v 22.6160 5.1840 -293.9520
v 22.6160 5.1840 -290.3680
v 18.8080 6.9760 -293.3920
v 18.8080 6.9760 -290.9280
v 22.6160 6.9760 -293.3920
v 22.6160 6.9760 -290.9280
v 21.9440 5.8560 -293.0784
v 21.9440 5.8560 -292.6752
v 27.7680 5.8560 -293.0784
v 27.7680 5.8560 -292.6752
v 21.9440 6.2592 -293.0784
v 21.9440 6.2592 -292.6752
v 27.7680 6.2592 -293.0784
v 27.7680 6.2592 -292.6752
v 21.9440 5.8560 -291.6448
v 21.9440 5.8560 -291.2416
v 27.7680 5.8560 -291.6448
v 27.7680 5.8560 -291.2416
v 21.9440 6.2592 -291.6448
v 21.9440 6.2592 -291.2416
v 27.7680 6.2592 -291.6448
v 27.7680 6.2592 -291.2416
f 12617 12618 12634 12633
f 12618 12619 12635 12634
f 12619 12620 12636 12635
f 12620 12621 12637 12636
f 12621 12622 12638 12637
f 12622 12623 12639 12638
f 12623 12624 12640 12639
f 12624 12625 12641 12640
f 12625 12626 12642 12641
f 12626 12627 12643 12642
f 12627 12628 12644 12643
f 12628 12629 12645 12644
f 12629 12630 12646 12645
f 12630 12631 12647 12646
f 12631 12632 12648 12647
f 12632 12617 12633 12648
f 12632 12631 12630 12629 12628 12627 12626 12625 12624 12623 12622 12621 12620 12619 12618 12617
f 12633 12634 12635 12636 12637 12638 12639 12640 12641 12642 12643 12644 12645 12646 12647 12648
f 12653 12655 12651 12649
f 12650 12652 12656 12654
f 12649 12650 12654 12653
f 12655 12656 12652 12651
f 12651 12652 12650 12649
f 12653 12654 12656 12655
f 12661 12663 12659 12657
f 12658 12660 12664 12662
f 12657 12658 12662 12661
f 12663 12664 12660 12659
f 12659 12660 12658 12657
f 12661 12662 12664 12663
f 12669 12671 12667 12665
f 12666 12668 12672 12670
f 12665 12666 12670 12669
f 12671 12672 12668 12667
f 12667 12668 12666 12665
f 12669 12670 12672 12671
o STATION_HOME_T08L_Deck-col
usemtl Deck
v -4.4000 -0.3000 -292.7600
v -4.4000 -0.3000 -295.5600
v -10.4000 -0.3000 -292.7600
v -10.4000 -0.3000 -295.5600
v -4.4000 0.0000 -292.7600
v -4.4000 0.0000 -295.5600
v -10.4000 0.0000 -292.7600
v -10.4000 0.0000 -295.5600
f 12677 12679 12675 12673
f 12674 12676 12680 12678
f 12673 12674 12678 12677
f 12679 12680 12676 12675
f 12675 12676 12674 12673
f 12677 12678 12680 12679
o STATION_HOME_T08L_Hull-col
usemtl Hull
v -4.4000 3.2000 -292.3600
v -4.4000 3.2000 -295.9600
v -10.4000 3.2000 -292.3600
v -10.4000 3.2000 -295.9600
v -4.4000 3.6000 -292.3600
v -4.4000 3.6000 -295.9600
v -10.4000 3.6000 -292.3600
v -10.4000 3.6000 -295.9600
v -4.4000 -0.7000 -292.3600
v -4.4000 -0.7000 -295.9600
v -10.4000 -0.7000 -292.3600
v -10.4000 -0.7000 -295.9600
v -4.4000 -0.3000 -292.3600
v -4.4000 -0.3000 -295.9600
v -10.4000 -0.3000 -292.3600
v -10.4000 -0.3000 -295.9600
v -4.4000 -0.3000 -292.3600
v -4.4000 -0.3000 -292.7600
v -5.4000 -0.3000 -292.3600
v -5.4000 -0.3000 -292.7600
v -4.4000 3.2000 -292.3600
v -4.4000 3.2000 -292.7600
v -5.4000 3.2000 -292.3600
v -5.4000 3.2000 -292.7600
v -5.4000 -0.3000 -292.3600
v -5.4000 -0.3000 -292.7600
v -9.4000 -0.3000 -292.3600
v -9.4000 -0.3000 -292.7600
v -5.4000 1.2000 -292.3600
v -5.4000 1.2000 -292.7600
v -9.4000 1.2000 -292.3600
v -9.4000 1.2000 -292.7600
v -5.4000 2.4000 -292.3600
v -5.4000 2.4000 -292.7600
v -9.4000 2.4000 -292.3600
v -9.4000 2.4000 -292.7600
v -5.4000 3.2000 -292.3600
v -5.4000 3.2000 -292.7600
v -9.4000 3.2000 -292.3600
v -9.4000 3.2000 -292.7600
v -9.4000 -0.3000 -292.3600
v -9.4000 -0.3000 -292.7600
v -10.4000 -0.3000 -292.3600
v -10.4000 -0.3000 -292.7600
v -9.4000 3.2000 -292.3600
v -9.4000 3.2000 -292.7600
v -10.4000 3.2000 -292.3600
v -10.4000 3.2000 -292.7600
v -4.4000 -0.3000 -295.5600
v -4.4000 -0.3000 -295.9600
v -5.4000 -0.3000 -295.5600
v -5.4000 -0.3000 -295.9600
v -4.4000 3.2000 -295.5600
v -4.4000 3.2000 -295.9600
v -5.4000 3.2000 -295.5600
v -5.4000 3.2000 -295.9600
v -5.4000 -0.3000 -295.5600
v -5.4000 -0.3000 -295.9600
v -9.4000 -0.3000 -295.5600
v -9.4000 -0.3000 -295.9600
v -5.4000 1.2000 -295.5600
v -5.4000 1.2000 -295.9600
v -9.4000 1.2000 -295.5600
v -9.4000 1.2000 -295.9600
v -5.4000 2.4000 -295.5600
v -5.4000 2.4000 -295.9600
v -9.4000 2.4000 -295.5600
v -9.4000 2.4000 -295.9600
v -5.4000 3.2000 -295.5600
v -5.4000 3.2000 -295.9600
v -9.4000 3.2000 -295.5600
v -9.4000 3.2000 -295.9600
v -9.4000 -0.3000 -295.5600
v -9.4000 -0.3000 -295.9600
v -10.4000 -0.3000 -295.5600
v -10.4000 -0.3000 -295.9600
v -9.4000 3.2000 -295.5600
v -9.4000 3.2000 -295.9600
v -10.4000 3.2000 -295.5600
v -10.4000 3.2000 -295.9600
f 12685 12687 12683 12681
f 12682 12684 12688 12686
f 12681 12682 12686 12685
f 12687 12688 12684 12683
f 12683 12684 12682 12681
f 12685 12686 12688 12687
f 12693 12695 12691 12689
f 12690 12692 12696 12694
f 12689 12690 12694 12693
f 12695 12696 12692 12691
f 12691 12692 12690 12689
f 12693 12694 12696 12695
f 12701 12703 12699 12697
f 12698 12700 12704 12702
f 12697 12698 12702 12701
f 12703 12704 12700 12699
f 12699 12700 12698 12697
f 12701 12702 12704 12703
f 12709 12711 12707 12705
f 12706 12708 12712 12710
f 12705 12706 12710 12709
f 12711 12712 12708 12707
f 12707 12708 12706 12705
f 12709 12710 12712 12711
f 12717 12719 12715 12713
f 12714 12716 12720 12718
f 12713 12714 12718 12717
f 12719 12720 12716 12715
f 12715 12716 12714 12713
f 12717 12718 12720 12719
f 12725 12727 12723 12721
f 12722 12724 12728 12726
f 12721 12722 12726 12725
f 12727 12728 12724 12723
f 12723 12724 12722 12721
f 12725 12726 12728 12727
f 12733 12735 12731 12729
f 12730 12732 12736 12734
f 12729 12730 12734 12733
f 12735 12736 12732 12731
f 12731 12732 12730 12729
f 12733 12734 12736 12735
f 12741 12743 12739 12737
f 12738 12740 12744 12742
f 12737 12738 12742 12741
f 12743 12744 12740 12739
f 12739 12740 12738 12737
f 12741 12742 12744 12743
f 12749 12751 12747 12745
f 12746 12748 12752 12750
f 12745 12746 12750 12749
f 12751 12752 12748 12747
f 12747 12748 12746 12745
f 12749 12750 12752 12751
f 12757 12759 12755 12753
f 12754 12756 12760 12758
f 12753 12754 12758 12757
f 12759 12760 12756 12755
f 12755 12756 12754 12753
f 12757 12758 12760 12759
o STATION_HOME_T08L_Lights
usemtl Lights
v -4.9000 3.1200 -293.8600
v -4.9000 3.1200 -294.4600
v -9.9000 3.1200 -293.8600
v -9.9000 3.1200 -294.4600
v -4.9000 3.2000 -293.8600
v -4.9000 3.2000 -294.4600
v -9.9000 3.2000 -293.8600
v -9.9000 3.2000 -294.4600
f 12765 12767 12763 12761
f 12762 12764 12768 12766
f 12761 12762 12766 12765
f 12767 12768 12764 12763
f 12763 12764 12762 12761
f 12765 12766 12768 12767
o STATION_HOME_T08L_Glass-col
usemtl Glass
v -5.4000 1.2000 -292.5600
v -5.4000 1.2000 -292.6100
v -9.4000 1.2000 -292.5600
v -9.4000 1.2000 -292.6100
v -5.4000 2.4000 -292.5600
v -5.4000 2.4000 -292.6100
v -9.4000 2.4000 -292.5600
v -9.4000 2.4000 -292.6100
v -5.4000 1.2000 -295.7100
v -5.4000 1.2000 -295.7600
v -9.4000 1.2000 -295.7100
v -9.4000 1.2000 -295.7600
v -5.4000 2.4000 -295.7100
v -5.4000 2.4000 -295.7600
v -9.4000 2.4000 -295.7100
v -9.4000 2.4000 -295.7600
f 12773 12775 12771 12769
f 12770 12772 12776 12774
f 12769 12770 12774 12773
f 12775 12776 12772 12771
f 12771 12772 12770 12769
f 12773 12774 12776 12775
f 12781 12783 12779 12777
f 12778 12780 12784 12782
f 12777 12778 12782 12781
f 12783 12784 12780 12779
f 12779 12780 12778 12777
f 12781 12782 12784 12783
o STATION_HOME_M17DEF_Deck-col
usemtl Deck
v -10.8000 -0.3000 -285.6600
v -10.8000 -0.3000 -302.6600
v -24.8000 -0.3000 -285.6600
v -24.8000 -0.3000 -302.6600
v -10.8000 0.0000 -285.6600
v -10.8000 0.0000 -302.6600
v -24.8000 0.0000 -285.6600
v -24.8000 0.0000 -302.6600
f 12789 12791 12787 12785
f 12786 12788 12792 12790
f 12785 12786 12790 12789
f 12791 12792 12788 12787
f 12787 12788 12786 12785
f 12789 12790 12792 12791
o STATION_HOME_M17DEF_Hull-col
usemtl Hull
v -10.4000 4.0000 -285.1600
v -10.4000 4.0000 -303.1600
v -25.2000 4.0000 -285.1600
v -25.2000 4.0000 -303.1600
v -10.4000 4.4000 -285.1600
v -10.4000 4.4000 -303.1600
v -25.2000 4.4000 -285.1600
v -25.2000 4.4000 -303.1600
v -10.4000 -0.7000 -285.1600
v -10.4000 -0.7000 -303.1600
v -25.2000 -0.7000 -285.1600
v -25.2000 -0.7000 -303.1600
v -10.4000 -0.3000 -285.1600
v -10.4000 -0.3000 -303.1600
v -25.2000 -0.3000 -285.1600
v -25.2000 -0.3000 -303.1600
v -10.8000 -0.3000 -285.1600
v -10.8000 -0.3000 -285.6600
v -13.3000 -0.3000 -285.1600
v -13.3000 -0.3000 -285.6600
v -10.8000 4.0000 -285.1600
v -10.8000 4.0000 -285.6600
v -13.3000 4.0000 -285.1600
v -13.3000 4.0000 -285.6600
v -13.3000 -0.3000 -285.1600
v -13.3000 -0.3000 -285.6600
v -15.3000 -0.3000 -285.1600
v -15.3000 -0.3000 -285.6600
v -13.3000 0.0000 -285.1600
v -13.3000 0.0000 -285.6600
v -15.3000 0.0000 -285.1600
v -15.3000 0.0000 -285.6600
v -13.3000 2.6000 -285.1600
v -13.3000 2.6000 -285.6600
v -15.3000 2.6000 -285.1600
v -15.3000 2.6000 -285.6600
v -13.3000 4.0000 -285.1600
v -13.3000 4.0000 -285.6600
v -15.3000 4.0000 -285.1600
v -15.3000 4.0000 -285.6600
v -15.3000 -0.3000 -285.1600
v -15.3000 -0.3000 -285.6600
v -24.8000 -0.3000 -285.1600
v -24.8000 -0.3000 -285.6600
v -15.3000 4.0000 -285.1600
v -15.3000 4.0000 -285.6600
v -24.8000 4.0000 -285.1600
v -24.8000 4.0000 -285.6600
v -10.8000 -0.3000 -302.6600
v -10.8000 -0.3000 -303.1600
v -13.3000 -0.3000 -302.6600
v -13.3000 -0.3000 -303.1600
v -10.8000 4.0000 -302.6600
v -10.8000 4.0000 -303.1600
v -13.3000 4.0000 -302.6600
v -13.3000 4.0000 -303.1600
v -13.3000 -0.3000 -302.6600
v -13.3000 -0.3000 -303.1600
v -15.3000 -0.3000 -302.6600
v -15.3000 -0.3000 -303.1600
v -13.3000 0.0000 -302.6600
v -13.3000 0.0000 -303.1600
v -15.3000 0.0000 -302.6600
v -15.3000 0.0000 -303.1600
v -13.3000 2.6000 -302.6600
v -13.3000 2.6000 -303.1600
v -15.3000 2.6000 -302.6600
v -15.3000 2.6000 -303.1600
v -13.3000 4.0000 -302.6600
v -13.3000 4.0000 -303.1600
v -15.3000 4.0000 -302.6600
v -15.3000 4.0000 -303.1600
v -15.3000 -0.3000 -302.6600
v -15.3000 -0.3000 -303.1600
v -24.8000 -0.3000 -302.6600
v -24.8000 -0.3000 -303.1600
v -15.3000 4.0000 -302.6600
v -15.3000 4.0000 -303.1600
v -24.8000 4.0000 -302.6600
v -24.8000 4.0000 -303.1600
v -10.4000 -0.3000 -285.1600
v -10.4000 -0.3000 -293.2600
v -10.8000 -0.3000 -285.1600
v -10.8000 -0.3000 -293.2600
v -10.4000 4.0000 -285.1600
v -10.4000 4.0000 -293.2600
v -10.8000 4.0000 -285.1600
v -10.8000 4.0000 -293.2600
v -10.4000 -0.3000 -293.2600
v -10.4000 -0.3000 -295.0600
v -10.8000 -0.3000 -293.2600
v -10.8000 -0.3000 -295.0600
v -10.4000 0.0000 -293.2600
v -10.4000 0.0000 -295.0600
v -10.8000 0.0000 -293.2600
v -10.8000 0.0000 -295.0600
v -10.4000 2.8000 -293.2600
v -10.4000 2.8000 -295.0600
v -10.8000 2.8000 -293.2600
v -10.8000 2.8000 -295.0600
v -10.4000 4.0000 -293.2600
v -10.4000 4.0000 -295.0600
v -10.8000 4.0000 -293.2600
v -10.8000 4.0000 -295.0600
v -10.4000 -0.3000 -295.0600
v -10.4000 -0.3000 -303.1600
v -10.8000 -0.3000 -295.0600
v -10.8000 -0.3000 -303.1600
v -10.4000 4.0000 -295.0600
v -10.4000 4.0000 -303.1600
v -10.8000 4.0000 -295.0600
v -10.8000 4.0000 -303.1600
v -24.8000 -0.3000 -285.1600
v -24.8000 -0.3000 -293.2600
v -25.2000 -0.3000 -285.1600
v -25.2000 -0.3000 -293.2600
v -24.8000 4.0000 -285.1600
v -24.8000 4.0000 -293.2600
v -25.2000 4.0000 -285.1600
v -25.2000 4.0000 -293.2600
v -24.8000 -0.3000 -293.2600
v -24.8000 -0.3000 -295.0600
v -25.2000 -0.3000 -293.2600
v -25.2000 -0.3000 -295.0600
v -24.8000 0.0000 -293.2600
v -24.8000 0.0000 -295.0600
v -25.2000 0.0000 -293.2600
v -25.2000 0.0000 -295.0600
v -24.8000 2.8000 -293.2600
v -24.8000 2.8000 -295.0600
v -25.2000 2.8000 -293.2600
v -25.2000 2.8000 -295.0600
v -24.8000 4.0000 -293.2600
v -24.8000 4.0000 -295.0600
v -25.2000 4.0000 -293.2600
v -25.2000 4.0000 -295.0600
v -24.8000 -0.3000 -295.0600
v -24.8000 -0.3000 -303.1600
v -25.2000 -0.3000 -295.0600
v -25.2000 -0.3000 -303.1600
v -24.8000 4.0000 -295.0600
v -24.8000 4.0000 -303.1600
v -25.2000 4.0000 -295.0600
v -25.2000 4.0000 -303.1600
f 12797 12799 12795 12793
f 12794 12796 12800 12798
f 12793 12794 12798 12797
f 12799 12800 12796 12795
f 12795 12796 12794 12793
f 12797 12798 12800 12799
f 12805 12807 12803 12801
f 12802 12804 12808 12806
f 12801 12802 12806 12805
f 12807 12808 12804 12803
f 12803 12804 12802 12801
f 12805 12806 12808 12807
f 12813 12815 12811 12809
f 12810 12812 12816 12814
f 12809 12810 12814 12813
f 12815 12816 12812 12811
f 12811 12812 12810 12809
f 12813 12814 12816 12815
f 12821 12823 12819 12817
f 12818 12820 12824 12822
f 12817 12818 12822 12821
f 12823 12824 12820 12819
f 12819 12820 12818 12817
f 12821 12822 12824 12823
f 12829 12831 12827 12825
f 12826 12828 12832 12830
f 12825 12826 12830 12829
f 12831 12832 12828 12827
f 12827 12828 12826 12825
f 12829 12830 12832 12831
f 12837 12839 12835 12833
f 12834 12836 12840 12838
f 12833 12834 12838 12837
f 12839 12840 12836 12835
f 12835 12836 12834 12833
f 12837 12838 12840 12839
f 12845 12847 12843 12841
f 12842 12844 12848 12846
f 12841 12842 12846 12845
f 12847 12848 12844 12843
f 12843 12844 12842 12841
f 12845 12846 12848 12847
f 12853 12855 12851 12849
f 12850 12852 12856 12854
f 12849 12850 12854 12853
f 12855 12856 12852 12851
f 12851 12852 12850 12849
f 12853 12854 12856 12855
f 12861 12863 12859 12857
f 12858 12860 12864 12862
f 12857 12858 12862 12861
f 12863 12864 12860 12859
f 12859 12860 12858 12857
f 12861 12862 12864 12863
f 12869 12871 12867 12865
f 12866 12868 12872 12870
f 12865 12866 12870 12869
f 12871 12872 12868 12867
f 12867 12868 12866 12865
f 12869 12870 12872 12871
f 12877 12879 12875 12873
f 12874 12876 12880 12878
f 12873 12874 12878 12877
f 12879 12880 12876 12875
f 12875 12876 12874 12873
f 12877 12878 12880 12879
f 12885 12887 12883 12881
f 12882 12884 12888 12886
f 12881 12882 12886 12885
f 12887 12888 12884 12883
f 12883 12884 12882 12881
f 12885 12886 12888 12887
f 12893 12895 12891 12889
f 12890 12892 12896 12894
f 12889 12890 12894 12893
f 12895 12896 12892 12891
f 12891 12892 12890 12889
f 12893 12894 12896 12895
f 12901 12903 12899 12897
f 12898 12900 12904 12902
f 12897 12898 12902 12901
f 12903 12904 12900 12899
f 12899 12900 12898 12897
f 12901 12902 12904 12903
f 12909 12911 12907 12905
f 12906 12908 12912 12910
f 12905 12906 12910 12909
f 12911 12912 12908 12907
f 12907 12908 12906 12905
f 12909 12910 12912 12911
f 12917 12919 12915 12913
f 12914 12916 12920 12918
f 12913 12914 12918 12917
f 12919 12920 12916 12915
f 12915 12916 12914 12913
f 12917 12918 12920 12919
f 12925 12927 12923 12921
f 12922 12924 12928 12926
f 12921 12922 12926 12925
f 12927 12928 12924 12923
f 12923 12924 12922 12921
f 12925 12926 12928 12927
f 12933 12935 12931 12929
f 12930 12932 12936 12934
f 12929 12930 12934 12933
f 12935 12936 12932 12931
f 12931 12932 12930 12929
f 12933 12934 12936 12935
o STATION_HOME_M17DEF_Interior-col
usemtl Interior
v -17.7000 0.0000 -285.6600
v -17.7000 0.0000 -292.9600
v -17.9000 0.0000 -285.6600
v -17.9000 0.0000 -292.9600
v -17.7000 4.0000 -285.6600
v -17.7000 4.0000 -292.9600
v -17.9000 4.0000 -285.6600
v -17.9000 4.0000 -292.9600
v -17.7000 3.0000 -292.9600
v -17.7000 3.0000 -295.3600
v -17.9000 3.0000 -292.9600
v -17.9000 3.0000 -295.3600
v -17.7000 4.0000 -292.9600
v -17.7000 4.0000 -295.3600
v -17.9000 4.0000 -292.9600
v -17.9000 4.0000 -295.3600
v -17.7000 0.0000 -295.3600
v -17.7000 0.0000 -302.6600
v -17.9000 0.0000 -295.3600
v -17.9000 0.0000 -302.6600
v -17.7000 4.0000 -295.3600
v -17.7000 4.0000 -302.6600
v -17.9000 4.0000 -295.3600
v -17.9000 4.0000 -302.6600
v -17.8000 0.0000 -292.7600
v -17.8000 0.0000 -292.9600
v -20.5000 0.0000 -292.7600
v -20.5000 0.0000 -292.9600
v -17.8000 4.0000 -292.7600
v -17.8000 4.0000 -292.9600
v -20.5000 4.0000 -292.7600
v -20.5000 4.0000 -292.9600
v -20.5000 2.6000 -292.7600
v -20.5000 2.6000 -292.9600
v -22.1000 2.6000 -292.7600
v -22.1000 2.6000 -292.9600
v -20.5000 4.0000 -292.7600
v -20.5000 4.0000 -292.9600
v -22.1000 4.0000 -292.7600
v -22.1000 4.0000 -292.9600
v -22.1000 0.0000 -292.7600
v -22.1000 0.0000 -292.9600
v -24.8000 0.0000 -292.7600
v -24.8000 0.0000 -292.9600
v -22.1000 4.0000 -292.7600
v -22.1000 4.0000 -292.9600
v -24.8000 4.0000 -292.7600
v -24.8000 4.0000 -292.9600
v -17.8000 0.0000 -295.3600
v -17.8000 0.0000 -295.5600
v -20.5000 0.0000 -295.3600
v -20.5000 0.0000 -295.5600
v -17.8000 4.0000 -295.3600
v -17.8000 4.0000 -295.5600
v -20.5000 4.0000 -295.3600
v -20.5000 4.0000 -295.5600
v -20.5000 2.6000 -295.3600
v -20.5000 2.6000 -295.5600
v -22.1000 2.6000 -295.3600
v -22.1000 2.6000 -295.5600
v -20.5000 4.0000 -295.3600
v -20.5000 4.0000 -295.5600
v -22.1000 4.0000 -295.3600
v -22.1000 4.0000 -295.5600
v -22.1000 0.0000 -295.3600
v -22.1000 0.0000 -295.5600
v -24.8000 0.0000 -295.3600
v -24.8000 0.0000 -295.5600
v -22.1000 4.0000 -295.3600
v -22.1000 4.0000 -295.5600
v -24.8000 4.0000 -295.3600
v -24.8000 4.0000 -295.5600
f 12941 12943 12939 12937
f 12938 12940 12944 12942
f 12937 12938 12942 12941
f 12943 12944 12940 12939
f 12939 12940 12938 12937
f 12941 12942 12944 12943
f 12949 12951 12947 12945
f 12946 12948 12952 12950
f 12945 12946 12950 12949
f 12951 12952 12948 12947
f 12947 12948 12946 12945
f 12949 12950 12952 12951
f 12957 12959 12955 12953
f 12954 12956 12960 12958
f 12953 12954 12958 12957
f 12959 12960 12956 12955
f 12955 12956 12954 12953
f 12957 12958 12960 12959
f 12965 12967 12963 12961
f 12962 12964 12968 12966
f 12961 12962 12966 12965
f 12967 12968 12964 12963
f 12963 12964 12962 12961
f 12965 12966 12968 12967
f 12973 12975 12971 12969
f 12970 12972 12976 12974
f 12969 12970 12974 12973
f 12975 12976 12972 12971
f 12971 12972 12970 12969
f 12973 12974 12976 12975
f 12981 12983 12979 12977
f 12978 12980 12984 12982
f 12977 12978 12982 12981
f 12983 12984 12980 12979
f 12979 12980 12978 12977
f 12981 12982 12984 12983
f 12989 12991 12987 12985
f 12986 12988 12992 12990
f 12985 12986 12990 12989
f 12991 12992 12988 12987
f 12987 12988 12986 12985
f 12989 12990 12992 12991
f 12997 12999 12995 12993
f 12994 12996 13000 12998
f 12993 12994 12998 12997
f 12999 13000 12996 12995
f 12995 12996 12994 12993
f 12997 12998 13000 12999
f 13005 13007 13003 13001
f 13002 13004 13008 13006
f 13001 13002 13006 13005
f 13007 13008 13004 13003
f 13003 13004 13002 13001
f 13005 13006 13008 13007
o STATION_HOME_M17DEF_Furniture-col
usemtl Furniture
v -18.4000 0.0000 -301.8600
v -18.4000 0.0000 -302.5600
v -24.2000 0.0000 -301.8600
v -24.2000 0.0000 -302.5600
v -18.4000 1.1000 -301.8600
v -18.4000 1.1000 -302.5600
v -24.2000 1.1000 -301.8600
v -24.2000 1.1000 -302.5600
v -18.4000 0.0000 -285.7600
v -18.4000 0.0000 -286.2600
v -20.8000 0.0000 -285.7600
v -20.8000 0.0000 -286.2600
v -18.4000 2.0000 -285.7600
v -18.4000 2.0000 -286.2600
v -20.8000 2.0000 -285.7600
v -20.8000 2.0000 -286.2600
v -20.7000 0.0000 -290.1600
v -20.7000 0.0000 -291.5600
v -21.9000 0.0000 -290.1600
v -21.9000 0.0000 -291.5600
v -20.7000 0.7500 -290.1600
v -20.7000 0.7500 -291.5600
v -21.9000 0.7500 -290.1600
v -21.9000 0.7500 -291.5600
v -18.2000 0.0000 -295.0100
v -18.2000 0.0000 -295.3600
v -19.4000 0.0000 -295.0100
v -19.4000 0.0000 -295.3600
v -18.2000 2.0000 -295.0100
v -18.2000 2.0000 -295.3600
v -19.4000 2.0000 -295.0100
v -19.4000 2.0000 -295.3600
v -13.1000 0.0000 -287.6600
v -13.1000 0.0000 -291.3600
v -15.5000 0.0000 -287.6600
v -15.5000 0.0000 -291.3600
v -13.1000 1.2000 -287.6600
v -13.1000 1.2000 -291.3600
v -15.5000 1.2000 -287.6600
v -15.5000 1.2000 -291.3600
v -12.7667 0.6000 -285.7100
v -12.7667 0.6000 -286.1100
v -13.7667 0.6000 -285.7100
v -13.7667 0.6000 -286.1100
v -12.7667 2.0000 -285.7100
v -12.7667 2.0000 -286.1100
v -13.7667 2.0000 -285.7100
v -13.7667 2.0000 -286.1100
v -14.8333 0.6000 -302.2100
v -14.8333 0.6000 -302.6100
v -15.8333 0.6000 -302.2100
v -15.8333 0.6000 -302.6100
v -14.8333 2.0000 -302.2100
v -14.8333 2.0000 -302.6100
v -15.8333 2.0000 -302.2100
v -15.8333 2.0000 -302.6100
f 13013 13015 13011 13009
f 13010 13012 13016 13014
f 13009 13010 13014 13013
f 13015 13016 13012 13011
f 13011 13012 13010 13009
f 13013 13014 13016 13015
f 13021 13023 13019 13017
f 13018 13020 13024 13022
f 13017 13018 13022 13021
f 13023 13024 13020 13019
f 13019 13020 13018 13017
f 13021 13022 13024 13023
f 13029 13031 13027 13025
f 13026 13028 13032 13030
f 13025 13026 13030 13029
f 13031 13032 13028 13027
f 13027 13028 13026 13025
f 13029 13030 13032 13031
f 13037 13039 13035 13033
f 13034 13036 13040 13038
f 13033 13034 13038 13037
f 13039 13040 13036 13035
f 13035 13036 13034 13033
f 13037 13038 13040 13039
f 13045 13047 13043 13041
f 13042 13044 13048 13046
f 13041 13042 13046 13045
f 13047 13048 13044 13043
f 13043 13044 13042 13041
f 13045 13046 13048 13047
f 13053 13055 13051 13049
f 13050 13052 13056 13054
f 13049 13050 13054 13053
f 13055 13056 13052 13051
f 13051 13052 13050 13049
f 13053 13054 13056 13055
f 13061 13063 13059 13057
f 13058 13060 13064 13062
f 13057 13058 13062 13061
f 13063 13064 13060 13059
f 13059 13060 13058 13057
f 13061 13062 13064 13063
o STATION_HOME_M17DEF_Cover-col
usemtl Cover
v -12.2500 0.0000 -290.5600
v -12.2500 0.0000 -291.5600
v -13.2500 0.0000 -290.5600
v -13.2500 0.0000 -291.5600
v -12.2500 1.1000 -290.5600
v -12.2500 1.1000 -291.5600
v -13.2500 1.1000 -290.5600
v -13.2500 1.1000 -291.5600
v -15.3500 0.0000 -290.5600
v -15.3500 0.0000 -291.5600
v -16.3500 0.0000 -290.5600
v -16.3500 0.0000 -291.5600
v -15.3500 1.1000 -290.5600
v -15.3500 1.1000 -291.5600
v -16.3500 1.1000 -290.5600
v -16.3500 1.1000 -291.5600
f 13069 13071 13067 13065
f 13066 13068 13072 13070
f 13065 13066 13070 13069
f 13071 13072 13068 13067
f 13067 13068 13066 13065
f 13069 13070 13072 13071
f 13077 13079 13075 13073
f 13074 13076 13080 13078
f 13073 13074 13078 13077
f 13079 13080 13076 13075
f 13075 13076 13074 13073
f 13077 13078 13080 13079
o STATION_HOME_M17DEF_Hazard
usemtl Hazard
v -13.0000 0.0000 -285.0400
v -13.0000 0.0000 -285.1600
v -13.3000 0.0000 -285.0400
v -13.3000 0.0000 -285.1600
v -13.0000 2.9000 -285.0400
v -13.0000 2.9000 -285.1600
v -13.3000 2.9000 -285.0400
v -13.3000 2.9000 -285.1600
v -15.3000 0.0000 -285.0400
v -15.3000 0.0000 -285.1600
v -15.6000 0.0000 -285.0400
v -15.6000 0.0000 -285.1600
v -15.3000 2.9000 -285.0400
v -15.3000 2.9000 -285.1600
v -15.6000 2.9000 -285.0400
v -15.6000 2.9000 -285.1600
v -13.0000 0.0000 -303.1600
v -13.0000 0.0000 -303.2800
v -13.3000 0.0000 -303.1600
v -13.3000 0.0000 -303.2800
v -13.0000 2.9000 -303.1600
v -13.0000 2.9000 -303.2800
v -13.3000 2.9000 -303.1600
v -13.3000 2.9000 -303.2800
v -15.3000 0.0000 -303.1600
v -15.3000 0.0000 -303.2800
v -15.6000 0.0000 -303.1600
v -15.6000 0.0000 -303.2800
v -15.3000 2.9000 -303.1600
v -15.3000 2.9000 -303.2800
v -15.6000 2.9000 -303.1600
v -15.6000 2.9000 -303.2800
v -25.2000 2.8000 -292.9600
v -25.2000 2.8000 -295.3600
v -25.2400 2.8000 -292.9600
v -25.2400 2.8000 -295.3600
v -25.2000 3.0000 -292.9600
v -25.2000 3.0000 -295.3600
v -25.2400 3.0000 -292.9600
v -25.2400 3.0000 -295.3600
v -12.7667 1.8000 -286.1100
v -12.7667 1.8000 -286.1300
v -13.7667 1.8000 -286.1100
v -13.7667 1.8000 -286.1300
v -12.7667 2.0000 -286.1100
v -12.7667 2.0000 -286.1300
v -13.7667 2.0000 -286.1100
v -13.7667 2.0000 -286.1300
v -14.8333 1.8000 -302.1900
v -14.8333 1.8000 -302.2100
v -15.8333 1.8000 -302.1900
v -15.8333 1.8000 -302.2100
v -14.8333 2.0000 -302.1900
v -14.8333 2.0000 -302.2100
v -15.8333 2.0000 -302.1900
v -15.8333 2.0000 -302.2100
f 13085 13087 13083 13081
f 13082 13084 13088 13086
f 13081 13082 13086 13085
f 13087 13088 13084 13083
f 13083 13084 13082 13081
f 13085 13086 13088 13087
f 13093 13095 13091 13089
f 13090 13092 13096 13094
f 13089 13090 13094 13093
f 13095 13096 13092 13091
f 13091 13092 13090 13089
f 13093 13094 13096 13095
f 13101 13103 13099 13097
f 13098 13100 13104 13102
f 13097 13098 13102 13101
f 13103 13104 13100 13099
f 13099 13100 13098 13097
f 13101 13102 13104 13103
f 13109 13111 13107 13105
f 13106 13108 13112 13110
f 13105 13106 13110 13109
f 13111 13112 13108 13107
f 13107 13108 13106 13105
f 13109 13110 13112 13111
f 13117 13119 13115 13113
f 13114 13116 13120 13118
f 13113 13114 13118 13117
f 13119 13120 13116 13115
f 13115 13116 13114 13113
f 13117 13118 13120 13119
f 13125 13127 13123 13121
f 13122 13124 13128 13126
f 13121 13122 13126 13125
f 13127 13128 13124 13123
f 13123 13124 13122 13121
f 13125 13126 13128 13127
f 13133 13135 13131 13129
f 13130 13132 13136 13134
f 13129 13130 13134 13133
f 13135 13136 13132 13131
f 13131 13132 13130 13129
f 13133 13134 13136 13135
o STATION_HOME_M17DEF_Lights
usemtl Lights
v -18.6000 0.8000 -301.8400
v -18.6000 0.8000 -301.8600
v -24.0000 0.8000 -301.8400
v -24.0000 0.8000 -301.8600
v -18.6000 1.0500 -301.8400
v -18.6000 1.0500 -301.8600
v -24.0000 1.0500 -301.8400
v -24.0000 1.0500 -301.8600
v -20.6000 1.0000 -296.8600
v -20.6000 1.0000 -297.8600
v -22.0000 1.0000 -296.8600
v -22.0000 1.0000 -297.8600
v -20.6000 1.0300 -296.8600
v -20.6000 1.0300 -297.8600
v -22.0000 1.0300 -296.8600
v -22.0000 1.0300 -297.8600
v -18.3000 3.6200 -293.8600
v -18.3000 3.6200 -294.4600
v -24.3000 3.6200 -293.8600
v -24.3000 3.6200 -294.4600
v -18.3000 3.7000 -293.8600
v -18.3000 3.7000 -294.4600
v -24.3000 3.7000 -293.8600
v -24.3000 3.7000 -294.4600
v -11.7000 3.8800 -293.7600
v -11.7000 3.8800 -294.5600
v -16.9000 3.8800 -293.7600
v -16.9000 3.8800 -294.5600
v -11.7000 3.9600 -293.7600
v -11.7000 3.9600 -294.5600
v -16.9000 3.9600 -293.7600
v -16.9000 3.9600 -294.5600
f 13141 13143 13139 13137
f 13138 13140 13144 13142
f 13137 13138 13142 13141
f 13143 13144 13140 13139
f 13139 13140 13138 13137
f 13141 13142 13144 13143
f 13149 13151 13147 13145
f 13146 13148 13152 13150
f 13145 13146 13150 13149
f 13151 13152 13148 13147
f 13147 13148 13146 13145
f 13149 13150 13152 13151
f 13157 13159 13155 13153
f 13154 13156 13160 13158
f 13153 13154 13158 13157
f 13159 13160 13156 13155
f 13155 13156 13154 13153
f 13157 13158 13160 13159
f 13165 13167 13163 13161
f 13162 13164 13168 13166
f 13161 13162 13166 13165
f 13167 13168 13164 13163
f 13163 13164 13162 13161
f 13165 13166 13168 13167
o STATION_HOME_M17DEF_Machinery-col
usemtl Engine
v -14.3000 0.0000 -298.2600
v -14.8290 0.0000 -298.0881
v -15.1560 0.0000 -297.6381
v -15.1560 0.0000 -297.0819
v -14.8290 0.0000 -296.6319
v -14.3000 0.0000 -296.4600
v -13.7710 0.0000 -296.6319
v -13.4440 0.0000 -297.0819
v -13.4440 0.0000 -297.6381
v -13.7710 0.0000 -298.0881
v -14.3000 3.6000 -298.2600
v -14.8290 3.6000 -298.0881
v -15.1560 3.6000 -297.6381
v -15.1560 3.6000 -297.0819
v -14.8290 3.6000 -296.6319
v -14.3000 3.6000 -296.4600
v -13.7710 3.6000 -296.6319
v -13.4440 3.6000 -297.0819
v -13.4440 3.6000 -297.6381
v -13.7710 3.6000 -298.0881
f 13169 13170 13180 13179
f 13170 13171 13181 13180
f 13171 13172 13182 13181
f 13172 13173 13183 13182
f 13173 13174 13184 13183
f 13174 13175 13185 13184
f 13175 13176 13186 13185
f 13176 13177 13187 13186
f 13177 13178 13188 13187
f 13178 13169 13179 13188
f 13178 13177 13176 13175 13174 13173 13172 13171 13170 13169
f 13179 13180 13181 13182 13183 13184 13185 13186 13187 13188
o STATION_HOME_M17DEF_AirlockPort_Door-col
usemtl Door
v -13.2500 0.0000 -285.3600
v -13.2500 0.0000 -285.4600
v -15.3500 0.0000 -285.3600
v -15.3500 0.0000 -285.4600
v -13.2500 2.6000 -285.3600
v -13.2500 2.6000 -285.4600
v -15.3500 2.6000 -285.3600
v -15.3500 2.6000 -285.4600
f 13193 13195 13191 13189
f 13190 13192 13196 13194
f 13189 13190 13194 13193
f 13195 13196 13192 13191
f 13191 13192 13190 13189
f 13193 13194 13196 13195
o STATION_HOME_M17DEF_AirlockStbd_Door-col
usemtl Door
v -13.2500 0.0000 -302.8600
v -13.2500 0.0000 -302.9600
v -15.3500 0.0000 -302.8600
v -15.3500 0.0000 -302.9600
v -13.2500 2.6000 -302.8600
v -13.2500 2.6000 -302.9600
v -15.3500 2.6000 -302.8600
v -15.3500 2.6000 -302.9600
f 13201 13203 13199 13197
f 13198 13200 13204 13202
f 13197 13198 13202 13201
f 13203 13204 13200 13199
f 13199 13200 13198 13197
f 13201 13202 13204 13203
o STATION_HOME_M17DEF_Connector_Back_Door-col
usemtl Door
v -10.5500 0.0000 -293.2100
v -10.5500 0.0000 -295.1100
v -10.6500 0.0000 -293.2100
v -10.6500 0.0000 -295.1100
v -10.5500 2.8000 -293.2100
v -10.5500 2.8000 -295.1100
v -10.6500 2.8000 -293.2100
v -10.6500 2.8000 -295.1100
f 13209 13211 13207 13205
f 13206 13208 13212 13210
f 13205 13206 13210 13209
f 13211 13212 13208 13207
f 13207 13208 13206 13205
f 13209 13210 13212 13211
o STATION_HOME_M17DEF_Connector_Front_Door-col
usemtl Door
v -24.9500 0.0000 -293.2100
v -24.9500 0.0000 -295.1100
v -25.0500 0.0000 -293.2100
v -25.0500 0.0000 -295.1100
v -24.9500 2.8000 -293.2100
v -24.9500 2.8000 -295.1100
v -25.0500 2.8000 -293.2100
v -25.0500 2.8000 -295.1100
f 13217 13219 13215 13213
f 13214 13216 13220 13218
f 13213 13214 13218 13217
f 13219 13220 13216 13215
f 13215 13216 13214 13213
f 13217 13218 13220 13219
o STATION_HOME_M17DEF_ControlConsole-col
usemtl Furniture
v -20.5000 0.0000 -296.7600
v -20.5000 0.0000 -297.9600
v -22.1000 0.0000 -296.7600
v -22.1000 0.0000 -297.9600
v -20.5000 1.0000 -296.7600
v -20.5000 1.0000 -297.9600
v -22.1000 1.0000 -296.7600
v -22.1000 1.0000 -297.9600
f 13225 13227 13223 13221
f 13222 13224 13228 13226
f 13221 13222 13226 13225
f 13227 13228 13224 13223
f 13223 13224 13222 13221
f 13225 13226 13228 13227
o STATION_HOME_M17DEF_StatusLight
usemtl Lights
v -23.3000 4.4000 -293.6600
v -23.3000 4.4000 -294.6600
v -24.3000 4.4000 -293.6600
v -24.3000 4.4000 -294.6600
v -23.3000 4.7000 -293.6600
v -23.3000 4.7000 -294.6600
v -24.3000 4.7000 -293.6600
v -24.3000 4.7000 -294.6600
f 13233 13235 13231 13229
f 13230 13232 13236 13234
f 13229 13230 13234 13233
f 13235 13236 13232 13231
f 13231 13232 13230 13229
f 13233 13234 13236 13235
o STATION_HOME_M17DEF_Turret_1
usemtl Turret
v -15.0000 4.4000 -298.2880
v -15.8144 4.4000 -298.1260
v -16.5047 4.4000 -297.6647
v -16.9660 4.4000 -296.9744
v -17.1280 4.4000 -296.1600
v -16.9660 4.4000 -295.3456
v -16.5047 4.4000 -294.6553
v -15.8144 4.4000 -294.1940
v -15.0000 4.4000 -294.0320
v -14.1856 4.4000 -294.1940
v -13.4953 4.4000 -294.6553
v -13.0340 4.4000 -295.3456
v -12.8720 4.4000 -296.1600
v -13.0340 4.4000 -296.9744
v -13.4953 4.4000 -297.6647
v -14.1856 4.4000 -298.1260
v -15.0000 5.1840 -298.2880
v -15.8144 5.1840 -298.1260
v -16.5047 5.1840 -297.6647
v -16.9660 5.1840 -296.9744
v -17.1280 5.1840 -296.1600
v -16.9660 5.1840 -295.3456
v -16.5047 5.1840 -294.6553
v -15.8144 5.1840 -294.1940
v -15.0000 5.1840 -294.0320
v -14.1856 5.1840 -294.1940
v -13.4953 5.1840 -294.6553
v -13.0340 5.1840 -295.3456
v -12.8720 5.1840 -296.1600
v -13.0340 5.1840 -296.9744
v -13.4953 5.1840 -297.6647
v -14.1856 5.1840 -298.1260
v -13.2080 5.1840 -294.3680
v -13.2080 5.1840 -297.9520
v -17.0160 5.1840 -294.3680
v -17.0160 5.1840 -297.9520
v -13.2080 6.9760 -294.9280
v -13.2080 6.9760 -297.3920
v -17.0160 6.9760 -294.9280
v -17.0160 6.9760 -297.3920
v -16.3440 5.8560 -295.2416
v -16.3440 5.8560 -295.6448
v -22.1680 5.8560 -295.2416
v -22.1680 5.8560 -295.6448
v -16.3440 6.2592 -295.2416
v -16.3440 6.2592 -295.6448
v -22.1680 6.2592 -295.2416
v -22.1680 6.2592 -295.6448
v -16.3440 5.8560 -296.6752
v -16.3440 5.8560 -297.0784
v -22.1680 5.8560 -296.6752
v -22.1680 5.8560 -297.0784
v -16.3440 6.2592 -296.6752
v -16.3440 6.2592 -297.0784
v -22.1680 6.2592 -296.6752
v -22.1680 6.2592 -297.0784
f 13237 13238 13254 13253
f 13238 13239 13255 13254
f 13239 13240 13256 13255
f 13240 13241 13257 13256
f 13241 13242 13258 13257
f 13242 13243 13259 13258
f 13243 13244 13260 13259
f 13244 13245 13261 13260
f 13245 13246 13262 13261
f 13246 13247 13263 13262
f 13247 13248 13264 13263
f 13248 13249 13265 13264
f 13249 13250 13266 13265
f 13250 13251 13267 13266
f 13251 13252 13268 13267
f 13252 13237 13253 13268
f 13252 13251 13250 13249 13248 13247 13246 13245 13244 13243 13242 13241 13240 13239 13238 13237
f 13253 13254 13255 13256 13257 13258 13259 13260 13261 13262 13263 13264 13265 13266 13267 13268
f 13273 13275 13271 13269
f 13270 13272 13276 13274
f 13269 13270 13274 13273
f 13275 13276 13272 13271
f 13271 13272 13270 13269
f 13273 13274 13276 13275
f 13281 13283 13279 13277
f 13278 13280 13284 13282
f 13277 13278 13282 13281
f 13283 13284 13280 13279
f 13279 13280 13278 13277
f 13281 13282 13284 13283
f 13289 13291 13287 13285
f 13286 13288 13292 13290
f 13285 13286 13290 13289
f 13291 13292 13288 13287
f 13287 13288 13286 13285
f 13289 13290 13292 13291
o STATION_HOME_M17DEF_Turret_2
usemtl Turret
v -20.6000 4.4000 -298.2880
v -21.4144 4.4000 -298.1260
v -22.1047 4.4000 -297.6647
v -22.5660 4.4000 -296.9744
v -22.7280 4.4000 -296.1600
v -22.5660 4.4000 -295.3456
v -22.1047 4.4000 -294.6553
v -21.4144 4.4000 -294.1940
v -20.6000 4.4000 -294.0320
v -19.7856 4.4000 -294.1940
v -19.0953 4.4000 -294.6553
v -18.6340 4.4000 -295.3456
v -18.4720 4.4000 -296.1600
v -18.6340 4.4000 -296.9744
v -19.0953 4.4000 -297.6647
v -19.7856 4.4000 -298.1260
v -20.6000 5.1840 -298.2880
v -21.4144 5.1840 -298.1260
v -22.1047 5.1840 -297.6647
v -22.5660 5.1840 -296.9744
v -22.7280 5.1840 -296.1600
v -22.5660 5.1840 -295.3456
v -22.1047 5.1840 -294.6553
v -21.4144 5.1840 -294.1940
v -20.6000 5.1840 -294.0320
v -19.7856 5.1840 -294.1940
v -19.0953 5.1840 -294.6553
v -18.6340 5.1840 -295.3456
v -18.4720 5.1840 -296.1600
v -18.6340 5.1840 -296.9744
v -19.0953 5.1840 -297.6647
v -19.7856 5.1840 -298.1260
v -18.8080 5.1840 -294.3680
v -18.8080 5.1840 -297.9520
v -22.6160 5.1840 -294.3680
v -22.6160 5.1840 -297.9520
v -18.8080 6.9760 -294.9280
v -18.8080 6.9760 -297.3920
v -22.6160 6.9760 -294.9280
v -22.6160 6.9760 -297.3920
v -21.9440 5.8560 -295.2416
v -21.9440 5.8560 -295.6448
v -27.7680 5.8560 -295.2416
v -27.7680 5.8560 -295.6448
v -21.9440 6.2592 -295.2416
v -21.9440 6.2592 -295.6448
v -27.7680 6.2592 -295.2416
v -27.7680 6.2592 -295.6448
v -21.9440 5.8560 -296.6752
v -21.9440 5.8560 -297.0784
v -27.7680 5.8560 -296.6752
v -27.7680 5.8560 -297.0784
v -21.9440 6.2592 -296.6752
v -21.9440 6.2592 -297.0784
v -27.7680 6.2592 -296.6752
v -27.7680 6.2592 -297.0784
f 13293 13294 13310 13309
f 13294 13295 13311 13310
f 13295 13296 13312 13311
f 13296 13297 13313 13312
f 13297 13298 13314 13313
f 13298 13299 13315 13314
f 13299 13300 13316 13315
f 13300 13301 13317 13316
f 13301 13302 13318 13317
f 13302 13303 13319 13318
f 13303 13304 13320 13319
f 13304 13305 13321 13320
f 13305 13306 13322 13321
f 13306 13307 13323 13322
f 13307 13308 13324 13323
f 13308 13293 13309 13324
f 13308 13307 13306 13305 13304 13303 13302 13301 13300 13299 13298 13297 13296 13295 13294 13293
f 13309 13310 13311 13312 13313 13314 13315 13316 13317 13318 13319 13320 13321 13322 13323 13324
f 13329 13331 13327 13325
f 13326 13328 13332 13330
f 13325 13326 13330 13329
f 13331 13332 13328 13327
f 13327 13328 13326 13325
f 13329 13330 13332 13331
f 13337 13339 13335 13333
f 13334 13336 13340 13338
f 13333 13334 13338 13337
f 13339 13340 13336 13335
f 13335 13336 13334 13333
f 13337 13338 13340 13339
f 13345 13347 13343 13341
f 13342 13344 13348 13346
f 13341 13342 13346 13345
f 13347 13348 13344 13343
f 13343 13344 13342 13341
f 13345 13346 13348 13347
o STATION_HOME_T09_Deck-col
usemtl Deck
v -1.4000 -0.3000 -298.5600
v 1.4000 -0.3000 -298.5600
v -1.4000 -0.3000 -311.0000
v 1.4000 -0.3000 -311.0000
v -1.4000 0.0000 -298.5600
v 1.4000 0.0000 -298.5600
v -1.4000 0.0000 -311.0000
v 1.4000 0.0000 -311.0000
f 13353 13355 13351 13349
f 13350 13352 13356 13354
f 13349 13350 13354 13353
f 13355 13356 13352 13351
f 13351 13352 13350 13349
f 13353 13354 13356 13355
o STATION_HOME_T09_Hull-col
usemtl Hull
v -1.8000 3.2000 -298.5600
v 1.8000 3.2000 -298.5600
v -1.8000 3.2000 -311.0000
v 1.8000 3.2000 -311.0000
v -1.8000 3.6000 -298.5600
v 1.8000 3.6000 -298.5600
v -1.8000 3.6000 -311.0000
v 1.8000 3.6000 -311.0000
v -1.8000 -0.7000 -298.5600
v 1.8000 -0.7000 -298.5600
v -1.8000 -0.7000 -311.0000
v 1.8000 -0.7000 -311.0000
v -1.8000 -0.3000 -298.5600
v 1.8000 -0.3000 -298.5600
v -1.8000 -0.3000 -311.0000
v 1.8000 -0.3000 -311.0000
v -1.8000 -0.3000 -298.5600
v -1.4000 -0.3000 -298.5600
v -1.8000 -0.3000 -299.5600
v -1.4000 -0.3000 -299.5600
v -1.8000 3.2000 -298.5600
v -1.4000 3.2000 -298.5600
v -1.8000 3.2000 -299.5600
v -1.4000 3.2000 -299.5600
v -1.8000 -0.3000 -299.5600
v -1.4000 -0.3000 -299.5600
v -1.8000 -0.3000 -310.0000
v -1.4000 -0.3000 -310.0000
v -1.8000 1.2000 -299.5600
v -1.4000 1.2000 -299.5600
v -1.8000 1.2000 -310.0000
v -1.4000 1.2000 -310.0000
v -1.8000 2.4000 -299.5600
v -1.4000 2.4000 -299.5600
v -1.8000 2.4000 -310.0000
v -1.4000 2.4000 -310.0000
v -1.8000 3.2000 -299.5600
v -1.4000 3.2000 -299.5600
v -1.8000 3.2000 -310.0000
v -1.4000 3.2000 -310.0000
v -1.8000 -0.3000 -310.0000
v -1.4000 -0.3000 -310.0000
v -1.8000 -0.3000 -311.0000
v -1.4000 -0.3000 -311.0000
v -1.8000 3.2000 -310.0000
v -1.4000 3.2000 -310.0000
v -1.8000 3.2000 -311.0000
v -1.4000 3.2000 -311.0000
v 1.4000 -0.3000 -298.5600
v 1.8000 -0.3000 -298.5600
v 1.4000 -0.3000 -299.5600
v 1.8000 -0.3000 -299.5600
v 1.4000 3.2000 -298.5600
v 1.8000 3.2000 -298.5600
v 1.4000 3.2000 -299.5600
v 1.8000 3.2000 -299.5600
v 1.4000 -0.3000 -299.5600
v 1.8000 -0.3000 -299.5600
v 1.4000 -0.3000 -310.0000
v 1.8000 -0.3000 -310.0000
v 1.4000 1.2000 -299.5600
v 1.8000 1.2000 -299.5600
v 1.4000 1.2000 -310.0000
v 1.8000 1.2000 -310.0000
v 1.4000 2.4000 -299.5600
v 1.8000 2.4000 -299.5600
v 1.4000 2.4000 -310.0000
v 1.8000 2.4000 -310.0000
v 1.4000 3.2000 -299.5600
v 1.8000 3.2000 -299.5600
v 1.4000 3.2000 -310.0000
v 1.8000 3.2000 -310.0000
v 1.4000 -0.3000 -310.0000
v 1.8000 -0.3000 -310.0000
v 1.4000 -0.3000 -311.0000
v 1.8000 -0.3000 -311.0000
v 1.4000 3.2000 -310.0000
v 1.8000 3.2000 -310.0000
v 1.4000 3.2000 -311.0000
v 1.8000 3.2000 -311.0000
f 13361 13363 13359 13357
f 13358 13360 13364 13362
f 13357 13358 13362 13361
f 13363 13364 13360 13359
f 13359 13360 13358 13357
f 13361 13362 13364 13363
f 13369 13371 13367 13365
f 13366 13368 13372 13370
f 13365 13366 13370 13369
f 13371 13372 13368 13367
f 13367 13368 13366 13365
f 13369 13370 13372 13371
f 13377 13379 13375 13373
f 13374 13376 13380 13378
f 13373 13374 13378 13377
f 13379 13380 13376 13375
f 13375 13376 13374 13373
f 13377 13378 13380 13379
f 13385 13387 13383 13381
f 13382 13384 13388 13386
f 13381 13382 13386 13385
f 13387 13388 13384 13383
f 13383 13384 13382 13381
f 13385 13386 13388 13387
f 13393 13395 13391 13389
f 13390 13392 13396 13394
f 13389 13390 13394 13393
f 13395 13396 13392 13391
f 13391 13392 13390 13389
f 13393 13394 13396 13395
f 13401 13403 13399 13397
f 13398 13400 13404 13402
f 13397 13398 13402 13401
f 13403 13404 13400 13399
f 13399 13400 13398 13397
f 13401 13402 13404 13403
f 13409 13411 13407 13405
f 13406 13408 13412 13410
f 13405 13406 13410 13409
f 13411 13412 13408 13407
f 13407 13408 13406 13405
f 13409 13410 13412 13411
f 13417 13419 13415 13413
f 13414 13416 13420 13418
f 13413 13414 13418 13417
f 13419 13420 13416 13415
f 13415 13416 13414 13413
f 13417 13418 13420 13419
f 13425 13427 13423 13421
f 13422 13424 13428 13426
f 13421 13422 13426 13425
f 13427 13428 13424 13423
f 13423 13424 13422 13421
f 13425 13426 13428 13427
f 13433 13435 13431 13429
f 13430 13432 13436 13434
f 13429 13430 13434 13433
f 13435 13436 13432 13431
f 13431 13432 13430 13429
f 13433 13434 13436 13435
o STATION_HOME_T09_Lights
usemtl Lights
v -0.3000 3.1200 -299.0600
v 0.3000 3.1200 -299.0600
v -0.3000 3.1200 -310.5000
v 0.3000 3.1200 -310.5000
v -0.3000 3.2000 -299.0600
v 0.3000 3.2000 -299.0600
v -0.3000 3.2000 -310.5000
v 0.3000 3.2000 -310.5000
f 13441 13443 13439 13437
f 13438 13440 13444 13442
f 13437 13438 13442 13441
f 13443 13444 13440 13439
f 13439 13440 13438 13437
f 13441 13442 13444 13443
o STATION_HOME_T09_Glass-col
usemtl Glass
v -1.6000 1.2000 -299.5600
v -1.5500 1.2000 -299.5600
v -1.6000 1.2000 -310.0000
v -1.5500 1.2000 -310.0000
v -1.6000 2.4000 -299.5600
v -1.5500 2.4000 -299.5600
v -1.6000 2.4000 -310.0000
v -1.5500 2.4000 -310.0000
v 1.5500 1.2000 -299.5600
v 1.6000 1.2000 -299.5600
v 1.5500 1.2000 -310.0000
v 1.6000 1.2000 -310.0000
v 1.5500 2.4000 -299.5600
v 1.6000 2.4000 -299.5600
v 1.5500 2.4000 -310.0000
v 1.6000 2.4000 -310.0000
f 13449 13451 13447 13445
f 13446 13448 13452 13450
f 13445 13446 13450 13449
f 13451 13452 13448 13447
f 13447 13448 13446 13445
f 13449 13450 13452 13451
f 13457 13459 13455 13453
f 13454 13456 13460 13458
f 13453 13454 13458 13457
f 13459 13460 13456 13455
f 13455 13456 13454 13453
f 13457 13458 13460 13459
o STATION_HOME_H09_Deck-col
usemtl Deck
v -4.0000 -0.3000 -311.4000
v 4.0000 -0.3000 -311.4000
v -4.0000 -0.3000 -319.4000
v 4.0000 -0.3000 -319.4000
v -4.0000 0.0000 -311.4000
v 4.0000 0.0000 -311.4000
v -4.0000 0.0000 -319.4000
v 4.0000 0.0000 -319.4000
f 13465 13467 13463 13461
f 13462 13464 13468 13466
f 13461 13462 13466 13465
f 13467 13468 13464 13463
f 13463 13464 13462 13461
f 13465 13466 13468 13467
o STATION_HOME_H09_Hull-col
usemtl Hull
v -4.4000 4.0000 -311.0000
v 4.4000 4.0000 -311.0000
v -4.4000 4.0000 -319.8000
v 4.4000 4.0000 -319.8000
v -4.4000 4.4000 -311.0000
v 4.4000 4.4000 -311.0000
v -4.4000 4.4000 -319.8000
v 4.4000 4.4000 -319.8000
v -4.4000 -0.7000 -311.0000
v 4.4000 -0.7000 -311.0000
v -4.4000 -0.7000 -319.8000
v 4.4000 -0.7000 -319.8000
v -4.4000 -0.3000 -311.0000
v 4.4000 -0.3000 -311.0000
v -4.4000 -0.3000 -319.8000
v 4.4000 -0.3000 -319.8000
v -4.4000 -0.3000 -311.0000
v -1.1000 -0.3000 -311.0000
v -4.4000 -0.3000 -311.4000
v -1.1000 -0.3000 -311.4000
v -4.4000 4.0000 -311.0000
v -1.1000 4.0000 -311.0000
v -4.4000 4.0000 -311.4000
v -1.1000 4.0000 -311.4000
v -1.1000 -0.3000 -311.0000
v 1.1000 -0.3000 -311.0000
v -1.1000 -0.3000 -311.4000
v 1.1000 -0.3000 -311.4000
v -1.1000 0.0000 -311.0000
v 1.1000 0.0000 -311.0000
v -1.1000 0.0000 -311.4000
v 1.1000 0.0000 -311.4000
v -1.1000 3.0000 -311.0000
v 1.1000 3.0000 -311.0000
v -1.1000 3.0000 -311.4000
v 1.1000 3.0000 -311.4000
v -1.1000 4.0000 -311.0000
v 1.1000 4.0000 -311.0000
v -1.1000 4.0000 -311.4000
v 1.1000 4.0000 -311.4000
v 1.1000 -0.3000 -311.0000
v 4.4000 -0.3000 -311.0000
v 1.1000 -0.3000 -311.4000
v 4.4000 -0.3000 -311.4000
v 1.1000 4.0000 -311.0000
v 4.4000 4.0000 -311.0000
v 1.1000 4.0000 -311.4000
v 4.4000 4.0000 -311.4000
v -4.4000 -0.3000 -319.4000
v -1.1000 -0.3000 -319.4000
v -4.4000 -0.3000 -319.8000
v -1.1000 -0.3000 -319.8000
v -4.4000 4.0000 -319.4000
v -1.1000 4.0000 -319.4000
v -4.4000 4.0000 -319.8000
v -1.1000 4.0000 -319.8000
v -1.1000 -0.3000 -319.4000
v 1.1000 -0.3000 -319.4000
v -1.1000 -0.3000 -319.8000
v 1.1000 -0.3000 -319.8000
v -1.1000 0.0000 -319.4000
v 1.1000 0.0000 -319.4000
v -1.1000 0.0000 -319.8000
v 1.1000 0.0000 -319.8000
v -1.1000 3.0000 -319.4000
v 1.1000 3.0000 -319.4000
v -1.1000 3.0000 -319.8000
v 1.1000 3.0000 -319.8000
v -1.1000 4.0000 -319.4000
v 1.1000 4.0000 -319.4000
v -1.1000 4.0000 -319.8000
v 1.1000 4.0000 -319.8000
v 1.1000 -0.3000 -319.4000
v 4.4000 -0.3000 -319.4000
v 1.1000 -0.3000 -319.8000
v 4.4000 -0.3000 -319.8000
v 1.1000 4.0000 -319.4000
v 4.4000 4.0000 -319.4000
v 1.1000 4.0000 -319.8000
v 4.4000 4.0000 -319.8000
v -4.4000 -0.3000 -311.0000
v -4.0000 -0.3000 -311.0000
v -4.4000 -0.3000 -314.3000
v -4.0000 -0.3000 -314.3000
v -4.4000 4.0000 -311.0000
v -4.0000 4.0000 -311.0000
v -4.4000 4.0000 -314.3000
v -4.0000 4.0000 -314.3000
v -4.4000 -0.3000 -314.3000
v -4.0000 -0.3000 -314.3000
v -4.4000 -0.3000 -316.5000
v -4.0000 -0.3000 -316.5000
v -4.4000 0.0000 -314.3000
v -4.0000 0.0000 -314.3000
v -4.4000 0.0000 -316.5000
v -4.0000 0.0000 -316.5000
v -4.4000 3.0000 -314.3000
v -4.0000 3.0000 -314.3000
v -4.4000 3.0000 -316.5000
v -4.0000 3.0000 -316.5000
v -4.4000 4.0000 -314.3000
v -4.0000 4.0000 -314.3000
v -4.4000 4.0000 -316.5000
v -4.0000 4.0000 -316.5000
v -4.4000 -0.3000 -316.5000
v -4.0000 -0.3000 -316.5000
v -4.4000 -0.3000 -319.8000
v -4.0000 -0.3000 -319.8000
v -4.4000 4.0000 -316.5000
v -4.0000 4.0000 -316.5000
v -4.4000 4.0000 -319.8000
v -4.0000 4.0000 -319.8000
v 4.0000 -0.3000 -311.0000
v 4.4000 -0.3000 -311.0000
v 4.0000 -0.3000 -314.3000
v 4.4000 -0.3000 -314.3000
v 4.0000 4.0000 -311.0000
v 4.4000 4.0000 -311.0000
v 4.0000 4.0000 -314.3000
v 4.4000 4.0000 -314.3000
v 4.0000 -0.3000 -314.3000
v 4.4000 -0.3000 -314.3000
v 4.0000 -0.3000 -316.5000
v 4.4000 -0.3000 -316.5000
v 4.0000 0.0000 -314.3000
v 4.4000 0.0000 -314.3000
v 4.0000 0.0000 -316.5000
v 4.4000 0.0000 -316.5000
v 4.0000 3.0000 -314.3000
v 4.4000 3.0000 -314.3000
v 4.0000 3.0000 -316.5000
v 4.4000 3.0000 -316.5000
v 4.0000 4.0000 -314.3000
v 4.4000 4.0000 -314.3000
v 4.0000 4.0000 -316.5000
v 4.4000 4.0000 -316.5000
v 4.0000 -0.3000 -316.5000
v 4.4000 -0.3000 -316.5000
v 4.0000 -0.3000 -319.8000
v 4.4000 -0.3000 -319.8000
v 4.0000 4.0000 -316.5000
v 4.4000 4.0000 -316.5000
v 4.0000 4.0000 -319.8000
v 4.4000 4.0000 -319.8000
f 13473 13475 13471 13469
f 13470 13472 13476 13474
f 13469 13470 13474 13473
f 13475 13476 13472 13471
f 13471 13472 13470 13469
f 13473 13474 13476 13475
f 13481 13483 13479 13477
f 13478 13480 13484 13482
f 13477 13478 13482 13481
f 13483 13484 13480 13479
f 13479 13480 13478 13477
f 13481 13482 13484 13483
f 13489 13491 13487 13485
f 13486 13488 13492 13490
f 13485 13486 13490 13489
f 13491 13492 13488 13487
f 13487 13488 13486 13485
f 13489 13490 13492 13491
f 13497 13499 13495 13493
f 13494 13496 13500 13498
f 13493 13494 13498 13497
f 13499 13500 13496 13495
f 13495 13496 13494 13493
f 13497 13498 13500 13499
f 13505 13507 13503 13501
f 13502 13504 13508 13506
f 13501 13502 13506 13505
f 13507 13508 13504 13503
f 13503 13504 13502 13501
f 13505 13506 13508 13507
f 13513 13515 13511 13509
f 13510 13512 13516 13514
f 13509 13510 13514 13513
f 13515 13516 13512 13511
f 13511 13512 13510 13509
f 13513 13514 13516 13515
f 13521 13523 13519 13517
f 13518 13520 13524 13522
f 13517 13518 13522 13521
f 13523 13524 13520 13519
f 13519 13520 13518 13517
f 13521 13522 13524 13523
f 13529 13531 13527 13525
f 13526 13528 13532 13530
f 13525 13526 13530 13529
f 13531 13532 13528 13527
f 13527 13528 13526 13525
f 13529 13530 13532 13531
f 13537 13539 13535 13533
f 13534 13536 13540 13538
f 13533 13534 13538 13537
f 13539 13540 13536 13535
f 13535 13536 13534 13533
f 13537 13538 13540 13539
f 13545 13547 13543 13541
f 13542 13544 13548 13546
f 13541 13542 13546 13545
f 13547 13548 13544 13543
f 13543 13544 13542 13541
f 13545 13546 13548 13547
f 13553 13555 13551 13549
f 13550 13552 13556 13554
f 13549 13550 13554 13553
f 13555 13556 13552 13551
f 13551 13552 13550 13549
f 13553 13554 13556 13555
f 13561 13563 13559 13557
f 13558 13560 13564 13562
f 13557 13558 13562 13561
f 13563 13564 13560 13559
f 13559 13560 13558 13557
f 13561 13562 13564 13563
f 13569 13571 13567 13565
f 13566 13568 13572 13570
f 13565 13566 13570 13569
f 13571 13572 13568 13567
f 13567 13568 13566 13565
f 13569 13570 13572 13571
f 13577 13579 13575 13573
f 13574 13576 13580 13578
f 13573 13574 13578 13577
f 13579 13580 13576 13575
f 13575 13576 13574 13573
f 13577 13578 13580 13579
f 13585 13587 13583 13581
f 13582 13584 13588 13586
f 13581 13582 13586 13585
f 13587 13588 13584 13583
f 13583 13584 13582 13581
f 13585 13586 13588 13587
f 13593 13595 13591 13589
f 13590 13592 13596 13594
f 13589 13590 13594 13593
f 13595 13596 13592 13591
f 13591 13592 13590 13589
f 13593 13594 13596 13595
f 13601 13603 13599 13597
f 13598 13600 13604 13602
f 13597 13598 13602 13601
f 13603 13604 13600 13599
f 13599 13600 13598 13597
f 13601 13602 13604 13603
f 13609 13611 13607 13605
f 13606 13608 13612 13610
f 13605 13606 13610 13609
f 13611 13612 13608 13607
f 13607 13608 13606 13605
f 13609 13610 13612 13611
o STATION_HOME_H09_Lights
usemtl Lights
v -1.0000 3.9200 -314.4000
v 1.0000 3.9200 -314.4000
v -1.0000 3.9200 -316.4000
v 1.0000 3.9200 -316.4000
v -1.0000 4.0000 -314.4000
v 1.0000 4.0000 -314.4000
v -1.0000 4.0000 -316.4000
v 1.0000 4.0000 -316.4000
f 13617 13619 13615 13613
f 13614 13616 13620 13618
f 13613 13614 13618 13617
f 13619 13620 13616 13615
f 13615 13616 13614 13613
f 13617 13618 13620 13619
o STATION_HOME_T09R_Deck-col
usemtl Deck
v 4.4000 -0.3000 -316.8000
v 4.4000 -0.3000 -314.0000
v 10.4000 -0.3000 -316.8000
v 10.4000 -0.3000 -314.0000
v 4.4000 0.0000 -316.8000
v 4.4000 0.0000 -314.0000
v 10.4000 0.0000 -316.8000
v 10.4000 0.0000 -314.0000
f 13625 13627 13623 13621
f 13622 13624 13628 13626
f 13621 13622 13626 13625
f 13627 13628 13624 13623
f 13623 13624 13622 13621
f 13625 13626 13628 13627
o STATION_HOME_T09R_Hull-col
usemtl Hull
v 4.4000 3.2000 -317.2000
v 4.4000 3.2000 -313.6000
v 10.4000 3.2000 -317.2000
v 10.4000 3.2000 -313.6000
v 4.4000 3.6000 -317.2000
v 4.4000 3.6000 -313.6000
v 10.4000 3.6000 -317.2000
v 10.4000 3.6000 -313.6000
v 4.4000 -0.7000 -317.2000
v 4.4000 -0.7000 -313.6000
v 10.4000 -0.7000 -317.2000
v 10.4000 -0.7000 -313.6000
v 4.4000 -0.3000 -317.2000
v 4.4000 -0.3000 -313.6000
v 10.4000 -0.3000 -317.2000
v 10.4000 -0.3000 -313.6000
v 4.4000 -0.3000 -317.2000
v 4.4000 -0.3000 -316.8000
v 5.4000 -0.3000 -317.2000
v 5.4000 -0.3000 -316.8000
v 4.4000 3.2000 -317.2000
v 4.4000 3.2000 -316.8000
v 5.4000 3.2000 -317.2000
v 5.4000 3.2000 -316.8000
v 5.4000 -0.3000 -317.2000
v 5.4000 -0.3000 -316.8000
v 9.4000 -0.3000 -317.2000
v 9.4000 -0.3000 -316.8000
v 5.4000 1.2000 -317.2000
v 5.4000 1.2000 -316.8000
v 9.4000 1.2000 -317.2000
v 9.4000 1.2000 -316.8000
v 5.4000 2.4000 -317.2000
v 5.4000 2.4000 -316.8000
v 9.4000 2.4000 -317.2000
v 9.4000 2.4000 -316.8000
v 5.4000 3.2000 -317.2000
v 5.4000 3.2000 -316.8000
v 9.4000 3.2000 -317.2000
v 9.4000 3.2000 -316.8000
v 9.4000 -0.3000 -317.2000
v 9.4000 -0.3000 -316.8000
v 10.4000 -0.3000 -317.2000
v 10.4000 -0.3000 -316.8000
v 9.4000 3.2000 -317.2000
v 9.4000 3.2000 -316.8000
v 10.4000 3.2000 -317.2000
v 10.4000 3.2000 -316.8000
v 4.4000 -0.3000 -314.0000
v 4.4000 -0.3000 -313.6000
v 5.4000 -0.3000 -314.0000
v 5.4000 -0.3000 -313.6000
v 4.4000 3.2000 -314.0000
v 4.4000 3.2000 -313.6000
v 5.4000 3.2000 -314.0000
v 5.4000 3.2000 -313.6000
v 5.4000 -0.3000 -314.0000
v 5.4000 -0.3000 -313.6000
v 9.4000 -0.3000 -314.0000
v 9.4000 -0.3000 -313.6000
v 5.4000 1.2000 -314.0000
v 5.4000 1.2000 -313.6000
v 9.4000 1.2000 -314.0000
v 9.4000 1.2000 -313.6000
v 5.4000 2.4000 -314.0000
v 5.4000 2.4000 -313.6000
v 9.4000 2.4000 -314.0000
v 9.4000 2.4000 -313.6000
v 5.4000 3.2000 -314.0000
v 5.4000 3.2000 -313.6000
v 9.4000 3.2000 -314.0000
v 9.4000 3.2000 -313.6000
v 9.4000 -0.3000 -314.0000
v 9.4000 -0.3000 -313.6000
v 10.4000 -0.3000 -314.0000
v 10.4000 -0.3000 -313.6000
v 9.4000 3.2000 -314.0000
v 9.4000 3.2000 -313.6000
v 10.4000 3.2000 -314.0000
v 10.4000 3.2000 -313.6000
f 13633 13635 13631 13629
f 13630 13632 13636 13634
f 13629 13630 13634 13633
f 13635 13636 13632 13631
f 13631 13632 13630 13629
f 13633 13634 13636 13635
f 13641 13643 13639 13637
f 13638 13640 13644 13642
f 13637 13638 13642 13641
f 13643 13644 13640 13639
f 13639 13640 13638 13637
f 13641 13642 13644 13643
f 13649 13651 13647 13645
f 13646 13648 13652 13650
f 13645 13646 13650 13649
f 13651 13652 13648 13647
f 13647 13648 13646 13645
f 13649 13650 13652 13651
f 13657 13659 13655 13653
f 13654 13656 13660 13658
f 13653 13654 13658 13657
f 13659 13660 13656 13655
f 13655 13656 13654 13653
f 13657 13658 13660 13659
f 13665 13667 13663 13661
f 13662 13664 13668 13666
f 13661 13662 13666 13665
f 13667 13668 13664 13663
f 13663 13664 13662 13661
f 13665 13666 13668 13667
f 13673 13675 13671 13669
f 13670 13672 13676 13674
f 13669 13670 13674 13673
f 13675 13676 13672 13671
f 13671 13672 13670 13669
f 13673 13674 13676 13675
f 13681 13683 13679 13677
f 13678 13680 13684 13682
f 13677 13678 13682 13681
f 13683 13684 13680 13679
f 13679 13680 13678 13677
f 13681 13682 13684 13683
f 13689 13691 13687 13685
f 13686 13688 13692 13690
f 13685 13686 13690 13689
f 13691 13692 13688 13687
f 13687 13688 13686 13685
f 13689 13690 13692 13691
f 13697 13699 13695 13693
f 13694 13696 13700 13698
f 13693 13694 13698 13697
f 13699 13700 13696 13695
f 13695 13696 13694 13693
f 13697 13698 13700 13699
f 13705 13707 13703 13701
f 13702 13704 13708 13706
f 13701 13702 13706 13705
f 13707 13708 13704 13703
f 13703 13704 13702 13701
f 13705 13706 13708 13707
o STATION_HOME_T09R_Lights
usemtl Lights
v 4.9000 3.1200 -315.7000
v 4.9000 3.1200 -315.1000
v 9.9000 3.1200 -315.7000
v 9.9000 3.1200 -315.1000
v 4.9000 3.2000 -315.7000
v 4.9000 3.2000 -315.1000
v 9.9000 3.2000 -315.7000
v 9.9000 3.2000 -315.1000
f 13713 13715 13711 13709
f 13710 13712 13716 13714
f 13709 13710 13714 13713
f 13715 13716 13712 13711
f 13711 13712 13710 13709
f 13713 13714 13716 13715
o STATION_HOME_T09R_Glass-col
usemtl Glass
v 5.4000 1.2000 -317.0000
v 5.4000 1.2000 -316.9500
v 9.4000 1.2000 -317.0000
v 9.4000 1.2000 -316.9500
v 5.4000 2.4000 -317.0000
v 5.4000 2.4000 -316.9500
v 9.4000 2.4000 -317.0000
v 9.4000 2.4000 -316.9500
v 5.4000 1.2000 -313.8500
v 5.4000 1.2000 -313.8000
v 9.4000 1.2000 -313.8500
v 9.4000 1.2000 -313.8000
v 5.4000 2.4000 -313.8500
v 5.4000 2.4000 -313.8000
v 9.4000 2.4000 -313.8500
v 9.4000 2.4000 -313.8000
f 13721 13723 13719 13717
f 13718 13720 13724 13722
f 13717 13718 13722 13721
f 13723 13724 13720 13719
f 13719 13720 13718 13717
f 13721 13722 13724 13723
f 13729 13731 13727 13725
f 13726 13728 13732 13730
f 13725 13726 13730 13729
f 13731 13732 13728 13727
f 13727 13728 13726 13725
f 13729 13730 13732 13731
o STATION_HOME_M18SHD_Deck-col
usemtl Deck
v 10.8000 -0.3000 -323.9000
v 10.8000 -0.3000 -306.9000
v 30.8000 -0.3000 -323.9000
v 30.8000 -0.3000 -306.9000
v 10.8000 0.0000 -323.9000
v 10.8000 0.0000 -306.9000
v 30.8000 0.0000 -323.9000
v 30.8000 0.0000 -306.9000
f 13737 13739 13735 13733
f 13734 13736 13740 13738
f 13733 13734 13738 13737
f 13739 13740 13736 13735
f 13735 13736 13734 13733
f 13737 13738 13740 13739
o STATION_HOME_M18SHD_Hull-col
usemtl Hull
v 10.4000 4.0000 -324.4000
v 10.4000 4.0000 -306.4000
v 31.2000 4.0000 -324.4000
v 31.2000 4.0000 -306.4000
v 10.4000 4.4000 -324.4000
v 10.4000 4.4000 -306.4000
v 31.2000 4.4000 -324.4000
v 31.2000 4.4000 -306.4000
v 10.4000 -0.7000 -324.4000
v 10.4000 -0.7000 -306.4000
v 31.2000 -0.7000 -324.4000
v 31.2000 -0.7000 -306.4000
v 10.4000 -0.3000 -324.4000
v 10.4000 -0.3000 -306.4000
v 31.2000 -0.3000 -324.4000
v 31.2000 -0.3000 -306.4000
v 10.8000 -0.3000 -324.4000
v 10.8000 -0.3000 -323.9000
v 14.8000 -0.3000 -324.4000
v 14.8000 -0.3000 -323.9000
v 10.8000 4.0000 -324.4000
v 10.8000 4.0000 -323.9000
v 14.8000 4.0000 -324.4000
v 14.8000 4.0000 -323.9000
v 14.8000 -0.3000 -324.4000
v 14.8000 -0.3000 -323.9000
v 16.8000 -0.3000 -324.4000
v 16.8000 -0.3000 -323.9000
v 14.8000 0.0000 -324.4000
v 14.8000 0.0000 -323.9000
v 16.8000 0.0000 -324.4000
v 16.8000 0.0000 -323.9000
v 14.8000 2.6000 -324.4000
v 14.8000 2.6000 -323.9000
v 16.8000 2.6000 -324.4000
v 16.8000 2.6000 -323.9000
v 14.8000 4.0000 -324.4000
v 14.8000 4.0000 -323.9000
v 16.8000 4.0000 -324.4000
v 16.8000 4.0000 -323.9000
v 16.8000 -0.3000 -324.4000
v 16.8000 -0.3000 -323.9000
v 30.8000 -0.3000 -324.4000
v 30.8000 -0.3000 -323.9000
v 16.8000 4.0000 -324.4000
v 16.8000 4.0000 -323.9000
v 30.8000 4.0000 -324.4000
v 30.8000 4.0000 -323.9000
v 10.8000 -0.3000 -306.9000
v 10.8000 -0.3000 -306.4000
v 14.8000 -0.3000 -306.9000
v 14.8000 -0.3000 -306.4000
v 10.8000 4.0000 -306.9000
v 10.8000 4.0000 -306.4000
v 14.8000 4.0000 -306.9000
v 14.8000 4.0000 -306.4000
v 14.8000 -0.3000 -306.9000
v 14.8000 -0.3000 -306.4000
v 16.8000 -0.3000 -306.9000
v 16.8000 -0.3000 -306.4000
v 14.8000 0.0000 -306.9000
v 14.8000 0.0000 -306.4000
v 16.8000 0.0000 -306.9000
v 16.8000 0.0000 -306.4000
v 14.8000 2.6000 -306.9000
v 14.8000 2.6000 -306.4000
v 16.8000 2.6000 -306.9000
v 16.8000 2.6000 -306.4000
v 14.8000 4.0000 -306.9000
v 14.8000 4.0000 -306.4000
v 16.8000 4.0000 -306.9000
v 16.8000 4.0000 -306.4000
v 16.8000 -0.3000 -306.9000
v 16.8000 -0.3000 -306.4000
v 30.8000 -0.3000 -306.9000
v 30.8000 -0.3000 -306.4000
v 16.8000 4.0000 -306.9000
v 16.8000 4.0000 -306.4000
v 30.8000 4.0000 -306.9000
v 30.8000 4.0000 -306.4000
v 10.4000 -0.3000 -324.4000
v 10.4000 -0.3000 -316.3000
v 10.8000 -0.3000 -324.4000
v 10.8000 -0.3000 -316.3000
v 10.4000 4.0000 -324.4000
v 10.4000 4.0000 -316.3000
v 10.8000 4.0000 -324.4000
v 10.8000 4.0000 -316.3000
v 10.4000 -0.3000 -316.3000
v 10.4000 -0.3000 -314.5000
v 10.8000 -0.3000 -316.3000
v 10.8000 -0.3000 -314.5000
v 10.4000 0.0000 -316.3000
v 10.4000 0.0000 -314.5000
v 10.8000 0.0000 -316.3000
v 10.8000 0.0000 -314.5000
v 10.4000 2.8000 -316.3000
v 10.4000 2.8000 -314.5000
v 10.8000 2.8000 -316.3000
v 10.8000 2.8000 -314.5000
v 10.4000 4.0000 -316.3000
v 10.4000 4.0000 -314.5000
v 10.8000 4.0000 -316.3000
v 10.8000 4.0000 -314.5000
v 10.4000 -0.3000 -314.5000
v 10.4000 -0.3000 -306.4000
v 10.8000 -0.3000 -314.5000
v 10.8000 -0.3000 -306.4000
v 10.4000 4.0000 -314.5000
v 10.4000 4.0000 -306.4000
v 10.8000 4.0000 -314.5000
v 10.8000 4.0000 -306.4000
v 30.8000 -0.3000 -324.4000
v 30.8000 -0.3000 -316.3000
v 31.2000 -0.3000 -324.4000
v 31.2000 -0.3000 -316.3000
v 30.8000 4.0000 -324.4000
v 30.8000 4.0000 -316.3000
v 31.2000 4.0000 -324.4000
v 31.2000 4.0000 -316.3000
v 30.8000 -0.3000 -316.3000
v 30.8000 -0.3000 -314.5000
v 31.2000 -0.3000 -316.3000
v 31.2000 -0.3000 -314.5000
v 30.8000 0.0000 -316.3000
v 30.8000 0.0000 -314.5000
v 31.2000 0.0000 -316.3000
v 31.2000 0.0000 -314.5000
v 30.8000 2.8000 -316.3000
v 30.8000 2.8000 -314.5000
v 31.2000 2.8000 -316.3000
v 31.2000 2.8000 -314.5000
v 30.8000 4.0000 -316.3000
v 30.8000 4.0000 -314.5000
v 31.2000 4.0000 -316.3000
v 31.2000 4.0000 -314.5000
v 30.8000 -0.3000 -314.5000
v 30.8000 -0.3000 -306.4000
v 31.2000 -0.3000 -314.5000
v 31.2000 -0.3000 -306.4000
v 30.8000 4.0000 -314.5000
v 30.8000 4.0000 -306.4000
v 31.2000 4.0000 -314.5000
v 31.2000 4.0000 -306.4000
f 13745 13747 13743 13741
f 13742 13744 13748 13746
f 13741 13742 13746 13745
f 13747 13748 13744 13743
f 13743 13744 13742 13741
f 13745 13746 13748 13747
f 13753 13755 13751 13749
f 13750 13752 13756 13754
f 13749 13750 13754 13753
f 13755 13756 13752 13751
f 13751 13752 13750 13749
f 13753 13754 13756 13755
f 13761 13763 13759 13757
f 13758 13760 13764 13762
f 13757 13758 13762 13761
f 13763 13764 13760 13759
f 13759 13760 13758 13757
f 13761 13762 13764 13763
f 13769 13771 13767 13765
f 13766 13768 13772 13770
f 13765 13766 13770 13769
f 13771 13772 13768 13767
f 13767 13768 13766 13765
f 13769 13770 13772 13771
f 13777 13779 13775 13773
f 13774 13776 13780 13778
f 13773 13774 13778 13777
f 13779 13780 13776 13775
f 13775 13776 13774 13773
f 13777 13778 13780 13779
f 13785 13787 13783 13781
f 13782 13784 13788 13786
f 13781 13782 13786 13785
f 13787 13788 13784 13783
f 13783 13784 13782 13781
f 13785 13786 13788 13787
f 13793 13795 13791 13789
f 13790 13792 13796 13794
f 13789 13790 13794 13793
f 13795 13796 13792 13791
f 13791 13792 13790 13789
f 13793 13794 13796 13795
f 13801 13803 13799 13797
f 13798 13800 13804 13802
f 13797 13798 13802 13801
f 13803 13804 13800 13799
f 13799 13800 13798 13797
f 13801 13802 13804 13803
f 13809 13811 13807 13805
f 13806 13808 13812 13810
f 13805 13806 13810 13809
f 13811 13812 13808 13807
f 13807 13808 13806 13805
f 13809 13810 13812 13811
f 13817 13819 13815 13813
f 13814 13816 13820 13818
f 13813 13814 13818 13817
f 13819 13820 13816 13815
f 13815 13816 13814 13813
f 13817 13818 13820 13819
f 13825 13827 13823 13821
f 13822 13824 13828 13826
f 13821 13822 13826 13825
f 13827 13828 13824 13823
f 13823 13824 13822 13821
f 13825 13826 13828 13827
f 13833 13835 13831 13829
f 13830 13832 13836 13834
f 13829 13830 13834 13833
f 13835 13836 13832 13831
f 13831 13832 13830 13829
f 13833 13834 13836 13835
f 13841 13843 13839 13837
f 13838 13840 13844 13842
f 13837 13838 13842 13841
f 13843 13844 13840 13839
f 13839 13840 13838 13837
f 13841 13842 13844 13843
f 13849 13851 13847 13845
f 13846 13848 13852 13850
f 13845 13846 13850 13849
f 13851 13852 13848 13847
f 13847 13848 13846 13845
f 13849 13850 13852 13851
f 13857 13859 13855 13853
f 13854 13856 13860 13858
f 13853 13854 13858 13857
f 13859 13860 13856 13855
f 13855 13856 13854 13853
f 13857 13858 13860 13859
f 13865 13867 13863 13861
f 13862 13864 13868 13866
f 13861 13862 13866 13865
f 13867 13868 13864 13863
f 13863 13864 13862 13861
f 13865 13866 13868 13867
f 13873 13875 13871 13869
f 13870 13872 13876 13874
f 13869 13870 13874 13873
f 13875 13876 13872 13871
f 13871 13872 13870 13869
f 13873 13874 13876 13875
f 13881 13883 13879 13877
f 13878 13880 13884 13882
f 13877 13878 13882 13881
f 13883 13884 13880 13879
f 13879 13880 13878 13877
f 13881 13882 13884 13883
o STATION_HOME_M18SHD_Interior-col
usemtl Interior
v 20.7000 0.0000 -323.9000
v 20.7000 0.0000 -316.6000
v 20.9000 0.0000 -323.9000
v 20.9000 0.0000 -316.6000
v 20.7000 4.0000 -323.9000
v 20.7000 4.0000 -316.6000
v 20.9000 4.0000 -323.9000
v 20.9000 4.0000 -316.6000
v 20.7000 3.0000 -316.6000
v 20.7000 3.0000 -314.2000
v 20.9000 3.0000 -316.6000
v 20.9000 3.0000 -314.2000
v 20.7000 4.0000 -316.6000
v 20.7000 4.0000 -314.2000
v 20.9000 4.0000 -316.6000
v 20.9000 4.0000 -314.2000
v 20.7000 0.0000 -314.2000
v 20.7000 0.0000 -306.9000
v 20.9000 0.0000 -314.2000
v 20.9000 0.0000 -306.9000
v 20.7000 4.0000 -314.2000
v 20.7000 4.0000 -306.9000
v 20.9000 4.0000 -314.2000
v 20.9000 4.0000 -306.9000
v 20.8000 0.0000 -316.8000
v 20.8000 0.0000 -316.6000
v 25.0000 0.0000 -316.8000
v 25.0000 0.0000 -316.6000
v 20.8000 4.0000 -316.8000
v 20.8000 4.0000 -316.6000
v 25.0000 4.0000 -316.8000
v 25.0000 4.0000 -316.6000
v 25.0000 2.6000 -316.8000
v 25.0000 2.6000 -316.6000
v 26.6000 2.6000 -316.8000
v 26.6000 2.6000 -316.6000
v 25.0000 4.0000 -316.8000
v 25.0000 4.0000 -316.6000
v 26.6000 4.0000 -316.8000
v 26.6000 4.0000 -316.6000
v 26.6000 0.0000 -316.8000
v 26.6000 0.0000 -316.6000
v 30.8000 0.0000 -316.8000
v 30.8000 0.0000 -316.6000
v 26.6000 4.0000 -316.8000
v 26.6000 4.0000 -316.6000
v 30.8000 4.0000 -316.8000
v 30.8000 4.0000 -316.6000
v 20.8000 0.0000 -314.2000
v 20.8000 0.0000 -314.0000
v 25.0000 0.0000 -314.2000
v 25.0000 0.0000 -314.0000
v 20.8000 4.0000 -314.2000
v 20.8000 4.0000 -314.0000
v 25.0000 4.0000 -314.2000
v 25.0000 4.0000 -314.0000
v 25.0000 2.6000 -314.2000
v 25.0000 2.6000 -314.0000
v 26.6000 2.6000 -314.2000
v 26.6000 2.6000 -314.0000
v 25.0000 4.0000 -314.2000
v 25.0000 4.0000 -314.0000
v 26.6000 4.0000 -314.2000
v 26.6000 4.0000 -314.0000
v 26.6000 0.0000 -314.2000
v 26.6000 0.0000 -314.0000
v 30.8000 0.0000 -314.2000
v 30.8000 0.0000 -314.0000
v 26.6000 4.0000 -314.2000
v 26.6000 4.0000 -314.0000
v 30.8000 4.0000 -314.2000
v 30.8000 4.0000 -314.0000
f 13889 13891 13887 13885
f 13886 13888 13892 13890
f 13885 13886 13890 13889
f 13891 13892 13888 13887
f 13887 13888 13886 13885
f 13889 13890 13892 13891
f 13897 13899 13895 13893
f 13894 13896 13900 13898
f 13893 13894 13898 13897
f 13899 13900 13896 13895
f 13895 13896 13894 13893
f 13897 13898 13900 13899
f 13905 13907 13903 13901
f 13902 13904 13908 13906
f 13901 13902 13906 13905
f 13907 13908 13904 13903
f 13903 13904 13902 13901
f 13905 13906 13908 13907
f 13913 13915 13911 13909
f 13910 13912 13916 13914
f 13909 13910 13914 13913
f 13915 13916 13912 13911
f 13911 13912 13910 13909
f 13913 13914 13916 13915
f 13921 13923 13919 13917
f 13918 13920 13924 13922
f 13917 13918 13922 13921
f 13923 13924 13920 13919
f 13919 13920 13918 13917
f 13921 13922 13924 13923
f 13929 13931 13927 13925
f 13926 13928 13932 13930
f 13925 13926 13930 13929
f 13931 13932 13928 13927
f 13927 13928 13926 13925
f 13929 13930 13932 13931
f 13937 13939 13935 13933
f 13934 13936 13940 13938
f 13933 13934 13938 13937
f 13939 13940 13936 13935
f 13935 13936 13934 13933
f 13937 13938 13940 13939
f 13945 13947 13943 13941
f 13942 13944 13948 13946
f 13941 13942 13946 13945
f 13947 13948 13944 13943
f 13943 13944 13942 13941
f 13945 13946 13948 13947
f 13953 13955 13951 13949
f 13950 13952 13956 13954
f 13949 13950 13954 13953
f 13955 13956 13952 13951
f 13951 13952 13950 13949
f 13953 13954 13956 13955
o STATION_HOME_M18SHD_Furniture-col
usemtl Furniture
v 21.4000 0.0000 -307.7000
v 21.4000 0.0000 -307.0000
v 30.2000 0.0000 -307.7000
v 30.2000 0.0000 -307.0000
v 21.4000 1.1000 -307.7000
v 21.4000 1.1000 -307.0000
v 30.2000 1.1000 -307.7000
v 30.2000 1.1000 -307.0000
v 21.4000 0.0000 -323.8000
v 21.4000 0.0000 -323.3000
v 23.8000 0.0000 -323.8000
v 23.8000 0.0000 -323.3000
v 21.4000 2.0000 -323.8000
v 21.4000 2.0000 -323.3000
v 23.8000 2.0000 -323.8000
v 23.8000 2.0000 -323.3000
v 25.2000 0.0000 -319.4000
v 25.2000 0.0000 -318.0000
v 26.4000 0.0000 -319.4000
v 26.4000 0.0000 -318.0000
v 25.2000 0.7500 -319.4000
v 25.2000 0.7500 -318.0000
v 26.4000 0.7500 -319.4000
v 26.4000 0.7500 -318.0000
v 21.2000 0.0000 -314.5500
v 21.2000 0.0000 -314.2000
v 22.4000 0.0000 -314.5500
v 22.4000 0.0000 -314.2000
v 21.2000 2.0000 -314.5500
v 21.2000 2.0000 -314.2000
v 22.4000 2.0000 -314.5500
v 22.4000 2.0000 -314.2000
v 12.6000 0.0000 -321.9000
v 12.6000 0.0000 -318.2000
v 19.0000 0.0000 -321.9000
v 19.0000 0.0000 -318.2000
v 12.6000 2.0000 -321.9000
v 12.6000 2.0000 -318.2000
v 19.0000 2.0000 -321.9000
v 19.0000 2.0000 -318.2000
v 13.7667 0.6000 -323.8500
v 13.7667 0.6000 -323.4500
v 14.7667 0.6000 -323.8500
v 14.7667 0.6000 -323.4500
v 13.7667 2.0000 -323.8500
v 13.7667 2.0000 -323.4500
v 14.7667 2.0000 -323.8500
v 14.7667 2.0000 -323.4500
v 16.8333 0.6000 -307.3500
v 16.8333 0.6000 -306.9500
v 17.8333 0.6000 -307.3500
v 17.8333 0.6000 -306.9500
v 16.8333 2.0000 -307.3500
v 16.8333 2.0000 -306.9500
v 17.8333 2.0000 -307.3500
v 17.8333 2.0000 -306.9500
f 13961 13963 13959 13957
f 13958 13960 13964 13962
f 13957 13958 13962 13961
f 13963 13964 13960 13959
f 13959 13960 13958 13957
f 13961 13962 13964 13963
f 13969 13971 13967 13965
f 13966 13968 13972 13970
f 13965 13966 13970 13969
f 13971 13972 13968 13967
f 13967 13968 13966 13965
f 13969 13970 13972 13971
f 13977 13979 13975 13973
f 13974 13976 13980 13978
f 13973 13974 13978 13977
f 13979 13980 13976 13975
f 13975 13976 13974 13973
f 13977 13978 13980 13979
f 13985 13987 13983 13981
f 13982 13984 13988 13986
f 13981 13982 13986 13985
f 13987 13988 13984 13983
f 13983 13984 13982 13981
f 13985 13986 13988 13987
f 13993 13995 13991 13989
f 13990 13992 13996 13994
f 13989 13990 13994 13993
f 13995 13996 13992 13991
f 13991 13992 13990 13989
f 13993 13994 13996 13995
f 14001 14003 13999 13997
f 13998 14000 14004 14002
f 13997 13998 14002 14001
f 14003 14004 14000 13999
f 13999 14000 13998 13997
f 14001 14002 14004 14003
f 14009 14011 14007 14005
f 14006 14008 14012 14010
f 14005 14006 14010 14009
f 14011 14012 14008 14007
f 14007 14008 14006 14005
f 14009 14010 14012 14011
o STATION_HOME_M18SHD_Cover-col
usemtl Cover
v 13.0000 0.0000 -319.0000
v 13.0000 0.0000 -318.0000
v 14.0000 0.0000 -319.0000
v 14.0000 0.0000 -318.0000
v 13.0000 1.1000 -319.0000
v 13.0000 1.1000 -318.0000
v 14.0000 1.1000 -319.0000
v 14.0000 1.1000 -318.0000
v 17.6000 0.0000 -319.0000
v 17.6000 0.0000 -318.0000
v 18.6000 0.0000 -319.0000
v 18.6000 0.0000 -318.0000
v 17.6000 1.1000 -319.0000
v 17.6000 1.1000 -318.0000
v 18.6000 1.1000 -319.0000
v 18.6000 1.1000 -318.0000
f 14017 14019 14015 14013
f 14014 14016 14020 14018
f 14013 14014 14018 14017
f 14019 14020 14016 14015
f 14015 14016 14014 14013
f 14017 14018 14020 14019
f 14025 14027 14023 14021
f 14022 14024 14028 14026
f 14021 14022 14026 14025
f 14027 14028 14024 14023
f 14023 14024 14022 14021
f 14025 14026 14028 14027
o STATION_HOME_M18SHD_Hazard
usemtl Hazard
v 14.5000 0.0000 -324.5200
v 14.5000 0.0000 -324.4000
v 14.8000 0.0000 -324.5200
v 14.8000 0.0000 -324.4000
v 14.5000 2.9000 -324.5200
v 14.5000 2.9000 -324.4000
v 14.8000 2.9000 -324.5200
v 14.8000 2.9000 -324.4000
v 16.8000 0.0000 -324.5200
v 16.8000 0.0000 -324.4000
v 17.1000 0.0000 -324.5200
v 17.1000 0.0000 -324.4000
v 16.8000 2.9000 -324.5200
v 16.8000 2.9000 -324.4000
v 17.1000 2.9000 -324.5200
v 17.1000 2.9000 -324.4000
v 14.5000 0.0000 -306.4000
v 14.5000 0.0000 -306.2800
v 14.8000 0.0000 -306.4000
v 14.8000 0.0000 -306.2800
v 14.5000 2.9000 -306.4000
v 14.5000 2.9000 -306.2800
v 14.8000 2.9000 -306.4000
v 14.8000 2.9000 -306.2800
v 16.8000 0.0000 -306.4000
v 16.8000 0.0000 -306.2800
v 17.1000 0.0000 -306.4000
v 17.1000 0.0000 -306.2800
v 16.8000 2.9000 -306.4000
v 16.8000 2.9000 -306.2800
v 17.1000 2.9000 -306.4000
v 17.1000 2.9000 -306.2800
v 31.2000 2.8000 -316.6000
v 31.2000 2.8000 -314.2000
v 31.2400 2.8000 -316.6000
v 31.2400 2.8000 -314.2000
v 31.2000 3.0000 -316.6000
v 31.2000 3.0000 -314.2000
v 31.2400 3.0000 -316.6000
v 31.2400 3.0000 -314.2000
v 13.7667 1.8000 -323.4500
v 13.7667 1.8000 -323.4300
v 14.7667 1.8000 -323.4500
v 14.7667 1.8000 -323.4300
v 13.7667 2.0000 -323.4500
v 13.7667 2.0000 -323.4300
v 14.7667 2.0000 -323.4500
v 14.7667 2.0000 -323.4300
v 16.8333 1.8000 -307.3700
v 16.8333 1.8000 -307.3500
v 17.8333 1.8000 -307.3700
v 17.8333 1.8000 -307.3500
v 16.8333 2.0000 -307.3700
v 16.8333 2.0000 -307.3500
v 17.8333 2.0000 -307.3700
v 17.8333 2.0000 -307.3500
f 14033 14035 14031 14029
f 14030 14032 14036 14034
f 14029 14030 14034 14033
f 14035 14036 14032 14031
f 14031 14032 14030 14029
f 14033 14034 14036 14035
f 14041 14043 14039 14037
f 14038 14040 14044 14042
f 14037 14038 14042 14041
f 14043 14044 14040 14039
f 14039 14040 14038 14037
f 14041 14042 14044 14043
f 14049 14051 14047 14045
f 14046 14048 14052 14050
f 14045 14046 14050 14049
f 14051 14052 14048 14047
f 14047 14048 14046 14045
f 14049 14050 14052 14051
f 14057 14059 14055 14053
f 14054 14056 14060 14058
f 14053 14054 14058 14057
f 14059 14060 14056 14055
f 14055 14056 14054 14053
f 14057 14058 14060 14059
f 14065 14067 14063 14061
f 14062 14064 14068 14066
f 14061 14062 14066 14065
f 14067 14068 14064 14063
f 14063 14064 14062 14061
f 14065 14066 14068 14067
f 14073 14075 14071 14069
f 14070 14072 14076 14074
f 14069 14070 14074 14073
f 14075 14076 14072 14071
f 14071 14072 14070 14069
f 14073 14074 14076 14075
f 14081 14083 14079 14077
f 14078 14080 14084 14082
f 14077 14078 14082 14081
f 14083 14084 14080 14079
f 14079 14080 14078 14077
f 14081 14082 14084 14083
o STATION_HOME_M18SHD_Lights
usemtl Lights
v 21.6000 0.8000 -307.7200
v 21.6000 0.8000 -307.7000
v 30.0000 0.8000 -307.7200
v 30.0000 0.8000 -307.7000
v 21.6000 1.0500 -307.7200
v 21.6000 1.0500 -307.7000
v 30.0000 1.0500 -307.7200
v 30.0000 1.0500 -307.7000
v 25.1000 1.0000 -312.7000
v 25.1000 1.0000 -311.7000
v 26.5000 1.0000 -312.7000
v 26.5000 1.0000 -311.7000
v 25.1000 1.0300 -312.7000
v 25.1000 1.0300 -311.7000
v 26.5000 1.0300 -312.7000
v 26.5000 1.0300 -311.7000
v 21.3000 3.6200 -315.7000
v 21.3000 3.6200 -315.1000
v 30.3000 3.6200 -315.7000
v 30.3000 3.6200 -315.1000
v 21.3000 3.7000 -315.7000
v 21.3000 3.7000 -315.1000
v 30.3000 3.7000 -315.7000
v 30.3000 3.7000 -315.1000
v 11.7000 3.8800 -315.8000
v 11.7000 3.8800 -315.0000
v 19.9000 3.8800 -315.8000
v 19.9000 3.8800 -315.0000
v 11.7000 3.9600 -315.8000
v 11.7000 3.9600 -315.0000
v 19.9000 3.9600 -315.8000
v 19.9000 3.9600 -315.0000
f 14089 14091 14087 14085
f 14086 14088 14092 14090
f 14085 14086 14090 14089
f 14091 14092 14088 14087
f 14087 14088 14086 14085
f 14089 14090 14092 14091
f 14097 14099 14095 14093
f 14094 14096 14100 14098
f 14093 14094 14098 14097
f 14099 14100 14096 14095
f 14095 14096 14094 14093
f 14097 14098 14100 14099
f 14105 14107 14103 14101
f 14102 14104 14108 14106
f 14101 14102 14106 14105
f 14107 14108 14104 14103
f 14103 14104 14102 14101
f 14105 14106 14108 14107
f 14113 14115 14111 14109
f 14110 14112 14116 14114
f 14109 14110 14114 14113
f 14115 14116 14112 14111
f 14111 14112 14110 14109
f 14113 14114 14116 14115
o STATION_HOME_M18SHD_Machinery-col
usemtl Engine
v 15.8000 0.0000 -310.9000
v 16.3500 0.0000 -311.0474
v 16.7526 0.0000 -311.4500
v 16.9000 0.0000 -312.0000
v 16.7526 0.0000 -312.5500
v 16.3500 0.0000 -312.9526
v 15.8000 0.0000 -313.1000
v 15.2500 0.0000 -312.9526
v 14.8474 0.0000 -312.5500
v 14.7000 0.0000 -312.0000
v 14.8474 0.0000 -311.4500
v 15.2500 0.0000 -311.0474
v 15.8000 2.5200 -310.9000
v 16.3500 2.5200 -311.0474
v 16.7526 2.5200 -311.4500
v 16.9000 2.5200 -312.0000
v 16.7526 2.5200 -312.5500
v 16.3500 2.5200 -312.9526
v 15.8000 2.5200 -313.1000
v 15.2500 2.5200 -312.9526
v 14.8474 2.5200 -312.5500
v 14.7000 2.5200 -312.0000
v 14.8474 2.5200 -311.4500
v 15.2500 2.5200 -311.0474
v 20.8000 4.4000 -314.8000
v 21.1527 4.4000 -314.9146
v 21.3706 4.4000 -315.2146
v 21.3706 4.4000 -315.5854
v 21.1527 4.4000 -315.8854
v 20.8000 4.4000 -316.0000
v 20.4473 4.4000 -315.8854
v 20.2294 4.4000 -315.5854
v 20.2294 4.4000 -315.2146
v 20.4473 4.4000 -314.9146
v 20.8000 5.9000 -314.8000
v 21.1527 5.9000 -314.9146
v 21.3706 5.9000 -315.2146
v 21.3706 5.9000 -315.5854
v 21.1527 5.9000 -315.8854
v 20.8000 5.9000 -316.0000
v 20.4473 5.9000 -315.8854
v 20.2294 5.9000 -315.5854
v 20.2294 5.9000 -315.2146
v 20.4473 5.9000 -314.9146
f 14117 14118 14130 14129
f 14118 14119 14131 14130
f 14119 14120 14132 14131
f 14120 14121 14133 14132
f 14121 14122 14134 14133
f 14122 14123 14135 14134
f 14123 14124 14136 14135
f 14124 14125 14137 14136
f 14125 14126 14138 14137
f 14126 14127 14139 14138
f 14127 14128 14140 14139
f 14128 14117 14129 14140
f 14128 14127 14126 14125 14124 14123 14122 14121 14120 14119 14118 14117
f 14129 14130 14131 14132 14133 14134 14135 14136 14137 14138 14139 14140
f 14141 14142 14152 14151
f 14142 14143 14153 14152
f 14143 14144 14154 14153
f 14144 14145 14155 14154
f 14145 14146 14156 14155
f 14146 14147 14157 14156
f 14147 14148 14158 14157
f 14148 14149 14159 14158
f 14149 14150 14160 14159
f 14150 14141 14151 14160
f 14150 14149 14148 14147 14146 14145 14144 14143 14142 14141
f 14151 14152 14153 14154 14155 14156 14157 14158 14159 14160
o STATION_HOME_M18SHD_Glow
usemtl EngineGlow
v 15.8000 2.5200 -311.2000
v 16.2000 2.5200 -311.3072
v 16.4928 2.5200 -311.6000
v 16.6000 2.5200 -312.0000
v 16.4928 2.5200 -312.4000
v 16.2000 2.5200 -312.6928
v 15.8000 2.5200 -312.8000
v 15.4000 2.5200 -312.6928
v 15.1072 2.5200 -312.4000
v 15.0000 2.5200 -312.0000
v 15.1072 2.5200 -311.6000
v 15.4000 2.5200 -311.3072
v 15.8000 2.6200 -311.2000
v 16.2000 2.6200 -311.3072
v 16.4928 2.6200 -311.6000
v 16.6000 2.6200 -312.0000
v 16.4928 2.6200 -312.4000
v 16.2000 2.6200 -312.6928
v 15.8000 2.6200 -312.8000
v 15.4000 2.6200 -312.6928
v 15.1072 2.6200 -312.4000
v 15.0000 2.6200 -312.0000
v 15.1072 2.6200 -311.6000
v 15.4000 2.6200 -311.3072
v 20.8000 6.2000 -312.4000
v 21.7271 6.2000 -312.5468
v 22.5634 6.2000 -312.9729
v 23.2271 6.2000 -313.6366
v 23.6532 6.2000 -314.4729
v 23.8000 6.2000 -315.4000
v 23.6532 6.2000 -316.3271
v 23.2271 6.2000 -317.1634
v 22.5634 6.2000 -317.8271
v 21.7271 6.2000 -318.2532
v 20.8000 6.2000 -318.4000
v 19.8729 6.2000 -318.2532
v 19.0366 6.2000 -317.8271
v 18.3729 6.2000 -317.1634
v 17.9468 6.2000 -316.3271
v 17.8000 6.2000 -315.4000
v 17.9468 6.2000 -314.4729
v 18.3729 6.2000 -313.6366
v 19.0366 6.2000 -312.9729
v 19.8729 6.2000 -312.5468
v 20.8000 6.2500 -312.4000
v 21.7271 6.2500 -312.5468
v 22.5634 6.2500 -312.9729
v 23.2271 6.2500 -313.6366
v 23.6532 6.2500 -314.4729
v 23.8000 6.2500 -315.4000
v 23.6532 6.2500 -316.3271
v 23.2271 6.2500 -317.1634
v 22.5634 6.2500 -317.8271
v 21.7271 6.2500 -318.2532
v 20.8000 6.2500 -318.4000
v 19.8729 6.2500 -318.2532
v 19.0366 6.2500 -317.8271
v 18.3729 6.2500 -317.1634
v 17.9468 6.2500 -316.3271
v 17.8000 6.2500 -315.4000
v 17.9468 6.2500 -314.4729
v 18.3729 6.2500 -313.6366
v 19.0366 6.2500 -312.9729
v 19.8729 6.2500 -312.5468
f 14161 14162 14174 14173
f 14162 14163 14175 14174
f 14163 14164 14176 14175
f 14164 14165 14177 14176
f 14165 14166 14178 14177
f 14166 14167 14179 14178
f 14167 14168 14180 14179
f 14168 14169 14181 14180
f 14169 14170 14182 14181
f 14170 14171 14183 14182
f 14171 14172 14184 14183
f 14172 14161 14173 14184
f 14172 14171 14170 14169 14168 14167 14166 14165 14164 14163 14162 14161
f 14173 14174 14175 14176 14177 14178 14179 14180 14181 14182 14183 14184
f 14185 14186 14206 14205
f 14186 14187 14207 14206
f 14187 14188 14208 14207
f 14188 14189 14209 14208
f 14189 14190 14210 14209
f 14190 14191 14211 14210
f 14191 14192 14212 14211
f 14192 14193 14213 14212
f 14193 14194 14214 14213
f 14194 14195 14215 14214
f 14195 14196 14216 14215
f 14196 14197 14217 14216
f 14197 14198 14218 14217
f 14198 14199 14219 14218
f 14199 14200 14220 14219
f 14200 14201 14221 14220
f 14201 14202 14222 14221
f 14202 14203 14223 14222
f 14203 14204 14224 14223
f 14204 14185 14205 14224
f 14204 14203 14202 14201 14200 14199 14198 14197 14196 14195 14194 14193 14192 14191 14190 14189 14188 14187 14186 14185
f 14205 14206 14207 14208 14209 14210 14211 14212 14213 14214 14215 14216 14217 14218 14219 14220 14221 14222 14223 14224
o STATION_HOME_M18SHD_Armor
usemtl Armor
v 20.8000 5.9000 -311.4000
v 22.0361 5.9000 -311.5958
v 23.1511 5.9000 -312.1639
v 24.0361 5.9000 -313.0489
v 24.6042 5.9000 -314.1639
v 24.8000 5.9000 -315.4000
v 24.6042 5.9000 -316.6361
v 24.0361 5.9000 -317.7511
v 23.1511 5.9000 -318.6361
v 22.0361 5.9000 -319.2042
v 20.8000 5.9000 -319.4000
v 19.5639 5.9000 -319.2042
v 18.4489 5.9000 -318.6361
v 17.5639 5.9000 -317.7511
v 16.9958 5.9000 -316.6361
v 16.8000 5.9000 -315.4000
v 16.9958 5.9000 -314.1639
v 17.5639 5.9000 -313.0489
v 18.4489 5.9000 -312.1639
v 19.5639 5.9000 -311.5958
v 20.8000 6.2000 -311.4000
v 22.0361 6.2000 -311.5958
v 23.1511 6.2000 -312.1639
v 24.0361 6.2000 -313.0489
v 24.6042 6.2000 -314.1639
v 24.8000 6.2000 -315.4000
v 24.6042 6.2000 -316.6361
v 24.0361 6.2000 -317.7511
v 23.1511 6.2000 -318.6361
v 22.0361 6.2000 -319.2042
v 20.8000 6.2000 -319.4000
v 19.5639 6.2000 -319.2042
v 18.4489 6.2000 -318.6361
v 17.5639 6.2000 -317.7511
v 16.9958 6.2000 -316.6361
v 16.8000 6.2000 -315.4000
v 16.9958 6.2000 -314.1639
v 17.5639 6.2000 -313.0489
v 18.4489 6.2000 -312.1639
v 19.5639 6.2000 -311.5958
f 14225 14226 14246 14245
f 14226 14227 14247 14246
f 14227 14228 14248 14247
f 14228 14229 14249 14248
f 14229 14230 14250 14249
f 14230 14231 14251 14250
f 14231 14232 14252 14251
f 14232 14233 14253 14252
f 14233 14234 14254 14253
f 14234 14235 14255 14254
f 14235 14236 14256 14255
f 14236 14237 14257 14256
f 14237 14238 14258 14257
f 14238 14239 14259 14258
f 14239 14240 14260 14259
f 14240 14241 14261 14260
f 14241 14242 14262 14261
f 14242 14243 14263 14262
f 14243 14244 14264 14263
f 14244 14225 14245 14264
f 14244 14243 14242 14241 14240 14239 14238 14237 14236 14235 14234 14233 14232 14231 14230 14229 14228 14227 14226 14225
f 14245 14246 14247 14248 14249 14250 14251 14252 14253 14254 14255 14256 14257 14258 14259 14260 14261 14262 14263 14264
o STATION_HOME_M18SHD_AirlockPort_Door-col
usemtl Door
v 14.7500 0.0000 -324.2000
v 14.7500 0.0000 -324.1000
v 16.8500 0.0000 -324.2000
v 16.8500 0.0000 -324.1000
v 14.7500 2.6000 -324.2000
v 14.7500 2.6000 -324.1000
v 16.8500 2.6000 -324.2000
v 16.8500 2.6000 -324.1000
f 14269 14271 14267 14265
f 14266 14268 14272 14270
f 14265 14266 14270 14269
f 14271 14272 14268 14267
f 14267 14268 14266 14265
f 14269 14270 14272 14271
o STATION_HOME_M18SHD_AirlockStbd_Door-col
usemtl Door
v 14.7500 0.0000 -306.7000
v 14.7500 0.0000 -306.6000
v 16.8500 0.0000 -306.7000
v 16.8500 0.0000 -306.6000
v 14.7500 2.6000 -306.7000
v 14.7500 2.6000 -306.6000
v 16.8500 2.6000 -306.7000
v 16.8500 2.6000 -306.6000
f 14277 14279 14275 14273
f 14274 14276 14280 14278
f 14273 14274 14278 14277
f 14279 14280 14276 14275
f 14275 14276 14274 14273
f 14277 14278 14280 14279
o STATION_HOME_M18SHD_Connector_Back_Door-col
usemtl Door
v 10.5500 0.0000 -316.3500
v 10.5500 0.0000 -314.4500
v 10.6500 0.0000 -316.3500
v 10.6500 0.0000 -314.4500
v 10.5500 2.8000 -316.3500
v 10.5500 2.8000 -314.4500
v 10.6500 2.8000 -316.3500
v 10.6500 2.8000 -314.4500
f 14285 14287 14283 14281
f 14282 14284 14288 14286
f 14281 14282 14286 14285
f 14287 14288 14284 14283
f 14283 14284 14282 14281
f 14285 14286 14288 14287
o STATION_HOME_M18SHD_Connector_Front_Door-col
usemtl Door
v 30.9500 0.0000 -316.3500
v 30.9500 0.0000 -314.4500
v 31.0500 0.0000 -316.3500
v 31.0500 0.0000 -314.4500
v 30.9500 2.8000 -316.3500
v 30.9500 2.8000 -314.4500
v 31.0500 2.8000 -316.3500
v 31.0500 2.8000 -314.4500
f 14293 14295 14291 14289
f 14290 14292 14296 14294
f 14289 14290 14294 14293
f 14295 14296 14292 14291
f 14291 14292 14290 14289
f 14293 14294 14296 14295
o STATION_HOME_M18SHD_ControlConsole-col
usemtl Furniture
v 25.0000 0.0000 -312.8000
v 25.0000 0.0000 -311.6000
v 26.6000 0.0000 -312.8000
v 26.6000 0.0000 -311.6000
v 25.0000 1.0000 -312.8000
v 25.0000 1.0000 -311.6000
v 26.6000 1.0000 -312.8000
v 26.6000 1.0000 -311.6000
f 14301 14303 14299 14297
f 14298 14300 14304 14302
f 14297 14298 14302 14301
f 14303 14304 14300 14299
f 14299 14300 14298 14297
f 14301 14302 14304 14303
o STATION_HOME_M18SHD_StatusLight
usemtl Lights
v 29.3000 4.4000 -315.9000
v 29.3000 4.4000 -314.9000
v 30.3000 4.4000 -315.9000
v 30.3000 4.4000 -314.9000
v 29.3000 4.7000 -315.9000
v 29.3000 4.7000 -314.9000
v 30.3000 4.7000 -315.9000
v 30.3000 4.7000 -314.9000
f 14309 14311 14307 14305
f 14306 14308 14312 14310
f 14305 14306 14310 14309
f 14311 14312 14308 14307
f 14307 14308 14306 14305
f 14309 14310 14312 14311
o STATION_HOME_T09L_Deck-col
usemtl Deck
v -4.4000 -0.3000 -314.0000
v -4.4000 -0.3000 -316.8000
v -10.4000 -0.3000 -314.0000
v -10.4000 -0.3000 -316.8000
v -4.4000 0.0000 -314.0000
v -4.4000 0.0000 -316.8000
v -10.4000 0.0000 -314.0000
v -10.4000 0.0000 -316.8000
f 14317 14319 14315 14313
f 14314 14316 14320 14318
f 14313 14314 14318 14317
f 14319 14320 14316 14315
f 14315 14316 14314 14313
f 14317 14318 14320 14319
o STATION_HOME_T09L_Hull-col
usemtl Hull
v -4.4000 3.2000 -313.6000
v -4.4000 3.2000 -317.2000
v -10.4000 3.2000 -313.6000
v -10.4000 3.2000 -317.2000
v -4.4000 3.6000 -313.6000
v -4.4000 3.6000 -317.2000
v -10.4000 3.6000 -313.6000
v -10.4000 3.6000 -317.2000
v -4.4000 -0.7000 -313.6000
v -4.4000 -0.7000 -317.2000
v -10.4000 -0.7000 -313.6000
v -10.4000 -0.7000 -317.2000
v -4.4000 -0.3000 -313.6000
v -4.4000 -0.3000 -317.2000
v -10.4000 -0.3000 -313.6000
v -10.4000 -0.3000 -317.2000
v -4.4000 -0.3000 -313.6000
v -4.4000 -0.3000 -314.0000
v -5.4000 -0.3000 -313.6000
v -5.4000 -0.3000 -314.0000
v -4.4000 3.2000 -313.6000
v -4.4000 3.2000 -314.0000
v -5.4000 3.2000 -313.6000
v -5.4000 3.2000 -314.0000
v -5.4000 -0.3000 -313.6000
v -5.4000 -0.3000 -314.0000
v -9.4000 -0.3000 -313.6000
v -9.4000 -0.3000 -314.0000
v -5.4000 1.2000 -313.6000
v -5.4000 1.2000 -314.0000
v -9.4000 1.2000 -313.6000
v -9.4000 1.2000 -314.0000
v -5.4000 2.4000 -313.6000
v -5.4000 2.4000 -314.0000
v -9.4000 2.4000 -313.6000
v -9.4000 2.4000 -314.0000
v -5.4000 3.2000 -313.6000
v -5.4000 3.2000 -314.0000
v -9.4000 3.2000 -313.6000
v -9.4000 3.2000 -314.0000
v -9.4000 -0.3000 -313.6000
v -9.4000 -0.3000 -314.0000
v -10.4000 -0.3000 -313.6000
v -10.4000 -0.3000 -314.0000
v -9.4000 3.2000 -313.6000
v -9.4000 3.2000 -314.0000
v -10.4000 3.2000 -313.6000
v -10.4000 3.2000 -314.0000
v -4.4000 -0.3000 -316.8000
v -4.4000 -0.3000 -317.2000
v -5.4000 -0.3000 -316.8000
v -5.4000 -0.3000 -317.2000
v -4.4000 3.2000 -316.8000
v -4.4000 3.2000 -317.2000
v -5.4000 3.2000 -316.8000
v -5.4000 3.2000 -317.2000
v -5.4000 -0.3000 -316.8000
v -5.4000 -0.3000 -317.2000
v -9.4000 -0.3000 -316.8000
v -9.4000 -0.3000 -317.2000
v -5.4000 1.2000 -316.8000
v -5.4000 1.2000 -317.2000
v -9.4000 1.2000 -316.8000
v -9.4000 1.2000 -317.2000
v -5.4000 2.4000 -316.8000
v -5.4000 2.4000 -317.2000
v -9.4000 2.4000 -316.8000
v -9.4000 2.4000 -317.2000
v -5.4000 3.2000 -316.8000
v -5.4000 3.2000 -317.2000
v -9.4000 3.2000 -316.8000
v -9.4000 3.2000 -317.2000
v -9.4000 -0.3000 -316.8000
v -9.4000 -0.3000 -317.2000
v -10.4000 -0.3000 -316.8000
v -10.4000 -0.3000 -317.2000
v -9.4000 3.2000 -316.8000
v -9.4000 3.2000 -317.2000
v -10.4000 3.2000 -316.8000
v -10.4000 3.2000 -317.2000
f 14325 14327 14323 14321
f 14322 14324 14328 14326
f 14321 14322 14326 14325
f 14327 14328 14324 14323
f 14323 14324 14322 14321
f 14325 14326 14328 14327
f 14333 14335 14331 14329
f 14330 14332 14336 14334
f 14329 14330 14334 14333
f 14335 14336 14332 14331
f 14331 14332 14330 14329
f 14333 14334 14336 14335
f 14341 14343 14339 14337
f 14338 14340 14344 14342
f 14337 14338 14342 14341
f 14343 14344 14340 14339
f 14339 14340 14338 14337
f 14341 14342 14344 14343
f 14349 14351 14347 14345
f 14346 14348 14352 14350
f 14345 14346 14350 14349
f 14351 14352 14348 14347
f 14347 14348 14346 14345
f 14349 14350 14352 14351
f 14357 14359 14355 14353
f 14354 14356 14360 14358
f 14353 14354 14358 14357
f 14359 14360 14356 14355
f 14355 14356 14354 14353
f 14357 14358 14360 14359
f 14365 14367 14363 14361
f 14362 14364 14368 14366
f 14361 14362 14366 14365
f 14367 14368 14364 14363
f 14363 14364 14362 14361
f 14365 14366 14368 14367
f 14373 14375 14371 14369
f 14370 14372 14376 14374
f 14369 14370 14374 14373
f 14375 14376 14372 14371
f 14371 14372 14370 14369
f 14373 14374 14376 14375
f 14381 14383 14379 14377
f 14378 14380 14384 14382
f 14377 14378 14382 14381
f 14383 14384 14380 14379
f 14379 14380 14378 14377
f 14381 14382 14384 14383
f 14389 14391 14387 14385
f 14386 14388 14392 14390
f 14385 14386 14390 14389
f 14391 14392 14388 14387
f 14387 14388 14386 14385
f 14389 14390 14392 14391
f 14397 14399 14395 14393
f 14394 14396 14400 14398
f 14393 14394 14398 14397
f 14399 14400 14396 14395
f 14395 14396 14394 14393
f 14397 14398 14400 14399
o STATION_HOME_T09L_Lights
usemtl Lights
v -4.9000 3.1200 -315.1000
v -4.9000 3.1200 -315.7000
v -9.9000 3.1200 -315.1000
v -9.9000 3.1200 -315.7000
v -4.9000 3.2000 -315.1000
v -4.9000 3.2000 -315.7000
v -9.9000 3.2000 -315.1000
v -9.9000 3.2000 -315.7000
f 14405 14407 14403 14401
f 14402 14404 14408 14406
f 14401 14402 14406 14405
f 14407 14408 14404 14403
f 14403 14404 14402 14401
f 14405 14406 14408 14407
o STATION_HOME_T09L_Glass-col
usemtl Glass
v -5.4000 1.2000 -313.8000
v -5.4000 1.2000 -313.8500
v -9.4000 1.2000 -313.8000
v -9.4000 1.2000 -313.8500
v -5.4000 2.4000 -313.8000
v -5.4000 2.4000 -313.8500
v -9.4000 2.4000 -313.8000
v -9.4000 2.4000 -313.8500
v -5.4000 1.2000 -316.9500
v -5.4000 1.2000 -317.0000
v -9.4000 1.2000 -316.9500
v -9.4000 1.2000 -317.0000
v -5.4000 2.4000 -316.9500
v -5.4000 2.4000 -317.0000
v -9.4000 2.4000 -316.9500
v -9.4000 2.4000 -317.0000
f 14413 14415 14411 14409
f 14410 14412 14416 14414
f 14409 14410 14414 14413
f 14415 14416 14412 14411
f 14411 14412 14410 14409
f 14413 14414 14416 14415
f 14421 14423 14419 14417
f 14418 14420 14424 14422
f 14417 14418 14422 14421
f 14423 14424 14420 14419
f 14419 14420 14418 14417
f 14421 14422 14424 14423
o STATION_HOME_M19COM_Deck-col
usemtl Deck
v -10.8000 -0.3000 -306.9000
v -10.8000 -0.3000 -323.9000
v -24.8000 -0.3000 -306.9000
v -24.8000 -0.3000 -323.9000
v -10.8000 0.0000 -306.9000
v -10.8000 0.0000 -323.9000
v -24.8000 0.0000 -306.9000
v -24.8000 0.0000 -323.9000
f 14429 14431 14427 14425
f 14426 14428 14432 14430
f 14425 14426 14430 14429
f 14431 14432 14428 14427
f 14427 14428 14426 14425
f 14429 14430 14432 14431
o STATION_HOME_M19COM_Hull-col
usemtl Hull
v -10.4000 4.0000 -306.4000
v -10.4000 4.0000 -324.4000
v -25.2000 4.0000 -306.4000
v -25.2000 4.0000 -324.4000
v -10.4000 4.4000 -306.4000
v -10.4000 4.4000 -324.4000
v -25.2000 4.4000 -306.4000
v -25.2000 4.4000 -324.4000
v -10.4000 -0.7000 -306.4000
v -10.4000 -0.7000 -324.4000
v -25.2000 -0.7000 -306.4000
v -25.2000 -0.7000 -324.4000
v -10.4000 -0.3000 -306.4000
v -10.4000 -0.3000 -324.4000
v -25.2000 -0.3000 -306.4000
v -25.2000 -0.3000 -324.4000
v -10.8000 -0.3000 -306.4000
v -10.8000 -0.3000 -306.9000
v -13.3000 -0.3000 -306.4000
v -13.3000 -0.3000 -306.9000
v -10.8000 4.0000 -306.4000
v -10.8000 4.0000 -306.9000
v -13.3000 4.0000 -306.4000
v -13.3000 4.0000 -306.9000
v -13.3000 -0.3000 -306.4000
v -13.3000 -0.3000 -306.9000
v -15.3000 -0.3000 -306.4000
v -15.3000 -0.3000 -306.9000
v -13.3000 0.0000 -306.4000
v -13.3000 0.0000 -306.9000
v -15.3000 0.0000 -306.4000
v -15.3000 0.0000 -306.9000
v -13.3000 2.6000 -306.4000
v -13.3000 2.6000 -306.9000
v -15.3000 2.6000 -306.4000
v -15.3000 2.6000 -306.9000
v -13.3000 4.0000 -306.4000
v -13.3000 4.0000 -306.9000
v -15.3000 4.0000 -306.4000
v -15.3000 4.0000 -306.9000
v -15.3000 -0.3000 -306.4000
v -15.3000 -0.3000 -306.9000
v -24.8000 -0.3000 -306.4000
v -24.8000 -0.3000 -306.9000
v -15.3000 4.0000 -306.4000
v -15.3000 4.0000 -306.9000
v -24.8000 4.0000 -306.4000
v -24.8000 4.0000 -306.9000
v -10.8000 -0.3000 -323.9000
v -10.8000 -0.3000 -324.4000
v -13.3000 -0.3000 -323.9000
v -13.3000 -0.3000 -324.4000
v -10.8000 4.0000 -323.9000
v -10.8000 4.0000 -324.4000
v -13.3000 4.0000 -323.9000
v -13.3000 4.0000 -324.4000
v -13.3000 -0.3000 -323.9000
v -13.3000 -0.3000 -324.4000
v -15.3000 -0.3000 -323.9000
v -15.3000 -0.3000 -324.4000
v -13.3000 0.0000 -323.9000
v -13.3000 0.0000 -324.4000
v -15.3000 0.0000 -323.9000
v -15.3000 0.0000 -324.4000
v -13.3000 2.6000 -323.9000
v -13.3000 2.6000 -324.4000
v -15.3000 2.6000 -323.9000
v -15.3000 2.6000 -324.4000
v -13.3000 4.0000 -323.9000
v -13.3000 4.0000 -324.4000
v -15.3000 4.0000 -323.9000
v -15.3000 4.0000 -324.4000
v -15.3000 -0.3000 -323.9000
v -15.3000 -0.3000 -324.4000
v -24.8000 -0.3000 -323.9000
v -24.8000 -0.3000 -324.4000
v -15.3000 4.0000 -323.9000
v -15.3000 4.0000 -324.4000
v -24.8000 4.0000 -323.9000
v -24.8000 4.0000 -324.4000
v -10.4000 -0.3000 -306.4000
v -10.4000 -0.3000 -314.5000
v -10.8000 -0.3000 -306.4000
v -10.8000 -0.3000 -314.5000
v -10.4000 4.0000 -306.4000
v -10.4000 4.0000 -314.5000
v -10.8000 4.0000 -306.4000
v -10.8000 4.0000 -314.5000
v -10.4000 -0.3000 -314.5000
v -10.4000 -0.3000 -316.3000
v -10.8000 -0.3000 -314.5000
v -10.8000 -0.3000 -316.3000
v -10.4000 0.0000 -314.5000
v -10.4000 0.0000 -316.3000
v -10.8000 0.0000 -314.5000
v -10.8000 0.0000 -316.3000
v -10.4000 2.8000 -314.5000
v -10.4000 2.8000 -316.3000
v -10.8000 2.8000 -314.5000
v -10.8000 2.8000 -316.3000
v -10.4000 4.0000 -314.5000
v -10.4000 4.0000 -316.3000
v -10.8000 4.0000 -314.5000
v -10.8000 4.0000 -316.3000
v -10.4000 -0.3000 -316.3000
v -10.4000 -0.3000 -324.4000
v -10.8000 -0.3000 -316.3000
v -10.8000 -0.3000 -324.4000
v -10.4000 4.0000 -316.3000
v -10.4000 4.0000 -324.4000
v -10.8000 4.0000 -316.3000
v -10.8000 4.0000 -324.4000
v -24.8000 -0.3000 -306.4000
v -24.8000 -0.3000 -314.5000
v -25.2000 -0.3000 -306.4000
v -25.2000 -0.3000 -314.5000
v -24.8000 4.0000 -306.4000
v -24.8000 4.0000 -314.5000
v -25.2000 4.0000 -306.4000
v -25.2000 4.0000 -314.5000
v -24.8000 -0.3000 -314.5000
v -24.8000 -0.3000 -316.3000
v -25.2000 -0.3000 -314.5000
v -25.2000 -0.3000 -316.3000
v -24.8000 0.0000 -314.5000
v -24.8000 0.0000 -316.3000
v -25.2000 0.0000 -314.5000
v -25.2000 0.0000 -316.3000
v -24.8000 2.8000 -314.5000
v -24.8000 2.8000 -316.3000
v -25.2000 2.8000 -314.5000
v -25.2000 2.8000 -316.3000
v -24.8000 4.0000 -314.5000
v -24.8000 4.0000 -316.3000
v -25.2000 4.0000 -314.5000
v -25.2000 4.0000 -316.3000
v -24.8000 -0.3000 -316.3000
v -24.8000 -0.3000 -324.4000
v -25.2000 -0.3000 -316.3000
v -25.2000 -0.3000 -324.4000
v -24.8000 4.0000 -316.3000
v -24.8000 4.0000 -324.4000
v -25.2000 4.0000 -316.3000
v -25.2000 4.0000 -324.4000
f 14437 14439 14435 14433
f 14434 14436 14440 14438
f 14433 14434 14438 14437
f 14439 14440 14436 14435
f 14435 14436 14434 14433
f 14437 14438 14440 14439
f 14445 14447 14443 14441
f 14442 14444 14448 14446
f 14441 14442 14446 14445
f 14447 14448 14444 14443
f 14443 14444 14442 14441
f 14445 14446 14448 14447
f 14453 14455 14451 14449
f 14450 14452 14456 14454
f 14449 14450 14454 14453
f 14455 14456 14452 14451
f 14451 14452 14450 14449
f 14453 14454 14456 14455
f 14461 14463 14459 14457
f 14458 14460 14464 14462
f 14457 14458 14462 14461
f 14463 14464 14460 14459
f 14459 14460 14458 14457
f 14461 14462 14464 14463
f 14469 14471 14467 14465
f 14466 14468 14472 14470
f 14465 14466 14470 14469
f 14471 14472 14468 14467
f 14467 14468 14466 14465
f 14469 14470 14472 14471
f 14477 14479 14475 14473
f 14474 14476 14480 14478
f 14473 14474 14478 14477
f 14479 14480 14476 14475
f 14475 14476 14474 14473
f 14477 14478 14480 14479
f 14485 14487 14483 14481
f 14482 14484 14488 14486
f 14481 14482 14486 14485
f 14487 14488 14484 14483
f 14483 14484 14482 14481
f 14485 14486 14488 14487
f 14493 14495 14491 14489
f 14490 14492 14496 14494
f 14489 14490 14494 14493
f 14495 14496 14492 14491
f 14491 14492 14490 14489
f 14493 14494 14496 14495
f 14501 14503 14499 14497
f 14498 14500 14504 14502
f 14497 14498 14502 14501
f 14503 14504 14500 14499
f 14499 14500 14498 14497
f 14501 14502 14504 14503
f 14509 14511 14507 14505
f 14506 14508 14512 14510
f 14505 14506 14510 14509
f 14511 14512 14508 14507
f 14507 14508 14506 14505
f 14509 14510 14512 14511
f 14517 14519 14515 14513
f 14514 14516 14520 14518
f 14513 14514 14518 14517
f 14519 14520 14516 14515
f 14515 14516 14514 14513
f 14517 14518 14520 14519
f 14525 14527 14523 14521
f 14522 14524 14528 14526
f 14521 14522 14526 14525
f 14527 14528 14524 14523
f 14523 14524 14522 14521
f 14525 14526 14528 14527
f 14533 14535 14531 14529
f 14530 14532 14536 14534
f 14529 14530 14534 14533
f 14535 14536 14532 14531
f 14531 14532 14530 14529
f 14533 14534 14536 14535
f 14541 14543 14539 14537
f 14538 14540 14544 14542
f 14537 14538 14542 14541
f 14543 14544 14540 14539
f 14539 14540 14538 14537
f 14541 14542 14544 14543
f 14549 14551 14547 14545
f 14546 14548 14552 14550
f 14545 14546 14550 14549
f 14551 14552 14548 14547
f 14547 14548 14546 14545
f 14549 14550 14552 14551
f 14557 14559 14555 14553
f 14554 14556 14560 14558
f 14553 14554 14558 14557
f 14559 14560 14556 14555
f 14555 14556 14554 14553
f 14557 14558 14560 14559
f 14565 14567 14563 14561
f 14562 14564 14568 14566
f 14561 14562 14566 14565
f 14567 14568 14564 14563
f 14563 14564 14562 14561
f 14565 14566 14568 14567
f 14573 14575 14571 14569
f 14570 14572 14576 14574
f 14569 14570 14574 14573
f 14575 14576 14572 14571
f 14571 14572 14570 14569
f 14573 14574 14576 14575
o STATION_HOME_M19COM_Interior-col
usemtl Interior
v -17.7000 0.0000 -306.9000
v -17.7000 0.0000 -314.2000
v -17.9000 0.0000 -306.9000
v -17.9000 0.0000 -314.2000
v -17.7000 4.0000 -306.9000
v -17.7000 4.0000 -314.2000
v -17.9000 4.0000 -306.9000
v -17.9000 4.0000 -314.2000
v -17.7000 3.0000 -314.2000
v -17.7000 3.0000 -316.6000
v -17.9000 3.0000 -314.2000
v -17.9000 3.0000 -316.6000
v -17.7000 4.0000 -314.2000
v -17.7000 4.0000 -316.6000
v -17.9000 4.0000 -314.2000
v -17.9000 4.0000 -316.6000
v -17.7000 0.0000 -316.6000
v -17.7000 0.0000 -323.9000
v -17.9000 0.0000 -316.6000
v -17.9000 0.0000 -323.9000
v -17.7000 4.0000 -316.6000
v -17.7000 4.0000 -323.9000
v -17.9000 4.0000 -316.6000
v -17.9000 4.0000 -323.9000
v -17.8000 0.0000 -314.0000
v -17.8000 0.0000 -314.2000
v -20.5000 0.0000 -314.0000
v -20.5000 0.0000 -314.2000
v -17.8000 4.0000 -314.0000
v -17.8000 4.0000 -314.2000
v -20.5000 4.0000 -314.0000
v -20.5000 4.0000 -314.2000
v -20.5000 2.6000 -314.0000
v -20.5000 2.6000 -314.2000
v -22.1000 2.6000 -314.0000
v -22.1000 2.6000 -314.2000
v -20.5000 4.0000 -314.0000
v -20.5000 4.0000 -314.2000
v -22.1000 4.0000 -314.0000
v -22.1000 4.0000 -314.2000
v -22.1000 0.0000 -314.0000
v -22.1000 0.0000 -314.2000
v -24.8000 0.0000 -314.0000
v -24.8000 0.0000 -314.2000
v -22.1000 4.0000 -314.0000
v -22.1000 4.0000 -314.2000
v -24.8000 4.0000 -314.0000
v -24.8000 4.0000 -314.2000
v -17.8000 0.0000 -316.6000
v -17.8000 0.0000 -316.8000
v -20.5000 0.0000 -316.6000
v -20.5000 0.0000 -316.8000
v -17.8000 4.0000 -316.6000
v -17.8000 4.0000 -316.8000
v -20.5000 4.0000 -316.6000
v -20.5000 4.0000 -316.8000
v -20.5000 2.6000 -316.6000
v -20.5000 2.6000 -316.8000
v -22.1000 2.6000 -316.6000
v -22.1000 2.6000 -316.8000
v -20.5000 4.0000 -316.6000
v -20.5000 4.0000 -316.8000
v -22.1000 4.0000 -316.6000
v -22.1000 4.0000 -316.8000
v -22.1000 0.0000 -316.6000
v -22.1000 0.0000 -316.8000
v -24.8000 0.0000 -316.6000
v -24.8000 0.0000 -316.8000
v -22.1000 4.0000 -316.6000
v -22.1000 4.0000 -316.8000
v -24.8000 4.0000 -316.6000
v -24.8000 4.0000 -316.8000
f 14581 14583 14579 14577
f 14578 14580 14584 14582
f 14577 14578 14582 14581
f 14583 14584 14580 14579
f 14579 14580 14578 14577
f 14581 14582 14584 14583
f 14589 14591 14587 14585
f 14586 14588 14592 14590
f 14585 14586 14590 14589
f 14591 14592 14588 14587
f 14587 14588 14586 14585
f 14589 14590 14592 14591
f 14597 14599 14595 14593
f 14594 14596 14600 14598
f 14593 14594 14598 14597
f 14599 14600 14596 14595
f 14595 14596 14594 14593
f 14597 14598 14600 14599
f 14605 14607 14603 14601
f 14602 14604 14608 14606
f 14601 14602 14606 14605
f 14607 14608 14604 14603
f 14603 14604 14602 14601
f 14605 14606 14608 14607
f 14613 14615 14611 14609
f 14610 14612 14616 14614
f 14609 14610 14614 14613
f 14615 14616 14612 14611
f 14611 14612 14610 14609
f 14613 14614 14616 14615
f 14621 14623 14619 14617
f 14618 14620 14624 14622
f 14617 14618 14622 14621
f 14623 14624 14620 14619
f 14619 14620 14618 14617
f 14621 14622 14624 14623
f 14629 14631 14627 14625
f 14626 14628 14632 14630
f 14625 14626 14630 14629
f 14631 14632 14628 14627
f 14627 14628 14626 14625
f 14629 14630 14632 14631
f 14637 14639 14635 14633
f 14634 14636 14640 14638
f 14633 14634 14638 14637
f 14639 14640 14636 14635
f 14635 14636 14634 14633
f 14637 14638 14640 14639
f 14645 14647 14643 14641
f 14642 14644 14648 14646
f 14641 14642 14646 14645
f 14647 14648 14644 14643
f 14643 14644 14642 14641
f 14645 14646 14648 14647
o STATION_HOME_M19COM_Furniture-col
usemtl Furniture
v -18.4000 0.0000 -323.1000
v -18.4000 0.0000 -323.8000
v -24.2000 0.0000 -323.1000
v -24.2000 0.0000 -323.8000
v -18.4000 1.1000 -323.1000
v -18.4000 1.1000 -323.8000
v -24.2000 1.1000 -323.1000
v -24.2000 1.1000 -323.8000
v -18.4000 0.0000 -307.0000
v -18.4000 0.0000 -307.5000
v -20.8000 0.0000 -307.0000
v -20.8000 0.0000 -307.5000
v -18.4000 2.0000 -307.0000
v -18.4000 2.0000 -307.5000
v -20.8000 2.0000 -307.0000
v -20.8000 2.0000 -307.5000
v -20.7000 0.0000 -311.4000
v -20.7000 0.0000 -312.8000
v -21.9000 0.0000 -311.4000
v -21.9000 0.0000 -312.8000
v -20.7000 0.7500 -311.4000
v -20.7000 0.7500 -312.8000
v -21.9000 0.7500 -311.4000
v -21.9000 0.7500 -312.8000
v -18.2000 0.0000 -316.2500
v -18.2000 0.0000 -316.6000
v -19.4000 0.0000 -316.2500
v -19.4000 0.0000 -316.6000
v -18.2000 2.0000 -316.2500
v -18.2000 2.0000 -316.6000
v -19.4000 2.0000 -316.2500
v -19.4000 2.0000 -316.6000
v -12.6000 0.0000 -308.9000
v -12.6000 0.0000 -312.6000
v -16.0000 0.0000 -308.9000
v -16.0000 0.0000 -312.6000
v -12.6000 2.0000 -308.9000
v -12.6000 2.0000 -312.6000
v -16.0000 2.0000 -308.9000
v -16.0000 2.0000 -312.6000
v -13.8000 0.6000 -306.9500
v -13.8000 0.6000 -307.3500
v -14.8000 0.6000 -306.9500
v -14.8000 0.6000 -307.3500
v -13.8000 2.0000 -306.9500
v -13.8000 2.0000 -307.3500
v -14.8000 2.0000 -306.9500
v -14.8000 2.0000 -307.3500
f 14653 14655 14651 14649
f 14650 14652 14656 14654
f 14649 14650 14654 14653
f 14655 14656 14652 14651
f 14651 14652 14650 14649
f 14653 14654 14656 14655
f 14661 14663 14659 14657
f 14658 14660 14664 14662
f 14657 14658 14662 14661
f 14663 14664 14660 14659
f 14659 14660 14658 14657
f 14661 14662 14664 14663
f 14669 14671 14667 14665
f 14666 14668 14672 14670
f 14665 14666 14670 14669
f 14671 14672 14668 14667
f 14667 14668 14666 14665
f 14669 14670 14672 14671
f 14677 14679 14675 14673
f 14674 14676 14680 14678
f 14673 14674 14678 14677
f 14679 14680 14676 14675
f 14675 14676 14674 14673
f 14677 14678 14680 14679
f 14685 14687 14683 14681
f 14682 14684 14688 14686
f 14681 14682 14686 14685
f 14687 14688 14684 14683
f 14683 14684 14682 14681
f 14685 14686 14688 14687
f 14693 14695 14691 14689
f 14690 14692 14696 14694
f 14689 14690 14694 14693
f 14695 14696 14692 14691
f 14691 14692 14690 14689
f 14693 14694 14696 14695
o STATION_HOME_M19COM_Cover-col
usemtl Cover
v -12.2500 0.0000 -311.8000
v -12.2500 0.0000 -312.8000
v -13.2500 0.0000 -311.8000
v -13.2500 0.0000 -312.8000
v -12.2500 1.1000 -311.8000
v -12.2500 1.1000 -312.8000
v -13.2500 1.1000 -311.8000
v -13.2500 1.1000 -312.8000
v -15.3500 0.0000 -311.8000
v -15.3500 0.0000 -312.8000
v -16.3500 0.0000 -311.8000
v -16.3500 0.0000 -312.8000
v -15.3500 1.1000 -311.8000
v -15.3500 1.1000 -312.8000
v -16.3500 1.1000 -311.8000
v -16.3500 1.1000 -312.8000
f 14701 14703 14699 14697
f 14698 14700 14704 14702
f 14697 14698 14702 14701
f 14703 14704 14700 14699
f 14699 14700 14698 14697
f 14701 14702 14704 14703
f 14709 14711 14707 14705
f 14706 14708 14712 14710
f 14705 14706 14710 14709
f 14711 14712 14708 14707
f 14707 14708 14706 14705
f 14709 14710 14712 14711
o STATION_HOME_M19COM_Hazard
usemtl Hazard
v -13.0000 0.0000 -306.2800
v -13.0000 0.0000 -306.4000
v -13.3000 0.0000 -306.2800
v -13.3000 0.0000 -306.4000
v -13.0000 2.9000 -306.2800
v -13.0000 2.9000 -306.4000
v -13.3000 2.9000 -306.2800
v -13.3000 2.9000 -306.4000
v -15.3000 0.0000 -306.2800
v -15.3000 0.0000 -306.4000
v -15.6000 0.0000 -306.2800
v -15.6000 0.0000 -306.4000
v -15.3000 2.9000 -306.2800
v -15.3000 2.9000 -306.4000
v -15.6000 2.9000 -306.2800
v -15.6000 2.9000 -306.4000
v -13.0000 0.0000 -324.4000
v -13.0000 0.0000 -324.5200
v -13.3000 0.0000 -324.4000
v -13.3000 0.0000 -324.5200
v -13.0000 2.9000 -324.4000
v -13.0000 2.9000 -324.5200
v -13.3000 2.9000 -324.4000
v -13.3000 2.9000 -324.5200
v -15.3000 0.0000 -324.4000
v -15.3000 0.0000 -324.5200
v -15.6000 0.0000 -324.4000
v -15.6000 0.0000 -324.5200
v -15.3000 2.9000 -324.4000
v -15.3000 2.9000 -324.5200
v -15.6000 2.9000 -324.4000
v -15.6000 2.9000 -324.5200
v -25.2000 2.8000 -314.2000
v -25.2000 2.8000 -316.6000
v -25.2400 2.8000 -314.2000
v -25.2400 2.8000 -316.6000
v -25.2000 3.0000 -314.2000
v -25.2000 3.0000 -316.6000
v -25.2400 3.0000 -314.2000
v -25.2400 3.0000 -316.6000
v -13.8000 1.8000 -307.3500
v -13.8000 1.8000 -307.3700
v -14.8000 1.8000 -307.3500
v -14.8000 1.8000 -307.3700
v -13.8000 2.0000 -307.3500
v -13.8000 2.0000 -307.3700
v -14.8000 2.0000 -307.3500
v -14.8000 2.0000 -307.3700
f 14717 14719 14715 14713
f 14714 14716 14720 14718
f 14713 14714 14718 14717
f 14719 14720 14716 14715
f 14715 14716 14714 14713
f 14717 14718 14720 14719
f 14725 14727 14723 14721
f 14722 14724 14728 14726
f 14721 14722 14726 14725
f 14727 14728 14724 14723
f 14723 14724 14722 14721
f 14725 14726 14728 14727
f 14733 14735 14731 14729
f 14730 14732 14736 14734
f 14729 14730 14734 14733
f 14735 14736 14732 14731
f 14731 14732 14730 14729
f 14733 14734 14736 14735
f 14741 14743 14739 14737
f 14738 14740 14744 14742
f 14737 14738 14742 14741
f 14743 14744 14740 14739
f 14739 14740 14738 14737
f 14741 14742 14744 14743
f 14749 14751 14747 14745
f 14746 14748 14752 14750
f 14745 14746 14750 14749
f 14751 14752 14748 14747
f 14747 14748 14746 14745
f 14749 14750 14752 14751
f 14757 14759 14755 14753
f 14754 14756 14760 14758
f 14753 14754 14758 14757
f 14759 14760 14756 14755
f 14755 14756 14754 14753
f 14757 14758 14760 14759
o STATION_HOME_M19COM_Lights
usemtl Lights
v -18.6000 0.8000 -323.0800
v -18.6000 0.8000 -323.1000
v -24.0000 0.8000 -323.0800
v -24.0000 0.8000 -323.1000
v -18.6000 1.0500 -323.0800
v -18.6000 1.0500 -323.1000
v -24.0000 1.0500 -323.0800
v -24.0000 1.0500 -323.1000
v -20.6000 1.0000 -318.1000
v -20.6000 1.0000 -319.1000
v -22.0000 1.0000 -318.1000
v -22.0000 1.0000 -319.1000
v -20.6000 1.0300 -318.1000
v -20.6000 1.0300 -319.1000
v -22.0000 1.0300 -318.1000
v -22.0000 1.0300 -319.1000
v -18.3000 3.6200 -315.1000
v -18.3000 3.6200 -315.7000
v -24.3000 3.6200 -315.1000
v -24.3000 3.6200 -315.7000
v -18.3000 3.7000 -315.1000
v -18.3000 3.7000 -315.7000
v -24.3000 3.7000 -315.1000
v -24.3000 3.7000 -315.7000
v -11.7000 3.8800 -315.0000
v -11.7000 3.8800 -315.8000
v -16.9000 3.8800 -315.0000
v -16.9000 3.8800 -315.8000
v -11.7000 3.9600 -315.0000
v -11.7000 3.9600 -315.8000
v -16.9000 3.9600 -315.0000
v -16.9000 3.9600 -315.8000
f 14765 14767 14763 14761
f 14762 14764 14768 14766
f 14761 14762 14766 14765
f 14767 14768 14764 14763
f 14763 14764 14762 14761
f 14765 14766 14768 14767
f 14773 14775 14771 14769
f 14770 14772 14776 14774
f 14769 14770 14774 14773
f 14775 14776 14772 14771
f 14771 14772 14770 14769
f 14773 14774 14776 14775
f 14781 14783 14779 14777
f 14778 14780 14784 14782
f 14777 14778 14782 14781
f 14783 14784 14780 14779
f 14779 14780 14778 14777
f 14781 14782 14784 14783
f 14789 14791 14787 14785
f 14786 14788 14792 14790
f 14785 14786 14790 14789
f 14791 14792 14788 14787
f 14787 14788 14786 14785
f 14789 14790 14792 14791
o STATION_HOME_M19COM_Trim
usemtl Trim
v -17.8000 4.4000 -315.6000
v -17.9732 4.4000 -315.5000
v -17.9732 4.4000 -315.3000
v -17.8000 4.4000 -315.2000
v -17.6268 4.4000 -315.3000
v -17.6268 4.4000 -315.5000
v -17.8000 18.4000 -315.6000
v -17.9732 18.4000 -315.5000
v -17.9732 18.4000 -315.3000
v -17.8000 18.4000 -315.2000
v -17.6268 18.4000 -315.3000
v -17.6268 18.4000 -315.5000
f 14793 14794 14800 14799
f 14794 14795 14801 14800
f 14795 14796 14802 14801
f 14796 14797 14803 14802
f 14797 14798 14804 14803
f 14798 14793 14799 14804
f 14798 14797 14796 14795 14794 14793
f 14799 14800 14801 14802 14803 14804
o STATION_HOME_M19COM_Machinery-col
usemtl Engine
v -14.3000 0.0000 -319.9000
v -14.8500 0.0000 -319.7526
v -15.2526 0.0000 -319.3500
v -15.4000 0.0000 -318.8000
v -15.2526 0.0000 -318.2500
v -14.8500 0.0000 -317.8474
v -14.3000 0.0000 -317.7000
v -13.7500 0.0000 -317.8474
v -13.3474 0.0000 -318.2500
v -13.2000 0.0000 -318.8000
v -13.3474 0.0000 -319.3500
v -13.7500 0.0000 -319.7526
v -14.3000 2.5200 -319.9000
v -14.8500 2.5200 -319.7526
v -15.2526 2.5200 -319.3500
v -15.4000 2.5200 -318.8000
v -15.2526 2.5200 -318.2500
v -14.8500 2.5200 -317.8474
v -14.3000 2.5200 -317.7000
v -13.7500 2.5200 -317.8474
v -13.3474 2.5200 -318.2500
v -13.2000 2.5200 -318.8000
v -13.3474 2.5200 -319.3500
v -13.7500 2.5200 -319.7526
f 14805 14806 14818 14817
f 14806 14807 14819 14818
f 14807 14808 14820 14819
f 14808 14809 14821 14820
f 14809 14810 14822 14821
f 14810 14811 14823 14822
f 14811 14812 14824 14823
f 14812 14813 14825 14824
f 14813 14814 14826 14825
f 14814 14815 14827 14826
f 14815 14816 14828 14827
f 14816 14805 14817 14828
f 14816 14815 14814 14813 14812 14811 14810 14809 14808 14807 14806 14805
f 14817 14818 14819 14820 14821 14822 14823 14824 14825 14826 14827 14828
o STATION_HOME_M19COM_Glow
usemtl EngineGlow
v -14.3000 2.5200 -319.6000
v -14.7000 2.5200 -319.4928
v -14.9928 2.5200 -319.2000
v -15.1000 2.5200 -318.8000
v -14.9928 2.5200 -318.4000
v -14.7000 2.5200 -318.1072
v -14.3000 2.5200 -318.0000
v -13.9000 2.5200 -318.1072
v -13.6072 2.5200 -318.4000
v -13.5000 2.5200 -318.8000
v -13.6072 2.5200 -319.2000
v -13.9000 2.5200 -319.4928
v -14.3000 2.6200 -319.6000
v -14.7000 2.6200 -319.4928
v -14.9928 2.6200 -319.2000
v -15.1000 2.6200 -318.8000
v -14.9928 2.6200 -318.4000
v -14.7000 2.6200 -318.1072
v -14.3000 2.6200 -318.0000
v -13.9000 2.6200 -318.1072
v -13.6072 2.6200 -318.4000
v -13.5000 2.6200 -318.8000
v -13.6072 2.6200 -319.2000
v -13.9000 2.6200 -319.4928
f 14829 14830 14842 14841
f 14830 14831 14843 14842
f 14831 14832 14844 14843
f 14832 14833 14845 14844
f 14833 14834 14846 14845
f 14834 14835 14847 14846
f 14835 14836 14848 14847
f 14836 14837 14849 14848
f 14837 14838 14850 14849
f 14838 14839 14851 14850
f 14839 14840 14852 14851
f 14840 14829 14841 14852
f 14840 14839 14838 14837 14836 14835 14834 14833 14832 14831 14830 14829
f 14841 14842 14843 14844 14845 14846 14847 14848 14849 14850 14851 14852
o STATION_HOME_M19COM_Armor
usemtl Armor
v -17.8000 12.4000 -317.9000
v -18.7567 12.4000 -317.7097
v -19.5678 12.4000 -317.1678
v -20.1097 12.4000 -316.3567
v -20.3000 12.4000 -315.4000
v -20.1097 12.4000 -314.4433
v -19.5678 12.4000 -313.6322
v -18.7567 12.4000 -313.0903
v -17.8000 12.4000 -312.9000
v -16.8433 12.4000 -313.0903
v -16.0322 12.4000 -313.6322
v -15.4903 12.4000 -314.4433
v -15.3000 12.4000 -315.4000
v -15.4903 12.4000 -316.3567
v -16.0322 12.4000 -317.1678
v -16.8433 12.4000 -317.7097
v -17.8000 12.7000 -317.9000
v -18.7567 12.7000 -317.7097
v -19.5678 12.7000 -317.1678
v -20.1097 12.7000 -316.3567
v -20.3000 12.7000 -315.4000
v -20.1097 12.7000 -314.4433
v -19.5678 12.7000 -313.6322
v -18.7567 12.7000 -313.0903
v -17.8000 12.7000 -312.9000
v -16.8433 12.7000 -313.0903
v -16.0322 12.7000 -313.6322
v -15.4903 12.7000 -314.4433
v -15.3000 12.7000 -315.4000
v -15.4903 12.7000 -316.3567
v -16.0322 12.7000 -317.1678
v -16.8433 12.7000 -317.7097
f 14853 14854 14870 14869
f 14854 14855 14871 14870
f 14855 14856 14872 14871
f 14856 14857 14873 14872
f 14857 14858 14874 14873
f 14858 14859 14875 14874
f 14859 14860 14876 14875
f 14860 14861 14877 14876
f 14861 14862 14878 14877
f 14862 14863 14879 14878
f 14863 14864 14880 14879
f 14864 14865 14881 14880
f 14865 14866 14882 14881
f 14866 14867 14883 14882
f 14867 14868 14884 14883
f 14868 14853 14869 14884
f 14868 14867 14866 14865 14864 14863 14862 14861 14860 14859 14858 14857 14856 14855 14854 14853
f 14869 14870 14871 14872 14873 14874 14875 14876 14877 14878 14879 14880 14881 14882 14883 14884
o STATION_HOME_M19COM_AirlockPort_Door-col
usemtl Door
v -13.2500 0.0000 -306.6000
v -13.2500 0.0000 -306.7000
v -15.3500 0.0000 -306.6000
v -15.3500 0.0000 -306.7000
v -13.2500 2.6000 -306.6000
v -13.2500 2.6000 -306.7000
v -15.3500 2.6000 -306.6000
v -15.3500 2.6000 -306.7000
f 14889 14891 14887 14885
f 14886 14888 14892 14890
f 14885 14886 14890 14889
f 14891 14892 14888 14887
f 14887 14888 14886 14885
f 14889 14890 14892 14891
o STATION_HOME_M19COM_AirlockStbd_Door-col
usemtl Door
v -13.2500 0.0000 -324.1000
v -13.2500 0.0000 -324.2000
v -15.3500 0.0000 -324.1000
v -15.3500 0.0000 -324.2000
v -13.2500 2.6000 -324.1000
v -13.2500 2.6000 -324.2000
v -15.3500 2.6000 -324.1000
v -15.3500 2.6000 -324.2000
f 14897 14899 14895 14893
f 14894 14896 14900 14898
f 14893 14894 14898 14897
f 14899 14900 14896 14895
f 14895 14896 14894 14893
f 14897 14898 14900 14899
o STATION_HOME_M19COM_Connector_Back_Door-col
usemtl Door
v -10.5500 0.0000 -314.4500
v -10.5500 0.0000 -316.3500
v -10.6500 0.0000 -314.4500
v -10.6500 0.0000 -316.3500
v -10.5500 2.8000 -314.4500
v -10.5500 2.8000 -316.3500
v -10.6500 2.8000 -314.4500
v -10.6500 2.8000 -316.3500
f 14905 14907 14903 14901
f 14902 14904 14908 14906
f 14901 14902 14906 14905
f 14907 14908 14904 14903
f 14903 14904 14902 14901
f 14905 14906 14908 14907
o STATION_HOME_M19COM_Connector_Front_Door-col
usemtl Door
v -24.9500 0.0000 -314.4500
v -24.9500 0.0000 -316.3500
v -25.0500 0.0000 -314.4500
v -25.0500 0.0000 -316.3500
v -24.9500 2.8000 -314.4500
v -24.9500 2.8000 -316.3500
v -25.0500 2.8000 -314.4500
v -25.0500 2.8000 -316.3500
f 14913 14915 14911 14909
f 14910 14912 14916 14914
f 14909 14910 14914 14913
f 14915 14916 14912 14911
f 14911 14912 14910 14909
f 14913 14914 14916 14915
o STATION_HOME_M19COM_ControlConsole-col
usemtl Furniture
v -20.5000 0.0000 -318.0000
v -20.5000 0.0000 -319.2000
v -22.1000 0.0000 -318.0000
v -22.1000 0.0000 -319.2000
v -20.5000 1.0000 -318.0000
v -20.5000 1.0000 -319.2000
v -22.1000 1.0000 -318.0000
v -22.1000 1.0000 -319.2000
f 14921 14923 14919 14917
f 14918 14920 14924 14922
f 14917 14918 14922 14921
f 14923 14924 14920 14919
f 14919 14920 14918 14917
f 14921 14922 14924 14923
o STATION_HOME_M19COM_StatusLight
usemtl Lights
v -23.3000 4.4000 -314.9000
v -23.3000 4.4000 -315.9000
v -24.3000 4.4000 -314.9000
v -24.3000 4.4000 -315.9000
v -23.3000 4.7000 -314.9000
v -23.3000 4.7000 -315.9000
v -24.3000 4.7000 -314.9000
v -24.3000 4.7000 -315.9000
f 14929 14931 14927 14925
f 14926 14928 14932 14930
f 14925 14926 14930 14929
f 14931 14932 14928 14927
f 14927 14928 14926 14925
f 14929 14930 14932 14931
