mtllib STATION_FORTRESS.mtl
o STATION_FORTRESS_M01CMD_Deck-col
usemtl Deck
v -8.5000 -0.3000 -0.0000
v 8.5000 -0.3000 -0.0000
v -8.5000 -0.3000 -30.0000
v 8.5000 -0.3000 -30.0000
v -8.5000 0.0000 -0.0000
v 8.5000 0.0000 -0.0000
v -8.5000 0.0000 -30.0000
v 8.5000 0.0000 -30.0000
v -8.5000 3.7000 -20.0000
v 8.5000 3.7000 -20.0000
v -8.5000 3.7000 -30.0000
v 8.5000 3.7000 -30.0000
v -8.5000 4.0000 -20.0000
v 8.5000 4.0000 -20.0000
v -8.5000 4.0000 -30.0000
v 8.5000 4.0000 -30.0000
f 5 7 3 1
f 2 4 8 6
f 1 2 6 5
f 7 8 4 3
f 3 4 2 1
f 5 6 8 7
f 13 15 11 9
f 10 12 16 14
f 9 10 14 13
f 15 16 12 11
f 11 12 10 9
f 13 14 16 15
o STATION_FORTRESS_M01CMD_Hull-col
usemtl Hull
v -9.0000 8.0000 0.4000
v 9.0000 8.0000 0.4000
v -9.0000 8.0000 -30.4000
v 9.0000 8.0000 -30.4000
v -9.0000 8.4000 0.4000
v 9.0000 8.4000 0.4000
v -9.0000 8.4000 -30.4000
v 9.0000 8.4000 -30.4000
v -9.0000 -0.7000 0.4000
v 9.0000 -0.7000 0.4000
v -9.0000 -0.7000 -30.4000
v 9.0000 -0.7000 -30.4000
v -9.0000 -0.3000 0.4000
v 9.0000 -0.3000 0.4000
v -9.0000 -0.3000 -30.4000
v 9.0000 -0.3000 -30.4000
v -9.0000 -0.3000 -0.0000
v -8.5000 -0.3000 -0.0000
v -9.0000 -0.3000 -9.0000
v -8.5000 -0.3000 -9.0000
v -9.0000 8.0000 -0.0000
v -8.5000 8.0000 -0.0000
v -9.0000 8.0000 -9.0000
v -8.5000 8.0000 -9.0000
v -9.0000 -0.3000 -9.0000
v -8.5000 -0.3000 -9.0000
v -9.0000 -0.3000 -11.0000
v -8.5000 -0.3000 -11.0000
v -9.0000 0.0000 -9.0000
v -8.5000 0.0000 -9.0000
v -9.0000 0.0000 -11.0000
v -8.5000 0.0000 -11.0000
v -9.0000 2.6000 -9.0000
v -8.5000 2.6000 -9.0000
v -9.0000 2.6000 -11.0000
v -8.5000 2.6000 -11.0000
v -9.0000 8.0000 -9.0000
v -8.5000 8.0000 -9.0000
v -9.0000 8.0000 -11.0000
v -8.5000 8.0000 -11.0000
v -9.0000 -0.3000 -11.0000
v -8.5000 -0.3000 -11.0000
v -9.0000 -0.3000 -30.0000
v -8.5000 -0.3000 -30.0000
v -9.0000 8.0000 -11.0000
v -8.5000 8.0000 -11.0000
v -9.0000 8.0000 -30.0000
v -8.5000 8.0000 -30.0000
v 8.5000 -0.3000 -0.0000
v 9.0000 -0.3000 -0.0000
v 8.5000 -0.3000 -9.0000
v 9.0000 -0.3000 -9.0000
v 8.5000 8.0000 -0.0000
v 9.0000 8.0000 -0.0000
v 8.5000 8.0000 -9.0000
v 9.0000 8.0000 -9.0000
v 8.5000 -0.3000 -9.0000
v 9.0000 -0.3000 -9.0000
v 8.5000 -0.3000 -11.0000
v 9.0000 -0.3000 -11.0000
v 8.5000 0.0000 -9.0000
v 9.0000 0.0000 -9.0000
v 8.5000 0.0000 -11.0000
v 9.0000 0.0000 -11.0000
v 8.5000 2.6000 -9.0000
v 9.0000 2.6000 -9.0000
v 8.5000 2.6000 -11.0000
v 9.0000 2.6000 -11.0000
v 8.5000 8.0000 -9.0000
v 9.0000 8.0000 -9.0000
v 8.5000 8.0000 -11.0000
v 9.0000 8.0000 -11.0000
v 8.5000 -0.3000 -11.0000
v 9.0000 -0.3000 -11.0000
v 8.5000 -0.3000 -30.0000
v 9.0000 -0.3000 -30.0000
v 8.5000 8.0000 -11.0000
v 9.0000 8.0000 -11.0000
v 8.5000 8.0000 -30.0000
v 9.0000 8.0000 -30.0000
v -9.0000 -0.3000 0.4000
v -0.9000 -0.3000 0.4000
v -9.0000 -0.3000 -0.0000
v -0.9000 -0.3000 -0.0000
v -9.0000 8.0000 0.4000
v -0.9000 8.0000 0.4000
v -9.0000 8.0000 -0.0000
v -0.9000 8.0000 -0.0000
v -0.9000 -0.3000 0.4000
v 0.9000 -0.3000 0.4000
v -0.9000 -0.3000 -0.0000
v 0.9000 -0.3000 -0.0000
v -0.9000 0.0000 0.4000
v 0.9000 0.0000 0.4000
v -0.9000 0.0000 -0.0000
v 0.9000 0.0000 -0.0000
v -0.9000 2.8000 0.4000
v 0.9000 2.8000 0.4000
v -0.9000 2.8000 -0.0000
v 0.9000 2.8000 -0.0000
v -0.9000 8.0000 0.4000
v 0.9000 8.0000 0.4000
v -0.9000 8.0000 -0.0000
v 0.9000 8.0000 -0.0000
v 0.9000 -0.3000 0.4000
v 9.0000 -0.3000 0.4000
v 0.9000 -0.3000 -0.0000
v 9.0000 -0.3000 -0.0000
v 0.9000 8.0000 0.4000
v 9.0000 8.0000 0.4000
v 0.9000 8.0000 -0.0000
v 9.0000 8.0000 -0.0000
v -9.0000 -0.3000 -30.0000
v -0.9000 -0.3000 -30.0000
v -9.0000 -0.3000 -30.4000
v -0.9000 -0.3000 -30.4000
v -9.0000 8.0000 -30.0000
v -0.9000 8.0000 -30.0000
v -9.0000 8.0000 -30.4000
v -0.9000 8.0000 -30.4000
v -0.9000 -0.3000 -30.0000
v 0.9000 -0.3000 -30.0000
v -0.9000 -0.3000 -30.4000
v 0.9000 -0.3000 -30.4000
v -0.9000 0.0000 -30.0000
v 0.9000 0.0000 -30.0000
v -0.9000 0.0000 -30.4000
v 0.9000 0.0000 -30.4000
v -0.9000 2.8000 -30.0000
v 0.9000 2.8000 -30.0000
v -0.9000 2.8000 -30.4000
v 0.9000 2.8000 -30.4000
v -0.9000 8.0000 -30.0000
v 0.9000 8.0000 -30.0000
v -0.9000 8.0000 -30.4000
v 0.9000 8.0000 -30.4000
v 0.9000 -0.3000 -30.0000
v 9.0000 -0.3000 -30.0000
v 0.9000 -0.3000 -30.4000
v 9.0000 -0.3000 -30.4000
v 0.9000 8.0000 -30.0000
v 9.0000 8.0000 -30.0000
v 0.9000 8.0000 -30.4000
v 9.0000 8.0000 -30.4000
f 21 23 19 17
f 18 20 24 22
f 17 18 22 21
f 23 24 20 19
f 19 20 18 17
f 21 22 24 23
f 29 31 27 25
f 26 28 32 30
f 25 26 30 29
f 31 32 28 27
f 27 28 26 25
f 29 30 32 31
f 37 39 35 33
f 34 36 40 38
f 33 34 38 37
f 39 40 36 35
f 35 36 34 33
f 37 38 40 39
f 45 47 43 41
f 42 44 48 46
f 41 42 46 45
f 47 48 44 43
f 43 44 42 41
f 45 46 48 47
f 53 55 51 49
f 50 52 56 54
f 49 50 54 53
f 55 56 52 51
f 51 52 50 49
f 53 54 56 55
f 61 63 59 57
f 58 60 64 62
f 57 58 62 61
f 63 64 60 59
f 59 60 58 57
f 61 62 64 63
f 69 71 67 65
f 66 68 72 70
f 65 66 70 69
f 71 72 68 67
f 67 68 66 65
f 69 70 72 71
f 77 79 75 73
f 74 76 80 78
f 73 74 78 77
f 79 80 76 75
f 75 76 74 73
f 77 78 80 79
f 85 87 83 81
f 82 84 88 86
f 81 82 86 85
f 87 88 84 83
f 83 84 82 81
f 85 86 88 87
f 93 95 91 89
f 90 92 96 94
f 89 90 94 93
f 95 96 92 91
f 91 92 90 89
f 93 94 96 95
f 101 103 99 97
f 98 100 104 102
f 97 98 102 101
f 103 104 100 99
f 99 100 98 97
f 101 102 104 103
f 109 111 107 105
f 106 108 112 110
f 105 106 110 109
f 111 112 108 107
f 107 108 106 105
f 109 110 112 111
f 117 119 115 113
f 114 116 120 118
f 113 114 118 117
f 119 120 116 115
f 115 116 114 113
f 117 118 120 119
f 125 127 123 121
f 122 124 128 126
f 121 122 126 125
f 127 128 124 123
f 123 124 122 121
f 125 126 128 127
f 133 135 131 129
f 130 132 136 134
f 129 130 134 133
f 135 136 132 131
f 131 132 130 129
f 133 134 136 135
f 141 143 139 137
f 138 140 144 142
f 137 138 142 141
f 143 144 140 139
f 139 140 138 137
f 141 142 144 143
f 149 151 147 145
f 146 148 152 150
f 145 146 150 149
f 151 152 148 147
f 147 148 146 145
f 149 150 152 151
f 157 159 155 153
f 154 156 160 158
f 153 154 158 157
f 159 160 156 155
f 155 156 154 153
f 157 158 160 159
o STATION_FORTRESS_M01CMD_Interior-col
usemtl Interior
v -8.5000 0.0000 -19.9000
v -1.2000 0.0000 -19.9000
v -8.5000 0.0000 -20.1000
v -1.2000 0.0000 -20.1000
v -8.5000 4.0000 -19.9000
v -1.2000 4.0000 -19.9000
v -8.5000 4.0000 -20.1000
v -1.2000 4.0000 -20.1000
v -1.2000 3.0000 -19.9000
v 1.2000 3.0000 -19.9000
v -1.2000 3.0000 -20.1000
v 1.2000 3.0000 -20.1000
v -1.2000 4.0000 -19.9000
v 1.2000 4.0000 -19.9000
v -1.2000 4.0000 -20.1000
v 1.2000 4.0000 -20.1000
v 1.2000 0.0000 -19.9000
v 8.5000 0.0000 -19.9000
v 1.2000 0.0000 -20.1000
v 8.5000 0.0000 -20.1000
v 1.2000 4.0000 -19.9000
v 8.5000 4.0000 -19.9000
v 1.2000 4.0000 -20.1000
v 8.5000 4.0000 -20.1000
v -1.4000 0.0000 -20.0000
v -1.2000 0.0000 -20.0000
v -1.4000 0.0000 -24.2000
v -1.2000 0.0000 -24.2000
v -1.4000 4.0000 -20.0000
v -1.2000 4.0000 -20.0000
v -1.4000 4.0000 -24.2000
v -1.2000 4.0000 -24.2000
v -1.4000 2.6000 -24.2000
v -1.2000 2.6000 -24.2000
v -1.4000 2.6000 -25.8000
v -1.2000 2.6000 -25.8000
v -1.4000 4.0000 -24.2000
v -1.2000 4.0000 -24.2000
v -1.4000 4.0000 -25.8000
v -1.2000 4.0000 -25.8000
v -1.4000 0.0000 -25.8000
v -1.2000 0.0000 -25.8000
v -1.4000 0.0000 -30.0000
v -1.2000 0.0000 -30.0000
v -1.4000 4.0000 -25.8000
v -1.2000 4.0000 -25.8000
v -1.4000 4.0000 -30.0000
v -1.2000 4.0000 -30.0000
v 1.2000 0.0000 -20.0000
v 1.4000 0.0000 -20.0000
v 1.2000 0.0000 -24.2000
v 1.4000 0.0000 -24.2000
v 1.2000 4.0000 -20.0000
v 1.4000 4.0000 -20.0000
v 1.2000 4.0000 -24.2000
v 1.4000 4.0000 -24.2000
v 1.2000 2.6000 -24.2000
v 1.4000 2.6000 -24.2000
v 1.2000 2.6000 -25.8000
v 1.4000 2.6000 -25.8000
v 1.2000 4.0000 -24.2000
v 1.4000 4.0000 -24.2000
v 1.2000 4.0000 -25.8000
v 1.4000 4.0000 -25.8000
v 1.2000 0.0000 -25.8000
v 1.4000 0.0000 -25.8000
v 1.2000 0.0000 -30.0000
v 1.4000 0.0000 -30.0000
v 1.2000 4.0000 -25.8000
v 1.4000 4.0000 -25.8000
v 1.2000 4.0000 -30.0000
v 1.4000 4.0000 -30.0000
f 165 167 163 161
f 162 164 168 166
f 161 162 166 165
f 167 168 164 163
f 163 164 162 161
f 165 166 168 167
f 173 175 171 169
f 170 172 176 174
f 169 170 174 173
f 175 176 172 171
f 171 172 170 169
f 173 174 176 175
f 181 183 179 177
f 178 180 184 182
f 177 178 182 181
f 183 184 180 179
f 179 180 178 177
f 181 182 184 183
f 189 191 187 185
f 186 188 192 190
f 185 186 190 189
f 191 192 188 187
f 187 188 186 185
f 189 190 192 191
f 197 199 195 193
f 194 196 200 198
f 193 194 198 197
f 199 200 196 195
f 195 196 194 193
f 197 198 200 199
f 205 207 203 201
f 202 204 208 206
f 201 202 206 205
f 207 208 204 203
f 203 204 202 201
f 205 206 208 207
f 213 215 211 209
f 210 212 216 214
f 209 210 214 213
f 215 216 212 211
f 211 212 210 209
f 213 214 216 215
f 221 223 219 217
f 218 220 224 222
f 217 218 222 221
f 223 224 220 219
f 219 220 218 217
f 221 222 224 223
f 229 231 227 225
f 226 228 232 230
f 225 226 230 229
f 231 232 228 227
f 227 228 226 225
f 229 230 232 231
o STATION_FORTRESS_M01CMD_Furniture-col
usemtl Furniture
v 7.7000 0.0000 -20.6000
v 8.4000 0.0000 -20.6000
v 7.7000 0.0000 -29.4000
v 8.4000 0.0000 -29.4000
v 7.7000 1.1000 -20.6000
v 8.4000 1.1000 -20.6000
v 7.7000 1.1000 -29.4000
v 8.4000 1.1000 -29.4000
v -8.4000 0.0000 -20.6000
v -7.9000 0.0000 -20.6000
v -8.4000 0.0000 -23.0000
v -7.9000 0.0000 -23.0000
v -8.4000 2.0000 -20.6000
v -7.9000 2.0000 -20.6000
v -8.4000 2.0000 -23.0000
v -7.9000 2.0000 -23.0000
v -4.0000 0.0000 -24.4000
v -2.6000 0.0000 -24.4000
v -4.0000 0.0000 -25.6000
v -2.6000 0.0000 -25.6000
v -4.0000 0.7500 -24.4000
v -2.6000 0.7500 -24.4000
v -4.0000 0.7500 -25.6000
v -2.6000 0.7500 -25.6000
v 0.8500 0.0000 -20.4000
v 1.2000 0.0000 -20.4000
v 0.8500 0.0000 -21.6000
v 1.2000 0.0000 -21.6000
v 0.8500 2.0000 -20.4000
v 1.2000 2.0000 -20.4000
v 0.8500 2.0000 -21.6000
v 1.2000 2.0000 -21.6000
v -2.4000 0.0000 -10.0000
v -2.5608 0.0000 -10.6000
v -3.0000 0.0000 -11.0392
v -3.6000 0.0000 -11.2000
v -4.2000 0.0000 -11.0392
v -4.6392 0.0000 -10.6000
v -4.8000 0.0000 -10.0000
v -4.6392 0.0000 -9.4000
v -4.2000 0.0000 -8.9608
v -3.6000 0.0000 -8.8000
v -3.0000 0.0000 -8.9608
v -2.5608 0.0000 -9.4000
v -2.4000 0.9000 -10.0000
v -2.5608 0.9000 -10.6000
v -3.0000 0.9000 -11.0392
v -3.6000 0.9000 -11.2000
v -4.2000 0.9000 -11.0392
v -4.6392 0.9000 -10.6000
v -4.8000 0.9000 -10.0000
v -4.6392 0.9000 -9.4000
v -4.2000 0.9000 -8.9608
v -3.6000 0.9000 -8.8000
v -3.0000 0.9000 -8.9608
v -2.5608 0.9000 -9.4000
v -8.4500 0.6000 -4.7000
v -8.0500 0.6000 -4.7000
v -8.4500 0.6000 -5.7000
v -8.0500 0.6000 -5.7000
v -8.4500 2.0000 -4.7000
v -8.0500 2.0000 -4.7000
v -8.4500 2.0000 -5.7000
v -8.0500 2.0000 -5.7000
v 8.0500 0.6000 -9.5000
v 8.4500 0.6000 -9.5000
v 8.0500 0.6000 -10.5000
v 8.4500 0.6000 -10.5000
v 8.0500 2.0000 -9.5000
v 8.4500 2.0000 -9.5000
v 8.0500 2.0000 -10.5000
v 8.4500 2.0000 -10.5000
v -8.4500 0.6000 -14.3000
v -8.0500 0.6000 -14.3000
v -8.4500 0.6000 -15.3000
v -8.0500 0.6000 -15.3000
v -8.4500 2.0000 -14.3000
v -8.0500 2.0000 -14.3000
v -8.4500 2.0000 -15.3000
v -8.0500 2.0000 -15.3000
f 237 239 235 233
f 234 236 240 238
f 233 234 238 237
f 239 240 236 235
f 235 236 234 233
f 237 238 240 239
f 245 247 243 241
f 242 244 248 246
f 241 242 246 245
f 247 248 244 243
f 243 244 242 241
f 245 246 248 247
f 253 255 251 249
f 250 252 256 254
f 249 250 254 253
f 255 256 252 251
f 251 252 250 249
f 253 254 256 255
f 261 263 259 257
f 258 260 264 262
f 257 258 262 261
f 263 264 260 259
f 259 260 258 257
f 261 262 264 263
f 265 266 278 277
f 266 267 279 278
f 267 268 280 279
f 268 269 281 280
f 269 270 282 281
f 270 271 283 282
f 271 272 284 283
f 272 273 285 284
f 273 274 286 285
f 274 275 287 286
f 275 276 288 287
f 276 265 277 288
f 276 275 274 273 272 271 270 269 268 267 266 265
f 277 278 279 280 281 282 283 284 285 286 287 288
f 293 295 291 289
f 290 292 296 294
f 289 290 294 293
f 295 296 292 291
f 291 292 290 289
f 293 294 296 295
f 301 303 299 297
f 298 300 304 302
f 297 298 302 301
f 303 304 300 299
f 299 300 298 297
f 301 302 304 303
f 309 311 307 305
f 306 308 312 310
f 305 306 310 309
f 311 312 308 307
f 307 308 306 305
f 309 310 312 311
o STATION_FORTRESS_M01CMD_Cover-col
usemtl Cover
v -3.6000 0.0000 -4.7000
v -2.6000 0.0000 -4.7000
v -3.6000 0.0000 -5.7000
v -2.6000 0.0000 -5.7000
v -3.6000 1.1000 -4.7000
v -2.6000 1.1000 -4.7000
v -3.6000 1.1000 -5.7000
v -2.6000 1.1000 -5.7000
v -3.6000 0.0000 -14.3000
v -2.6000 0.0000 -14.3000
v -3.6000 0.0000 -15.3000
v -2.6000 0.0000 -15.3000
v -3.6000 1.1000 -14.3000
v -2.6000 1.1000 -14.3000
v -3.6000 1.1000 -15.3000
v -2.6000 1.1000 -15.3000
f 317 319 315 313
f 314 316 320 318
f 313 314 318 317
f 319 320 316 315
f 315 316 314 313
f 317 318 320 319
f 325 327 323 321
f 322 324 328 326
f 321 322 326 325
f 327 328 324 323
f 323 324 322 321
f 325 326 328 327
o STATION_FORTRESS_M01CMD_Hazard
usemtl Hazard
v -9.1200 0.0000 -8.7000
v -9.0000 0.0000 -8.7000
v -9.1200 0.0000 -9.0000
v -9.0000 0.0000 -9.0000
v -9.1200 2.9000 -8.7000
v -9.0000 2.9000 -8.7000
v -9.1200 2.9000 -9.0000
v -9.0000 2.9000 -9.0000
v -9.1200 0.0000 -11.0000
v -9.0000 0.0000 -11.0000
v -9.1200 0.0000 -11.3000
v -9.0000 0.0000 -11.3000
v -9.1200 2.9000 -11.0000
v -9.0000 2.9000 -11.0000
v -9.1200 2.9000 -11.3000
v -9.0000 2.9000 -11.3000
v 9.0000 0.0000 -8.7000
v 9.1200 0.0000 -8.7000
v 9.0000 0.0000 -9.0000
v 9.1200 0.0000 -9.0000
v 9.0000 2.9000 -8.7000
v 9.1200 2.9000 -8.7000
v 9.0000 2.9000 -9.0000
v 9.1200 2.9000 -9.0000
v 9.0000 0.0000 -11.0000
v 9.1200 0.0000 -11.0000
v 9.0000 0.0000 -11.3000
v 9.1200 0.0000 -11.3000
v 9.0000 2.9000 -11.0000
v 9.1200 2.9000 -11.0000
v 9.0000 2.9000 -11.3000
v 9.1200 2.9000 -11.3000
v -1.2000 2.8000 0.4400
v 1.2000 2.8000 0.4400
v -1.2000 2.8000 0.4000
v 1.2000 2.8000 0.4000
v -1.2000 3.0000 0.4400
v 1.2000 3.0000 0.4400
v -1.2000 3.0000 0.4000
v 1.2000 3.0000 0.4000
v -8.0500 1.8000 -4.7000
v -8.0300 1.8000 -4.7000
v -8.0500 1.8000 -5.7000
v -8.0300 1.8000 -5.7000
v -8.0500 2.0000 -4.7000
v -8.0300 2.0000 -4.7000
v -8.0500 2.0000 -5.7000
v -8.0300 2.0000 -5.7000
v 8.0300 1.8000 -9.5000
v 8.0500 1.8000 -9.5000
v 8.0300 1.8000 -10.5000
v 8.0500 1.8000 -10.5000
v 8.0300 2.0000 -9.5000
v 8.0500 2.0000 -9.5000
v 8.0300 2.0000 -10.5000
v 8.0500 2.0000 -10.5000
v -8.0500 1.8000 -14.3000
v -8.0300 1.8000 -14.3000
v -8.0500 1.8000 -15.3000
v -8.0300 1.8000 -15.3000
v -8.0500 2.0000 -14.3000
v -8.0300 2.0000 -14.3000
v -8.0500 2.0000 -15.3000
v -8.0300 2.0000 -15.3000
f 333 335 331 329
f 330 332 336 334
f 329 330 334 333
f 335 336 332 331
f 331 332 330 329
f 333 334 336 335
f 341 343 339 337
f 338 340 344 342
f 337 338 342 341
f 343 344 340 339
f 339 340 338 337
f 341 342 344 343
f 349 351 347 345
f 346 348 352 350
f 345 346 350 349
f 351 352 348 347
f 347 348 346 345
f 349 350 352 351
f 357 359 355 353
f 354 356 360 358
f 353 354 358 357
f 359 360 356 355
f 355 356 354 353
f 357 358 360 359
f 365 367 363 361
f 362 364 368 366
f 361 362 366 365
f 367 368 364 363
f 363 364 362 361
f 365 366 368 367
f 373 375 371 369
f 370 372 376 374
f 369 370 374 373
f 375 376 372 371
f 371 372 370 369
f 373 374 376 375
f 381 383 379 377
f 378 380 384 382
f 377 378 382 381
f 383 384 380 379
f 379 380 378 377
f 381 382 384 383
f 389 391 387 385
f 386 388 392 390
f 385 386 390 389
f 391 392 388 387
f 387 388 386 385
f 389 390 392 391
o STATION_FORTRESS_M01CMD_Lights
usemtl Lights
v 7.6800 0.8000 -20.8000
v 7.7000 0.8000 -20.8000
v 7.6800 0.8000 -29.2000
v 7.7000 0.8000 -29.2000
v 7.6800 1.0500 -20.8000
v 7.7000 1.0500 -20.8000
v 7.6800 1.0500 -29.2000
v 7.7000 1.0500 -29.2000
v 2.7000 1.0000 -24.3000
v 3.7000 1.0000 -24.3000
v 2.7000 1.0000 -25.7000
v 3.7000 1.0000 -25.7000
v 2.7000 1.0300 -24.3000
v 3.7000 1.0300 -24.3000
v 2.7000 1.0300 -25.7000
v 3.7000 1.0300 -25.7000
v -0.3000 3.6200 -20.5000
v 0.3000 3.6200 -20.5000
v -0.3000 3.6200 -29.5000
v 0.3000 3.6200 -29.5000
v -0.3000 3.7000 -20.5000
v 0.3000 3.7000 -20.5000
v -0.3000 3.7000 -29.5000
v 0.3000 3.7000 -29.5000
v -0.4000 7.8800 -0.9000
v 0.4000 7.8800 -0.9000
v -0.4000 7.8800 -19.1000
v 0.4000 7.8800 -19.1000
v -0.4000 7.9600 -0.9000
v 0.4000 7.9600 -0.9000
v -0.4000 7.9600 -19.1000
v 0.4000 7.9600 -19.1000
v -2.6000 10.0000 -26.9500
v 2.6000 10.0000 -26.9500
v -2.6000 10.0000 -27.0200
v 2.6000 10.0000 -27.0200
v -2.6000 10.3000 -26.9500
v 2.6000 10.3000 -26.9500
v -2.6000 10.3000 -27.0200
v 2.6000 10.3000 -27.0200
f 397 399 395 393
f 394 396 400 398
f 393 394 398 397
f 399 400 396 395
f 395 396 394 393
f 397 398 400 399
f 405 407 403 401
f 402 404 408 406
f 401 402 406 405
f 407 408 404 403
f 403 404 402 401
f 405 406 408 407
f 413 415 411 409
f 410 412 416 414
f 409 410 414 413
f 415 416 412 411
f 411 412 410 409
f 413 414 416 415
f 421 423 419 417
f 418 420 424 422
f 417 418 422 421
f 423 424 420 419
f 419 420 418 417
f 421 422 424 423
f 429 431 427 425
f 426 428 432 430
f 425 426 430 429
f 431 432 428 427
f 427 428 426 425
f 429 430 432 431
o STATION_FORTRESS_M01CMD_Machinery-col
usemtl Engine
v 1.6000 0.0000 -1.4000
v 6.5000 0.0000 -1.4000
v 1.6000 0.0000 -18.6000
v 6.5000 0.0000 -18.6000
v 1.6000 2.4000 -1.4000
v 6.5000 2.4000 -1.4000
v 1.6000 2.4000 -18.6000
v 6.5000 2.4000 -18.6000
f 437 439 435 433
f 434 436 440 438
f 433 434 438 437
f 439 440 436 435
f 435 436 434 433
f 437 438 440 439
o STATION_FORTRESS_M01CMD_Glow
usemtl EngineGlow
v -2.6000 0.9000 -10.0000
v -2.7340 0.9000 -10.5000
v -3.1000 0.9000 -10.8660
v -3.6000 0.9000 -11.0000
v -4.1000 0.9000 -10.8660
v -4.4660 0.9000 -10.5000
v -4.6000 0.9000 -10.0000
v -4.4660 0.9000 -9.5000
v -4.1000 0.9000 -9.1340
v -3.6000 0.9000 -9.0000
v -3.1000 0.9000 -9.1340
v -2.7340 0.9000 -9.5000
v -2.6000 0.9300 -10.0000
v -2.7340 0.9300 -10.5000
v -3.1000 0.9300 -10.8660
v -3.6000 0.9300 -11.0000
v -4.1000 0.9300 -10.8660
v -4.4660 0.9300 -10.5000
v -4.6000 0.9300 -10.0000
v -4.4660 0.9300 -9.5000
v -4.1000 0.9300 -9.1340
v -3.6000 0.9300 -9.0000
v -3.1000 0.9300 -9.1340
v -2.7340 0.9300 -9.5000
f 441 442 454 453
f 442 443 455 454
f 443 444 456 455
f 444 445 457 456
f 445 446 458 457
f 446 447 459 458
f 447 448 460 459
f 448 449 461 460
f 449 450 462 461
f 450 451 463 462
f 451 452 464 463
f 452 441 453 464
f 452 451 450 449 448 447 446 445 444 443 442 441
f 453 454 455 456 457 458 459 460 461 462 463 464
o STATION_FORTRESS_M01CMD_Armor
usemtl Armor
v -4.0000 8.4000 -9.0000
v 4.0000 8.4000 -9.0000
v -4.0000 8.4000 -27.0000
v 4.0000 8.4000 -27.0000
v -2.5000 10.9000 -9.0000
v 2.5000 10.9000 -9.0000
v -2.5000 10.9000 -27.0000
v 2.5000 10.9000 -27.0000
f 469 471 467 465
f 466 468 472 470
f 465 466 470 469
f 471 472 468 467
f 467 468 466 465
f 469 470 472 471
o STATION_FORTRESS_M01CMD_AirlockPort_Door-col
usemtl Door
v -8.8000 0.0000 -8.9500
v -8.7000 0.0000 -8.9500
v -8.8000 0.0000 -11.0500
v -8.7000 0.0000 -11.0500
v -8.8000 2.6000 -8.9500
v -8.7000 2.6000 -8.9500
v -8.8000 2.6000 -11.0500
v -8.7000 2.6000 -11.0500
f 477 479 475 473
f 474 476 480 478
f 473 474 478 477
f 479 480 476 475
f 475 476 474 473
f 477 478 480 479
o STATION_FORTRESS_M01CMD_AirlockStbd_Door-col
usemtl Door
v 8.7000 0.0000 -8.9500
v 8.8000 0.0000 -8.9500
v 8.7000 0.0000 -11.0500
v 8.8000 0.0000 -11.0500
v 8.7000 2.6000 -8.9500
v 8.8000 2.6000 -8.9500
v 8.7000 2.6000 -11.0500
v 8.8000 2.6000 -11.0500
f 485 487 483 481
f 482 484 488 486
f 481 482 486 485
f 487 488 484 483
f 483 484 482 481
f 485 486 488 487
o STATION_FORTRESS_M01CMD_Connector_Back_Door-col
usemtl Door
v -0.9500 0.0000 0.2500
v 0.9500 0.0000 0.2500
v -0.9500 0.0000 0.1500
v 0.9500 0.0000 0.1500
v -0.9500 2.8000 0.2500
v 0.9500 2.8000 0.2500
v -0.9500 2.8000 0.1500
v 0.9500 2.8000 0.1500
f 493 495 491 489
f 490 492 496 494
f 489 490 494 493
f 495 496 492 491
f 491 492 490 489
f 493 494 496 495
o STATION_FORTRESS_M01CMD_Connector_Front_Door-col
usemtl Door
v -0.9500 0.0000 -30.1500
v 0.9500 0.0000 -30.1500
v -0.9500 0.0000 -30.2500
v 0.9500 0.0000 -30.2500
v -0.9500 2.8000 -30.1500
v 0.9500 2.8000 -30.1500
v -0.9500 2.8000 -30.2500
v 0.9500 2.8000 -30.2500
f 501 503 499 497
f 498 500 504 502
f 497 498 502 501
f 503 504 500 499
f 499 500 498 497
f 501 502 504 503
o STATION_FORTRESS_M01CMD_ControlConsole-col
usemtl Furniture
v 2.6000 0.0000 -24.2000
v 3.8000 0.0000 -24.2000
v 2.6000 0.0000 -25.8000
v 3.8000 0.0000 -25.8000
v 2.6000 1.0000 -24.2000
v 3.8000 1.0000 -24.2000
v 2.6000 1.0000 -25.8000
v 3.8000 1.0000 -25.8000
f 509 511 507 505
f 506 508 512 510
f 505 506 510 509
f 511 512 508 507
f 507 508 506 505
f 509 510 512 511
o STATION_FORTRESS_M01CMD_StatusLight
usemtl Lights
v -0.5000 8.4000 -28.5000
v 0.5000 8.4000 -28.5000
v -0.5000 8.4000 -29.5000
v 0.5000 8.4000 -29.5000
v -0.5000 8.7000 -28.5000
v 0.5000 8.7000 -28.5000
v -0.5000 8.7000 -29.5000
v 0.5000 8.7000 -29.5000
f 517 519 515 513
f 514 516 520 518
f 513 514 518 517
f 519 520 516 515
f 515 516 514 513
f 517 518 520 519
o STATION_FORTRESS_T01_Deck-col
usemtl Deck
v -1.4000 -0.3000 -30.4000
v 1.4000 -0.3000 -30.4000
v -1.4000 -0.3000 -45.6000
v 1.4000 -0.3000 -45.6000
v -1.4000 0.0000 -30.4000
v 1.4000 0.0000 -30.4000
v -1.4000 0.0000 -45.6000
v 1.4000 0.0000 -45.6000
f 525 527 523 521
f 522 524 528 526
f 521 522 526 525
f 527 528 524 523
f 523 524 522 521
f 525 526 528 527
o STATION_FORTRESS_T01_Hull-col
usemtl Hull
v -1.8000 3.2000 -30.4000
v 1.8000 3.2000 -30.4000
v -1.8000 3.2000 -45.6000
v 1.8000 3.2000 -45.6000
v -1.8000 3.6000 -30.4000
v 1.8000 3.6000 -30.4000
v -1.8000 3.6000 -45.6000
v 1.8000 3.6000 -45.6000
v -1.8000 -0.7000 -30.4000
v 1.8000 -0.7000 -30.4000
v -1.8000 -0.7000 -45.6000
v 1.8000 -0.7000 -45.6000
v -1.8000 -0.3000 -30.4000
v 1.8000 -0.3000 -30.4000
v -1.8000 -0.3000 -45.6000
v 1.8000 -0.3000 -45.6000
v -1.8000 -0.3000 -30.4000
v -1.4000 -0.3000 -30.4000
v -1.8000 -0.3000 -31.4000
v -1.4000 -0.3000 -31.4000
v -1.8000 3.2000 -30.4000
v -1.4000 3.2000 -30.4000
v -1.8000 3.2000 -31.4000
v -1.4000 3.2000 -31.4000
v -1.8000 -0.3000 -31.4000
v -1.4000 -0.3000 -31.4000
v -1.8000 -0.3000 -44.6000
v -1.4000 -0.3000 -44.6000
v -1.8000 1.2000 -31.4000
v -1.4000 1.2000 -31.4000
v -1.8000 1.2000 -44.6000
v -1.4000 1.2000 -44.6000
v -1.8000 2.4000 -31.4000
v -1.4000 2.4000 -31.4000
v -1.8000 2.4000 -44.6000
v -1.4000 2.4000 -44.6000
v -1.8000 3.2000 -31.4000
v -1.4000 3.2000 -31.4000
v -1.8000 3.2000 -44.6000
v -1.4000 3.2000 -44.6000
v -1.8000 -0.3000 -44.6000
v -1.4000 -0.3000 -44.6000
v -1.8000 -0.3000 -45.6000
v -1.4000 -0.3000 -45.6000
v -1.8000 3.2000 -44.6000
v -1.4000 3.2000 -44.6000
v -1.8000 3.2000 -45.6000
v -1.4000 3.2000 -45.6000
v 1.4000 -0.3000 -30.4000
v 1.8000 -0.3000 -30.4000
v 1.4000 -0.3000 -31.4000
v 1.8000 -0.3000 -31.4000
v 1.4000 3.2000 -30.4000
v 1.8000 3.2000 -30.4000
v 1.4000 3.2000 -31.4000
v 1.8000 3.2000 -31.4000
v 1.4000 -0.3000 -31.4000
v 1.8000 -0.3000 -31.4000
v 1.4000 -0.3000 -44.6000
v 1.8000 -0.3000 -44.6000
v 1.4000 1.2000 -31.4000
v 1.8000 1.2000 -31.4000
v 1.4000 1.2000 -44.6000
v 1.8000 1.2000 -44.6000
v 1.4000 2.4000 -31.4000
v 1.8000 2.4000 -31.4000
v 1.4000 2.4000 -44.6000
v 1.8000 2.4000 -44.6000
v 1.4000 3.2000 -31.4000
v 1.8000 3.2000 -31.4000
v 1.4000 3.2000 -44.6000
v 1.8000 3.2000 -44.6000
v 1.4000 -0.3000 -44.6000
v 1.8000 -0.3000 -44.6000
v 1.4000 -0.3000 -45.6000
v 1.8000 -0.3000 -45.6000
v 1.4000 3.2000 -44.6000
v 1.8000 3.2000 -44.6000
v 1.4000 3.2000 -45.6000
v 1.8000 3.2000 -45.6000
f 533 535 531 529
f 530 532 536 534
f 529 530 534 533
f 535 536 532 531
f 531 532 530 529
f 533 534 536 535
f 541 543 539 537
f 538 540 544 542
f 537 538 542 541
f 543 544 540 539
f 539 540 538 537
f 541 542 544 543
f 549 551 547 545
f 546 548 552 550
f 545 546 550 549
f 551 552 548 547
f 547 548 546 545
f 549 550 552 551
f 557 559 555 553
f 554 556 560 558
f 553 554 558 557
f 559 560 556 555
f 555 556 554 553
f 557 558 560 559
f 565 567 563 561
f 562 564 568 566
f 561 562 566 565
f 567 568 564 563
f 563 564 562 561
f 565 566 568 567
f 573 575 571 569
f 570 572 576 574
f 569 570 574 573
f 575 576 572 571
f 571 572 570 569
f 573 574 576 575
f 581 583 579 577
f 578 580 584 582
f 577 578 582 581
f 583 584 580 579
f 579 580 578 577
f 581 582 584 583
f 589 591 587 585
f 586 588 592 590
f 585 586 590 589
f 591 592 588 587
f 587 588 586 585
f 589 590 592 591
f 597 599 595 593
f 594 596 600 598
f 593 594 598 597
f 599 600 596 595
f 595 596 594 593
f 597 598 600 599
f 605 607 603 601
f 602 604 608 606
f 601 602 606 605
f 607 608 604 603
f 603 604 602 601
f 605 606 608 607
o STATION_FORTRESS_T01_Lights
usemtl Lights
v -0.3000 3.1200 -30.9000
v 0.3000 3.1200 -30.9000
v -0.3000 3.1200 -45.1000
v 0.3000 3.1200 -45.1000
v -0.3000 3.2000 -30.9000
v 0.3000 3.2000 -30.9000
v -0.3000 3.2000 -45.1000
v 0.3000 3.2000 -45.1000
f 613 615 611 609
f 610 612 616 614
f 609 610 614 613
f 615 616 612 611
f 611 612 610 609
f 613 614 616 615
o STATION_FORTRESS_T01_Glass-col
usemtl Glass
v -1.6000 1.2000 -31.4000
v -1.5500 1.2000 -31.4000
v -1.6000 1.2000 -44.6000
v -1.5500 1.2000 -44.6000
v -1.6000 2.4000 -31.4000
v -1.5500 2.4000 -31.4000
v -1.6000 2.4000 -44.6000
v -1.5500 2.4000 -44.6000
v 1.5500 1.2000 -31.4000
v 1.6000 1.2000 -31.4000
v 1.5500 1.2000 -44.6000
v 1.6000 1.2000 -44.6000
v 1.5500 2.4000 -31.4000
v 1.6000 2.4000 -31.4000
v 1.5500 2.4000 -44.6000
v 1.6000 2.4000 -44.6000
f 621 623 619 617
f 618 620 624 622
f 617 618 622 621
f 623 624 620 619
f 619 620 618 617
f 621 622 624 623
f 629 631 627 625
f 626 628 632 630
f 625 626 630 629
f 631 632 628 627
f 627 628 626 625
f 629 630 632 631
o STATION_FORTRESS_H01_Deck-col
usemtl Deck
v -4.0000 -0.3000 -46.0000
v 4.0000 -0.3000 -46.0000
v -4.0000 -0.3000 -54.0000
v 4.0000 -0.3000 -54.0000
v -4.0000 0.0000 -46.0000
v 4.0000 0.0000 -46.0000
v -4.0000 0.0000 -54.0000
v 4.0000 0.0000 -54.0000
f 637 639 635 633
f 634 636 640 638
f 633 634 638 637
f 639 640 636 635
f 635 636 634 633
f 637 638 640 639
o STATION_FORTRESS_H01_Hull-col
usemtl Hull
v -4.4000 4.0000 -45.6000
v 4.4000 4.0000 -45.6000
v -4.4000 4.0000 -54.4000
v 4.4000 4.0000 -54.4000
v -4.4000 4.4000 -45.6000
v 4.4000 4.4000 -45.6000
v -4.4000 4.4000 -54.4000
v 4.4000 4.4000 -54.4000
v -4.4000 -0.7000 -45.6000
v 4.4000 -0.7000 -45.6000
v -4.4000 -0.7000 -54.4000
v 4.4000 -0.7000 -54.4000
v -4.4000 -0.3000 -45.6000
v 4.4000 -0.3000 -45.6000
v -4.4000 -0.3000 -54.4000
v 4.4000 -0.3000 -54.4000
v -4.4000 -0.3000 -45.6000
v -1.1000 -0.3000 -45.6000
v -4.4000 -0.3000 -46.0000
v -1.1000 -0.3000 -46.0000
v -4.4000 4.0000 -45.6000
v -1.1000 4.0000 -45.6000
v -4.4000 4.0000 -46.0000
v -1.1000 4.0000 -46.0000
v -1.1000 -0.3000 -45.6000
v 1.1000 -0.3000 -45.6000
v -1.1000 -0.3000 -46.0000
v 1.1000 -0.3000 -46.0000
v -1.1000 0.0000 -45.6000
v 1.1000 0.0000 -45.6000
v -1.1000 0.0000 -46.0000
v 1.1000 0.0000 -46.0000
v -1.1000 3.0000 -45.6000
v 1.1000 3.0000 -45.6000
v -1.1000 3.0000 -46.0000
v 1.1000 3.0000 -46.0000
v -1.1000 4.0000 -45.6000
v 1.1000 4.0000 -45.6000
v -1.1000 4.0000 -46.0000
v 1.1000 4.0000 -46.0000
v 1.1000 -0.3000 -45.6000
v 4.4000 -0.3000 -45.6000
v 1.1000 -0.3000 -46.0000
v 4.4000 -0.3000 -46.0000
v 1.1000 4.0000 -45.6000
v 4.4000 4.0000 -45.6000
v 1.1000 4.0000 -46.0000
v 4.4000 4.0000 -46.0000
v -4.4000 -0.3000 -54.0000
v -1.1000 -0.3000 -54.0000
v -4.4000 -0.3000 -54.4000
v -1.1000 -0.3000 -54.4000
v -4.4000 4.0000 -54.0000
v -1.1000 4.0000 -54.0000
v -4.4000 4.0000 -54.4000
v -1.1000 4.0000 -54.4000
v -1.1000 -0.3000 -54.0000
v 1.1000 -0.3000 -54.0000
v -1.1000 -0.3000 -54.4000
v 1.1000 -0.3000 -54.4000
v -1.1000 0.0000 -54.0000
v 1.1000 0.0000 -54.0000
v -1.1000 0.0000 -54.4000
v 1.1000 0.0000 -54.4000
v -1.1000 3.0000 -54.0000
v 1.1000 3.0000 -54.0000
v -1.1000 3.0000 -54.4000
v 1.1000 3.0000 -54.4000
v -1.1000 4.0000 -54.0000
v 1.1000 4.0000 -54.0000
v -1.1000 4.0000 -54.4000
v 1.1000 4.0000 -54.4000
v 1.1000 -0.3000 -54.0000
v 4.4000 -0.3000 -54.0000
v 1.1000 -0.3000 -54.4000
v 4.4000 -0.3000 -54.4000
v 1.1000 4.0000 -54.0000
v 4.4000 4.0000 -54.0000
v 1.1000 4.0000 -54.4000
v 4.4000 4.0000 -54.4000
v -4.4000 -0.3000 -45.6000
v -4.0000 -0.3000 -45.6000
v -4.4000 -0.3000 -48.9000
v -4.0000 -0.3000 -48.9000
v -4.4000 4.0000 -45.6000
v -4.0000 4.0000 -45.6000
v -4.4000 4.0000 -48.9000
v -4.0000 4.0000 -48.9000
v -4.4000 -0.3000 -48.9000
v -4.0000 -0.3000 -48.9000
v -4.4000 -0.3000 -51.1000
v -4.0000 -0.3000 -51.1000
v -4.4000 0.0000 -48.9000
v -4.0000 0.0000 -48.9000
v -4.4000 0.0000 -51.1000
v -4.0000 0.0000 -51.1000
v -4.4000 3.0000 -48.9000
v -4.0000 3.0000 -48.9000
v -4.4000 3.0000 -51.1000
v -4.0000 3.0000 -51.1000
v -4.4000 4.0000 -48.9000
v -4.0000 4.0000 -48.9000
v -4.4000 4.0000 -51.1000
v -4.0000 4.0000 -51.1000
v -4.4000 -0.3000 -51.1000
v -4.0000 -0.3000 -51.1000
v -4.4000 -0.3000 -54.4000
v -4.0000 -0.3000 -54.4000
v -4.4000 4.0000 -51.1000
v -4.0000 4.0000 -51.1000
v -4.4000 4.0000 -54.4000
v -4.0000 4.0000 -54.4000
v 4.0000 -0.3000 -45.6000
v 4.4000 -0.3000 -45.6000
v 4.0000 -0.3000 -48.9000
v 4.4000 -0.3000 -48.9000
v 4.0000 4.0000 -45.6000
v 4.4000 4.0000 -45.6000
v 4.0000 4.0000 -48.9000
v 4.4000 4.0000 -48.9000
v 4.0000 -0.3000 -48.9000
v 4.4000 -0.3000 -48.9000
v 4.0000 -0.3000 -51.1000
v 4.4000 -0.3000 -51.1000
v 4.0000 0.0000 -48.9000
v 4.4000 0.0000 -48.9000
v 4.0000 0.0000 -51.1000
v 4.4000 0.0000 -51.1000
v 4.0000 3.0000 -48.9000
v 4.4000 3.0000 -48.9000
v 4.0000 3.0000 -51.1000
v 4.4000 3.0000 -51.1000
v 4.0000 4.0000 -48.9000
v 4.4000 4.0000 -48.9000
v 4.0000 4.0000 -51.1000
v 4.4000 4.0000 -51.1000
v 4.0000 -0.3000 -51.1000
v 4.4000 -0.3000 -51.1000
v 4.0000 -0.3000 -54.4000
v 4.4000 -0.3000 -54.4000
v 4.0000 4.0000 -51.1000
v 4.4000 4.0000 -51.1000
v 4.0000 4.0000 -54.4000
v 4.4000 4.0000 -54.4000
f 645 647 643 641
f 642 644 648 646
f 641 642 646 645
f 647 648 644 643
f 643 644 642 641
f 645 646 648 647
f 653 655 651 649
f 650 652 656 654
f 649 650 654 653
f 655 656 652 651
f 651 652 650 649
f 653 654 656 655
f 661 663 659 657
f 658 660 664 662
f 657 658 662 661
f 663 664 660 659
f 659 660 658 657
f 661 662 664 663
f 669 671 667 665
f 666 668 672 670
f 665 666 670 669
f 671 672 668 667
f 667 668 666 665
f 669 670 672 671
f 677 679 675 673
f 674 676 680 678
f 673 674 678 677
f 679 680 676 675
f 675 676 674 673
f 677 678 680 679
f 685 687 683 681
f 682 684 688 686
f 681 682 686 685
f 687 688 684 683
f 683 684 682 681
f 685 686 688 687
f 693 695 691 689
f 690 692 696 694
f 689 690 694 693
f 695 696 692 691
f 691 692 690 689
f 693 694 696 695
f 701 703 699 697
f 698 700 704 702
f 697 698 702 701
f 703 704 700 699
f 699 700 698 697
f 701 702 704 703
f 709 711 707 705
f 706 708 712 710
f 705 706 710 709
f 711 712 708 707
f 707 708 706 705
f 709 710 712 711
f 717 719 715 713
f 714 716 720 718
f 713 714 718 717
f 719 720 716 715
f 715 716 714 713
f 717 718 720 719
f 725 727 723 721
f 722 724 728 726
f 721 722 726 725
f 727 728 724 723
f 723 724 722 721
f 725 726 728 727
f 733 735 731 729
f 730 732 736 734
f 729 730 734 733
f 735 736 732 731
f 731 732 730 729
f 733 734 736 735
f 741 743 739 737
f 738 740 744 742
f 737 738 742 741
f 743 744 740 739
f 739 740 738 737
f 741 742 744 743
f 749 751 747 745
f 746 748 752 750
f 745 746 750 749
f 751 752 748 747
f 747 748 746 745
f 749 750 752 751
f 757 759 755 753
f 754 756 760 758
f 753 754 758 757
f 759 760 756 755
f 755 756 754 753
f 757 758 760 759
f 765 767 763 761
f 762 764 768 766
f 761 762 766 765
f 767 768 764 763
f 763 764 762 761
f 765 766 768 767
f 773 775 771 769
f 770 772 776 774
f 769 770 774 773
f 775 776 772 771
f 771 772 770 769
f 773 774 776 775
f 781 783 779 777
f 778 780 784 782
f 777 778 782 781
f 783 784 780 779
f 779 780 778 777
f 781 782 784 783
o STATION_FORTRESS_H01_Lights
usemtl Lights
v -1.0000 3.9200 -49.0000
v 1.0000 3.9200 -49.0000
v -1.0000 3.9200 -51.0000
v 1.0000 3.9200 -51.0000
v -1.0000 4.0000 -49.0000
v 1.0000 4.0000 -49.0000
v -1.0000 4.0000 -51.0000
v 1.0000 4.0000 -51.0000
f 789 791 787 785
f 786 788 792 790
f 785 786 790 789
f 791 792 788 787
f 787 788 786 785
f 789 790 792 791
o STATION_FORTRESS_T01R_Deck-col
usemtl Deck
v 4.4000 -0.3000 -51.4000
v 4.4000 -0.3000 -48.6000
v 10.4000 -0.3000 -51.4000
v 10.4000 -0.3000 -48.6000
v 4.4000 0.0000 -51.4000
v 4.4000 0.0000 -48.6000
v 10.4000 0.0000 -51.4000
v 10.4000 0.0000 -48.6000
f 797 799 795 793
f 794 796 800 798
f 793 794 798 797
f 799 800 796 795
f 795 796 794 793
f 797 798 800 799
o STATION_FORTRESS_T01R_Hull-col
usemtl Hull
v 4.4000 3.2000 -51.8000
v 4.4000 3.2000 -48.2000
v 10.4000 3.2000 -51.8000
v 10.4000 3.2000 -48.2000
v 4.4000 3.6000 -51.8000
v 4.4000 3.6000 -48.2000
v 10.4000 3.6000 -51.8000
v 10.4000 3.6000 -48.2000
v 4.4000 -0.7000 -51.8000
v 4.4000 -0.7000 -48.2000
v 10.4000 -0.7000 -51.8000
v 10.4000 -0.7000 -48.2000
v 4.4000 -0.3000 -51.8000
v 4.4000 -0.3000 -48.2000
v 10.4000 -0.3000 -51.8000
v 10.4000 -0.3000 -48.2000
v 4.4000 -0.3000 -51.8000
v 4.4000 -0.3000 -51.4000
v 5.4000 -0.3000 -51.8000
v 5.4000 -0.3000 -51.4000
v 4.4000 3.2000 -51.8000
v 4.4000 3.2000 -51.4000
v 5.4000 3.2000 -51.8000
v 5.4000 3.2000 -51.4000
v 5.4000 -0.3000 -51.8000
v 5.4000 -0.3000 -51.4000
v 9.4000 -0.3000 -51.8000
v 9.4000 -0.3000 -51.4000
v 5.4000 1.2000 -51.8000
v 5.4000 1.2000 -51.4000
v 9.4000 1.2000 -51.8000
v 9.4000 1.2000 -51.4000
v 5.4000 2.4000 -51.8000
v 5.4000 2.4000 -51.4000
v 9.4000 2.4000 -51.8000
v 9.4000 2.4000 -51.4000
v 5.4000 3.2000 -51.8000
v 5.4000 3.2000 -51.4000
v 9.4000 3.2000 -51.8000
v 9.4000 3.2000 -51.4000
v 9.4000 -0.3000 -51.8000
v 9.4000 -0.3000 -51.4000
v 10.4000 -0.3000 -51.8000
v 10.4000 -0.3000 -51.4000
v 9.4000 3.2000 -51.8000
v 9.4000 3.2000 -51.4000
v 10.4000 3.2000 -51.8000
v 10.4000 3.2000 -51.4000
v 4.4000 -0.3000 -48.6000
v 4.4000 -0.3000 -48.2000
v 5.4000 -0.3000 -48.6000
v 5.4000 -0.3000 -48.2000
v 4.4000 3.2000 -48.6000
v 4.4000 3.2000 -48.2000
v 5.4000 3.2000 -48.6000
v 5.4000 3.2000 -48.2000
v 5.4000 -0.3000 -48.6000
v 5.4000 -0.3000 -48.2000
v 9.4000 -0.3000 -48.6000
v 9.4000 -0.3000 -48.2000
v 5.4000 1.2000 -48.6000
v 5.4000 1.2000 -48.2000
v 9.4000 1.2000 -48.6000
v 9.4000 1.2000 -48.2000
v 5.4000 2.4000 -48.6000
v 5.4000 2.4000 -48.2000
v 9.4000 2.4000 -48.6000
v 9.4000 2.4000 -48.2000
v 5.4000 3.2000 -48.6000
v 5.4000 3.2000 -48.2000
v 9.4000 3.2000 -48.6000
v 9.4000 3.2000 -48.2000
v 9.4000 -0.3000 -48.6000
v 9.4000 -0.3000 -48.2000
v 10.4000 -0.3000 -48.6000
v 10.4000 -0.3000 -48.2000
v 9.4000 3.2000 -48.6000
v 9.4000 3.2000 -48.2000
v 10.4000 3.2000 -48.6000
v 10.4000 3.2000 -48.2000
f 805 807 803 801
f 802 804 808 806
f 801 802 806 805
f 807 808 804 803
f 803 804 802 801
f 805 806 808 807
f 813 815 811 809
f 810 812 816 814
f 809 810 814 813
f 815 816 812 811
f 811 812 810 809
f 813 814 816 815
f 821 823 819 817
f 818 820 824 822
f 817 818 822 821
f 823 824 820 819
f 819 820 818 817
f 821 822 824 823
f 829 831 827 825
f 826 828 832 830
f 825 826 830 829
f 831 832 828 827
f 827 828 826 825
f 829 830 832 831
f 837 839 835 833
f 834 836 840 838
f 833 834 838 837
f 839 840 836 835
f 835 836 834 833
f 837 838 840 839
f 845 847 843 841
f 842 844 848 846
f 841 842 846 845
f 847 848 844 843
f 843 844 842 841
f 845 846 848 847
f 853 855 851 849
f 850 852 856 854
f 849 850 854 853
f 855 856 852 851
f 851 852 850 849
f 853 854 856 855
f 861 863 859 857
f 858 860 864 862
f 857 858 862 861
f 863 864 860 859
f 859 860 858 857
f 861 862 864 863
f 869 871 867 865
f 866 868 872 870
f 865 866 870 869
f 871 872 868 867
f 867 868 866 865
f 869 870 872 871
f 877 879 875 873
f 874 876 880 878
f 873 874 878 877
f 879 880 876 875
f 875 876 874 873
f 877 878 880 879
o STATION_FORTRESS_T01R_Lights
usemtl Lights
v 4.9000 3.1200 -50.3000
v 4.9000 3.1200 -49.7000
v 9.9000 3.1200 -50.3000
v 9.9000 3.1200 -49.7000
v 4.9000 3.2000 -50.3000
v 4.9000 3.2000 -49.7000
v 9.9000 3.2000 -50.3000
v 9.9000 3.2000 -49.7000
f 885 887 883 881
f 882 884 888 886
f 881 882 886 885
f 887 888 884 883
f 883 884 882 881
f 885 886 888 887
o STATION_FORTRESS_T01R_Glass-col
usemtl Glass
v 5.4000 1.2000 -51.6000
v 5.4000 1.2000 -51.5500
v 9.4000 1.2000 -51.6000
v 9.4000 1.2000 -51.5500
v 5.4000 2.4000 -51.6000
v 5.4000 2.4000 -51.5500
v 9.4000 2.4000 -51.6000
v 9.4000 2.4000 -51.5500
v 5.4000 1.2000 -48.4500
v 5.4000 1.2000 -48.4000
v 9.4000 1.2000 -48.4500
v 9.4000 1.2000 -48.4000
v 5.4000 2.4000 -48.4500
v 5.4000 2.4000 -48.4000
v 9.4000 2.4000 -48.4500
v 9.4000 2.4000 -48.4000
f 893 895 891 889
f 890 892 896 894
f 889 890 894 893
f 895 896 892 891
f 891 892 890 889
f 893 894 896 895
f 901 903 899 897
f 898 900 904 902
f 897 898 902 901
f 903 904 900 899
f 899 900 898 897
f 901 902 904 903
o STATION_FORTRESS_M02RCT_Deck-col
usemtl Deck
v 10.8000 -0.3000 -58.5000
v 10.8000 -0.3000 -41.5000
v 30.8000 -0.3000 -58.5000
v 30.8000 -0.3000 -41.5000
v 10.8000 0.0000 -58.5000
v 10.8000 0.0000 -41.5000
v 30.8000 0.0000 -58.5000
v 30.8000 0.0000 -41.5000
v 20.8000 3.7000 -58.5000
v 20.8000 3.7000 -41.5000
v 30.8000 3.7000 -58.5000
v 30.8000 3.7000 -41.5000
v 20.8000 4.0000 -58.5000
v 20.8000 4.0000 -41.5000
v 30.8000 4.0000 -58.5000
v 30.8000 4.0000 -41.5000
f 909 911 907 905
f 906 908 912 910
f 905 906 910 909
f 911 912 908 907
f 907 908 906 905
f 909 910 912 911
f 917 919 915 913
f 914 916 920 918
f 913 914 918 917
f 919 920 916 915
f 915 916 914 913
f 917 918 920 919
o STATION_FORTRESS_M02RCT_Hull-col
usemtl Hull
v 10.4000 8.0000 -59.0000
v 10.4000 8.0000 -41.0000
v 31.2000 8.0000 -59.0000
v 31.2000 8.0000 -41.0000
v 10.4000 8.4000 -59.0000
v 10.4000 8.4000 -41.0000
v 31.2000 8.4000 -59.0000
v 31.2000 8.4000 -41.0000
v 10.4000 -0.7000 -59.0000
v 10.4000 -0.7000 -41.0000
v 31.2000 -0.7000 -59.0000
v 31.2000 -0.7000 -41.0000
v 10.4000 -0.3000 -59.0000
v 10.4000 -0.3000 -41.0000
v 31.2000 -0.3000 -59.0000
v 31.2000 -0.3000 -41.0000
v 10.8000 -0.3000 -59.0000
v 10.8000 -0.3000 -58.5000
v 14.8000 -0.3000 -59.0000
v 14.8000 -0.3000 -58.5000
v 10.8000 8.0000 -59.0000
v 10.8000 8.0000 -58.5000
v 14.8000 8.0000 -59.0000
v 14.8000 8.0000 -58.5000
v 14.8000 -0.3000 -59.0000
v 14.8000 -0.3000 -58.5000
v 16.8000 -0.3000 -59.0000
v 16.8000 -0.3000 -58.5000
v 14.8000 0.0000 -59.0000
v 14.8000 0.0000 -58.5000
v 16.8000 0.0000 -59.0000
v 16.8000 0.0000 -58.5000
v 14.8000 2.6000 -59.0000
v 14.8000 2.6000 -58.5000
v 16.8000 2.6000 -59.0000
v 16.8000 2.6000 -58.5000
v 14.8000 8.0000 -59.0000
v 14.8000 8.0000 -58.5000
v 16.8000 8.0000 -59.0000
v 16.8000 8.0000 -58.5000
v 16.8000 -0.3000 -59.0000
v 16.8000 -0.3000 -58.5000
v 30.8000 -0.3000 -59.0000
v 30.8000 -0.3000 -58.5000
v 16.8000 8.0000 -59.0000
v 16.8000 8.0000 -58.5000
v 30.8000 8.0000 -59.0000
v 30.8000 8.0000 -58.5000
v 10.8000 -0.3000 -41.5000
v 10.8000 -0.3000 -41.0000
v 14.8000 -0.3000 -41.5000
v 14.8000 -0.3000 -41.0000
v 10.8000 8.0000 -41.5000
v 10.8000 8.0000 -41.0000
v 14.8000 8.0000 -41.5000
v 14.8000 8.0000 -41.0000
v 14.8000 -0.3000 -41.5000
v 14.8000 -0.3000 -41.0000
v 16.8000 -0.3000 -41.5000
v 16.8000 -0.3000 -41.0000
v 14.8000 0.0000 -41.5000
v 14.8000 0.0000 -41.0000
v 16.8000 0.0000 -41.5000
v 16.8000 0.0000 -41.0000
v 14.8000 2.6000 -41.5000
v 14.8000 2.6000 -41.0000
v 16.8000 2.6000 -41.5000
v 16.8000 2.6000 -41.0000
v 14.8000 8.0000 -41.5000
v 14.8000 8.0000 -41.0000
v 16.8000 8.0000 -41.5000
v 16.8000 8.0000 -41.0000
v 16.8000 -0.3000 -41.5000
v 16.8000 -0.3000 -41.0000
v 30.8000 -0.3000 -41.5000
v 30.8000 -0.3000 -41.0000
v 16.8000 8.0000 -41.5000
v 16.8000 8.0000 -41.0000
v 30.8000 8.0000 -41.5000
v 30.8000 8.0000 -41.0000
v 10.4000 -0.3000 -59.0000
v 10.4000 -0.3000 -50.9000
v 10.8000 -0.3000 -59.0000
v 10.8000 -0.3000 -50.9000
v 10.4000 8.0000 -59.0000
v 10.4000 8.0000 -50.9000
v 10.8000 8.0000 -59.0000
v 10.8000 8.0000 -50.9000
v 10.4000 -0.3000 -50.9000
v 10.4000 -0.3000 -49.1000
v 10.8000 -0.3000 -50.9000
v 10.8000 -0.3000 -49.1000
v 10.4000 0.0000 -50.9000
v 10.4000 0.0000 -49.1000
v 10.8000 0.0000 -50.9000
v 10.8000 0.0000 -49.1000
v 10.4000 2.8000 -50.9000
v 10.4000 2.8000 -49.1000
v 10.8000 2.8000 -50.9000
v 10.8000 2.8000 -49.1000
v 10.4000 8.0000 -50.9000
v 10.4000 8.0000 -49.1000
v 10.8000 8.0000 -50.9000
v 10.8000 8.0000 -49.1000
v 10.4000 -0.3000 -49.1000
v 10.4000 -0.3000 -41.0000
v 10.8000 -0.3000 -49.1000
v 10.8000 -0.3000 -41.0000
v 10.4000 8.0000 -49.1000
v 10.4000 8.0000 -41.0000
v 10.8000 8.0000 -49.1000
v 10.8000 8.0000 -41.0000
v 30.8000 -0.3000 -59.0000
v 30.8000 -0.3000 -50.9000
v 31.2000 -0.3000 -59.0000
v 31.2000 -0.3000 -50.9000
v 30.8000 8.0000 -59.0000
v 30.8000 8.0000 -50.9000
v 31.2000 8.0000 -59.0000
v 31.2000 8.0000 -50.9000
v 30.8000 -0.3000 -50.9000
v 30.8000 -0.3000 -49.1000
v 31.2000 -0.3000 -50.9000
v 31.2000 -0.3000 -49.1000
v 30.8000 0.0000 -50.9000
v 30.8000 0.0000 -49.1000
v 31.2000 0.0000 -50.9000
v 31.2000 0.0000 -49.1000
v 30.8000 2.8000 -50.9000
v 30.8000 2.8000 -49.1000
v 31.2000 2.8000 -50.9000
v 31.2000 2.8000 -49.1000
v 30.8000 8.0000 -50.9000
v 30.8000 8.0000 -49.1000
v 31.2000 8.0000 -50.9000
v 31.2000 8.0000 -49.1000
v 30.8000 -0.3000 -49.1000
v 30.8000 -0.3000 -41.0000
v 31.2000 -0.3000 -49.1000
v 31.2000 -0.3000 -41.0000
v 30.8000 8.0000 -49.1000
v 30.8000 8.0000 -41.0000
v 31.2000 8.0000 -49.1000
v 31.2000 8.0000 -41.0000
f 925 927 923 921
f 922 924 928 926
f 921 922 926 925
f 927 928 924 923
f 923 924 922 921
f 925 926 928 927
f 933 935 931 929
f 930 932 936 934
f 929 930 934 933
f 935 936 932 931
f 931 932 930 929
f 933 934 936 935
f 941 943 939 937
f 938 940 944 942
f 937 938 942 941
f 943 944 940 939
f 939 940 938 937
f 941 942 944 943
f 949 951 947 945
f 946 948 952 950
f 945 946 950 949
f 951 952 948 947
f 947 948 946 945
f 949 950 952 951
f 957 959 955 953
f 954 956 960 958
f 953 954 958 957
f 959 960 956 955
f 955 956 954 953
f 957 958 960 959
f 965 967 963 961
f 962 964 968 966
f 961 962 966 965
f 967 968 964 963
f 963 964 962 961
f 965 966 968 967
f 973 975 971 969
f 970 972 976 974
f 969 970 974 973
f 975 976 972 971
f 971 972 970 969
f 973 974 976 975
f 981 983 979 977
f 978 980 984 982
f 977 978 982 981
f 983 984 980 979
f 979 980 978 977
f 981 982 984 983
f 989 991 987 985
f 986 988 992 990
f 985 986 990 989
f 991 992 988 987
f 987 988 986 985
f 989 990 992 991
f 997 999 995 993
f 994 996 1000 998
f 993 994 998 997
f 999 1000 996 995
f 995 996 994 993
f 997 998 1000 999
f 1005 1007 1003 1001
f 1002 1004 1008 1006
f 1001 1002 1006 1005
f 1007 1008 1004 1003
f 1003 1004 1002 1001
f 1005 1006 1008 1007
f 1013 1015 1011 1009
f 1010 1012 1016 1014
f 1009 1010 1014 1013
f 1015 1016 1012 1011
f 1011 1012 1010 1009
f 1013 1014 1016 1015
f 1021 1023 1019 1017
f 1018 1020 1024 1022
f 1017 1018 1022 1021
f 1023 1024 1020 1019
f 1019 1020 1018 1017
f 1021 1022 1024 1023
f 1029 1031 1027 1025
f 1026 1028 1032 1030
f 1025 1026 1030 1029
f 1031 1032 1028 1027
f 1027 1028 1026 1025
f 1029 1030 1032 1031
f 1037 1039 1035 1033
f 1034 1036 1040 1038
f 1033 1034 1038 1037
f 1039 1040 1036 1035
f 1035 1036 1034 1033
f 1037 1038 1040 1039
f 1045 1047 1043 1041
f 1042 1044 1048 1046
f 1041 1042 1046 1045
f 1047 1048 1044 1043
f 1043 1044 1042 1041
f 1045 1046 1048 1047
f 1053 1055 1051 1049
f 1050 1052 1056 1054
f 1049 1050 1054 1053
f 1055 1056 1052 1051
f 1051 1052 1050 1049
f 1053 1054 1056 1055
f 1061 1063 1059 1057
f 1058 1060 1064 1062
f 1057 1058 1062 1061
f 1063 1064 1060 1059
f 1059 1060 1058 1057
f 1061 1062 1064 1063
o STATION_FORTRESS_M02RCT_Interior-col
usemtl Interior
v 20.7000 0.0000 -58.5000
v 20.7000 0.0000 -51.2000
v 20.9000 0.0000 -58.5000
v 20.9000 0.0000 -51.2000
v 20.7000 4.0000 -58.5000
v 20.7000 4.0000 -51.2000
v 20.9000 4.0000 -58.5000
v 20.9000 4.0000 -51.2000
v 20.7000 3.0000 -51.2000
v 20.7000 3.0000 -48.8000
v 20.9000 3.0000 -51.2000
v 20.9000 3.0000 -48.8000
v 20.7000 4.0000 -51.2000
v 20.7000 4.0000 -48.8000
v 20.9000 4.0000 -51.2000
v 20.9000 4.0000 -48.8000
v 20.7000 0.0000 -48.8000
v 20.7000 0.0000 -41.5000
v 20.9000 0.0000 -48.8000
v 20.9000 0.0000 -41.5000
v 20.7000 4.0000 -48.8000
v 20.7000 4.0000 -41.5000
v 20.9000 4.0000 -48.8000
v 20.9000 4.0000 -41.5000
v 20.8000 0.0000 -51.4000
v 20.8000 0.0000 -51.2000
v 25.0000 0.0000 -51.4000
v 25.0000 0.0000 -51.2000
v 20.8000 4.0000 -51.4000
v 20.8000 4.0000 -51.2000
v 25.0000 4.0000 -51.4000
v 25.0000 4.0000 -51.2000
v 25.0000 2.6000 -51.4000
v 25.0000 2.6000 -51.2000
v 26.6000 2.6000 -51.4000
v 26.6000 2.6000 -51.2000
v 25.0000 4.0000 -51.4000
v 25.0000 4.0000 -51.2000
v 26.6000 4.0000 -51.4000
v 26.6000 4.0000 -51.2000
v 26.6000 0.0000 -51.4000
v 26.6000 0.0000 -51.2000
v 30.8000 0.0000 -51.4000
v 30.8000 0.0000 -51.2000
v 26.6000 4.0000 -51.4000
v 26.6000 4.0000 -51.2000
v 30.8000 4.0000 -51.4000
v 30.8000 4.0000 -51.2000
v 20.8000 0.0000 -48.8000
v 20.8000 0.0000 -48.6000
v 25.0000 0.0000 -48.8000
v 25.0000 0.0000 -48.6000
v 20.8000 4.0000 -48.8000
v 20.8000 4.0000 -48.6000
v 25.0000 4.0000 -48.8000
v 25.0000 4.0000 -48.6000
v 25.0000 2.6000 -48.8000
v 25.0000 2.6000 -48.6000
v 26.6000 2.6000 -48.8000
v 26.6000 2.6000 -48.6000
v 25.0000 4.0000 -48.8000
v 25.0000 4.0000 -48.6000
v 26.6000 4.0000 -48.8000
v 26.6000 4.0000 -48.6000
v 26.6000 0.0000 -48.8000
v 26.6000 0.0000 -48.6000
v 30.8000 0.0000 -48.8000
v 30.8000 0.0000 -48.6000
v 26.6000 4.0000 -48.8000
v 26.6000 4.0000 -48.6000
v 30.8000 4.0000 -48.8000
v 30.8000 4.0000 -48.6000
f 1069 1071 1067 1065
f 1066 1068 1072 1070
f 1065 1066 1070 1069
f 1071 1072 1068 1067
f 1067 1068 1066 1065
f 1069 1070 1072 1071
f 1077 1079 1075 1073
f 1074 1076 1080 1078
f 1073 1074 1078 1077
f 1079 1080 1076 1075
f 1075 1076 1074 1073
f 1077 1078 1080 1079
f 1085 1087 1083 1081
f 1082 1084 1088 1086
f 1081 1082 1086 1085
f 1087 1088 1084 1083
f 1083 1084 1082 1081
f 1085 1086 1088 1087
f 1093 1095 1091 1089
f 1090 1092 1096 1094
f 1089 1090 1094 1093
f 1095 1096 1092 1091
f 1091 1092 1090 1089
f 1093 1094 1096 1095
f 1101 1103 1099 1097
f 1098 1100 1104 1102
f 1097 1098 1102 1101
f 1103 1104 1100 1099
f 1099 1100 1098 1097
f 1101 1102 1104 1103
f 1109 1111 1107 1105
f 1106 1108 1112 1110
f 1105 1106 1110 1109
f 1111 1112 1108 1107
f 1107 1108 1106 1105
f 1109 1110 1112 1111
f 1117 1119 1115 1113
f 1114 1116 1120 1118
f 1113 1114 1118 1117
f 1119 1120 1116 1115
f 1115 1116 1114 1113
f 1117 1118 1120 1119
f 1125 1127 1123 1121
f 1122 1124 1128 1126
f 1121 1122 1126 1125
f 1127 1128 1124 1123
f 1123 1124 1122 1121
f 1125 1126 1128 1127
f 1133 1135 1131 1129
f 1130 1132 1136 1134
f 1129 1130 1134 1133
f 1135 1136 1132 1131
f 1131 1132 1130 1129
f 1133 1134 1136 1135
o STATION_FORTRESS_M02RCT_Furniture-col
usemtl Furniture
v 21.4000 0.0000 -42.3000
v 21.4000 0.0000 -41.6000
v 30.2000 0.0000 -42.3000
v 30.2000 0.0000 -41.6000
v 21.4000 1.1000 -42.3000
v 21.4000 1.1000 -41.6000
v 30.2000 1.1000 -42.3000
v 30.2000 1.1000 -41.6000
v 21.4000 0.0000 -58.4000
v 21.4000 0.0000 -57.9000
v 23.8000 0.0000 -58.4000
v 23.8000 0.0000 -57.9000
v 21.4000 2.0000 -58.4000
v 21.4000 2.0000 -57.9000
v 23.8000 2.0000 -58.4000
v 23.8000 2.0000 -57.9000
v 25.2000 0.0000 -54.0000
v 25.2000 0.0000 -52.6000
v 26.4000 0.0000 -54.0000
v 26.4000 0.0000 -52.6000
v 25.2000 0.7500 -54.0000
v 25.2000 0.7500 -52.6000
v 26.4000 0.7500 -54.0000
v 26.4000 0.7500 -52.6000
v 21.2000 0.0000 -49.1500
v 21.2000 0.0000 -48.8000
v 22.4000 0.0000 -49.1500
v 22.4000 0.0000 -48.8000
v 21.2000 2.0000 -49.1500
v 21.2000 2.0000 -48.8000
v 22.4000 2.0000 -49.1500
v 22.4000 2.0000 -48.8000
v 13.0000 0.6000 -58.4500
v 13.0000 0.6000 -58.0500
v 14.0000 0.6000 -58.4500
v 14.0000 0.6000 -58.0500
v 13.0000 2.0000 -58.4500
v 13.0000 2.0000 -58.0500
v 14.0000 2.0000 -58.4500
v 14.0000 2.0000 -58.0500
v 15.3000 0.6000 -41.9500
v 15.3000 0.6000 -41.5500
v 16.3000 0.6000 -41.9500
v 16.3000 0.6000 -41.5500
v 15.3000 2.0000 -41.9500
v 15.3000 2.0000 -41.5500
v 16.3000 2.0000 -41.9500
v 16.3000 2.0000 -41.5500
v 17.6000 0.6000 -58.4500
v 17.6000 0.6000 -58.0500
v 18.6000 0.6000 -58.4500
v 18.6000 0.6000 -58.0500
v 17.6000 2.0000 -58.4500
v 17.6000 2.0000 -58.0500
v 18.6000 2.0000 -58.4500
v 18.6000 2.0000 -58.0500
f 1141 1143 1139 1137
f 1138 1140 1144 1142
f 1137 1138 1142 1141
f 1143 1144 1140 1139
f 1139 1140 1138 1137
f 1141 1142 1144 1143
f 1149 1151 1147 1145
f 1146 1148 1152 1150
f 1145 1146 1150 1149
f 1151 1152 1148 1147
f 1147 1148 1146 1145
f 1149 1150 1152 1151
f 1157 1159 1155 1153
f 1154 1156 1160 1158
f 1153 1154 1158 1157
f 1159 1160 1156 1155
f 1155 1156 1154 1153
f 1157 1158 1160 1159
f 1165 1167 1163 1161
f 1162 1164 1168 1166
f 1161 1162 1166 1165
f 1167 1168 1164 1163
f 1163 1164 1162 1161
f 1165 1166 1168 1167
f 1173 1175 1171 1169
f 1170 1172 1176 1174
f 1169 1170 1174 1173
f 1175 1176 1172 1171
f 1171 1172 1170 1169
f 1173 1174 1176 1175
f 1181 1183 1179 1177
f 1178 1180 1184 1182
f 1177 1178 1182 1181
f 1183 1184 1180 1179
f 1179 1180 1178 1177
f 1181 1182 1184 1183
f 1189 1191 1187 1185
f 1186 1188 1192 1190
f 1185 1186 1190 1189
f 1191 1192 1188 1187
f 1187 1188 1186 1185
f 1189 1190 1192 1191
o STATION_FORTRESS_M02RCT_Cover-col
usemtl Cover
v 13.0000 0.0000 -53.6000
v 13.0000 0.0000 -52.6000
v 14.0000 0.0000 -53.6000
v 14.0000 0.0000 -52.6000
v 13.0000 1.1000 -53.6000
v 13.0000 1.1000 -52.6000
v 14.0000 1.1000 -53.6000
v 14.0000 1.1000 -52.6000
v 17.6000 0.0000 -53.6000
v 17.6000 0.0000 -52.6000
v 18.6000 0.0000 -53.6000
v 18.6000 0.0000 -52.6000
v 17.6000 1.1000 -53.6000
v 17.6000 1.1000 -52.6000
v 18.6000 1.1000 -53.6000
v 18.6000 1.1000 -52.6000
f 1197 1199 1195 1193
f 1194 1196 1200 1198
f 1193 1194 1198 1197
f 1199 1200 1196 1195
f 1195 1196 1194 1193
f 1197 1198 1200 1199
f 1205 1207 1203 1201
f 1202 1204 1208 1206
f 1201 1202 1206 1205
f 1207 1208 1204 1203
f 1203 1204 1202 1201
f 1205 1206 1208 1207
o STATION_FORTRESS_M02RCT_Hazard
usemtl Hazard
v 14.5000 0.0000 -59.1200
v 14.5000 0.0000 -59.0000
v 14.8000 0.0000 -59.1200
v 14.8000 0.0000 -59.0000
v 14.5000 2.9000 -59.1200
v 14.5000 2.9000 -59.0000
v 14.8000 2.9000 -59.1200
v 14.8000 2.9000 -59.0000
v 16.8000 0.0000 -59.1200
v 16.8000 0.0000 -59.0000
v 17.1000 0.0000 -59.1200
v 17.1000 0.0000 -59.0000
v 16.8000 2.9000 -59.1200
v 16.8000 2.9000 -59.0000
v 17.1000 2.9000 -59.1200
v 17.1000 2.9000 -59.0000
v 14.5000 0.0000 -41.0000
v 14.5000 0.0000 -40.8800
v 14.8000 0.0000 -41.0000
v 14.8000 0.0000 -40.8800
v 14.5000 2.9000 -41.0000
v 14.5000 2.9000 -40.8800
v 14.8000 2.9000 -41.0000
v 14.8000 2.9000 -40.8800
v 16.8000 0.0000 -41.0000
v 16.8000 0.0000 -40.8800
v 17.1000 0.0000 -41.0000
v 17.1000 0.0000 -40.8800
v 16.8000 2.9000 -41.0000
v 16.8000 2.9000 -40.8800
v 17.1000 2.9000 -41.0000
v 17.1000 2.9000 -40.8800
v 31.2000 2.8000 -51.2000
v 31.2000 2.8000 -48.8000
v 31.2400 2.8000 -51.2000
v 31.2400 2.8000 -48.8000
v 31.2000 3.0000 -51.2000
v 31.2000 3.0000 -48.8000
v 31.2400 3.0000 -51.2000
v 31.2400 3.0000 -48.8000
v 13.0000 1.8000 -58.0500
v 13.0000 1.8000 -58.0300
v 14.0000 1.8000 -58.0500
v 14.0000 1.8000 -58.0300
v 13.0000 2.0000 -58.0500
v 13.0000 2.0000 -58.0300
v 14.0000 2.0000 -58.0500
v 14.0000 2.0000 -58.0300
v 15.3000 1.8000 -41.9700
v 15.3000 1.8000 -41.9500
v 16.3000 1.8000 -41.9700
v 16.3000 1.8000 -41.9500
v 15.3000 2.0000 -41.9700
v 15.3000 2.0000 -41.9500
v 16.3000 2.0000 -41.9700
v 16.3000 2.0000 -41.9500
v 17.6000 1.8000 -58.0500
v 17.6000 1.8000 -58.0300
v 18.6000 1.8000 -58.0500
v 18.6000 1.8000 -58.0300
v 17.6000 2.0000 -58.0500
v 17.6000 2.0000 -58.0300
v 18.6000 2.0000 -58.0500
v 18.6000 2.0000 -58.0300
f 1213 1215 1211 1209
f 1210 1212 1216 1214
f 1209 1210 1214 1213
f 1215 1216 1212 1211
f 1211 1212 1210 1209
f 1213 1214 1216 1215
f 1221 1223 1219 1217
f 1218 1220 1224 1222
f 1217 1218 1222 1221
f 1223 1224 1220 1219
f 1219 1220 1218 1217
f 1221 1222 1224 1223
f 1229 1231 1227 1225
f 1226 1228 1232 1230
f 1225 1226 1230 1229
f 1231 1232 1228 1227
f 1227 1228 1226 1225
f 1229 1230 1232 1231
f 1237 1239 1235 1233
f 1234 1236 1240 1238
f 1233 1234 1238 1237
f 1239 1240 1236 1235
f 1235 1236 1234 1233
f 1237 1238 1240 1239
f 1245 1247 1243 1241
f 1242 1244 1248 1246
f 1241 1242 1246 1245
f 1247 1248 1244 1243
f 1243 1244 1242 1241
f 1245 1246 1248 1247
f 1253 1255 1251 1249
f 1250 1252 1256 1254
f 1249 1250 1254 1253
f 1255 1256 1252 1251
f 1251 1252 1250 1249
f 1253 1254 1256 1255
f 1261 1263 1259 1257
f 1258 1260 1264 1262
f 1257 1258 1262 1261
f 1263 1264 1260 1259
f 1259 1260 1258 1257
f 1261 1262 1264 1263
f 1269 1271 1267 1265
f 1266 1268 1272 1270
f 1265 1266 1270 1269
f 1271 1272 1268 1267
f 1267 1268 1266 1265
f 1269 1270 1272 1271
o STATION_FORTRESS_M02RCT_Lights
usemtl Lights
v 21.6000 0.8000 -42.3200
v 21.6000 0.8000 -42.3000
v 30.0000 0.8000 -42.3200
v 30.0000 0.8000 -42.3000
v 21.6000 1.0500 -42.3200
v 21.6000 1.0500 -42.3000
v 30.0000 1.0500 -42.3200
v 30.0000 1.0500 -42.3000
v 25.1000 1.0000 -47.3000
v 25.1000 1.0000 -46.3000
v 26.5000 1.0000 -47.3000
v 26.5000 1.0000 -46.3000
v 25.1000 1.0300 -47.3000
v 25.1000 1.0300 -46.3000
v 26.5000 1.0300 -47.3000
v 26.5000 1.0300 -46.3000
v 21.3000 3.6200 -50.3000
v 21.3000 3.6200 -49.7000
v 30.3000 3.6200 -50.3000
v 30.3000 3.6200 -49.7000
v 21.3000 3.7000 -50.3000
v 21.3000 3.7000 -49.7000
v 30.3000 3.7000 -50.3000
v 30.3000 3.7000 -49.7000
v 11.7000 7.8800 -50.4000
v 11.7000 7.8800 -49.6000
v 19.9000 7.8800 -50.4000
v 19.9000 7.8800 -49.6000
v 11.7000 7.9600 -50.4000
v 11.7000 7.9600 -49.6000
v 19.9000 7.9600 -50.4000
v 19.9000 7.9600 -49.6000
f 1277 1279 1275 1273
f 1274 1276 1280 1278
f 1273 1274 1278 1277
f 1279 1280 1276 1275
f 1275 1276 1274 1273
f 1277 1278 1280 1279
f 1285 1287 1283 1281
f 1282 1284 1288 1286
f 1281 1282 1286 1285
f 1287 1288 1284 1283
f 1283 1284 1282 1281
f 1285 1286 1288 1287
f 1293 1295 1291 1289
f 1290 1292 1296 1294
f 1289 1290 1294 1293
f 1295 1296 1292 1291
f 1291 1292 1290 1289
f 1293 1294 1296 1295
f 1301 1303 1299 1297
f 1298 1300 1304 1302
f 1297 1298 1302 1301
f 1303 1304 1300 1299
f 1299 1300 1298 1297
f 1301 1302 1304 1303
o STATION_FORTRESS_M02RCT_Trim
usemtl Trim
v 15.8000 0.8000 -43.5500
v 16.6993 0.8000 -43.7289
v 17.4617 0.8000 -44.2383
v 17.9711 0.8000 -45.0007
v 18.1500 0.8000 -45.9000
v 17.9711 0.8000 -46.7993
v 17.4617 0.8000 -47.5617
v 16.6993 0.8000 -48.0711
v 15.8000 0.8000 -48.2500
v 14.9007 0.8000 -48.0711
v 14.1383 0.8000 -47.5617
v 13.6289 0.8000 -46.7993
v 13.4500 0.8000 -45.9000
v 13.6289 0.8000 -45.0007
v 14.1383 0.8000 -44.2383
v 14.9007 0.8000 -43.7289
v 15.8000 1.0000 -43.5500
v 16.6993 1.0000 -43.7289
v 17.4617 1.0000 -44.2383
v 17.9711 1.0000 -45.0007
v 18.1500 1.0000 -45.9000
v 17.9711 1.0000 -46.7993
v 17.4617 1.0000 -47.5617
v 16.6993 1.0000 -48.0711
v 15.8000 1.0000 -48.2500
v 14.9007 1.0000 -48.0711
v 14.1383 1.0000 -47.5617
v 13.6289 1.0000 -46.7993
v 13.4500 1.0000 -45.9000
v 13.6289 1.0000 -45.0007
v 14.1383 1.0000 -44.2383
v 14.9007 1.0000 -43.7289
v 15.8000 2.4000 -43.5500
v 16.6993 2.4000 -43.7289
v 17.4617 2.4000 -44.2383
v 17.9711 2.4000 -45.0007
v 18.1500 2.4000 -45.9000
v 17.9711 2.4000 -46.7993
v 17.4617 2.4000 -47.5617
v 16.6993 2.4000 -48.0711
v 15.8000 2.4000 -48.2500
v 14.9007 2.4000 -48.0711
v 14.1383 2.4000 -47.5617
v 13.6289 2.4000 -46.7993
v 13.4500 2.4000 -45.9000
v 13.6289 2.4000 -45.0007
v 14.1383 2.4000 -44.2383
v 14.9007 2.4000 -43.7289
v 15.8000 2.6000 -43.5500
v 16.6993 2.6000 -43.7289
v 17.4617 2.6000 -44.2383
v 17.9711 2.6000 -45.0007
v 18.1500 2.6000 -45.9000
v 17.9711 2.6000 -46.7993
v 17.4617 2.6000 -47.5617
v 16.6993 2.6000 -48.0711
v 15.8000 2.6000 -48.2500
v 14.9007 2.6000 -48.0711
v 14.1383 2.6000 -47.5617
v 13.6289 2.6000 -46.7993
v 13.4500 2.6000 -45.9000
v 13.6289 2.6000 -45.0007
v 14.1383 2.6000 -44.2383
v 14.9007 2.6000 -43.7289
v 15.8000 4.0000 -43.5500
v 16.6993 4.0000 -43.7289
v 17.4617 4.0000 -44.2383
v 17.9711 4.0000 -45.0007
v 18.1500 4.0000 -45.9000
v 17.9711 4.0000 -46.7993
v 17.4617 4.0000 -47.5617
v 16.6993 4.0000 -48.0711
v 15.8000 4.0000 -48.2500
v 14.9007 4.0000 -48.0711
v 14.1383 4.0000 -47.5617
v 13.6289 4.0000 -46.7993
v 13.4500 4.0000 -45.9000
v 13.6289 4.0000 -45.0007
v 14.1383 4.0000 -44.2383
v 14.9007 4.0000 -43.7289
v 15.8000 4.2000 -43.5500
v 16.6993 4.2000 -43.7289
v 17.4617 4.2000 -44.2383
v 17.9711 4.2000 -45.0007
v 18.1500 4.2000 -45.9000
v 17.9711 4.2000 -46.7993
v 17.4617 4.2000 -47.5617
v 16.6993 4.2000 -48.0711
v 15.8000 4.2000 -48.2500
v 14.9007 4.2000 -48.0711
v 14.1383 4.2000 -47.5617
v 13.6289 4.2000 -46.7993
v 13.4500 4.2000 -45.9000
v 13.6289 4.2000 -45.0007
v 14.1383 4.2000 -44.2383
v 14.9007 4.2000 -43.7289
f 1305 1306 1322 1321
f 1306 1307 1323 1322
f 1307 1308 1324 1323
f 1308 1309 1325 1324
f 1309 1310 1326 1325
f 1310 1311 1327 1326
f 1311 1312 1328 1327
f 1312 1313 1329 1328
f 1313 1314 1330 1329
f 1314 1315 1331 1330
f 1315 1316 1332 1331
f 1316 1317 1333 1332
f 1317 1318 1334 1333
f 1318 1319 1335 1334
f 1319 1320 1336 1335
f 1320 1305 1321 1336
f 1320 1319 1318 1317 1316 1315 1314 1313 1312 1311 1310 1309 1308 1307 1306 1305
f 1321 1322 1323 1324 1325 1326 1327 1328 1329 1330 1331 1332 1333 1334 1335 1336
f 1337 1338 1354 1353
f 1338 1339 1355 1354
f 1339 1340 1356 1355
f 1340 1341 1357 1356
f 1341 1342 1358 1357
f 1342 1343 1359 1358
f 1343 1344 1360 1359
f 1344 1345 1361 1360
f 1345 1346 1362 1361
f 1346 1347 1363 1362
f 1347 1348 1364 1363
f 1348 1349 1365 1364
f 1349 1350 1366 1365
f 1350 1351 1367 1366
f 1351 1352 1368 1367
f 1352 1337 1353 1368
f 1352 1351 1350 1349 1348 1347 1346 1345 1344 1343 1342 1341 1340 1339 1338 1337
f 1353 1354 1355 1356 1357 1358 1359 1360 1361 1362 1363 1364 1365 1366 1367 1368
f 1369 1370 1386 1385
f 1370 1371 1387 1386
f 1371 1372 1388 1387
f 1372 1373 1389 1388
f 1373 1374 1390 1389
f 1374 1375 1391 1390
f 1375 1376 1392 1391
f 1376 1377 1393 1392
f 1377 1378 1394 1393
f 1378 1379 1395 1394
f 1379 1380 1396 1395
f 1380 1381 1397 1396
f 1381 1382 1398 1397
f 1382 1383 1399 1398
f 1383 1384 1400 1399
f 1384 1369 1385 1400
f 1384 1383 1382 1381 1380 1379 1378 1377 1376 1375 1374 1373 1372 1371 1370 1369
f 1385 1386 1387 1388 1389 1390 1391 1392 1393 1394 1395 1396 1397 1398 1399 1400
o STATION_FORTRESS_M02RCT_Machinery-col
usemtl Engine
v 15.8000 0.0000 -43.7000
v 16.6419 0.0000 -43.8675
v 17.3556 0.0000 -44.3444
v 17.8325 0.0000 -45.0581
v 18.0000 0.0000 -45.9000
v 17.8325 0.0000 -46.7419
v 17.3556 0.0000 -47.4556
v 16.6419 0.0000 -47.9325
v 15.8000 0.0000 -48.1000
v 14.9581 0.0000 -47.9325
v 14.2444 0.0000 -47.4556
v 13.7675 0.0000 -46.7419
v 13.6000 0.0000 -45.9000
v 13.7675 0.0000 -45.0581
v 14.2444 0.0000 -44.3444
v 14.9581 0.0000 -43.8675
v 15.8000 6.0000 -43.7000
v 16.6419 6.0000 -43.8675
v 17.3556 6.0000 -44.3444
v 17.8325 6.0000 -45.0581
v 18.0000 6.0000 -45.9000
v 17.8325 6.0000 -46.7419
v 17.3556 6.0000 -47.4556
v 16.6419 6.0000 -47.9325
v 15.8000 6.0000 -48.1000
v 14.9581 6.0000 -47.9325
v 14.2444 6.0000 -47.4556
v 13.7675 6.0000 -46.7419
v 13.6000 6.0000 -45.9000
v 13.7675 6.0000 -45.0581
v 14.2444 6.0000 -44.3444
v 14.9581 6.0000 -43.8675
f 1401 1402 1418 1417
f 1402 1403 1419 1418
f 1403 1404 1420 1419
f 1404 1405 1421 1420
f 1405 1406 1422 1421
f 1406 1407 1423 1422
f 1407 1408 1424 1423
f 1408 1409 1425 1424
f 1409 1410 1426 1425
f 1410 1411 1427 1426
f 1411 1412 1428 1427
f 1412 1413 1429 1428
f 1413 1414 1430 1429
f 1414 1415 1431 1430
f 1415 1416 1432 1431
f 1416 1401 1417 1432
f 1416 1415 1414 1413 1412 1411 1410 1409 1408 1407 1406 1405 1404 1403 1402 1401
f 1417 1418 1419 1420 1421 1422 1423 1424 1425 1426 1427 1428 1429 1430 1431 1432
o STATION_FORTRESS_M02RCT_Glow
usemtl EngineGlow
v 15.8000 6.0000 -44.5800
v 16.3051 6.0000 -44.6805
v 16.7334 6.0000 -44.9666
v 17.0195 6.0000 -45.3949
v 17.1200 6.0000 -45.9000
v 17.0195 6.0000 -46.4051
v 16.7334 6.0000 -46.8334
v 16.3051 6.0000 -47.1195
v 15.8000 6.0000 -47.2200
v 15.2949 6.0000 -47.1195
v 14.8666 6.0000 -46.8334
v 14.5805 6.0000 -46.4051
v 14.4800 6.0000 -45.9000
v 14.5805 6.0000 -45.3949
v 14.8666 6.0000 -44.9666
v 15.2949 6.0000 -44.6805
v 15.8000 6.0500 -44.5800
v 16.3051 6.0500 -44.6805
v 16.7334 6.0500 -44.9666
v 17.0195 6.0500 -45.3949
v 17.1200 6.0500 -45.9000
v 17.0195 6.0500 -46.4051
v 16.7334 6.0500 -46.8334
v 16.3051 6.0500 -47.1195
v 15.8000 6.0500 -47.2200
v 15.2949 6.0500 -47.1195
v 14.8666 6.0500 -46.8334
v 14.5805 6.0500 -46.4051
v 14.4800 6.0500 -45.9000
v 14.5805 6.0500 -45.3949
v 14.8666 6.0500 -44.9666
v 15.2949 6.0500 -44.6805
f 1433 1434 1450 1449
f 1434 1435 1451 1450
f 1435 1436 1452 1451
f 1436 1437 1453 1452
f 1437 1438 1454 1453
f 1438 1439 1455 1454
f 1439 1440 1456 1455
f 1440 1441 1457 1456
f 1441 1442 1458 1457
f 1442 1443 1459 1458
f 1443 1444 1460 1459
f 1444 1445 1461 1460
f 1445 1446 1462 1461
f 1446 1447 1463 1462
f 1447 1448 1464 1463
f 1448 1433 1449 1464
f 1448 1447 1446 1445 1444 1443 1442 1441 1440 1439 1438 1437 1436 1435 1434 1433
f 1449 1450 1451 1452 1453 1454 1455 1456 1457 1458 1459 1460 1461 1462 1463 1464
o STATION_FORTRESS_M02RCT_Armor
usemtl Armor
v 15.8000 7.8000 -67.0000
v 15.8000 7.8000 -59.0000
v 25.8000 7.8000 -67.0000
v 25.8000 7.8000 -59.0000
v 15.8000 8.0000 -67.0000
v 15.8000 8.0000 -59.0000
v 25.8000 8.0000 -67.0000
v 25.8000 8.0000 -59.0000
v 15.8000 7.8000 -41.0000
v 15.8000 7.8000 -33.0000
v 25.8000 7.8000 -41.0000
v 25.8000 7.8000 -33.0000
v 15.8000 8.0000 -41.0000
v 15.8000 8.0000 -33.0000
v 25.8000 8.0000 -41.0000
v 25.8000 8.0000 -33.0000
f 1469 1471 1467 1465
f 1466 1468 1472 1470
f 1465 1466 1470 1469
f 1471 1472 1468 1467
f 1467 1468 1466 1465
f 1469 1470 1472 1471
f 1477 1479 1475 1473
f 1474 1476 1480 1478
f 1473 1474 1478 1477
f 1479 1480 1476 1475
f 1475 1476 1474 1473
f 1477 1478 1480 1479
o STATION_FORTRESS_M02RCT_AirlockPort_Door-col
usemtl Door
v 14.7500 0.0000 -58.8000
v 14.7500 0.0000 -58.7000
v 16.8500 0.0000 -58.8000
v 16.8500 0.0000 -58.7000
v 14.7500 2.6000 -58.8000
v 14.7500 2.6000 -58.7000
v 16.8500 2.6000 -58.8000
v 16.8500 2.6000 -58.7000
f 1485 1487 1483 1481
f 1482 1484 1488 1486
f 1481 1482 1486 1485
f 1487 1488 1484 1483
f 1483 1484 1482 1481
f 1485 1486 1488 1487
o STATION_FORTRESS_M02RCT_AirlockStbd_Door-col
usemtl Door
v 14.7500 0.0000 -41.3000
v 14.7500 0.0000 -41.2000
v 16.8500 0.0000 -41.3000
v 16.8500 0.0000 -41.2000
v 14.7500 2.6000 -41.3000
v 14.7500 2.6000 -41.2000
v 16.8500 2.6000 -41.3000
v 16.8500 2.6000 -41.2000
f 1493 1495 1491 1489
f 1490 1492 1496 1494
f 1489 1490 1494 1493
f 1495 1496 1492 1491
f 1491 1492 1490 1489
f 1493 1494 1496 1495
o STATION_FORTRESS_M02RCT_Connector_Back_Door-col
usemtl Door
v 10.5500 0.0000 -50.9500
v 10.5500 0.0000 -49.0500
v 10.6500 0.0000 -50.9500
v 10.6500 0.0000 -49.0500
v 10.5500 2.8000 -50.9500
v 10.5500 2.8000 -49.0500
v 10.6500 2.8000 -50.9500
v 10.6500 2.8000 -49.0500
f 1501 1503 1499 1497
f 1498 1500 1504 1502
f 1497 1498 1502 1501
f 1503 1504 1500 1499
f 1499 1500 1498 1497
f 1501 1502 1504 1503
o STATION_FORTRESS_M02RCT_Connector_Front_Door-col
usemtl Door
v 30.9500 0.0000 -50.9500
v 30.9500 0.0000 -49.0500
v 31.0500 0.0000 -50.9500
v 31.0500 0.0000 -49.0500
v 30.9500 2.8000 -50.9500
v 30.9500 2.8000 -49.0500
v 31.0500 2.8000 -50.9500
v 31.0500 2.8000 -49.0500
f 1509 1511 1507 1505
f 1506 1508 1512 1510
f 1505 1506 1510 1509
f 1511 1512 1508 1507
f 1507 1508 1506 1505
f 1509 1510 1512 1511
o STATION_FORTRESS_M02RCT_ControlConsole-col
usemtl Furniture
v 25.0000 0.0000 -47.4000
v 25.0000 0.0000 -46.2000
v 26.6000 0.0000 -47.4000
v 26.6000 0.0000 -46.2000
v 25.0000 1.0000 -47.4000
v 25.0000 1.0000 -46.2000
v 26.6000 1.0000 -47.4000
v 26.6000 1.0000 -46.2000
f 1517 1519 1515 1513
f 1514 1516 1520 1518
f 1513 1514 1518 1517
f 1519 1520 1516 1515
f 1515 1516 1514 1513
f 1517 1518 1520 1519
o STATION_FORTRESS_M02RCT_StatusLight
usemtl Lights
v 29.3000 8.4000 -50.5000
v 29.3000 8.4000 -49.5000
v 30.3000 8.4000 -50.5000
v 30.3000 8.4000 -49.5000
v 29.3000 8.7000 -50.5000
v 29.3000 8.7000 -49.5000
v 30.3000 8.7000 -50.5000
v 30.3000 8.7000 -49.5000
f 1525 1527 1523 1521
f 1522 1524 1528 1526
f 1521 1522 1526 1525
f 1527 1528 1524 1523
f 1523 1524 1522 1521
f 1525 1526 1528 1527
o STATION_FORTRESS_T01L_Deck-col
usemtl Deck
v -4.4000 -0.3000 -48.6000
v -4.4000 -0.3000 -51.4000
v -10.4000 -0.3000 -48.6000
v -10.4000 -0.3000 -51.4000
v -4.4000 0.0000 -48.6000
v -4.4000 0.0000 -51.4000
v -10.4000 0.0000 -48.6000
v -10.4000 0.0000 -51.4000
f 1533 1535 1531 1529
f 1530 1532 1536 1534
f 1529 1530 1534 1533
f 1535 1536 1532 1531
f 1531 1532 1530 1529
f 1533 1534 1536 1535
o STATION_FORTRESS_T01L_Hull-col
usemtl Hull
v -4.4000 3.2000 -48.2000
v -4.4000 3.2000 -51.8000
v -10.4000 3.2000 -48.2000
v -10.4000 3.2000 -51.8000
v -4.4000 3.6000 -48.2000
v -4.4000 3.6000 -51.8000
v -10.4000 3.6000 -48.2000
v -10.4000 3.6000 -51.8000
v -4.4000 -0.7000 -48.2000
v -4.4000 -0.7000 -51.8000
v -10.4000 -0.7000 -48.2000
v -10.4000 -0.7000 -51.8000
v -4.4000 -0.3000 -48.2000
v -4.4000 -0.3000 -51.8000
v -10.4000 -0.3000 -48.2000
v -10.4000 -0.3000 -51.8000
v -4.4000 -0.3000 -48.2000
v -4.4000 -0.3000 -48.6000
v -5.4000 -0.3000 -48.2000
v -5.4000 -0.3000 -48.6000
v -4.4000 3.2000 -48.2000
v -4.4000 3.2000 -48.6000
v -5.4000 3.2000 -48.2000
v -5.4000 3.2000 -48.6000
v -5.4000 -0.3000 -48.2000
v -5.4000 -0.3000 -48.6000
v -9.4000 -0.3000 -48.2000
v -9.4000 -0.3000 -48.6000
v -5.4000 1.2000 -48.2000
v -5.4000 1.2000 -48.6000
v -9.4000 1.2000 -48.2000
v -9.4000 1.2000 -48.6000
v -5.4000 2.4000 -48.2000
v -5.4000 2.4000 -48.6000
v -9.4000 2.4000 -48.2000
v -9.4000 2.4000 -48.6000
v -5.4000 3.2000 -48.2000
v -5.4000 3.2000 -48.6000
v -9.4000 3.2000 -48.2000
v -9.4000 3.2000 -48.6000
v -9.4000 -0.3000 -48.2000
v -9.4000 -0.3000 -48.6000
v -10.4000 -0.3000 -48.2000
v -10.4000 -0.3000 -48.6000
v -9.4000 3.2000 -48.2000
v -9.4000 3.2000 -48.6000
v -10.4000 3.2000 -48.2000
v -10.4000 3.2000 -48.6000
v -4.4000 -0.3000 -51.4000
v -4.4000 -0.3000 -51.8000
v -5.4000 -0.3000 -51.4000
v -5.4000 -0.3000 -51.8000
v -4.4000 3.2000 -51.4000
v -4.4000 3.2000 -51.8000
v -5.4000 3.2000 -51.4000
v -5.4000 3.2000 -51.8000
v -5.4000 -0.3000 -51.4000
v -5.4000 -0.3000 -51.8000
v -9.4000 -0.3000 -51.4000
v -9.4000 -0.3000 -51.8000
v -5.4000 1.2000 -51.4000
v -5.4000 1.2000 -51.8000
v -9.4000 1.2000 -51.4000
v -9.4000 1.2000 -51.8000
v -5.4000 2.4000 -51.4000
v -5.4000 2.4000 -51.8000
v -9.4000 2.4000 -51.4000
v -9.4000 2.4000 -51.8000
v -5.4000 3.2000 -51.4000
v -5.4000 3.2000 -51.8000
v -9.4000 3.2000 -51.4000
v -9.4000 3.2000 -51.8000
v -9.4000 -0.3000 -51.4000
v -9.4000 -0.3000 -51.8000
v -10.4000 -0.3000 -51.4000
v -10.4000 -0.3000 -51.8000
v -9.4000 3.2000 -51.4000
v -9.4000 3.2000 -51.8000
v -10.4000 3.2000 -51.4000
v -10.4000 3.2000 -51.8000
f 1541 1543 1539 1537
f 1538 1540 1544 1542
f 1537 1538 1542 1541
f 1543 1544 1540 1539
f 1539 1540 1538 1537
f 1541 1542 1544 1543
f 1549 1551 1547 1545
f 1546 1548 1552 1550
f 1545 1546 1550 1549
f 1551 1552 1548 1547
f 1547 1548 1546 1545
f 1549 1550 1552 1551
f 1557 1559 1555 1553
f 1554 1556 1560 1558
f 1553 1554 1558 1557
f 1559 1560 1556 1555
f 1555 1556 1554 1553
f 1557 1558 1560 1559
f 1565 1567 1563 1561
f 1562 1564 1568 1566
f 1561 1562 1566 1565
f 1567 1568 1564 1563
f 1563 1564 1562 1561
f 1565 1566 1568 1567
f 1573 1575 1571 1569
f 1570 1572 1576 1574
f 1569 1570 1574 1573
f 1575 1576 1572 1571
f 1571 1572 1570 1569
f 1573 1574 1576 1575
f 1581 1583 1579 1577
f 1578 1580 1584 1582
f 1577 1578 1582 1581
f 1583 1584 1580 1579
f 1579 1580 1578 1577
f 1581 1582 1584 1583
f 1589 1591 1587 1585
f 1586 1588 1592 1590
f 1585 1586 1590 1589
f 1591 1592 1588 1587
f 1587 1588 1586 1585
f 1589 1590 1592 1591
f 1597 1599 1595 1593
f 1594 1596 1600 1598
f 1593 1594 1598 1597
f 1599 1600 1596 1595
f 1595 1596 1594 1593
f 1597 1598 1600 1599
f 1605 1607 1603 1601
f 1602 1604 1608 1606
f 1601 1602 1606 1605
f 1607 1608 1604 1603
f 1603 1604 1602 1601
f 1605 1606 1608 1607
f 1613 1615 1611 1609
f 1610 1612 1616 1614
f 1609 1610 1614 1613
f 1615 1616 1612 1611
f 1611 1612 1610 1609
f 1613 1614 1616 1615
o STATION_FORTRESS_T01L_Lights
usemtl Lights
v -4.9000 3.1200 -49.7000
v -4.9000 3.1200 -50.3000
v -9.9000 3.1200 -49.7000
v -9.9000 3.1200 -50.3000
v -4.9000 3.2000 -49.7000
v -4.9000 3.2000 -50.3000
v -9.9000 3.2000 -49.7000
v -9.9000 3.2000 -50.3000
f 1621 1623 1619 1617
f 1618 1620 1624 1622
f 1617 1618 1622 1621
f 1623 1624 1620 1619
f 1619 1620 1618 1617
f 1621 1622 1624 1623
o STATION_FORTRESS_T01L_Glass-col
usemtl Glass
v -5.4000 1.2000 -48.4000
v -5.4000 1.2000 -48.4500
v -9.4000 1.2000 -48.4000
v -9.4000 1.2000 -48.4500
v -5.4000 2.4000 -48.4000
v -5.4000 2.4000 -48.4500
v -9.4000 2.4000 -48.4000
v -9.4000 2.4000 -48.4500
v -5.4000 1.2000 -51.5500
v -5.4000 1.2000 -51.6000
v -9.4000 1.2000 -51.5500
v -9.4000 1.2000 -51.6000
v -5.4000 2.4000 -51.5500
v -5.4000 2.4000 -51.6000
v -9.4000 2.4000 -51.5500
v -9.4000 2.4000 -51.6000
f 1629 1631 1627 1625
f 1626 1628 1632 1630
f 1625 1626 1630 1629
f 1631 1632 1628 1627
f 1627 1628 1626 1625
f 1629 1630 1632 1631
f 1637 1639 1635 1633
f 1634 1636 1640 1638
f 1633 1634 1638 1637
f 1639 1640 1636 1635
f 1635 1636 1634 1633
f 1637 1638 1640 1639
o STATION_FORTRESS_M03RCT_Deck-col
usemtl Deck
v -10.8000 -0.3000 -41.5000
v -10.8000 -0.3000 -58.5000
v -30.8000 -0.3000 -41.5000
v -30.8000 -0.3000 -58.5000
v -10.8000 0.0000 -41.5000
v -10.8000 0.0000 -58.5000
v -30.8000 0.0000 -41.5000
v -30.8000 0.0000 -58.5000
v -20.8000 3.7000 -41.5000
v -20.8000 3.7000 -58.5000
v -30.8000 3.7000 -41.5000
v -30.8000 3.7000 -58.5000
v -20.8000 4.0000 -41.5000
v -20.8000 4.0000 -58.5000
v -30.8000 4.0000 -41.5000
v -30.8000 4.0000 -58.5000
f 1645 1647 1643 1641
f 1642 1644 1648 1646
f 1641 1642 1646 1645
f 1647 1648 1644 1643
f 1643 1644 1642 1641
f 1645 1646 1648 1647
f 1653 1655 1651 1649
f 1650 1652 1656 1654
f 1649 1650 1654 1653
f 1655 1656 1652 1651
f 1651 1652 1650 1649
f 1653 1654 1656 1655
o STATION_FORTRESS_M03RCT_Hull-col
usemtl Hull
v -10.4000 8.0000 -41.0000
v -10.4000 8.0000 -59.0000
v -31.2000 8.0000 -41.0000
v -31.2000 8.0000 -59.0000
v -10.4000 8.4000 -41.0000
v -10.4000 8.4000 -59.0000
v -31.2000 8.4000 -41.0000
v -31.2000 8.4000 -59.0000
v -10.4000 -0.7000 -41.0000
v -10.4000 -0.7000 -59.0000
v -31.2000 -0.7000 -41.0000
v -31.2000 -0.7000 -59.0000
v -10.4000 -0.3000 -41.0000
v -10.4000 -0.3000 -59.0000
v -31.2000 -0.3000 -41.0000
v -31.2000 -0.3000 -59.0000
v -10.8000 -0.3000 -41.0000
v -10.8000 -0.3000 -41.5000
v -14.8000 -0.3000 -41.0000
v -14.8000 -0.3000 -41.5000
v -10.8000 8.0000 -41.0000
v -10.8000 8.0000 -41.5000
v -14.8000 8.0000 -41.0000
v -14.8000 8.0000 -41.5000
v -14.8000 -0.3000 -41.0000
v -14.8000 -0.3000 -41.5000
v -16.8000 -0.3000 -41.0000
v -16.8000 -0.3000 -41.5000
v -14.8000 0.0000 -41.0000
v -14.8000 0.0000 -41.5000
v -16.8000 0.0000 -41.0000
v -16.8000 0.0000 -41.5000
v -14.8000 2.6000 -41.0000
v -14.8000 2.6000 -41.5000
v -16.8000 2.6000 -41.0000
v -16.8000 2.6000 -41.5000
v -14.8000 8.0000 -41.0000
v -14.8000 8.0000 -41.5000
v -16.8000 8.0000 -41.0000
v -16.8000 8.0000 -41.5000
v -16.8000 -0.3000 -41.0000
v -16.8000 -0.3000 -41.5000
v -30.8000 -0.3000 -41.0000
v -30.8000 -0.3000 -41.5000
v -16.8000 8.0000 -41.0000
v -16.8000 8.0000 -41.5000
v -30.8000 8.0000 -41.0000
v -30.8000 8.0000 -41.5000
v -10.8000 -0.3000 -58.5000
v -10.8000 -0.3000 -59.0000
v -14.8000 -0.3000 -58.5000
v -14.8000 -0.3000 -59.0000
v -10.8000 8.0000 -58.5000
v -10.8000 8.0000 -59.0000
v -14.8000 8.0000 -58.5000
v -14.8000 8.0000 -59.0000
v -14.8000 -0.3000 -58.5000
v -14.8000 -0.3000 -59.0000
v -16.8000 -0.3000 -58.5000
v -16.8000 -0.3000 -59.0000
v -14.8000 0.0000 -58.5000
v -14.8000 0.0000 -59.0000
v -16.8000 0.0000 -58.5000
v -16.8000 0.0000 -59.0000
v -14.8000 2.6000 -58.5000
v -14.8000 2.6000 -59.0000
v -16.8000 2.6000 -58.5000
v -16.8000 2.6000 -59.0000
v -14.8000 8.0000 -58.5000
v -14.8000 8.0000 -59.0000
v -16.8000 8.0000 -58.5000
v -16.8000 8.0000 -59.0000
v -16.8000 -0.3000 -58.5000
v -16.8000 -0.3000 -59.0000
v -30.8000 -0.3000 -58.5000
v -30.8000 -0.3000 -59.0000
v -16.8000 8.0000 -58.5000
v -16.8000 8.0000 -59.0000
v -30.8000 8.0000 -58.5000
v -30.8000 8.0000 -59.0000
v -10.4000 -0.3000 -41.0000
v -10.4000 -0.3000 -49.1000
v -10.8000 -0.3000 -41.0000
v -10.8000 -0.3000 -49.1000
v -10.4000 8.0000 -41.0000
v -10.4000 8.0000 -49.1000
v -10.8000 8.0000 -41.0000
v -10.8000 8.0000 -49.1000
v -10.4000 -0.3000 -49.1000
v -10.4000 -0.3000 -50.9000
v -10.8000 -0.3000 -49.1000
v -10.8000 -0.3000 -50.9000
v -10.4000 0.0000 -49.1000
v -10.4000 0.0000 -50.9000
v -10.8000 0.0000 -49.1000
v -10.8000 0.0000 -50.9000
v -10.4000 2.8000 -49.1000
v -10.4000 2.8000 -50.9000
v -10.8000 2.8000 -49.1000
v -10.8000 2.8000 -50.9000
v -10.4000 8.0000 -49.1000
v -10.4000 8.0000 -50.9000
v -10.8000 8.0000 -49.1000
v -10.8000 8.0000 -50.9000
v -10.4000 -0.3000 -50.9000
v -10.4000 -0.3000 -59.0000
v -10.8000 -0.3000 -50.9000
v -10.8000 -0.3000 -59.0000
v -10.4000 8.0000 -50.9000
v -10.4000 8.0000 -59.0000
v -10.8000 8.0000 -50.9000
v -10.8000 8.0000 -59.0000
v -30.8000 -0.3000 -41.0000
v -30.8000 -0.3000 -49.1000
v -31.2000 -0.3000 -41.0000
v -31.2000 -0.3000 -49.1000
v -30.8000 8.0000 -41.0000
v -30.8000 8.0000 -49.1000
v -31.2000 8.0000 -41.0000
v -31.2000 8.0000 -49.1000
v -30.8000 -0.3000 -49.1000
v -30.8000 -0.3000 -50.9000
v -31.2000 -0.3000 -49.1000
v -31.2000 -0.3000 -50.9000
v -30.8000 0.0000 -49.1000
v -30.8000 0.0000 -50.9000
v -31.2000 0.0000 -49.1000
v -31.2000 0.0000 -50.9000
v -30.8000 2.8000 -49.1000
v -30.8000 2.8000 -50.9000
v -31.2000 2.8000 -49.1000
v -31.2000 2.8000 -50.9000
v -30.8000 8.0000 -49.1000
v -30.8000 8.0000 -50.9000
v -31.2000 8.0000 -49.1000
v -31.2000 8.0000 -50.9000
v -30.8000 -0.3000 -50.9000
v -30.8000 -0.3000 -59.0000
v -31.2000 -0.3000 -50.9000
v -31.2000 -0.3000 -59.0000
v -30.8000 8.0000 -50.9000
v -30.8000 8.0000 -59.0000
v -31.2000 8.0000 -50.9000
v -31.2000 8.0000 -59.0000
f 1661 1663 1659 1657
f 1658 1660 1664 1662
f 1657 1658 1662 1661
f 1663 1664 1660 1659
f 1659 1660 1658 1657
f 1661 1662 1664 1663
f 1669 1671 1667 1665
f 1666 1668 1672 1670
f 1665 1666 1670 1669
f 1671 1672 1668 1667
f 1667 1668 1666 1665
f 1669 1670 1672 1671
f 1677 1679 1675 1673
f 1674 1676 1680 1678
f 1673 1674 1678 1677
f 1679 1680 1676 1675
f 1675 1676 1674 1673
f 1677 1678 1680 1679
f 1685 1687 1683 1681
f 1682 1684 1688 1686
f 1681 1682 1686 1685
f 1687 1688 1684 1683
f 1683 1684 1682 1681
f 1685 1686 1688 1687
f 1693 1695 1691 1689
f 1690 1692 1696 1694
f 1689 1690 1694 1693
f 1695 1696 1692 1691
f 1691 1692 1690 1689
f 1693 1694 1696 1695
f 1701 1703 1699 1697
f 1698 1700 1704 1702
f 1697 1698 1702 1701
f 1703 1704 1700 1699
f 1699 1700 1698 1697
f 1701 1702 1704 1703
f 1709 1711 1707 1705
f 1706 1708 1712 1710
f 1705 1706 1710 1709
f 1711 1712 1708 1707
f 1707 1708 1706 1705
f 1709 1710 1712 1711
f 1717 1719 1715 1713
f 1714 1716 1720 1718
f 1713 1714 1718 1717
f 1719 1720 1716 1715
f 1715 1716 1714 1713
f 1717 1718 1720 1719
f 1725 1727 1723 1721
f 1722 1724 1728 1726
f 1721 1722 1726 1725
f 1727 1728 1724 1723
f 1723 1724 1722 1721
f 1725 1726 1728 1727
f 1733 1735 1731 1729
f 1730 1732 1736 1734
f 1729 1730 1734 1733
f 1735 1736 1732 1731
f 1731 1732 1730 1729
f 1733 1734 1736 1735
f 1741 1743 1739 1737
f 1738 1740 1744 1742
f 1737 1738 1742 1741
f 1743 1744 1740 1739
f 1739 1740 1738 1737
f 1741 1742 1744 1743
f 1749 1751 1747 1745
f 1746 1748 1752 1750
f 1745 1746 1750 1749
f 1751 1752 1748 1747
f 1747 1748 1746 1745
f 1749 1750 1752 1751
f 1757 1759 1755 1753
f 1754 1756 1760 1758
f 1753 1754 1758 1757
f 1759 1760 1756 1755
f 1755 1756 1754 1753
f 1757 1758 1760 1759
f 1765 1767 1763 1761
f 1762 1764 1768 1766
f 1761 1762 1766 1765
f 1767 1768 1764 1763
f 1763 1764 1762 1761
f 1765 1766 1768 1767
f 1773 1775 1771 1769
f 1770 1772 1776 1774
f 1769 1770 1774 1773
f 1775 1776 1772 1771
f 1771 1772 1770 1769
f 1773 1774 1776 1775
f 1781 1783 1779 1777
f 1778 1780 1784 1782
f 1777 1778 1782 1781
f 1783 1784 1780 1779
f 1779 1780 1778 1777
f 1781 1782 1784 1783
f 1789 1791 1787 1785
f 1786 1788 1792 1790
f 1785 1786 1790 1789
f 1791 1792 1788 1787
f 1787 1788 1786 1785
f 1789 1790 1792 1791
f 1797 1799 1795 1793
f 1794 1796 1800 1798
f 1793 1794 1798 1797
f 1799 1800 1796 1795
f 1795 1796 1794 1793
f 1797 1798 1800 1799
o STATION_FORTRESS_M03RCT_Interior-col
usemtl Interior
v -20.7000 0.0000 -41.5000
v -20.7000 0.0000 -48.8000
v -20.9000 0.0000 -41.5000
v -20.9000 0.0000 -48.8000
v -20.7000 4.0000 -41.5000
v -20.7000 4.0000 -48.8000
v -20.9000 4.0000 -41.5000
v -20.9000 4.0000 -48.8000
v -20.7000 3.0000 -48.8000
v -20.7000 3.0000 -51.2000
v -20.9000 3.0000 -48.8000
v -20.9000 3.0000 -51.2000
v -20.7000 4.0000 -48.8000
v -20.7000 4.0000 -51.2000
v -20.9000 4.0000 -48.8000
v -20.9000 4.0000 -51.2000
v -20.7000 0.0000 -51.2000
v -20.7000 0.0000 -58.5000
v -20.9000 0.0000 -51.2000
v -20.9000 0.0000 -58.5000
v -20.7000 4.0000 -51.2000
v -20.7000 4.0000 -58.5000
v -20.9000 4.0000 -51.2000
v -20.9000 4.0000 -58.5000
v -20.8000 0.0000 -48.6000
v -20.8000 0.0000 -48.8000
v -25.0000 0.0000 -48.6000
v -25.0000 0.0000 -48.8000
v -20.8000 4.0000 -48.6000
v -20.8000 4.0000 -48.8000
v -25.0000 4.0000 -48.6000
v -25.0000 4.0000 -48.8000
v -25.0000 2.6000 -48.6000
v -25.0000 2.6000 -48.8000
v -26.6000 2.6000 -48.6000
v -26.6000 2.6000 -48.8000
v -25.0000 4.0000 -48.6000
v -25.0000 4.0000 -48.8000
v -26.6000 4.0000 -48.6000
v -26.6000 4.0000 -48.8000
v -26.6000 0.0000 -48.6000
v -26.6000 0.0000 -48.8000
v -30.8000 0.0000 -48.6000
v -30.8000 0.0000 -48.8000
v -26.6000 4.0000 -48.6000
v -26.6000 4.0000 -48.8000
v -30.8000 4.0000 -48.6000
v -30.8000 4.0000 -48.8000
v -20.8000 0.0000 -51.2000
v -20.8000 0.0000 -51.4000
v -25.0000 0.0000 -51.2000
v -25.0000 0.0000 -51.4000
v -20.8000 4.0000 -51.2000
v -20.8000 4.0000 -51.4000
v -25.0000 4.0000 -51.2000
v -25.0000 4.0000 -51.4000
v -25.0000 2.6000 -51.2000
v -25.0000 2.6000 -51.4000
v -26.6000 2.6000 -51.2000
v -26.6000 2.6000 -51.4000
v -25.0000 4.0000 -51.2000
v -25.0000 4.0000 -51.4000
v -26.6000 4.0000 -51.2000
v -26.6000 4.0000 -51.4000
v -26.6000 0.0000 -51.2000
v -26.6000 0.0000 -51.4000
v -30.8000 0.0000 -51.2000
v -30.8000 0.0000 -51.4000
v -26.6000 4.0000 -51.2000
v -26.6000 4.0000 -51.4000
v -30.8000 4.0000 -51.2000
v -30.8000 4.0000 -51.4000
f 1805 1807 1803 1801
f 1802 1804 1808 1806
f 1801 1802 1806 1805
f 1807 1808 1804 1803
f 1803 1804 1802 1801
f 1805 1806 1808 1807
f 1813 1815 1811 1809
f 1810 1812 1816 1814
f 1809 1810 1814 1813
f 1815 1816 1812 1811
f 1811 1812 1810 1809
f 1813 1814 1816 1815
f 1821 1823 1819 1817
f 1818 1820 1824 1822
f 1817 1818 1822 1821
f 1823 1824 1820 1819
f 1819 1820 1818 1817
f 1821 1822 1824 1823
f 1829 1831 1827 1825
f 1826 1828 1832 1830
f 1825 1826 1830 1829
f 1831 1832 1828 1827
f 1827 1828 1826 1825
f 1829 1830 1832 1831
f 1837 1839 1835 1833
f 1834 1836 1840 1838
f 1833 1834 1838 1837
f 1839 1840 1836 1835
f 1835 1836 1834 1833
f 1837 1838 1840 1839
f 1845 1847 1843 1841
f 1842 1844 1848 1846
f 1841 1842 1846 1845
f 1847 1848 1844 1843
f 1843 1844 1842 1841
f 1845 1846 1848 1847
f 1853 1855 1851 1849
f 1850 1852 1856 1854
f 1849 1850 1854 1853
f 1855 1856 1852 1851
f 1851 1852 1850 1849
f 1853 1854 1856 1855
f 1861 1863 1859 1857
f 1858 1860 1864 1862
f 1857 1858 1862 1861
f 1863 1864 1860 1859
f 1859 1860 1858 1857
f 1861 1862 1864 1863
f 1869 1871 1867 1865
f 1866 1868 1872 1870
f 1865 1866 1870 1869
f 1871 1872 1868 1867
f 1867 1868 1866 1865
f 1869 1870 1872 1871
o STATION_FORTRESS_M03RCT_Furniture-col
usemtl Furniture
v -21.4000 0.0000 -57.7000
v -21.4000 0.0000 -58.4000
v -30.2000 0.0000 -57.7000
v -30.2000 0.0000 -58.4000
v -21.4000 1.1000 -57.7000
v -21.4000 1.1000 -58.4000
v -30.2000 1.1000 -57.7000
v -30.2000 1.1000 -58.4000
v -21.4000 0.0000 -41.6000
v -21.4000 0.0000 -42.1000
v -23.8000 0.0000 -41.6000
v -23.8000 0.0000 -42.1000
v -21.4000 2.0000 -41.6000
v -21.4000 2.0000 -42.1000
v -23.8000 2.0000 -41.6000
v -23.8000 2.0000 -42.1000
v -25.2000 0.0000 -46.0000
v -25.2000 0.0000 -47.4000
v -26.4000 0.0000 -46.0000
v -26.4000 0.0000 -47.4000
v -25.2000 0.7500 -46.0000
v -25.2000 0.7500 -47.4000
v -26.4000 0.7500 -46.0000
v -26.4000 0.7500 -47.4000
v -21.2000 0.0000 -50.8500
v -21.2000 0.0000 -51.2000
v -22.4000 0.0000 -50.8500
v -22.4000 0.0000 -51.2000
v -21.2000 2.0000 -50.8500
v -21.2000 2.0000 -51.2000
v -22.4000 2.0000 -50.8500
v -22.4000 2.0000 -51.2000
v -13.0000 0.6000 -41.5500
v -13.0000 0.6000 -41.9500
v -14.0000 0.6000 -41.5500
v -14.0000 0.6000 -41.9500
v -13.0000 2.0000 -41.5500
v -13.0000 2.0000 -41.9500
v -14.0000 2.0000 -41.5500
v -14.0000 2.0000 -41.9500
v -15.3000 0.6000 -58.0500
v -15.3000 0.6000 -58.4500
v -16.3000 0.6000 -58.0500
v -16.3000 0.6000 -58.4500
v -15.3000 2.0000 -58.0500
v -15.3000 2.0000 -58.4500
v -16.3000 2.0000 -58.0500
v -16.3000 2.0000 -58.4500
v -17.6000 0.6000 -41.5500
v -17.6000 0.6000 -41.9500
v -18.6000 0.6000 -41.5500
v -18.6000 0.6000 -41.9500
v -17.6000 2.0000 -41.5500
v -17.6000 2.0000 -41.9500
v -18.6000 2.0000 -41.5500
v -18.6000 2.0000 -41.9500
f 1877 1879 1875 1873
f 1874 1876 1880 1878
f 1873 1874 1878 1877
f 1879 1880 1876 1875
f 1875 1876 1874 1873
f 1877 1878 1880 1879
f 1885 1887 1883 1881
f 1882 1884 1888 1886
f 1881 1882 1886 1885
f 1887 1888 1884 1883
f 1883 1884 1882 1881
f 1885 1886 1888 1887
f 1893 1895 1891 1889
f 1890 1892 1896 1894
f 1889 1890 1894 1893
f 1895 1896 1892 1891
f 1891 1892 1890 1889
f 1893 1894 1896 1895
f 1901 1903 1899 1897
f 1898 1900 1904 1902
f 1897 1898 1902 1901
f 1903 1904 1900 1899
f 1899 1900 1898 1897
f 1901 1902 1904 1903
f 1909 1911 1907 1905
f 1906 1908 1912 1910
f 1905 1906 1910 1909
f 1911 1912 1908 1907
f 1907 1908 1906 1905
f 1909 1910 1912 1911
f 1917 1919 1915 1913
f 1914 1916 1920 1918
f 1913 1914 1918 1917
f 1919 1920 1916 1915
f 1915 1916 1914 1913
f 1917 1918 1920 1919
f 1925 1927 1923 1921
f 1922 1924 1928 1926
f 1921 1922 1926 1925
f 1927 1928 1924 1923
f 1923 1924 1922 1921
f 1925 1926 1928 1927
o STATION_FORTRESS_M03RCT_Cover-col
usemtl Cover
v -13.0000 0.0000 -46.4000
v -13.0000 0.0000 -47.4000
v -14.0000 0.0000 -46.4000
v -14.0000 0.0000 -47.4000
v -13.0000 1.1000 -46.4000
v -13.0000 1.1000 -47.4000
v -14.0000 1.1000 -46.4000
v -14.0000 1.1000 -47.4000
v -17.6000 0.0000 -46.4000
v -17.6000 0.0000 -47.4000
v -18.6000 0.0000 -46.4000
v -18.6000 0.0000 -47.4000
v -17.6000 1.1000 -46.4000
v -17.6000 1.1000 -47.4000
v -18.6000 1.1000 -46.4000
v -18.6000 1.1000 -47.4000
f 1933 1935 1931 1929
f 1930 1932 1936 1934
f 1929 1930 1934 1933
f 1935 1936 1932 1931
f 1931 1932 1930 1929
f 1933 1934 1936 1935
f 1941 1943 1939 1937
f 1938 1940 1944 1942
f 1937 1938 1942 1941
f 1943 1944 1940 1939
f 1939 1940 1938 1937
f 1941 1942 1944 1943
o STATION_FORTRESS_M03RCT_Hazard
usemtl Hazard
v -14.5000 0.0000 -40.8800
v -14.5000 0.0000 -41.0000
v -14.8000 0.0000 -40.8800
v -14.8000 0.0000 -41.0000
v -14.5000 2.9000 -40.8800
v -14.5000 2.9000 -41.0000
v -14.8000 2.9000 -40.8800
v -14.8000 2.9000 -41.0000
v -16.8000 0.0000 -40.8800
v -16.8000 0.0000 -41.0000
v -17.1000 0.0000 -40.8800
v -17.1000 0.0000 -41.0000
v -16.8000 2.9000 -40.8800
v -16.8000 2.9000 -41.0000
v -17.1000 2.9000 -40.8800
v -17.1000 2.9000 -41.0000
v -14.5000 0.0000 -59.0000
v -14.5000 0.0000 -59.1200
v -14.8000 0.0000 -59.0000
v -14.8000 0.0000 -59.1200
v -14.5000 2.9000 -59.0000
v -14.5000 2.9000 -59.1200
v -14.8000 2.9000 -59.0000
v -14.8000 2.9000 -59.1200
v -16.8000 0.0000 -59.0000
v -16.8000 0.0000 -59.1200
v -17.1000 0.0000 -59.0000
v -17.1000 0.0000 -59.1200
v -16.8000 2.9000 -59.0000
v -16.8000 2.9000 -59.1200
v -17.1000 2.9000 -59.0000
v -17.1000 2.9000 -59.1200
v -31.2000 2.8000 -48.8000
v -31.2000 2.8000 -51.2000
v -31.2400 2.8000 -48.8000
v -31.2400 2.8000 -51.2000
v -31.2000 3.0000 -48.8000
v -31.2000 3.0000 -51.2000
v -31.2400 3.0000 -48.8000
v -31.2400 3.0000 -51.2000
v -13.0000 1.8000 -41.9500
v -13.0000 1.8000 -41.9700
v -14.0000 1.8000 -41.9500
v -14.0000 1.8000 -41.9700
v -13.0000 2.0000 -41.9500
v -13.0000 2.0000 -41.9700
v -14.0000 2.0000 -41.9500
v -14.0000 2.0000 -41.9700
v -15.3000 1.8000 -58.0300
v -15.3000 1.8000 -58.0500
v -16.3000 1.8000 -58.0300
v -16.3000 1.8000 -58.0500
v -15.3000 2.0000 -58.0300
v -15.3000 2.0000 -58.0500
v -16.3000 2.0000 -58.0300
v -16.3000 2.0000 -58.0500
v -17.6000 1.8000 -41.9500
v -17.6000 1.8000 -41.9700
v -18.6000 1.8000 -41.9500
v -18.6000 1.8000 -41.9700
v -17.6000 2.0000 -41.9500
v -17.6000 2.0000 -41.9700
v -18.6000 2.0000 -41.9500
v -18.6000 2.0000 -41.9700
f 1949 1951 1947 1945
f 1946 1948 1952 1950
f 1945 1946 1950 1949
f 1951 1952 1948 1947
f 1947 1948 1946 1945
f 1949 1950 1952 1951
f 1957 1959 1955 1953
f 1954 1956 1960 1958
f 1953 1954 1958 1957
f 1959 1960 1956 1955
f 1955 1956 1954 1953
f 1957 1958 1960 1959
f 1965 1967 1963 1961
f 1962 1964 1968 1966
f 1961 1962 1966 1965
f 1967 1968 1964 1963
f 1963 1964 1962 1961
f 1965 1966 1968 1967
f 1973 1975 1971 1969
f 1970 1972 1976 1974
f 1969 1970 1974 1973
f 1975 1976 1972 1971
f 1971 1972 1970 1969
f 1973 1974 1976 1975
f 1981 1983 1979 1977
f 1978 1980 1984 1982
f 1977 1978 1982 1981
f 1983 1984 1980 1979
f 1979 1980 1978 1977
f 1981 1982 1984 1983
f 1989 1991 1987 1985
f 1986 1988 1992 1990
f 1985 1986 1990 1989
f 1991 1992 1988 1987
f 1987 1988 1986 1985
f 1989 1990 1992 1991
f 1997 1999 1995 1993
f 1994 1996 2000 1998
f 1993 1994 1998 1997
f 1999 2000 1996 1995
f 1995 1996 1994 1993
f 1997 1998 2000 1999
f 2005 2007 2003 2001
f 2002 2004 2008 2006
f 2001 2002 2006 2005
f 2007 2008 2004 2003
f 2003 2004 2002 2001
f 2005 2006 2008 2007
o STATION_FORTRESS_M03RCT_Lights
usemtl Lights
v -21.6000 0.8000 -57.6800
v -21.6000 0.8000 -57.7000
v -30.0000 0.8000 -57.6800
v -30.0000 0.8000 -57.7000
v -21.6000 1.0500 -57.6800
v -21.6000 1.0500 -57.7000
v -30.0000 1.0500 -57.6800
v -30.0000 1.0500 -57.7000
v -25.1000 1.0000 -52.7000
v -25.1000 1.0000 -53.7000
v -26.5000 1.0000 -52.7000
v -26.5000 1.0000 -53.7000
v -25.1000 1.0300 -52.7000
v -25.1000 1.0300 -53.7000
v -26.5000 1.0300 -52.7000
v -26.5000 1.0300 -53.7000
v -21.3000 3.6200 -49.7000
v -21.3000 3.6200 -50.3000
v -30.3000 3.6200 -49.7000
v -30.3000 3.6200 -50.3000
v -21.3000 3.7000 -49.7000
v -21.3000 3.7000 -50.3000
v -30.3000 3.7000 -49.7000
v -30.3000 3.7000 -50.3000
v -11.7000 7.8800 -49.6000
v -11.7000 7.8800 -50.4000
v -19.9000 7.8800 -49.6000
v -19.9000 7.8800 -50.4000
v -11.7000 7.9600 -49.6000
v -11.7000 7.9600 -50.4000
v -19.9000 7.9600 -49.6000
v -19.9000 7.9600 -50.4000
f 2013 2015 2011 2009
f 2010 2012 2016 2014
f 2009 2010 2014 2013
f 2015 2016 2012 2011
f 2011 2012 2010 2009
f 2013 2014 2016 2015
f 2021 2023 2019 2017
f 2018 2020 2024 2022
f 2017 2018 2022 2021
f 2023 2024 2020 2019
f 2019 2020 2018 2017
f 2021 2022 2024 2023
f 2029 2031 2027 2025
f 2026 2028 2032 2030
f 2025 2026 2030 2029
f 2031 2032 2028 2027
f 2027 2028 2026 2025
f 2029 2030 2032 2031
f 2037 2039 2035 2033
f 2034 2036 2040 2038
f 2033 2034 2038 2037
f 2039 2040 2036 2035
f 2035 2036 2034 2033
f 2037 2038 2040 2039
o STATION_FORTRESS_M03RCT_Trim
usemtl Trim
v -15.8000 0.8000 -56.4500
v -16.6993 0.8000 -56.2711
v -17.4617 0.8000 -55.7617
v -17.9711 0.8000 -54.9993
v -18.1500 0.8000 -54.1000
v -17.9711 0.8000 -53.2007
v -17.4617 0.8000 -52.4383
v -16.6993 0.8000 -51.9289
v -15.8000 0.8000 -51.7500
v -14.9007 0.8000 -51.9289
v -14.1383 0.8000 -52.4383
v -13.6289 0.8000 -53.2007
v -13.4500 0.8000 -54.1000
v -13.6289 0.8000 -54.9993
v -14.1383 0.8000 -55.7617
v -14.9007 0.8000 -56.2711
v -15.8000 1.0000 -56.4500
v -16.6993 1.0000 -56.2711
v -17.4617 1.0000 -55.7617
v -17.9711 1.0000 -54.9993
v -18.1500 1.0000 -54.1000
v -17.9711 1.0000 -53.2007
v -17.4617 1.0000 -52.4383
v -16.6993 1.0000 -51.9289
v -15.8000 1.0000 -51.7500
v -14.9007 1.0000 -51.9289
v -14.1383 1.0000 -52.4383
v -13.6289 1.0000 -53.2007
v -13.4500 1.0000 -54.1000
v -13.6289 1.0000 -54.9993
v -14.1383 1.0000 -55.7617
v -14.9007 1.0000 -56.2711
v -15.8000 2.4000 -56.4500
v -16.6993 2.4000 -56.2711
v -17.4617 2.4000 -55.7617
v -17.9711 2.4000 -54.9993
v -18.1500 2.4000 -54.1000
v -17.9711 2.4000 -53.2007
v -17.4617 2.4000 -52.4383
v -16.6993 2.4000 -51.9289
v -15.8000 2.4000 -51.7500
v -14.9007 2.4000 -51.9289
v -14.1383 2.4000 -52.4383
v -13.6289 2.4000 -53.2007
v -13.4500 2.4000 -54.1000
v -13.6289 2.4000 -54.9993
v -14.1383 2.4000 -55.7617
v -14.9007 2.4000 -56.2711
v -15.8000 2.6000 -56.4500
v -16.6993 2.6000 -56.2711
v -17.4617 2.6000 -55.7617
v -17.9711 2.6000 -54.9993
v -18.1500 2.6000 -54.1000
v -17.9711 2.6000 -53.2007
v -17.4617 2.6000 -52.4383
v -16.6993 2.6000 -51.9289
v -15.8000 2.6000 -51.7500
v -14.9007 2.6000 -51.9289
v -14.1383 2.6000 -52.4383
v -13.6289 2.6000 -53.2007
v -13.4500 2.6000 -54.1000
v -13.6289 2.6000 -54.9993
v -14.1383 2.6000 -55.7617
v -14.9007 2.6000 -56.2711
v -15.8000 4.0000 -56.4500
v -16.6993 4.0000 -56.2711
v -17.4617 4.0000 -55.7617
v -17.9711 4.0000 -54.9993
v -18.1500 4.0000 -54.1000
v -17.9711 4.0000 -53.2007
v -17.4617 4.0000 -52.4383
v -16.6993 4.0000 -51.9289
v -15.8000 4.0000 -51.7500
v -14.9007 4.0000 -51.9289
v -14.1383 4.0000 -52.4383
v -13.6289 4.0000 -53.2007
v -13.4500 4.0000 -54.1000
v -13.6289 4.0000 -54.9993
v -14.1383 4.0000 -55.7617
v -14.9007 4.0000 -56.2711
v -15.8000 4.2000 -56.4500
v -16.6993 4.2000 -56.2711
v -17.4617 4.2000 -55.7617
v -17.9711 4.2000 -54.9993
v -18.1500 4.2000 -54.1000
v -17.9711 4.2000 -53.2007
v -17.4617 4.2000 -52.4383
v -16.6993 4.2000 -51.9289
v -15.8000 4.2000 -51.7500
v -14.9007 4.2000 -51.9289
v -14.1383 4.2000 -52.4383
v -13.6289 4.2000 -53.2007
v -13.4500 4.2000 -54.1000
v -13.6289 4.2000 -54.9993
v -14.1383 4.2000 -55.7617
v -14.9007 4.2000 -56.2711
f 2041 2042 2058 2057
f 2042 2043 2059 2058
f 2043 2044 2060 2059
f 2044 2045 2061 2060
f 2045 2046 2062 2061
f 2046 2047 2063 2062
f 2047 2048 2064 2063
f 2048 2049 2065 2064
f 2049 2050 2066 2065
f 2050 2051 2067 2066
f 2051 2052 2068 2067
f 2052 2053 2069 2068
f 2053 2054 2070 2069
f 2054 2055 2071 2070
f 2055 2056 2072 2071
f 2056 2041 2057 2072
f 2056 2055 2054 2053 2052 2051 2050 2049 2048 2047 2046 2045 2044 2043 2042 2041
f 2057 2058 2059 2060 2061 2062 2063 2064 2065 2066 2067 2068 2069 2070 2071 2072
f 2073 2074 2090 2089
f 2074 2075 2091 2090
f 2075 2076 2092 2091
f 2076 2077 2093 2092
f 2077 2078 2094 2093
f 2078 2079 2095 2094
f 2079 2080 2096 2095
f 2080 2081 2097 2096
f 2081 2082 2098 2097
f 2082 2083 2099 2098
f 2083 2084 2100 2099
f 2084 2085 2101 2100
f 2085 2086 2102 2101
f 2086 2087 2103 2102
f 2087 2088 2104 2103
f 2088 2073 2089 2104
f 2088 2087 2086 2085 2084 2083 2082 2081 2080 2079 2078 2077 2076 2075 2074 2073
f 2089 2090 2091 2092 2093 2094 2095 2096 2097 2098 2099 2100 2101 2102 2103 2104
f 2105 2106 2122 2121
f 2106 2107 2123 2122
f 2107 2108 2124 2123
f 2108 2109 2125 2124
f 2109 2110 2126 2125
f 2110 2111 2127 2126
f 2111 2112 2128 2127
f 2112 2113 2129 2128
f 2113 2114 2130 2129
f 2114 2115 2131 2130
f 2115 2116 2132 2131
f 2116 2117 2133 2132
f 2117 2118 2134 2133
f 2118 2119 2135 2134
f 2119 2120 2136 2135
f 2120 2105 2121 2136
f 2120 2119 2118 2117 2116 2115 2114 2113 2112 2111 2110 2109 2108 2107 2106 2105
f 2121 2122 2123 2124 2125 2126 2127 2128 2129 2130 2131 2132 2133 2134 2135 2136
o STATION_FORTRESS_M03RCT_Machinery-col
usemtl Engine
v -15.8000 0.0000 -56.3000
v -16.6419 0.0000 -56.1325
v -17.3556 0.0000 -55.6556
v -17.8325 0.0000 -54.9419
v -18.0000 0.0000 -54.1000
v -17.8325 0.0000 -53.2581
v -17.3556 0.0000 -52.5444
v -16.6419 0.0000 -52.0675
v -15.8000 0.0000 -51.9000
v -14.9581 0.0000 -52.0675
v -14.2444 0.0000 -52.5444
v -13.7675 0.0000 -53.2581
v -13.6000 0.0000 -54.1000
v -13.7675 0.0000 -54.9419
v -14.2444 0.0000 -55.6556
v -14.9581 0.0000 -56.1325
v -15.8000 6.0000 -56.3000
v -16.6419 6.0000 -56.1325
v -17.3556 6.0000 -55.6556
v -17.8325 6.0000 -54.9419
v -18.0000 6.0000 -54.1000
v -17.8325 6.0000 -53.2581
v -17.3556 6.0000 -52.5444
v -16.6419 6.0000 -52.0675
v -15.8000 6.0000 -51.9000
v -14.9581 6.0000 -52.0675
v -14.2444 6.0000 -52.5444
v -13.7675 6.0000 -53.2581
v -13.6000 6.0000 -54.1000
v -13.7675 6.0000 -54.9419
v -14.2444 6.0000 -55.6556
v -14.9581 6.0000 -56.1325
f 2137 2138 2154 2153
f 2138 2139 2155 2154
f 2139 2140 2156 2155
f 2140 2141 2157 2156
f 2141 2142 2158 2157
f 2142 2143 2159 2158
f 2143 2144 2160 2159
f 2144 2145 2161 2160
f 2145 2146 2162 2161
f 2146 2147 2163 2162
f 2147 2148 2164 2163
f 2148 2149 2165 2164
f 2149 2150 2166 2165
f 2150 2151 2167 2166
f 2151 2152 2168 2167
f 2152 2137 2153 2168
f 2152 2151 2150 2149 2148 2147 2146 2145 2144 2143 2142 2141 2140 2139 2138 2137
f 2153 2154 2155 2156 2157 2158 2159 2160 2161 2162 2163 2164 2165 2166 2167 2168
o STATION_FORTRESS_M03RCT_Glow
usemtl EngineGlow
v -15.8000 6.0000 -55.4200
v -16.3051 6.0000 -55.3195
v -16.7334 6.0000 -55.0334
v -17.0195 6.0000 -54.6051
v -17.1200 6.0000 -54.1000
v -17.0195 6.0000 -53.5949
v -16.7334 6.0000 -53.1666
v -16.3051 6.0000 -52.8805
v -15.8000 6.0000 -52.7800
v -15.2949 6.0000 -52.8805
v -14.8666 6.0000 -53.1666
v -14.5805 6.0000 -53.5949
v -14.4800 6.0000 -54.1000
v -14.5805 6.0000 -54.6051
v -14.8666 6.0000 -55.0334
v -15.2949 6.0000 -55.3195
v -15.8000 6.0500 -55.4200
v -16.3051 6.0500 -55.3195
v -16.7334 6.0500 -55.0334
v -17.0195 6.0500 -54.6051
v -17.1200 6.0500 -54.1000
v -17.0195 6.0500 -53.5949
v -16.7334 6.0500 -53.1666
v -16.3051 6.0500 -52.8805
v -15.8000 6.0500 -52.7800
v -15.2949 6.0500 -52.8805
v -14.8666 6.0500 -53.1666
v -14.5805 6.0500 -53.5949
v -14.4800 6.0500 -54.1000
v -14.5805 6.0500 -54.6051
v -14.8666 6.0500 -55.0334
v -15.2949 6.0500 -55.3195
f 2169 2170 2186 2185
f 2170 2171 2187 2186
f 2171 2172 2188 2187
f 2172 2173 2189 2188
f 2173 2174 2190 2189
f 2174 2175 2191 2190
f 2175 2176 2192 2191
f 2176 2177 2193 2192
f 2177 2178 2194 2193
f 2178 2179 2195 2194
f 2179 2180 2196 2195
f 2180 2181 2197 2196
f 2181 2182 2198 2197
f 2182 2183 2199 2198
f 2183 2184 2200 2199
f 2184 2169 2185 2200
f 2184 2183 2182 2181 2180 2179 2178 2177 2176 2175 2174 2173 2172 2171 2170 2169
f 2185 2186 2187 2188 2189 2190 2191 2192 2193 2194 2195 2196 2197 2198 2199 2200
o STATION_FORTRESS_M03RCT_Armor
usemtl Armor
v -15.8000 7.8000 -33.0000
v -15.8000 7.8000 -41.0000
v -25.8000 7.8000 -33.0000
v -25.8000 7.8000 -41.0000
v -15.8000 8.0000 -33.0000
v -15.8000 8.0000 -41.0000
v -25.8000 8.0000 -33.0000
v -25.8000 8.0000 -41.0000
v -15.8000 7.8000 -59.0000
v -15.8000 7.8000 -67.0000
v -25.8000 7.8000 -59.0000
v -25.8000 7.8000 -67.0000
v -15.8000 8.0000 -59.0000
v -15.8000 8.0000 -67.0000
v -25.8000 8.0000 -59.0000
v -25.8000 8.0000 -67.0000
f 2205 2207 2203 2201
f 2202 2204 2208 2206
f 2201 2202 2206 2205
f 2207 2208 2204 2203
f 2203 2204 2202 2201
f 2205 2206 2208 2207
f 2213 2215 2211 2209
f 2210 2212 2216 2214
f 2209 2210 2214 2213
f 2215 2216 2212 2211
f 2211 2212 2210 2209
f 2213 2214 2216 2215
o STATION_FORTRESS_M03RCT_AirlockPort_Door-col
usemtl Door
v -14.7500 0.0000 -41.2000
v -14.7500 0.0000 -41.3000
v -16.8500 0.0000 -41.2000
v -16.8500 0.0000 -41.3000
v -14.7500 2.6000 -41.2000
v -14.7500 2.6000 -41.3000
v -16.8500 2.6000 -41.2000
v -16.8500 2.6000 -41.3000
f 2221 2223 2219 2217
f 2218 2220 2224 2222
f 2217 2218 2222 2221
f 2223 2224 2220 2219
f 2219 2220 2218 2217
f 2221 2222 2224 2223
o STATION_FORTRESS_M03RCT_AirlockStbd_Door-col
usemtl Door
v -14.7500 0.0000 -58.7000
v -14.7500 0.0000 -58.8000
v -16.8500 0.0000 -58.7000
v -16.8500 0.0000 -58.8000
v -14.7500 2.6000 -58.7000
v -14.7500 2.6000 -58.8000
v -16.8500 2.6000 -58.7000
v -16.8500 2.6000 -58.8000
f 2229 2231 2227 2225
f 2226 2228 2232 2230
f 2225 2226 2230 2229
f 2231 2232 2228 2227
f 2227 2228 2226 2225
f 2229 2230 2232 2231
o STATION_FORTRESS_M03RCT_Connector_Back_Door-col
usemtl Door
v -10.5500 0.0000 -49.0500
v -10.5500 0.0000 -50.9500
v -10.6500 0.0000 -49.0500
v -10.6500 0.0000 -50.9500
v -10.5500 2.8000 -49.0500
v -10.5500 2.8000 -50.9500
v -10.6500 2.8000 -49.0500
v -10.6500 2.8000 -50.9500
f 2237 2239 2235 2233
f 2234 2236 2240 2238
f 2233 2234 2238 2237
f 2239 2240 2236 2235
f 2235 2236 2234 2233
f 2237 2238 2240 2239
o STATION_FORTRESS_M03RCT_Connector_Front_Door-col
usemtl Door
v -30.9500 0.0000 -49.0500
v -30.9500 0.0000 -50.9500
v -31.0500 0.0000 -49.0500
v -31.0500 0.0000 -50.9500
v -30.9500 2.8000 -49.0500
v -30.9500 2.8000 -50.9500
v -31.0500 2.8000 -49.0500
v -31.0500 2.8000 -50.9500
f 2245 2247 2243 2241
f 2242 2244 2248 2246
f 2241 2242 2246 2245
f 2247 2248 2244 2243
f 2243 2244 2242 2241
f 2245 2246 2248 2247
o STATION_FORTRESS_M03RCT_ControlConsole-col
usemtl Furniture
v -25.0000 0.0000 -52.6000
v -25.0000 0.0000 -53.8000
v -26.6000 0.0000 -52.6000
v -26.6000 0.0000 -53.8000
v -25.0000 1.0000 -52.6000
v -25.0000 1.0000 -53.8000
v -26.6000 1.0000 -52.6000
v -26.6000 1.0000 -53.8000
f 2253 2255 2251 2249
f 2250 2252 2256 2254
f 2249 2250 2254 2253
f 2255 2256 2252 2251
f 2251 2252 2250 2249
f 2253 2254 2256 2255
o STATION_FORTRESS_M03RCT_StatusLight
usemtl Lights
v -29.3000 8.4000 -49.5000
v -29.3000 8.4000 -50.5000
v -30.3000 8.4000 -49.5000
v -30.3000 8.4000 -50.5000
v -29.3000 8.7000 -49.5000
v -29.3000 8.7000 -50.5000
v -30.3000 8.7000 -49.5000
v -30.3000 8.7000 -50.5000
f 2261 2263 2259 2257
f 2258 2260 2264 2262
f 2257 2258 2262 2261
f 2263 2264 2260 2259
f 2259 2260 2258 2257
f 2261 2262 2264 2263
o STATION_FORTRESS_T02_Deck-col
usemtl Deck
v -1.4000 -0.3000 -54.4000
v 1.4000 -0.3000 -54.4000
v -1.4000 -0.3000 -74.7200
v 1.4000 -0.3000 -74.7200
v -1.4000 0.0000 -54.4000
v 1.4000 0.0000 -54.4000
v -1.4000 0.0000 -74.7200
v 1.4000 0.0000 -74.7200
f 2269 2271 2267 2265
f 2266 2268 2272 2270
f 2265 2266 2270 2269
f 2271 2272 2268 2267
f 2267 2268 2266 2265
f 2269 2270 2272 2271
o STATION_FORTRESS_T02_Hull-col
usemtl Hull
v -1.8000 3.2000 -54.4000
v 1.8000 3.2000 -54.4000
v -1.8000 3.2000 -74.7200
v 1.8000 3.2000 -74.7200
v -1.8000 3.6000 -54.4000
v 1.8000 3.6000 -54.4000
v -1.8000 3.6000 -74.7200
v 1.8000 3.6000 -74.7200
v -1.8000 -0.7000 -54.4000
v 1.8000 -0.7000 -54.4000
v -1.8000 -0.7000 -74.7200
v 1.8000 -0.7000 -74.7200
v -1.8000 -0.3000 -54.4000
v 1.8000 -0.3000 -54.4000
v -1.8000 -0.3000 -74.7200
v 1.8000 -0.3000 -74.7200
v -1.8000 -0.3000 -54.4000
v -1.4000 -0.3000 -54.4000
v -1.8000 -0.3000 -55.4000
v -1.4000 -0.3000 -55.4000
v -1.8000 3.2000 -54.4000
v -1.4000 3.2000 -54.4000
v -1.8000 3.2000 -55.4000
v -1.4000 3.2000 -55.4000
v -1.8000 -0.3000 -55.4000
v -1.4000 -0.3000 -55.4000
v -1.8000 -0.3000 -73.7200
v -1.4000 -0.3000 -73.7200
v -1.8000 1.2000 -55.4000
v -1.4000 1.2000 -55.4000
v -1.8000 1.2000 -73.7200
v -1.4000 1.2000 -73.7200
v -1.8000 2.4000 -55.4000
v -1.4000 2.4000 -55.4000
v -1.8000 2.4000 -73.7200
v -1.4000 2.4000 -73.7200
v -1.8000 3.2000 -55.4000
v -1.4000 3.2000 -55.4000
v -1.8000 3.2000 -73.7200
v -1.4000 3.2000 -73.7200
v -1.8000 -0.3000 -73.7200
v -1.4000 -0.3000 -73.7200
v -1.8000 -0.3000 -74.7200
v -1.4000 -0.3000 -74.7200
v -1.8000 3.2000 -73.7200
v -1.4000 3.2000 -73.7200
v -1.8000 3.2000 -74.7200
v -1.4000 3.2000 -74.7200
v 1.4000 -0.3000 -54.4000
v 1.8000 -0.3000 -54.4000
v 1.4000 -0.3000 -55.4000
v 1.8000 -0.3000 -55.4000
v 1.4000 3.2000 -54.4000
v 1.8000 3.2000 -54.4000
v 1.4000 3.2000 -55.4000
v 1.8000 3.2000 -55.4000
v 1.4000 -0.3000 -55.4000
v 1.8000 -0.3000 -55.4000
v 1.4000 -0.3000 -73.7200
v 1.8000 -0.3000 -73.7200
v 1.4000 1.2000 -55.4000
v 1.8000 1.2000 -55.4000
v 1.4000 1.2000 -73.7200
v 1.8000 1.2000 -73.7200
v 1.4000 2.4000 -55.4000
v 1.8000 2.4000 -55.4000
v 1.4000 2.4000 -73.7200
v 1.8000 2.4000 -73.7200
v 1.4000 3.2000 -55.4000
v 1.8000 3.2000 -55.4000
v 1.4000 3.2000 -73.7200
v 1.8000 3.2000 -73.7200
v 1.4000 -0.3000 -73.7200
v 1.8000 -0.3000 -73.7200
v 1.4000 -0.3000 -74.7200
v 1.8000 -0.3000 -74.7200
v 1.4000 3.2000 -73.7200
v 1.8000 3.2000 -73.7200
v 1.4000 3.2000 -74.7200
v 1.8000 3.2000 -74.7200
f 2277 2279 2275 2273
f 2274 2276 2280 2278
f 2273 2274 2278 2277
f 2279 2280 2276 2275
f 2275 2276 2274 2273
f 2277 2278 2280 2279
f 2285 2287 2283 2281
f 2282 2284 2288 2286
f 2281 2282 2286 2285
f 2287 2288 2284 2283
f 2283 2284 2282 2281
f 2285 2286 2288 2287
f 2293 2295 2291 2289
f 2290 2292 2296 2294
f 2289 2290 2294 2293
f 2295 2296 2292 2291
f 2291 2292 2290 2289
f 2293 2294 2296 2295
f 2301 2303 2299 2297
f 2298 2300 2304 2302
f 2297 2298 2302 2301
f 2303 2304 2300 2299
f 2299 2300 2298 2297
f 2301 2302 2304 2303
f 2309 2311 2307 2305
f 2306 2308 2312 2310
f 2305 2306 2310 2309
f 2311 2312 2308 2307
f 2307 2308 2306 2305
f 2309 2310 2312 2311
f 2317 2319 2315 2313
f 2314 2316 2320 2318
f 2313 2314 2318 2317
f 2319 2320 2316 2315
f 2315 2316 2314 2313
f 2317 2318 2320 2319
f 2325 2327 2323 2321
f 2322 2324 2328 2326
f 2321 2322 2326 2325
f 2327 2328 2324 2323
f 2323 2324 2322 2321
f 2325 2326 2328 2327
f 2333 2335 2331 2329
f 2330 2332 2336 2334
f 2329 2330 2334 2333
f 2335 2336 2332 2331
f 2331 2332 2330 2329
f 2333 2334 2336 2335
f 2341 2343 2339 2337
f 2338 2340 2344 2342
f 2337 2338 2342 2341
f 2343 2344 2340 2339
f 2339 2340 2338 2337
f 2341 2342 2344 2343
f 2349 2351 2347 2345
f 2346 2348 2352 2350
f 2345 2346 2350 2349
f 2351 2352 2348 2347
f 2347 2348 2346 2345
f 2349 2350 2352 2351
o STATION_FORTRESS_T02_Lights
usemtl Lights
v -0.3000 3.1200 -54.9000
v 0.3000 3.1200 -54.9000
v -0.3000 3.1200 -74.2200
v 0.3000 3.1200 -74.2200
v -0.3000 3.2000 -54.9000
v 0.3000 3.2000 -54.9000
v -0.3000 3.2000 -74.2200
v 0.3000 3.2000 -74.2200
f 2357 2359 2355 2353
f 2354 2356 2360 2358
f 2353 2354 2358 2357
f 2359 2360 2356 2355
f 2355 2356 2354 2353
f 2357 2358 2360 2359
o STATION_FORTRESS_T02_Glass-col
usemtl Glass
v -1.6000 1.2000 -55.4000
v -1.5500 1.2000 -55.4000
v -1.6000 1.2000 -73.7200
v -1.5500 1.2000 -73.7200
v -1.6000 2.4000 -55.4000
v -1.5500 2.4000 -55.4000
v -1.6000 2.4000 -73.7200
v -1.5500 2.4000 -73.7200
v 1.5500 1.2000 -55.4000
v 1.6000 1.2000 -55.4000
v 1.5500 1.2000 -73.7200
v 1.6000 1.2000 -73.7200
v 1.5500 2.4000 -55.4000
v 1.6000 2.4000 -55.4000
v 1.5500 2.4000 -73.7200
v 1.6000 2.4000 -73.7200
f 2365 2367 2363 2361
f 2362 2364 2368 2366
f 2361 2362 2366 2365
f 2367 2368 2364 2363
f 2363 2364 2362 2361
f 2365 2366 2368 2367
f 2373 2375 2371 2369
f 2370 2372 2376 2374
f 2369 2370 2374 2373
f 2375 2376 2372 2371
f 2371 2372 2370 2369
f 2373 2374 2376 2375
o STATION_FORTRESS_H02_Deck-col
usemtl Deck
v -4.0000 -0.3000 -75.1200
v 4.0000 -0.3000 -75.1200
v -4.0000 -0.3000 -83.1200
v 4.0000 -0.3000 -83.1200
v -4.0000 0.0000 -75.1200
v 4.0000 0.0000 -75.1200
v -4.0000 0.0000 -83.1200
v 4.0000 0.0000 -83.1200
f 2381 2383 2379 2377
f 2378 2380 2384 2382
f 2377 2378 2382 2381
f 2383 2384 2380 2379
f 2379 2380 2378 2377
f 2381 2382 2384 2383
o STATION_FORTRESS_H02_Hull-col
usemtl Hull
v -4.4000 4.0000 -74.7200
v 4.4000 4.0000 -74.7200
v -4.4000 4.0000 -83.5200
v 4.4000 4.0000 -83.5200
v -4.4000 4.4000 -74.7200
v 4.4000 4.4000 -74.7200
v -4.4000 4.4000 -83.5200
v 4.4000 4.4000 -83.5200
v -4.4000 -0.7000 -74.7200
v 4.4000 -0.7000 -74.7200
v -4.4000 -0.7000 -83.5200
v 4.4000 -0.7000 -83.5200
v -4.4000 -0.3000 -74.7200
v 4.4000 -0.3000 -74.7200
v -4.4000 -0.3000 -83.5200
v 4.4000 -0.3000 -83.5200
v -4.4000 -0.3000 -74.7200
v -1.1000 -0.3000 -74.7200
v -4.4000 -0.3000 -75.1200
v -1.1000 -0.3000 -75.1200
v -4.4000 4.0000 -74.7200
v -1.1000 4.0000 -74.7200
v -4.4000 4.0000 -75.1200
v -1.1000 4.0000 -75.1200
v -1.1000 -0.3000 -74.7200
v 1.1000 -0.3000 -74.7200
v -1.1000 -0.3000 -75.1200
v 1.1000 -0.3000 -75.1200
v -1.1000 0.0000 -74.7200
v 1.1000 0.0000 -74.7200
v -1.1000 0.0000 -75.1200
v 1.1000 0.0000 -75.1200
v -1.1000 3.0000 -74.7200
v 1.1000 3.0000 -74.7200
v -1.1000 3.0000 -75.1200
v 1.1000 3.0000 -75.1200
v -1.1000 4.0000 -74.7200
v 1.1000 4.0000 -74.7200
v -1.1000 4.0000 -75.1200
v 1.1000 4.0000 -75.1200
v 1.1000 -0.3000 -74.7200
v 4.4000 -0.3000 -74.7200
v 1.1000 -0.3000 -75.1200
v 4.4000 -0.3000 -75.1200
v 1.1000 4.0000 -74.7200
v 4.4000 4.0000 -74.7200
v 1.1000 4.0000 -75.1200
v 4.4000 4.0000 -75.1200
v -4.4000 -0.3000 -83.1200
v -1.1000 -0.3000 -83.1200
v -4.4000 -0.3000 -83.5200
v -1.1000 -0.3000 -83.5200
v -4.4000 4.0000 -83.1200
v -1.1000 4.0000 -83.1200
v -4.4000 4.0000 -83.5200
v -1.1000 4.0000 -83.5200
v -1.1000 -0.3000 -83.1200
v 1.1000 -0.3000 -83.1200
v -1.1000 -0.3000 -83.5200
v 1.1000 -0.3000 -83.5200
v -1.1000 0.0000 -83.1200
v 1.1000 0.0000 -83.1200
v -1.1000 0.0000 -83.5200
v 1.1000 0.0000 -83.5200
v -1.1000 3.0000 -83.1200
v 1.1000 3.0000 -83.1200
v -1.1000 3.0000 -83.5200
v 1.1000 3.0000 -83.5200
v -1.1000 4.0000 -83.1200
v 1.1000 4.0000 -83.1200
v -1.1000 4.0000 -83.5200
v 1.1000 4.0000 -83.5200
v 1.1000 -0.3000 -83.1200
v 4.4000 -0.3000 -83.1200
v 1.1000 -0.3000 -83.5200
v 4.4000 -0.3000 -83.5200
v 1.1000 4.0000 -83.1200
v 4.4000 4.0000 -83.1200
v 1.1000 4.0000 -83.5200
v 4.4000 4.0000 -83.5200
v -4.4000 -0.3000 -74.7200
v -4.0000 -0.3000 -74.7200
v -4.4000 -0.3000 -78.0200
v -4.0000 -0.3000 -78.0200
v -4.4000 4.0000 -74.7200
v -4.0000 4.0000 -74.7200
v -4.4000 4.0000 -78.0200
v -4.0000 4.0000 -78.0200
v -4.4000 -0.3000 -78.0200
v -4.0000 -0.3000 -78.0200
v -4.4000 -0.3000 -80.2200
v -4.0000 -0.3000 -80.2200
v -4.4000 0.0000 -78.0200
v -4.0000 0.0000 -78.0200
v -4.4000 0.0000 -80.2200
v -4.0000 0.0000 -80.2200
v -4.4000 3.0000 -78.0200
v -4.0000 3.0000 -78.0200
v -4.4000 3.0000 -80.2200
v -4.0000 3.0000 -80.2200
v -4.4000 4.0000 -78.0200
v -4.0000 4.0000 -78.0200
v -4.4000 4.0000 -80.2200
v -4.0000 4.0000 -80.2200
v -4.4000 -0.3000 -80.2200
v -4.0000 -0.3000 -80.2200
v -4.4000 -0.3000 -83.5200
v -4.0000 -0.3000 -83.5200
v -4.4000 4.0000 -80.2200
v -4.0000 4.0000 -80.2200
v -4.4000 4.0000 -83.5200
v -4.0000 4.0000 -83.5200
v 4.0000 -0.3000 -74.7200
v 4.4000 -0.3000 -74.7200
v 4.0000 -0.3000 -78.0200
v 4.4000 -0.3000 -78.0200
v 4.0000 4.0000 -74.7200
v 4.4000 4.0000 -74.7200
v 4.0000 4.0000 -78.0200
v 4.4000 4.0000 -78.0200
v 4.0000 -0.3000 -78.0200
v 4.4000 -0.3000 -78.0200
v 4.0000 -0.3000 -80.2200
v 4.4000 -0.3000 -80.2200
v 4.0000 0.0000 -78.0200
v 4.4000 0.0000 -78.0200
v 4.0000 0.0000 -80.2200
v 4.4000 0.0000 -80.2200
v 4.0000 3.0000 -78.0200
v 4.4000 3.0000 -78.0200
v 4.0000 3.0000 -80.2200
v 4.4000 3.0000 -80.2200
v 4.0000 4.0000 -78.0200
v 4.4000 4.0000 -78.0200
v 4.0000 4.0000 -80.2200
v 4.4000 4.0000 -80.2200
v 4.0000 -0.3000 -80.2200
v 4.4000 -0.3000 -80.2200
v 4.0000 -0.3000 -83.5200
v 4.4000 -0.3000 -83.5200
v 4.0000 4.0000 -80.2200
v 4.4000 4.0000 -80.2200
v 4.0000 4.0000 -83.5200
v 4.4000 4.0000 -83.5200
f 2389 2391 2387 2385
f 2386 2388 2392 2390
f 2385 2386 2390 2389
f 2391 2392 2388 2387
f 2387 2388 2386 2385
f 2389 2390 2392 2391
f 2397 2399 2395 2393
f 2394 2396 2400 2398
f 2393 2394 2398 2397
f 2399 2400 2396 2395
f 2395 2396 2394 2393
f 2397 2398 2400 2399
f 2405 2407 2403 2401
f 2402 2404 2408 2406
f 2401 2402 2406 2405
f 2407 2408 2404 2403
f 2403 2404 2402 2401
f 2405 2406 2408 2407
f 2413 2415 2411 2409
f 2410 2412 2416 2414
f 2409 2410 2414 2413
f 2415 2416 2412 2411
f 2411 2412 2410 2409
f 2413 2414 2416 2415
f 2421 2423 2419 2417
f 2418 2420 2424 2422
f 2417 2418 2422 2421
f 2423 2424 2420 2419
f 2419 2420 2418 2417
f 2421 2422 2424 2423
f 2429 2431 2427 2425
f 2426 2428 2432 2430
f 2425 2426 2430 2429
f 2431 2432 2428 2427
f 2427 2428 2426 2425
f 2429 2430 2432 2431
f 2437 2439 2435 2433
f 2434 2436 2440 2438
f 2433 2434 2438 2437
f 2439 2440 2436 2435
f 2435 2436 2434 2433
f 2437 2438 2440 2439
f 2445 2447 2443 2441
f 2442 2444 2448 2446
f 2441 2442 2446 2445
f 2447 2448 2444 2443
f 2443 2444 2442 2441
f 2445 2446 2448 2447
f 2453 2455 2451 2449
f 2450 2452 2456 2454
f 2449 2450 2454 2453
f 2455 2456 2452 2451
f 2451 2452 2450 2449
f 2453 2454 2456 2455
f 2461 2463 2459 2457
f 2458 2460 2464 2462
f 2457 2458 2462 2461
f 2463 2464 2460 2459
f 2459 2460 2458 2457
f 2461 2462 2464 2463
f 2469 2471 2467 2465
f 2466 2468 2472 2470
f 2465 2466 2470 2469
f 2471 2472 2468 2467
f 2467 2468 2466 2465
f 2469 2470 2472 2471
f 2477 2479 2475 2473
f 2474 2476 2480 2478
f 2473 2474 2478 2477
f 2479 2480 2476 2475
f 2475 2476 2474 2473
f 2477 2478 2480 2479
f 2485 2487 2483 2481
f 2482 2484 2488 2486
f 2481 2482 2486 2485
f 2487 2488 2484 2483
f 2483 2484 2482 2481
f 2485 2486 2488 2487
f 2493 2495 2491 2489
f 2490 2492 2496 2494
f 2489 2490 2494 2493
f 2495 2496 2492 2491
f 2491 2492 2490 2489
f 2493 2494 2496 2495
f 2501 2503 2499 2497
f 2498 2500 2504 2502
f 2497 2498 2502 2501
f 2503 2504 2500 2499
f 2499 2500 2498 2497
f 2501 2502 2504 2503
f 2509 2511 2507 2505
f 2506 2508 2512 2510
f 2505 2506 2510 2509
f 2511 2512 2508 2507
f 2507 2508 2506 2505
f 2509 2510 2512 2511
f 2517 2519 2515 2513
f 2514 2516 2520 2518
f 2513 2514 2518 2517
f 2519 2520 2516 2515
f 2515 2516 2514 2513
f 2517 2518 2520 2519
f 2525 2527 2523 2521
f 2522 2524 2528 2526
f 2521 2522 2526 2525
f 2527 2528 2524 2523
f 2523 2524 2522 2521
f 2525 2526 2528 2527
o STATION_FORTRESS_H02_Lights
usemtl Lights
v -1.0000 3.9200 -78.1200
v 1.0000 3.9200 -78.1200
v -1.0000 3.9200 -80.1200
v 1.0000 3.9200 -80.1200
v -1.0000 4.0000 -78.1200
v 1.0000 4.0000 -78.1200
v -1.0000 4.0000 -80.1200
v 1.0000 4.0000 -80.1200
f 2533 2535 2531 2529
f 2530 2532 2536 2534
f 2529 2530 2534 2533
f 2535 2536 2532 2531
f 2531 2532 2530 2529
f 2533 2534 2536 2535
o STATION_FORTRESS_T02R_Deck-col
usemtl Deck
v 4.4000 -0.3000 -80.5200
v 4.4000 -0.3000 -77.7200
v 10.4000 -0.3000 -80.5200
v 10.4000 -0.3000 -77.7200
v 4.4000 0.0000 -80.5200
v 4.4000 0.0000 -77.7200
v 10.4000 0.0000 -80.5200
v 10.4000 0.0000 -77.7200
f 2541 2543 2539 2537
f 2538 2540 2544 2542
f 2537 2538 2542 2541
f 2543 2544 2540 2539
f 2539 2540 2538 2537
f 2541 2542 2544 2543
o STATION_FORTRESS_T02R_Hull-col
usemtl Hull
v 4.4000 3.2000 -80.9200
v 4.4000 3.2000 -77.3200
v 10.4000 3.2000 -80.9200
v 10.4000 3.2000 -77.3200
v 4.4000 3.6000 -80.9200
v 4.4000 3.6000 -77.3200
v 10.4000 3.6000 -80.9200
v 10.4000 3.6000 -77.3200
v 4.4000 -0.7000 -80.9200
v 4.4000 -0.7000 -77.3200
v 10.4000 -0.7000 -80.9200
v 10.4000 -0.7000 -77.3200
v 4.4000 -0.3000 -80.9200
v 4.4000 -0.3000 -77.3200
v 10.4000 -0.3000 -80.9200
v 10.4000 -0.3000 -77.3200
v 4.4000 -0.3000 -80.9200
v 4.4000 -0.3000 -80.5200
v 5.4000 -0.3000 -80.9200
v 5.4000 -0.3000 -80.5200
v 4.4000 3.2000 -80.9200
v 4.4000 3.2000 -80.5200
v 5.4000 3.2000 -80.9200
v 5.4000 3.2000 -80.5200
v 5.4000 -0.3000 -80.9200
v 5.4000 -0.3000 -80.5200
v 9.4000 -0.3000 -80.9200
v 9.4000 -0.3000 -80.5200
v 5.4000 1.2000 -80.9200
v 5.4000 1.2000 -80.5200
v 9.4000 1.2000 -80.9200
v 9.4000 1.2000 -80.5200
v 5.4000 2.4000 -80.9200
v 5.4000 2.4000 -80.5200
v 9.4000 2.4000 -80.9200
v 9.4000 2.4000 -80.5200
v 5.4000 3.2000 -80.9200
v 5.4000 3.2000 -80.5200
v 9.4000 3.2000 -80.9200
v 9.4000 3.2000 -80.5200
v 9.4000 -0.3000 -80.9200
v 9.4000 -0.3000 -80.5200
v 10.4000 -0.3000 -80.9200
v 10.4000 -0.3000 -80.5200
v 9.4000 3.2000 -80.9200
v 9.4000 3.2000 -80.5200
v 10.4000 3.2000 -80.9200
v 10.4000 3.2000 -80.5200
v 4.4000 -0.3000 -77.7200
v 4.4000 -0.3000 -77.3200
v 5.4000 -0.3000 -77.7200
v 5.4000 -0.3000 -77.3200
v 4.4000 3.2000 -77.7200
v 4.4000 3.2000 -77.3200
v 5.4000 3.2000 -77.7200
v 5.4000 3.2000 -77.3200
v 5.4000 -0.3000 -77.7200
v 5.4000 -0.3000 -77.3200
v 9.4000 -0.3000 -77.7200
v 9.4000 -0.3000 -77.3200
v 5.4000 1.2000 -77.7200
v 5.4000 1.2000 -77.3200
v 9.4000 1.2000 -77.7200
v 9.4000 1.2000 -77.3200
v 5.4000 2.4000 -77.7200
v 5.4000 2.4000 -77.3200
v 9.4000 2.4000 -77.7200
v 9.4000 2.4000 -77.3200
v 5.4000 3.2000 -77.7200
v 5.4000 3.2000 -77.3200
v 9.4000 3.2000 -77.7200
v 9.4000 3.2000 -77.3200
v 9.4000 -0.3000 -77.7200
v 9.4000 -0.3000 -77.3200
v 10.4000 -0.3000 -77.7200
v 10.4000 -0.3000 -77.3200
v 9.4000 3.2000 -77.7200
v 9.4000 3.2000 -77.3200
v 10.4000 3.2000 -77.7200
v 10.4000 3.2000 -77.3200
f 2549 2551 2547 2545
f 2546 2548 2552 2550
f 2545 2546 2550 2549
f 2551 2552 2548 2547
f 2547 2548 2546 2545
f 2549 2550 2552 2551
f 2557 2559 2555 2553
f 2554 2556 2560 2558
f 2553 2554 2558 2557
f 2559 2560 2556 2555
f 2555 2556 2554 2553
f 2557 2558 2560 2559
f 2565 2567 2563 2561
f 2562 2564 2568 2566
f 2561 2562 2566 2565
f 2567 2568 2564 2563
f 2563 2564 2562 2561
f 2565 2566 2568 2567
f 2573 2575 2571 2569
f 2570 2572 2576 2574
f 2569 2570 2574 2573
f 2575 2576 2572 2571
f 2571 2572 2570 2569
f 2573 2574 2576 2575
f 2581 2583 2579 2577
f 2578 2580 2584 2582
f 2577 2578 2582 2581
f 2583 2584 2580 2579
f 2579 2580 2578 2577
f 2581 2582 2584 2583
f 2589 2591 2587 2585
f 2586 2588 2592 2590
f 2585 2586 2590 2589
f 2591 2592 2588 2587
f 2587 2588 2586 2585
f 2589 2590 2592 2591
f 2597 2599 2595 2593
f 2594 2596 2600 2598
f 2593 2594 2598 2597
f 2599 2600 2596 2595
f 2595 2596 2594 2593
f 2597 2598 2600 2599
f 2605 2607 2603 2601
f 2602 2604 2608 2606
f 2601 2602 2606 2605
f 2607 2608 2604 2603
f 2603 2604 2602 2601
f 2605 2606 2608 2607
f 2613 2615 2611 2609
f 2610 2612 2616 2614
f 2609 2610 2614 2613
f 2615 2616 2612 2611
f 2611 2612 2610 2609
f 2613 2614 2616 2615
f 2621 2623 2619 2617
f 2618 2620 2624 2622
f 2617 2618 2622 2621
f 2623 2624 2620 2619
f 2619 2620 2618 2617
f 2621 2622 2624 2623
o STATION_FORTRESS_T02R_Lights
usemtl Lights
v 4.9000 3.1200 -79.4200
v 4.9000 3.1200 -78.8200
v 9.9000 3.1200 -79.4200
v 9.9000 3.1200 -78.8200
v 4.9000 3.2000 -79.4200
v 4.9000 3.2000 -78.8200
v 9.9000 3.2000 -79.4200
v 9.9000 3.2000 -78.8200
f 2629 2631 2627 2625
f 2626 2628 2632 2630
f 2625 2626 2630 2629
f 2631 2632 2628 2627
f 2627 2628 2626 2625
f 2629 2630 2632 2631
o STATION_FORTRESS_T02R_Glass-col
usemtl Glass
v 5.4000 1.2000 -80.7200
v 5.4000 1.2000 -80.6700
v 9.4000 1.2000 -80.7200
v 9.4000 1.2000 -80.6700
v 5.4000 2.4000 -80.7200
v 5.4000 2.4000 -80.6700
v 9.4000 2.4000 -80.7200
v 9.4000 2.4000 -80.6700
v 5.4000 1.2000 -77.5700
v 5.4000 1.2000 -77.5200
v 9.4000 1.2000 -77.5700
v 9.4000 1.2000 -77.5200
v 5.4000 2.4000 -77.5700
v 5.4000 2.4000 -77.5200
v 9.4000 2.4000 -77.5700
v 9.4000 2.4000 -77.5200
f 2637 2639 2635 2633
f 2634 2636 2640 2638
f 2633 2634 2638 2637
f 2639 2640 2636 2635
f 2635 2636 2634 2633
f 2637 2638 2640 2639
f 2645 2647 2643 2641
f 2642 2644 2648 2646
f 2641 2642 2646 2645
f 2647 2648 2644 2643
f 2643 2644 2642 2641
f 2645 2646 2648 2647
o STATION_FORTRESS_M04DEF_Deck-col
usemtl Deck
v 10.8000 -0.3000 -87.6200
v 10.8000 -0.3000 -70.6200
v 24.8000 -0.3000 -87.6200
v 24.8000 -0.3000 -70.6200
v 10.8000 0.0000 -87.6200
v 10.8000 0.0000 -70.6200
v 24.8000 0.0000 -87.6200
v 24.8000 0.0000 -70.6200
f 2653 2655 2651 2649
f 2650 2652 2656 2654
f 2649 2650 2654 2653
f 2655 2656 2652 2651
f 2651 2652 2650 2649
f 2653 2654 2656 2655
o STATION_FORTRESS_M04DEF_Hull-col
usemtl Hull
v 10.4000 4.0000 -88.1200
v 10.4000 4.0000 -70.1200
v 25.2000 4.0000 -88.1200
v 25.2000 4.0000 -70.1200
v 10.4000 4.4000 -88.1200
v 10.4000 4.4000 -70.1200
v 25.2000 4.4000 -88.1200
v 25.2000 4.4000 -70.1200
v 10.4000 -0.7000 -88.1200
v 10.4000 -0.7000 -70.1200
v 25.2000 -0.7000 -88.1200
v 25.2000 -0.7000 -70.1200
v 10.4000 -0.3000 -88.1200
v 10.4000 -0.3000 -70.1200
v 25.2000 -0.3000 -88.1200
v 25.2000 -0.3000 -70.1200
v 10.8000 -0.3000 -88.1200
v 10.8000 -0.3000 -87.6200
v 13.3000 -0.3000 -88.1200
v 13.3000 -0.3000 -87.6200
v 10.8000 4.0000 -88.1200
v 10.8000 4.0000 -87.6200
v 13.3000 4.0000 -88.1200
v 13.3000 4.0000 -87.6200
v 13.3000 -0.3000 -88.1200
v 13.3000 -0.3000 -87.6200
v 15.3000 -0.3000 -88.1200
v 15.3000 -0.3000 -87.6200
v 13.3000 0.0000 -88.1200
v 13.3000 0.0000 -87.6200
v 15.3000 0.0000 -88.1200
v 15.3000 0.0000 -87.6200
v 13.3000 2.6000 -88.1200
v 13.3000 2.6000 -87.6200
v 15.3000 2.6000 -88.1200
v 15.3000 2.6000 -87.6200
v 13.3000 4.0000 -88.1200
v 13.3000 4.0000 -87.6200
v 15.3000 4.0000 -88.1200
v 15.3000 4.0000 -87.6200
v 15.3000 -0.3000 -88.1200
v 15.3000 -0.3000 -87.6200
v 24.8000 -0.3000 -88.1200
v 24.8000 -0.3000 -87.6200
v 15.3000 4.0000 -88.1200
v 15.3000 4.0000 -87.6200
v 24.8000 4.0000 -88.1200
v 24.8000 4.0000 -87.6200
v 10.8000 -0.3000 -70.6200
v 10.8000 -0.3000 -70.1200
v 13.3000 -0.3000 -70.6200
v 13.3000 -0.3000 -70.1200
v 10.8000 4.0000 -70.6200
v 10.8000 4.0000 -70.1200
v 13.3000 4.0000 -70.6200
v 13.3000 4.0000 -70.1200
v 13.3000 -0.3000 -70.6200
v 13.3000 -0.3000 -70.1200
v 15.3000 -0.3000 -70.6200
v 15.3000 -0.3000 -70.1200
v 13.3000 0.0000 -70.6200
v 13.3000 0.0000 -70.1200
v 15.3000 0.0000 -70.6200
v 15.3000 0.0000 -70.1200
v 13.3000 2.6000 -70.6200
v 13.3000 2.6000 -70.1200
v 15.3000 2.6000 -70.6200
v 15.3000 2.6000 -70.1200
v 13.3000 4.0000 -70.6200
v 13.3000 4.0000 -70.1200
v 15.3000 4.0000 -70.6200
v 15.3000 4.0000 -70.1200
v 15.3000 -0.3000 -70.6200
v 15.3000 -0.3000 -70.1200
v 24.8000 -0.3000 -70.6200
v 24.8000 -0.3000 -70.1200
v 15.3000 4.0000 -70.6200
v 15.3000 4.0000 -70.1200
v 24.8000 4.0000 -70.6200
v 24.8000 4.0000 -70.1200
v 10.4000 -0.3000 -88.1200
v 10.4000 -0.3000 -80.0200
v 10.8000 -0.3000 -88.1200
v 10.8000 -0.3000 -80.0200
v 10.4000 4.0000 -88.1200
v 10.4000 4.0000 -80.0200
v 10.8000 4.0000 -88.1200
v 10.8000 4.0000 -80.0200
v 10.4000 -0.3000 -80.0200
v 10.4000 -0.3000 -78.2200
v 10.8000 -0.3000 -80.0200
v 10.8000 -0.3000 -78.2200
v 10.4000 0.0000 -80.0200
v 10.4000 0.0000 -78.2200
v 10.8000 0.0000 -80.0200
v 10.8000 0.0000 -78.2200
v 10.4000 2.8000 -80.0200
v 10.4000 2.8000 -78.2200
v 10.8000 2.8000 -80.0200
v 10.8000 2.8000 -78.2200
v 10.4000 4.0000 -80.0200
v 10.4000 4.0000 -78.2200
v 10.8000 4.0000 -80.0200
v 10.8000 4.0000 -78.2200
v 10.4000 -0.3000 -78.2200
v 10.4000 -0.3000 -70.1200
v 10.8000 -0.3000 -78.2200
v 10.8000 -0.3000 -70.1200
v 10.4000 4.0000 -78.2200
v 10.4000 4.0000 -70.1200
v 10.8000 4.0000 -78.2200
v 10.8000 4.0000 -70.1200
v 24.8000 -0.3000 -88.1200
v 24.8000 -0.3000 -80.0200
v 25.2000 -0.3000 -88.1200
v 25.2000 -0.3000 -80.0200
v 24.8000 4.0000 -88.1200
v 24.8000 4.0000 -80.0200
v 25.2000 4.0000 -88.1200
v 25.2000 4.0000 -80.0200
v 24.8000 -0.3000 -80.0200
v 24.8000 -0.3000 -78.2200
v 25.2000 -0.3000 -80.0200
v 25.2000 -0.3000 -78.2200
v 24.8000 0.0000 -80.0200
v 24.8000 0.0000 -78.2200
v 25.2000 0.0000 -80.0200
v 25.2000 0.0000 -78.2200
v 24.8000 2.8000 -80.0200
v 24.8000 2.8000 -78.2200
v 25.2000 2.8000 -80.0200
v 25.2000 2.8000 -78.2200
v 24.8000 4.0000 -80.0200
v 24.8000 4.0000 -78.2200
v 25.2000 4.0000 -80.0200
v 25.2000 4.0000 -78.2200
v 24.8000 -0.3000 -78.2200
v 24.8000 -0.3000 -70.1200
v 25.2000 -0.3000 -78.2200
v 25.2000 -0.3000 -70.1200
v 24.8000 4.0000 -78.2200
v 24.8000 4.0000 -70.1200
v 25.2000 4.0000 -78.2200
v 25.2000 4.0000 -70.1200
f 2661 2663 2659 2657
f 2658 2660 2664 2662
f 2657 2658 2662 2661
f 2663 2664 2660 2659
f 2659 2660 2658 2657
f 2661 2662 2664 2663
f 2669 2671 2667 2665
f 2666 2668 2672 2670
f 2665 2666 2670 2669
f 2671 2672 2668 2667
f 2667 2668 2666 2665
f 2669 2670 2672 2671
f 2677 2679 2675 2673
f 2674 2676 2680 2678
f 2673 2674 2678 2677
f 2679 2680 2676 2675
f 2675 2676 2674 2673
f 2677 2678 2680 2679
f 2685 2687 2683 2681
f 2682 2684 2688 2686
f 2681 2682 2686 2685
f 2687 2688 2684 2683
f 2683 2684 2682 2681
f 2685 2686 2688 2687
f 2693 2695 2691 2689
f 2690 2692 2696 2694
f 2689 2690 2694 2693
f 2695 2696 2692 2691
f 2691 2692 2690 2689
f 2693 2694 2696 2695
f 2701 2703 2699 2697
f 2698 2700 2704 2702
f 2697 2698 2702 2701
f 2703 2704 2700 2699
f 2699 2700 2698 2697
f 2701 2702 2704 2703
f 2709 2711 2707 2705
f 2706 2708 2712 2710
f 2705 2706 2710 2709
f 2711 2712 2708 2707
f 2707 2708 2706 2705
f 2709 2710 2712 2711
f 2717 2719 2715 2713
f 2714 2716 2720 2718
f 2713 2714 2718 2717
f 2719 2720 2716 2715
f 2715 2716 2714 2713
f 2717 2718 2720 2719
f 2725 2727 2723 2721
f 2722 2724 2728 2726
f 2721 2722 2726 2725
f 2727 2728 2724 2723
f 2723 2724 2722 2721
f 2725 2726 2728 2727
f 2733 2735 2731 2729
f 2730 2732 2736 2734
f 2729 2730 2734 2733
f 2735 2736 2732 2731
f 2731 2732 2730 2729
f 2733 2734 2736 2735
f 2741 2743 2739 2737
f 2738 2740 2744 2742
f 2737 2738 2742 2741
f 2743 2744 2740 2739
f 2739 2740 2738 2737
f 2741 2742 2744 2743
f 2749 2751 2747 2745
f 2746 2748 2752 2750
f 2745 2746 2750 2749
f 2751 2752 2748 2747
f 2747 2748 2746 2745
f 2749 2750 2752 2751
f 2757 2759 2755 2753
f 2754 2756 2760 2758
f 2753 2754 2758 2757
f 2759 2760 2756 2755
f 2755 2756 2754 2753
f 2757 2758 2760 2759
f 2765 2767 2763 2761
f 2762 2764 2768 2766
f 2761 2762 2766 2765
f 2767 2768 2764 2763
f 2763 2764 2762 2761
f 2765 2766 2768 2767
f 2773 2775 2771 2769
f 2770 2772 2776 2774
f 2769 2770 2774 2773
f 2775 2776 2772 2771
f 2771 2772 2770 2769
f 2773 2774 2776 2775
f 2781 2783 2779 2777
f 2778 2780 2784 2782
f 2777 2778 2782 2781
f 2783 2784 2780 2779
f 2779 2780 2778 2777
f 2781 2782 2784 2783
f 2789 2791 2787 2785
f 2786 2788 2792 2790
f 2785 2786 2790 2789
f 2791 2792 2788 2787
f 2787 2788 2786 2785
f 2789 2790 2792 2791
f 2797 2799 2795 2793
f 2794 2796 2800 2798
f 2793 2794 2798 2797
f 2799 2800 2796 2795
f 2795 2796 2794 2793
f 2797 2798 2800 2799
o STATION_FORTRESS_M04DEF_Interior-col
usemtl Interior
v 17.7000 0.0000 -87.6200
v 17.7000 0.0000 -80.3200
v 17.9000 0.0000 -87.6200
v 17.9000 0.0000 -80.3200
v 17.7000 4.0000 -87.6200
v 17.7000 4.0000 -80.3200
v 17.9000 4.0000 -87.6200
v 17.9000 4.0000 -80.3200
v 17.7000 3.0000 -80.3200
v 17.7000 3.0000 -77.9200
v 17.9000 3.0000 -80.3200
v 17.9000 3.0000 -77.9200
v 17.7000 4.0000 -80.3200
v 17.7000 4.0000 -77.9200
v 17.9000 4.0000 -80.3200
v 17.9000 4.0000 -77.9200
v 17.7000 0.0000 -77.9200
v 17.7000 0.0000 -70.6200
v 17.9000 0.0000 -77.9200
v 17.9000 0.0000 -70.6200
v 17.7000 4.0000 -77.9200
v 17.7000 4.0000 -70.6200
v 17.9000 4.0000 -77.9200
v 17.9000 4.0000 -70.6200
v 17.8000 0.0000 -80.5200
v 17.8000 0.0000 -80.3200
v 20.5000 0.0000 -80.5200
v 20.5000 0.0000 -80.3200
v 17.8000 4.0000 -80.5200
v 17.8000 4.0000 -80.3200
v 20.5000 4.0000 -80.5200
v 20.5000 4.0000 -80.3200
v 20.5000 2.6000 -80.5200
v 20.5000 2.6000 -80.3200
v 22.1000 2.6000 -80.5200
v 22.1000 2.6000 -80.3200
v 20.5000 4.0000 -80.5200
v 20.5000 4.0000 -80.3200
v 22.1000 4.0000 -80.5200
v 22.1000 4.0000 -80.3200
v 22.1000 0.0000 -80.5200
v 22.1000 0.0000 -80.3200
v 24.8000 0.0000 -80.5200
v 24.8000 0.0000 -80.3200
v 22.1000 4.0000 -80.5200
v 22.1000 4.0000 -80.3200
v 24.8000 4.0000 -80.5200
v 24.8000 4.0000 -80.3200
v 17.8000 0.0000 -77.9200
v 17.8000 0.0000 -77.7200
v 20.5000 0.0000 -77.9200
v 20.5000 0.0000 -77.7200
v 17.8000 4.0000 -77.9200
v 17.8000 4.0000 -77.7200
v 20.5000 4.0000 -77.9200
v 20.5000 4.0000 -77.7200
v 20.5000 2.6000 -77.9200
v 20.5000 2.6000 -77.7200
v 22.1000 2.6000 -77.9200
v 22.1000 2.6000 -77.7200
v 20.5000 4.0000 -77.9200
v 20.5000 4.0000 -77.7200
v 22.1000 4.0000 -77.9200
v 22.1000 4.0000 -77.7200
v 22.1000 0.0000 -77.9200
v 22.1000 0.0000 -77.7200
v 24.8000 0.0000 -77.9200
v 24.8000 0.0000 -77.7200
v 22.1000 4.0000 -77.9200
v 22.1000 4.0000 -77.7200
v 24.8000 4.0000 -77.9200
v 24.8000 4.0000 -77.7200
f 2805 2807 2803 2801
f 2802 2804 2808 2806
f 2801 2802 2806 2805
f 2807 2808 2804 2803
f 2803 2804 2802 2801
f 2805 2806 2808 2807
f 2813 2815 2811 2809
f 2810 2812 2816 2814
f 2809 2810 2814 2813
f 2815 2816 2812 2811
f 2811 2812 2810 2809
f 2813 2814 2816 2815
f 2821 2823 2819 2817
f 2818 2820 2824 2822
f 2817 2818 2822 2821
f 2823 2824 2820 2819
f 2819 2820 2818 2817
f 2821 2822 2824 2823
f 2829 2831 2827 2825
f 2826 2828 2832 2830
f 2825 2826 2830 2829
f 2831 2832 2828 2827
f 2827 2828 2826 2825
f 2829 2830 2832 2831
f 2837 2839 2835 2833
f 2834 2836 2840 2838
f 2833 2834 2838 2837
f 2839 2840 2836 2835
f 2835 2836 2834 2833
f 2837 2838 2840 2839
f 2845 2847 2843 2841
f 2842 2844 2848 2846
f 2841 2842 2846 2845
f 2847 2848 2844 2843
f 2843 2844 2842 2841
f 2845 2846 2848 2847
f 2853 2855 2851 2849
f 2850 2852 2856 2854
f 2849 2850 2854 2853
f 2855 2856 2852 2851
f 2851 2852 2850 2849
f 2853 2854 2856 2855
f 2861 2863 2859 2857
f 2858 2860 2864 2862
f 2857 2858 2862 2861
f 2863 2864 2860 2859
f 2859 2860 2858 2857
f 2861 2862 2864 2863
f 2869 2871 2867 2865
f 2866 2868 2872 2870
f 2865 2866 2870 2869
f 2871 2872 2868 2867
f 2867 2868 2866 2865
f 2869 2870 2872 2871
o STATION_FORTRESS_M04DEF_Furniture-col
usemtl Furniture
v 18.4000 0.0000 -71.4200
v 18.4000 0.0000 -70.7200
v 24.2000 0.0000 -71.4200
v 24.2000 0.0000 -70.7200
v 18.4000 1.1000 -71.4200
v 18.4000 1.1000 -70.7200
v 24.2000 1.1000 -71.4200
v 24.2000 1.1000 -70.7200
v 18.4000 0.0000 -87.5200
v 18.4000 0.0000 -87.0200
v 20.8000 0.0000 -87.5200
v 20.8000 0.0000 -87.0200
v 18.4000 2.0000 -87.5200
v 18.4000 2.0000 -87.0200
v 20.8000 2.0000 -87.5200
v 20.8000 2.0000 -87.0200
v 20.7000 0.0000 -83.1200
v 20.7000 0.0000 -81.7200
v 21.9000 0.0000 -83.1200
v 21.9000 0.0000 -81.7200
v 20.7000 0.7500 -83.1200
v 20.7000 0.7500 -81.7200
v 21.9000 0.7500 -83.1200
v 21.9000 0.7500 -81.7200
v 18.2000 0.0000 -78.2700
v 18.2000 0.0000 -77.9200
v 19.4000 0.0000 -78.2700
v 19.4000 0.0000 -77.9200
v 18.2000 2.0000 -78.2700
v 18.2000 2.0000 -77.9200
v 19.4000 2.0000 -78.2700
v 19.4000 2.0000 -77.9200
v 13.1000 0.0000 -85.6200
v 13.1000 0.0000 -81.9200
v 15.5000 0.0000 -85.6200
v 15.5000 0.0000 -81.9200
v 13.1000 1.2000 -85.6200
v 13.1000 1.2000 -81.9200
v 15.5000 1.2000 -85.6200
v 15.5000 1.2000 -81.9200
v 12.7667 0.6000 -87.5700
v 12.7667 0.6000 -87.1700
v 13.7667 0.6000 -87.5700
v 13.7667 0.6000 -87.1700
v 12.7667 2.0000 -87.5700
v 12.7667 2.0000 -87.1700
v 13.7667 2.0000 -87.5700
v 13.7667 2.0000 -87.1700
v 14.8333 0.6000 -71.0700
v 14.8333 0.6000 -70.6700
v 15.8333 0.6000 -71.0700
v 15.8333 0.6000 -70.6700
v 14.8333 2.0000 -71.0700
v 14.8333 2.0000 -70.6700
v 15.8333 2.0000 -71.0700
v 15.8333 2.0000 -70.6700
f 2877 2879 2875 2873
f 2874 2876 2880 2878
f 2873 2874 2878 2877
f 2879 2880 2876 2875
f 2875 2876 2874 2873
f 2877 2878 2880 2879
f 2885 2887 2883 2881
f 2882 2884 2888 2886
f 2881 2882 2886 2885
f 2887 2888 2884 2883
f 2883 2884 2882 2881
f 2885 2886 2888 2887
f 2893 2895 2891 2889
f 2890 2892 2896 2894
f 2889 2890 2894 2893
f 2895 2896 2892 2891
f 2891 2892 2890 2889
f 2893 2894 2896 2895
f 2901 2903 2899 2897
f 2898 2900 2904 2902
f 2897 2898 2902 2901
f 2903 2904 2900 2899
f 2899 2900 2898 2897
f 2901 2902 2904 2903
f 2909 2911 2907 2905
f 2906 2908 2912 2910
f 2905 2906 2910 2909
f 2911 2912 2908 2907
f 2907 2908 2906 2905
f 2909 2910 2912 2911
f 2917 2919 2915 2913
f 2914 2916 2920 2918
f 2913 2914 2918 2917
f 2919 2920 2916 2915
f 2915 2916 2914 2913
f 2917 2918 2920 2919
f 2925 2927 2923 2921
f 2922 2924 2928 2926
f 2921 2922 2926 2925
f 2927 2928 2924 2923
f 2923 2924 2922 2921
f 2925 2926 2928 2927
o STATION_FORTRESS_M04DEF_Cover-col
usemtl Cover
v 12.2500 0.0000 -82.7200
v 12.2500 0.0000 -81.7200
v 13.2500 0.0000 -82.7200
v 13.2500 0.0000 -81.7200
v 12.2500 1.1000 -82.7200
v 12.2500 1.1000 -81.7200
v 13.2500 1.1000 -82.7200
v 13.2500 1.1000 -81.7200
v 15.3500 0.0000 -82.7200
v 15.3500 0.0000 -81.7200
v 16.3500 0.0000 -82.7200
v 16.3500 0.0000 -81.7200
v 15.3500 1.1000 -82.7200
v 15.3500 1.1000 -81.7200
v 16.3500 1.1000 -82.7200
v 16.3500 1.1000 -81.7200
f 2933 2935 2931 2929
f 2930 2932 2936 2934
f 2929 2930 2934 2933
f 2935 2936 2932 2931
f 2931 2932 2930 2929
f 2933 2934 2936 2935
f 2941 2943 2939 2937
f 2938 2940 2944 2942
f 2937 2938 2942 2941
f 2943 2944 2940 2939
f 2939 2940 2938 2937
f 2941 2942 2944 2943
o STATION_FORTRESS_M04DEF_Hazard
usemtl Hazard
v 13.0000 0.0000 -88.2400
v 13.0000 0.0000 -88.1200
v 13.3000 0.0000 -88.2400
v 13.3000 0.0000 -88.1200
v 13.0000 2.9000 -88.2400
v 13.0000 2.9000 -88.1200
v 13.3000 2.9000 -88.2400
v 13.3000 2.9000 -88.1200
v 15.3000 0.0000 -88.2400
v 15.3000 0.0000 -88.1200
v 15.6000 0.0000 -88.2400
v 15.6000 0.0000 -88.1200
v 15.3000 2.9000 -88.2400
v 15.3000 2.9000 -88.1200
v 15.6000 2.9000 -88.2400
v 15.6000 2.9000 -88.1200
v 13.0000 0.0000 -70.1200
v 13.0000 0.0000 -70.0000
v 13.3000 0.0000 -70.1200
v 13.3000 0.0000 -70.0000
v 13.0000 2.9000 -70.1200
v 13.0000 2.9000 -70.0000
v 13.3000 2.9000 -70.1200
v 13.3000 2.9000 -70.0000
v 15.3000 0.0000 -70.1200
v 15.3000 0.0000 -70.0000
v 15.6000 0.0000 -70.1200
v 15.6000 0.0000 -70.0000
v 15.3000 2.9000 -70.1200
v 15.3000 2.9000 -70.0000
v 15.6000 2.9000 -70.1200
v 15.6000 2.9000 -70.0000
v 25.2000 2.8000 -80.3200
v 25.2000 2.8000 -77.9200
v 25.2400 2.8000 -80.3200
v 25.2400 2.8000 -77.9200
v 25.2000 3.0000 -80.3200
v 25.2000 3.0000 -77.9200
v 25.2400 3.0000 -80.3200
v 25.2400 3.0000 -77.9200
v 12.7667 1.8000 -87.1700
v 12.7667 1.8000 -87.1500
v 13.7667 1.8000 -87.1700
v 13.7667 1.8000 -87.1500
v 12.7667 2.0000 -87.1700
v 12.7667 2.0000 -87.1500
v 13.7667 2.0000 -87.1700
v 13.7667 2.0000 -87.1500
v 14.8333 1.8000 -71.0900
v 14.8333 1.8000 -71.0700
v 15.8333 1.8000 -71.0900
v 15.8333 1.8000 -71.0700
v 14.8333 2.0000 -71.0900
v 14.8333 2.0000 -71.0700
v 15.8333 2.0000 -71.0900
v 15.8333 2.0000 -71.0700
f 2949 2951 2947 2945
f 2946 2948 2952 2950
f 2945 2946 2950 2949
f 2951 2952 2948 2947
f 2947 2948 2946 2945
f 2949 2950 2952 2951
f 2957 2959 2955 2953
f 2954 2956 2960 2958
f 2953 2954 2958 2957
f 2959 2960 2956 2955
f 2955 2956 2954 2953
f 2957 2958 2960 2959
f 2965 2967 2963 2961
f 2962 2964 2968 2966
f 2961 2962 2966 2965
f 2967 2968 2964 2963
f 2963 2964 2962 2961
f 2965 2966 2968 2967
f 2973 2975 2971 2969
f 2970 2972 2976 2974
f 2969 2970 2974 2973
f 2975 2976 2972 2971
f 2971 2972 2970 2969
f 2973 2974 2976 2975
f 2981 2983 2979 2977
f 2978 2980 2984 2982
f 2977 2978 2982 2981
f 2983 2984 2980 2979
f 2979 2980 2978 2977
f 2981 2982 2984 2983
f 2989 2991 2987 2985
f 2986 2988 2992 2990
f 2985 2986 2990 2989
f 2991 2992 2988 2987
f 2987 2988 2986 2985
f 2989 2990 2992 2991
f 2997 2999 2995 2993
f 2994 2996 3000 2998
f 2993 2994 2998 2997
f 2999 3000 2996 2995
f 2995 2996 2994 2993
f 2997 2998 3000 2999
o STATION_FORTRESS_M04DEF_Lights
usemtl Lights
v 18.6000 0.8000 -71.4400
v 18.6000 0.8000 -71.4200
v 24.0000 0.8000 -71.4400
v 24.0000 0.8000 -71.4200
v 18.6000 1.0500 -71.4400
v 18.6000 1.0500 -71.4200
v 24.0000 1.0500 -71.4400
v 24.0000 1.0500 -71.4200
v 20.6000 1.0000 -76.4200
v 20.6000 1.0000 -75.4200
v 22.0000 1.0000 -76.4200
v 22.0000 1.0000 -75.4200
v 20.6000 1.0300 -76.4200
v 20.6000 1.0300 -75.4200
v 22.0000 1.0300 -76.4200
v 22.0000 1.0300 -75.4200
v 18.3000 3.6200 -79.4200
v 18.3000 3.6200 -78.8200
v 24.3000 3.6200 -79.4200
v 24.3000 3.6200 -78.8200
v 18.3000 3.7000 -79.4200
v 18.3000 3.7000 -78.8200
v 24.3000 3.7000 -79.4200
v 24.3000 3.7000 -78.8200
v 11.7000 3.8800 -79.5200
v 11.7000 3.8800 -78.7200
v 16.9000 3.8800 -79.5200
v 16.9000 3.8800 -78.7200
v 11.7000 3.9600 -79.5200
v 11.7000 3.9600 -78.7200
v 16.9000 3.9600 -79.5200
v 16.9000 3.9600 -78.7200
f 3005 3007 3003 3001
f 3002 3004 3008 3006
f 3001 3002 3006 3005
f 3007 3008 3004 3003
f 3003 3004 3002 3001
f 3005 3006 3008 3007
f 3013 3015 3011 3009
f 3010 3012 3016 3014
f 3009 3010 3014 3013
f 3015 3016 3012 3011
f 3011 3012 3010 3009
f 3013 3014 3016 3015
f 3021 3023 3019 3017
f 3018 3020 3024 3022
f 3017 3018 3022 3021
f 3023 3024 3020 3019
f 3019 3020 3018 3017
f 3021 3022 3024 3023
f 3029 3031 3027 3025
f 3026 3028 3032 3030
f 3025 3026 3030 3029
f 3031 3032 3028 3027
f 3027 3028 3026 3025
f 3029 3030 3032 3031
o STATION_FORTRESS_M04DEF_Machinery-col
usemtl Engine
v 14.3000 0.0000 -75.0200
v 14.8290 0.0000 -75.1919
v 15.1560 0.0000 -75.6419
v 15.1560 0.0000 -76.1981
v 14.8290 0.0000 -76.6481
v 14.3000 0.0000 -76.8200
v 13.7710 0.0000 -76.6481
v 13.4440 0.0000 -76.1981
v 13.4440 0.0000 -75.6419
v 13.7710 0.0000 -75.1919
v 14.3000 3.6000 -75.0200
v 14.8290 3.6000 -75.1919
v 15.1560 3.6000 -75.6419
v 15.1560 3.6000 -76.1981
v 14.8290 3.6000 -76.6481
v 14.3000 3.6000 -76.8200
v 13.7710 3.6000 -76.6481
v 13.4440 3.6000 -76.1981
v 13.4440 3.6000 -75.6419
v 13.7710 3.6000 -75.1919
f 3033 3034 3044 3043
f 3034 3035 3045 3044
f 3035 3036 3046 3045
f 3036 3037 3047 3046
f 3037 3038 3048 3047
f 3038 3039 3049 3048
f 3039 3040 3050 3049
f 3040 3041 3051 3050
f 3041 3042 3052 3051
f 3042 3033 3043 3052
f 3042 3041 3040 3039 3038 3037 3036 3035 3034 3033
f 3043 3044 3045 3046 3047 3048 3049 3050 3051 3052
o STATION_FORTRESS_M04DEF_AirlockPort_Door-col
usemtl Door
v 13.2500 0.0000 -87.9200
v 13.2500 0.0000 -87.8200
v 15.3500 0.0000 -87.9200
v 15.3500 0.0000 -87.8200
v 13.2500 2.6000 -87.9200
v 13.2500 2.6000 -87.8200
v 15.3500 2.6000 -87.9200
v 15.3500 2.6000 -87.8200
f 3057 3059 3055 3053
f 3054 3056 3060 3058
f 3053 3054 3058 3057
f 3059 3060 3056 3055
f 3055 3056 3054 3053
f 3057 3058 3060 3059
o STATION_FORTRESS_M04DEF_AirlockStbd_Door-col
usemtl Door
v 13.2500 0.0000 -70.4200
v 13.2500 0.0000 -70.3200
v 15.3500 0.0000 -70.4200
v 15.3500 0.0000 -70.3200
v 13.2500 2.6000 -70.4200
v 13.2500 2.6000 -70.3200
v 15.3500 2.6000 -70.4200
v 15.3500 2.6000 -70.3200
f 3065 3067 3063 3061
f 3062 3064 3068 3066
f 3061 3062 3066 3065
f 3067 3068 3064 3063
f 3063 3064 3062 3061
f 3065 3066 3068 3067
o STATION_FORTRESS_M04DEF_Connector_Back_Door-col
usemtl Door
v 10.5500 0.0000 -80.0700
v 10.5500 0.0000 -78.1700
v 10.6500 0.0000 -80.0700
v 10.6500 0.0000 -78.1700
v 10.5500 2.8000 -80.0700
v 10.5500 2.8000 -78.1700
v 10.6500 2.8000 -80.0700
v 10.6500 2.8000 -78.1700
f 3073 3075 3071 3069
f 3070 3072 3076 3074
f 3069 3070 3074 3073
f 3075 3076 3072 3071
f 3071 3072 3070 3069
f 3073 3074 3076 3075
o STATION_FORTRESS_M04DEF_Connector_Front_Door-col
usemtl Door
v 24.9500 0.0000 -80.0700
v 24.9500 0.0000 -78.1700
v 25.0500 0.0000 -80.0700
v 25.0500 0.0000 -78.1700
v 24.9500 2.8000 -80.0700
v 24.9500 2.8000 -78.1700
v 25.0500 2.8000 -80.0700
v 25.0500 2.8000 -78.1700
f 3081 3083 3079 3077
f 3078 3080 3084 3082
f 3077 3078 3082 3081
f 3083 3084 3080 3079
f 3079 3080 3078 3077
f 3081 3082 3084 3083
o STATION_FORTRESS_M04DEF_ControlConsole-col
usemtl Furniture
v 20.5000 0.0000 -76.5200
v 20.5000 0.0000 -75.3200
v 22.1000 0.0000 -76.5200
v 22.1000 0.0000 -75.3200
v 20.5000 1.0000 -76.5200
v 20.5000 1.0000 -75.3200
v 22.1000 1.0000 -76.5200
v 22.1000 1.0000 -75.3200
f 3089 3091 3087 3085
f 3086 3088 3092 3090
f 3085 3086 3090 3089
f 3091 3092 3088 3087
f 3087 3088 3086 3085
f 3089 3090 3092 3091
o STATION_FORTRESS_M04DEF_StatusLight
usemtl Lights
v 23.3000 4.4000 -79.6200
v 23.3000 4.4000 -78.6200
v 24.3000 4.4000 -79.6200
v 24.3000 4.4000 -78.6200
v 23.3000 4.7000 -79.6200
v 23.3000 4.7000 -78.6200
v 24.3000 4.7000 -79.6200
v 24.3000 4.7000 -78.6200
f 3097 3099 3095 3093
f 3094 3096 3100 3098
f 3093 3094 3098 3097
f 3099 3100 3096 3095
f 3095 3096 3094 3093
f 3097 3098 3100 3099
o STATION_FORTRESS_M04DEF_Turret_1
usemtl Turret
v 15.0000 4.4000 -74.9920
v 15.8144 4.4000 -75.1540
v 16.5047 4.4000 -75.6153
v 16.9660 4.4000 -76.3056
v 17.1280 4.4000 -77.1200
v 16.9660 4.4000 -77.9344
v 16.5047 4.4000 -78.6247
v 15.8144 4.4000 -79.0860
v 15.0000 4.4000 -79.2480
v 14.1856 4.4000 -79.0860
v 13.4953 4.4000 -78.6247
v 13.0340 4.4000 -77.9344
v 12.8720 4.4000 -77.1200
v 13.0340 4.4000 -76.3056
v 13.4953 4.4000 -75.6153
v 14.1856 4.4000 -75.1540
v 15.0000 5.1840 -74.9920
v 15.8144 5.1840 -75.1540
v 16.5047 5.1840 -75.6153
v 16.9660 5.1840 -76.3056
v 17.1280 5.1840 -77.1200
v 16.9660 5.1840 -77.9344
v 16.5047 5.1840 -78.6247
v 15.8144 5.1840 -79.0860
v 15.0000 5.1840 -79.2480
v 14.1856 5.1840 -79.0860
v 13.4953 5.1840 -78.6247
v 13.0340 5.1840 -77.9344
v 12.8720 5.1840 -77.1200
v 13.0340 5.1840 -76.3056
v 13.4953 5.1840 -75.6153
v 14.1856 5.1840 -75.1540
v 13.2080 5.1840 -78.9120
v 13.2080 5.1840 -75.3280
v 17.0160 5.1840 -78.9120
v 17.0160 5.1840 -75.3280
v 13.2080 6.9760 -78.3520
v 13.2080 6.9760 -75.8880
v 17.0160 6.9760 -78.3520
v 17.0160 6.9760 -75.8880
v 16.3440 5.8560 -78.0384
v 16.3440 5.8560 -77.6352
v 22.1680 5.8560 -78.0384
v 22.1680 5.8560 -77.6352
v 16.3440 6.2592 -78.0384
v 16.3440 6.2592 -77.6352
v 22.1680 6.2592 -78.0384
v 22.1680 6.2592 -77.6352
v 16.3440 5.8560 -76.6048
v 16.3440 5.8560 -76.2016
v 22.1680 5.8560 -76.6048
v 22.1680 5.8560 -76.2016
v 16.3440 6.2592 -76.6048
v 16.3440 6.2592 -76.2016
v 22.1680 6.2592 -76.6048
v 22.1680 6.2592 -76.2016
f 3101 3102 3118 3117
f 3102 3103 3119 3118
f 3103 3104 3120 3119
f 3104 3105 3121 3120
f 3105 3106 3122 3121
f 3106 3107 3123 3122
f 3107 3108 3124 3123
f 3108 3109 3125 3124
f 3109 3110 3126 3125
f 3110 3111 3127 3126
f 3111 3112 3128 3127
f 3112 3113 3129 3128
f 3113 3114 3130 3129
f 3114 3115 3131 3130
f 3115 3116 3132 3131
f 3116 3101 3117 3132
f 3116 3115 3114 3113 3112 3111 3110 3109 3108 3107 3106 3105 3104 3103 3102 3101
f 3117 3118 3119 3120 3121 3122 3123 3124 3125 3126 3127 3128 3129 3130 3131 3132
f 3137 3139 3135 3133
f 3134 3136 3140 3138
f 3133 3134 3138 3137
f 3139 3140 3136 3135
f 3135 3136 3134 3133
f 3137 3138 3140 3139
f 3145 3147 3143 3141
f 3142 3144 3148 3146
f 3141 3142 3146 3145
f 3147 3148 3144 3143
f 3143 3144 3142 3141
f 3145 3146 3148 3147
f 3153 3155 3151 3149
f 3150 3152 3156 3154
f 3149 3150 3154 3153
f 3155 3156 3152 3151
f 3151 3152 3150 3149
f 3153 3154 3156 3155
o STATION_FORTRESS_M04DEF_Turret_2
usemtl Turret
v 20.6000 4.4000 -74.9920
v 21.4144 4.4000 -75.1540
v 22.1047 4.4000 -75.6153
v 22.5660 4.4000 -76.3056
v 22.7280 4.4000 -77.1200
v 22.5660 4.4000 -77.9344
v 22.1047 4.4000 -78.6247
v 21.4144 4.4000 -79.0860
v 20.6000 4.4000 -79.2480
v 19.7856 4.4000 -79.0860
v 19.0953 4.4000 -78.6247
v 18.6340 4.4000 -77.9344
v 18.4720 4.4000 -77.1200
v 18.6340 4.4000 -76.3056
v 19.0953 4.4000 -75.6153
v 19.7856 4.4000 -75.1540
v 20.6000 5.1840 -74.9920
v 21.4144 5.1840 -75.1540
v 22.1047 5.1840 -75.6153
v 22.5660 5.1840 -76.3056
v 22.7280 5.1840 -77.1200
v 22.5660 5.1840 -77.9344
v 22.1047 5.1840 -78.6247
v 21.4144 5.1840 -79.0860
v 20.6000 5.1840 -79.2480
v 19.7856 5.1840 -79.0860
v 19.0953 5.1840 -78.6247
v 18.6340 5.1840 -77.9344
v 18.4720 5.1840 -77.1200
v 18.6340 5.1840 -76.3056
v 19.0953 5.1840 -75.6153
v 19.7856 5.1840 -75.1540
v 18.8080 5.1840 -78.9120
v 18.8080 5.1840 -75.3280
v 22.6160 5.1840 -78.9120
v 22.6160 5.1840 -75.3280
v 18.8080 6.9760 -78.3520
v 18.8080 6.9760 -75.8880
v 22.6160 6.9760 -78.3520
v 22.6160 6.9760 -75.8880
v 21.9440 5.8560 -78.0384
v 21.9440 5.8560 -77.6352
v 27.7680 5.8560 -78.0384
v 27.7680 5.8560 -77.6352
v 21.9440 6.2592 -78.0384
v 21.9440 6.2592 -77.6352
v 27.7680 6.2592 -78.0384
v 27.7680 6.2592 -77.6352
v 21.9440 5.8560 -76.6048
v 21.9440 5.8560 -76.2016
v 27.7680 5.8560 -76.6048
v 27.7680 5.8560 -76.2016
v 21.9440 6.2592 -76.6048
v 21.9440 6.2592 -76.2016
v 27.7680 6.2592 -76.6048
v 27.7680 6.2592 -76.2016
f 3157 3158 3174 3173
f 3158 3159 3175 3174
f 3159 3160 3176 3175
f 3160 3161 3177 3176
f 3161 3162 3178 3177
f 3162 3163 3179 3178
f 3163 3164 3180 3179
f 3164 3165 3181 3180
f 3165 3166 3182 3181
f 3166 3167 3183 3182
f 3167 3168 3184 3183
f 3168 3169 3185 3184
f 3169 3170 3186 3185
f 3170 3171 3187 3186
f 3171 3172 3188 3187
f 3172 3157 3173 3188
f 3172 3171 3170 3169 3168 3167 3166 3165 3164 3163 3162 3161 3160 3159 3158 3157
f 3173 3174 3175 3176 3177 3178 3179 3180 3181 3182 3183 3184 3185 3186 3187 3188
f 3193 3195 3191 3189
f 3190 3192 3196 3194
f 3189 3190 3194 3193
f 3195 3196 3192 3191
f 3191 3192 3190 3189
f 3193 3194 3196 3195
f 3201 3203 3199 3197
f 3198 3200 3204 3202
f 3197 3198 3202 3201
f 3203 3204 3200 3199
f 3199 3200 3198 3197
f 3201 3202 3204 3203
f 3209 3211 3207 3205
f 3206 3208 3212 3210
f 3205 3206 3210 3209
f 3211 3212 3208 3207
f 3207 3208 3206 3205
f 3209 3210 3212 3211
o STATION_FORTRESS_T02L_Deck-col
usemtl Deck
v -4.4000 -0.3000 -77.7200
v -4.4000 -0.3000 -80.5200
v -10.4000 -0.3000 -77.7200
v -10.4000 -0.3000 -80.5200
v -4.4000 0.0000 -77.7200
v -4.4000 0.0000 -80.5200
v -10.4000 0.0000 -77.7200
v -10.4000 0.0000 -80.5200
f 3217 3219 3215 3213
f 3214 3216 3220 3218
f 3213 3214 3218 3217
f 3219 3220 3216 3215
f 3215 3216 3214 3213
f 3217 3218 3220 3219
o STATION_FORTRESS_T02L_Hull-col
usemtl Hull
v -4.4000 3.2000 -77.3200
v -4.4000 3.2000 -80.9200
v -10.4000 3.2000 -77.3200
v -10.4000 3.2000 -80.9200
v -4.4000 3.6000 -77.3200
v -4.4000 3.6000 -80.9200
v -10.4000 3.6000 -77.3200
v -10.4000 3.6000 -80.9200
v -4.4000 -0.7000 -77.3200
v -4.4000 -0.7000 -80.9200
v -10.4000 -0.7000 -77.3200
v -10.4000 -0.7000 -80.9200
v -4.4000 -0.3000 -77.3200
v -4.4000 -0.3000 -80.9200
v -10.4000 -0.3000 -77.3200
v -10.4000 -0.3000 -80.9200
v -4.4000 -0.3000 -77.3200
v -4.4000 -0.3000 -77.7200
v -5.4000 -0.3000 -77.3200
v -5.4000 -0.3000 -77.7200
v -4.4000 3.2000 -77.3200
v -4.4000 3.2000 -77.7200
v -5.4000 3.2000 -77.3200
v -5.4000 3.2000 -77.7200
v -5.4000 -0.3000 -77.3200
v -5.4000 -0.3000 -77.7200
v -9.4000 -0.3000 -77.3200
v -9.4000 -0.3000 -77.7200
v -5.4000 1.2000 -77.3200
v -5.4000 1.2000 -77.7200
v -9.4000 1.2000 -77.3200
v -9.4000 1.2000 -77.7200
v -5.4000 2.4000 -77.3200
v -5.4000 2.4000 -77.7200
v -9.4000 2.4000 -77.3200
v -9.4000 2.4000 -77.7200
v -5.4000 3.2000 -77.3200
v -5.4000 3.2000 -77.7200
v -9.4000 3.2000 -77.3200
v -9.4000 3.2000 -77.7200
v -9.4000 -0.3000 -77.3200
v -9.4000 -0.3000 -77.7200
v -10.4000 -0.3000 -77.3200
v -10.4000 -0.3000 -77.7200
v -9.4000 3.2000 -77.3200
v -9.4000 3.2000 -77.7200
v -10.4000 3.2000 -77.3200
v -10.4000 3.2000 -77.7200
v -4.4000 -0.3000 -80.5200
v -4.4000 -0.3000 -80.9200
v -5.4000 -0.3000 -80.5200
v -5.4000 -0.3000 -80.9200
v -4.4000 3.2000 -80.5200
v -4.4000 3.2000 -80.9200
v -5.4000 3.2000 -80.5200
v -5.4000 3.2000 -80.9200
v -5.4000 -0.3000 -80.5200
v -5.4000 -0.3000 -80.9200
v -9.4000 -0.3000 -80.5200
v -9.4000 -0.3000 -80.9200
v -5.4000 1.2000 -80.5200
v -5.4000 1.2000 -80.9200
v -9.4000 1.2000 -80.5200
v -9.4000 1.2000 -80.9200
v -5.4000 2.4000 -80.5200
v -5.4000 2.4000 -80.9200
v -9.4000 2.4000 -80.5200
v -9.4000 2.4000 -80.9200
v -5.4000 3.2000 -80.5200
v -5.4000 3.2000 -80.9200
v -9.4000 3.2000 -80.5200
v -9.4000 3.2000 -80.9200
v -9.4000 -0.3000 -80.5200
v -9.4000 -0.3000 -80.9200
v -10.4000 -0.3000 -80.5200
v -10.4000 -0.3000 -80.9200
v -9.4000 3.2000 -80.5200
v -9.4000 3.2000 -80.9200
v -10.4000 3.2000 -80.5200
v -10.4000 3.2000 -80.9200
f 3225 3227 3223 3221
f 3222 3224 3228 3226
f 3221 3222 3226 3225
f 3227 3228 3224 3223
f 3223 3224 3222 3221
f 3225 3226 3228 3227
f 3233 3235 3231 3229
f 3230 3232 3236 3234
f 3229 3230 3234 3233
f 3235 3236 3232 3231
f 3231 3232 3230 3229
f 3233 3234 3236 3235
f 3241 3243 3239 3237
f 3238 3240 3244 3242
f 3237 3238 3242 3241
f 3243 3244 3240 3239
f 3239 3240 3238 3237
f 3241 3242 3244 3243
f 3249 3251 3247 3245
f 3246 3248 3252 3250
f 3245 3246 3250 3249
f 3251 3252 3248 3247
f 3247 3248 3246 3245
f 3249 3250 3252 3251
f 3257 3259 3255 3253
f 3254 3256 3260 3258
f 3253 3254 3258 3257
f 3259 3260 3256 3255
f 3255 3256 3254 3253
f 3257 3258 3260 3259
f 3265 3267 3263 3261
f 3262 3264 3268 3266
f 3261 3262 3266 3265
f 3267 3268 3264 3263
f 3263 3264 3262 3261
f 3265 3266 3268 3267
f 3273 3275 3271 3269
f 3270 3272 3276 3274
f 3269 3270 3274 3273
f 3275 3276 3272 3271
f 3271 3272 3270 3269
f 3273 3274 3276 3275
f 3281 3283 3279 3277
f 3278 3280 3284 3282
f 3277 3278 3282 3281
f 3283 3284 3280 3279
f 3279 3280 3278 3277
f 3281 3282 3284 3283
f 3289 3291 3287 3285
f 3286 3288 3292 3290
f 3285 3286 3290 3289
f 3291 3292 3288 3287
f 3287 3288 3286 3285
f 3289 3290 3292 3291
f 3297 3299 3295 3293
f 3294 3296 3300 3298
f 3293 3294 3298 3297
f 3299 3300 3296 3295
f 3295 3296 3294 3293
f 3297 3298 3300 3299
o STATION_FORTRESS_T02L_Lights
usemtl Lights
v -4.9000 3.1200 -78.8200
v -4.9000 3.1200 -79.4200
v -9.9000 3.1200 -78.8200
v -9.9000 3.1200 -79.4200
v -4.9000 3.2000 -78.8200
v -4.9000 3.2000 -79.4200
v -9.9000 3.2000 -78.8200
v -9.9000 3.2000 -79.4200
f 3305 3307 3303 3301
f 3302 3304 3308 3306
f 3301 3302 3306 3305
f 3307 3308 3304 3303
f 3303 3304 3302 3301
f 3305 3306 3308 3307
o STATION_FORTRESS_T02L_Glass-col
usemtl Glass
v -5.4000 1.2000 -77.5200
v -5.4000 1.2000 -77.5700
v -9.4000 1.2000 -77.5200
v -9.4000 1.2000 -77.5700
v -5.4000 2.4000 -77.5200
v -5.4000 2.4000 -77.5700
v -9.4000 2.4000 -77.5200
v -9.4000 2.4000 -77.5700
v -5.4000 1.2000 -80.6700
v -5.4000 1.2000 -80.7200
v -9.4000 1.2000 -80.6700
v -9.4000 1.2000 -80.7200
v -5.4000 2.4000 -80.6700
v -5.4000 2.4000 -80.7200
v -9.4000 2.4000 -80.6700
v -9.4000 2.4000 -80.7200
f 3313 3315 3311 3309
f 3310 3312 3316 3314
f 3309 3310 3314 3313
f 3315 3316 3312 3311
f 3311 3312 3310 3309
f 3313 3314 3316 3315
f 3321 3323 3319 3317
f 3318 3320 3324 3322
f 3317 3318 3322 3321
f 3323 3324 3320 3319
f 3319 3320 3318 3317
f 3321 3322 3324 3323
o STATION_FORTRESS_M05DEF_Deck-col
usemtl Deck
v -10.8000 -0.3000 -70.6200
v -10.8000 -0.3000 -87.6200
v -24.8000 -0.3000 -70.6200
v -24.8000 -0.3000 -87.6200
v -10.8000 0.0000 -70.6200
v -10.8000 0.0000 -87.6200
v -24.8000 0.0000 -70.6200
v -24.8000 0.0000 -87.6200
f 3329 3331 3327 3325
f 3326 3328 3332 3330
f 3325 3326 3330 3329
f 3331 3332 3328 3327
f 3327 3328 3326 3325
f 3329 3330 3332 3331
o STATION_FORTRESS_M05DEF_Hull-col
usemtl Hull
v -10.4000 4.0000 -70.1200
v -10.4000 4.0000 -88.1200
v -25.2000 4.0000 -70.1200
v -25.2000 4.0000 -88.1200
v -10.4000 4.4000 -70.1200
v -10.4000 4.4000 -88.1200
v -25.2000 4.4000 -70.1200
v -25.2000 4.4000 -88.1200
v -10.4000 -0.7000 -70.1200
v -10.4000 -0.7000 -88.1200
v -25.2000 -0.7000 -70.1200
v -25.2000 -0.7000 -88.1200
v -10.4000 -0.3000 -70.1200
v -10.4000 -0.3000 -88.1200
v -25.2000 -0.3000 -70.1200
v -25.2000 -0.3000 -88.1200
v -10.8000 -0.3000 -70.1200
v -10.8000 -0.3000 -70.6200
v -13.3000 -0.3000 -70.1200
v -13.3000 -0.3000 -70.6200
v -10.8000 4.0000 -70.1200
v -10.8000 4.0000 -70.6200
v -13.3000 4.0000 -70.1200
v -13.3000 4.0000 -70.6200
v -13.3000 -0.3000 -70.1200
v -13.3000 -0.3000 -70.6200
v -15.3000 -0.3000 -70.1200
v -15.3000 -0.3000 -70.6200
v -13.3000 0.0000 -70.1200
v -13.3000 0.0000 -70.6200
v -15.3000 0.0000 -70.1200
v -15.3000 0.0000 -70.6200
v -13.3000 2.6000 -70.1200
v -13.3000 2.6000 -70.6200
v -15.3000 2.6000 -70.1200
v -15.3000 2.6000 -70.6200
v -13.3000 4.0000 -70.1200
v -13.3000 4.0000 -70.6200
v -15.3000 4.0000 -70.1200
v -15.3000 4.0000 -70.6200
v -15.3000 -0.3000 -70.1200
v -15.3000 -0.3000 -70.6200
v -24.8000 -0.3000 -70.1200
v -24.8000 -0.3000 -70.6200
v -15.3000 4.0000 -70.1200
v -15.3000 4.0000 -70.6200
v -24.8000 4.0000 -70.1200
v -24.8000 4.0000 -70.6200
v -10.8000 -0.3000 -87.6200
v -10.8000 -0.3000 -88.1200
v -13.3000 -0.3000 -87.6200
v -13.3000 -0.3000 -88.1200
v -10.8000 4.0000 -87.6200
v -10.8000 4.0000 -88.1200
v -13.3000 4.0000 -87.6200
v -13.3000 4.0000 -88.1200
v -13.3000 -0.3000 -87.6200
v -13.3000 -0.3000 -88.1200
v -15.3000 -0.3000 -87.6200
v -15.3000 -0.3000 -88.1200
v -13.3000 0.0000 -87.6200
v -13.3000 0.0000 -88.1200
v -15.3000 0.0000 -87.6200
v -15.3000 0.0000 -88.1200
v -13.3000 2.6000 -87.6200
v -13.3000 2.6000 -88.1200
v -15.3000 2.6000 -87.6200
v -15.3000 2.6000 -88.1200
v -13.3000 4.0000 -87.6200
v -13.3000 4.0000 -88.1200
v -15.3000 4.0000 -87.6200
v -15.3000 4.0000 -88.1200
v -15.3000 -0.3000 -87.6200
v -15.3000 -0.3000 -88.1200
v -24.8000 -0.3000 -87.6200
v -24.8000 -0.3000 -88.1200
v -15.3000 4.0000 -87.6200
v -15.3000 4.0000 -88.1200
v -24.8000 4.0000 -87.6200
v -24.8000 4.0000 -88.1200
v -10.4000 -0.3000 -70.1200
v -10.4000 -0.3000 -78.2200
v -10.8000 -0.3000 -70.1200
v -10.8000 -0.3000 -78.2200
v -10.4000 4.0000 -70.1200
v -10.4000 4.0000 -78.2200
v -10.8000 4.0000 -70.1200
v -10.8000 4.0000 -78.2200
v -10.4000 -0.3000 -78.2200
v -10.4000 -0.3000 -80.0200
v -10.8000 -0.3000 -78.2200
v -10.8000 -0.3000 -80.0200
v -10.4000 0.0000 -78.2200
v -10.4000 0.0000 -80.0200
v -10.8000 0.0000 -78.2200
v -10.8000 0.0000 -80.0200
v -10.4000 2.8000 -78.2200
v -10.4000 2.8000 -80.0200
v -10.8000 2.8000 -78.2200
v -10.8000 2.8000 -80.0200
v -10.4000 4.0000 -78.2200
v -10.4000 4.0000 -80.0200
v -10.8000 4.0000 -78.2200
v -10.8000 4.0000 -80.0200
v -10.4000 -0.3000 -80.0200
v -10.4000 -0.3000 -88.1200
v -10.8000 -0.3000 -80.0200
v -10.8000 -0.3000 -88.1200
v -10.4000 4.0000 -80.0200
v -10.4000 4.0000 -88.1200
v -10.8000 4.0000 -80.0200
v -10.8000 4.0000 -88.1200
v -24.8000 -0.3000 -70.1200
v -24.8000 -0.3000 -78.2200
v -25.2000 -0.3000 -70.1200
v -25.2000 -0.3000 -78.2200
v -24.8000 4.0000 -70.1200
v -24.8000 4.0000 -78.2200
v -25.2000 4.0000 -70.1200
v -25.2000 4.0000 -78.2200
v -24.8000 -0.3000 -78.2200
v -24.8000 -0.3000 -80.0200
v -25.2000 -0.3000 -78.2200
v -25.2000 -0.3000 -80.0200
v -24.8000 0.0000 -78.2200
v -24.8000 0.0000 -80.0200
v -25.2000 0.0000 -78.2200
v -25.2000 0.0000 -80.0200
v -24.8000 2.8000 -78.2200
v -24.8000 2.8000 -80.0200
v -25.2000 2.8000 -78.2200
v -25.2000 2.8000 -80.0200
v -24.8000 4.0000 -78.2200
v -24.8000 4.0000 -80.0200
v -25.2000 4.0000 -78.2200
v -25.2000 4.0000 -80.0200
v -24.8000 -0.3000 -80.0200
v -24.8000 -0.3000 -88.1200
v -25.2000 -0.3000 -80.0200
v -25.2000 -0.3000 -88.1200
v -24.8000 4.0000 -80.0200
v -24.8000 4.0000 -88.1200
v -25.2000 4.0000 -80.0200
v -25.2000 4.0000 -88.1200
f 3337 3339 3335 3333
f 3334 3336 3340 3338
f 3333 3334 3338 3337
f 3339 3340 3336 3335
f 3335 3336 3334 3333
f 3337 3338 3340 3339
f 3345 3347 3343 3341
f 3342 3344 3348 3346
f 3341 3342 3346 3345
f 3347 3348 3344 3343
f 3343 3344 3342 3341
f 3345 3346 3348 3347
f 3353 3355 3351 3349
f 3350 3352 3356 3354
f 3349 3350 3354 3353
f 3355 3356 3352 3351
f 3351 3352 3350 3349
f 3353 3354 3356 3355
f 3361 3363 3359 3357
f 3358 3360 3364 3362
f 3357 3358 3362 3361
f 3363 3364 3360 3359
f 3359 3360 3358 3357
f 3361 3362 3364 3363
f 3369 3371 3367 3365
f 3366 3368 3372 3370
f 3365 3366 3370 3369
f 3371 3372 3368 3367
f 3367 3368 3366 3365
f 3369 3370 3372 3371
f 3377 3379 3375 3373
f 3374 3376 3380 3378
f 3373 3374 3378 3377
f 3379 3380 3376 3375
f 3375 3376 3374 3373
f 3377 3378 3380 3379
f 3385 3387 3383 3381
f 3382 3384 3388 3386
f 3381 3382 3386 3385
f 3387 3388 3384 3383
f 3383 3384 3382 3381
f 3385 3386 3388 3387
f 3393 3395 3391 3389
f 3390 3392 3396 3394
f 3389 3390 3394 3393
f 3395 3396 3392 3391
f 3391 3392 3390 3389
f 3393 3394 3396 3395
f 3401 3403 3399 3397
f 3398 3400 3404 3402
f 3397 3398 3402 3401
f 3403 3404 3400 3399
f 3399 3400 3398 3397
f 3401 3402 3404 3403
f 3409 3411 3407 3405
f 3406 3408 3412 3410
f 3405 3406 3410 3409
f 3411 3412 3408 3407
f 3407 3408 3406 3405
f 3409 3410 3412 3411
f 3417 3419 3415 3413
f 3414 3416 3420 3418
f 3413 3414 3418 3417
f 3419 3420 3416 3415
f 3415 3416 3414 3413
f 3417 3418 3420 3419
f 3425 3427 3423 3421
f 3422 3424 3428 3426
f 3421 3422 3426 3425
f 3427 3428 3424 3423
f 3423 3424 3422 3421
f 3425 3426 3428 3427
f 3433 3435 3431 3429
f 3430 3432 3436 3434
f 3429 3430 3434 3433
f 3435 3436 3432 3431
f 3431 3432 3430 3429
f 3433 3434 3436 3435
f 3441 3443 3439 3437
f 3438 3440 3444 3442
f 3437 3438 3442 3441
f 3443 3444 3440 3439
f 3439 3440 3438 3437
f 3441 3442 3444 3443
f 3449 3451 3447 3445
f 3446 3448 3452 3450
f 3445 3446 3450 3449
f 3451 3452 3448 3447
f 3447 3448 3446 3445
f 3449 3450 3452 3451
f 3457 3459 3455 3453
f 3454 3456 3460 3458
f 3453 3454 3458 3457
f 3459 3460 3456 3455
f 3455 3456 3454 3453
f 3457 3458 3460 3459
f 3465 3467 3463 3461
f 3462 3464 3468 3466
f 3461 3462 3466 3465
f 3467 3468 3464 3463
f 3463 3464 3462 3461
f 3465 3466 3468 3467
f 3473 3475 3471 3469
f 3470 3472 3476 3474
f 3469 3470 3474 3473
f 3475 3476 3472 3471
f 3471 3472 3470 3469
f 3473 3474 3476 3475
o STATION_FORTRESS_M05DEF_Interior-col
usemtl Interior
v -17.7000 0.0000 -70.6200
v -17.7000 0.0000 -77.9200
v -17.9000 0.0000 -70.6200
v -17.9000 0.0000 -77.9200
v -17.7000 4.0000 -70.6200
v -17.7000 4.0000 -77.9200
v -17.9000 4.0000 -70.6200
v -17.9000 4.0000 -77.9200
v -17.7000 3.0000 -77.9200
v -17.7000 3.0000 -80.3200
v -17.9000 3.0000 -77.9200
v -17.9000 3.0000 -80.3200
v -17.7000 4.0000 -77.9200
v -17.7000 4.0000 -80.3200
v -17.9000 4.0000 -77.9200
v -17.9000 4.0000 -80.3200
v -17.7000 0.0000 -80.3200
v -17.7000 0.0000 -87.6200
v -17.9000 0.0000 -80.3200
v -17.9000 0.0000 -87.6200
v -17.7000 4.0000 -80.3200
v -17.7000 4.0000 -87.6200
v -17.9000 4.0000 -80.3200
v -17.9000 4.0000 -87.6200
v -17.8000 0.0000 -77.7200
v -17.8000 0.0000 -77.9200
v -20.5000 0.0000 -77.7200
v -20.5000 0.0000 -77.9200
v -17.8000 4.0000 -77.7200
v -17.8000 4.0000 -77.9200
v -20.5000 4.0000 -77.7200
v -20.5000 4.0000 -77.9200
v -20.5000 2.6000 -77.7200
v -20.5000 2.6000 -77.9200
v -22.1000 2.6000 -77.7200
v -22.1000 2.6000 -77.9200
v -20.5000 4.0000 -77.7200
v -20.5000 4.0000 -77.9200
v -22.1000 4.0000 -77.7200
v -22.1000 4.0000 -77.9200
v -22.1000 0.0000 -77.7200
v -22.1000 0.0000 -77.9200
v -24.8000 0.0000 -77.7200
v -24.8000 0.0000 -77.9200
v -22.1000 4.0000 -77.7200
v -22.1000 4.0000 -77.9200
v -24.8000 4.0000 -77.7200
v -24.8000 4.0000 -77.9200
v -17.8000 0.0000 -80.3200
v -17.8000 0.0000 -80.5200
v -20.5000 0.0000 -80.3200
v -20.5000 0.0000 -80.5200
v -17.8000 4.0000 -80.3200
v -17.8000 4.0000 -80.5200
v -20.5000 4.0000 -80.3200
v -20.5000 4.0000 -80.5200
v -20.5000 2.6000 -80.3200
v -20.5000 2.6000 -80.5200
v -22.1000 2.6000 -80.3200
v -22.1000 2.6000 -80.5200
v -20.5000 4.0000 -80.3200
v -20.5000 4.0000 -80.5200
v -22.1000 4.0000 -80.3200
v -22.1000 4.0000 -80.5200
v -22.1000 0.0000 -80.3200
v -22.1000 0.0000 -80.5200
v -24.8000 0.0000 -80.3200
v -24.8000 0.0000 -80.5200
v -22.1000 4.0000 -80.3200
v -22.1000 4.0000 -80.5200
v -24.8000 4.0000 -80.3200
v -24.8000 4.0000 -80.5200
f 3481 3483 3479 3477
f 3478 3480 3484 3482
f 3477 3478 3482 3481
f 3483 3484 3480 3479
f 3479 3480 3478 3477
f 3481 3482 3484 3483
f 3489 3491 3487 3485
f 3486 3488 3492 3490
f 3485 3486 3490 3489
f 3491 3492 3488 3487
f 3487 3488 3486 3485
f 3489 3490 3492 3491
f 3497 3499 3495 3493
f 3494 3496 3500 3498
f 3493 3494 3498 3497
f 3499 3500 3496 3495
f 3495 3496 3494 3493
f 3497 3498 3500 3499
f 3505 3507 3503 3501
f 3502 3504 3508 3506
f 3501 3502 3506 3505
f 3507 3508 3504 3503
f 3503 3504 3502 3501
f 3505 3506 3508 3507
f 3513 3515 3511 3509
f 3510 3512 3516 3514
f 3509 3510 3514 3513
f 3515 3516 3512 3511
f 3511 3512 3510 3509
f 3513 3514 3516 3515
f 3521 3523 3519 3517
f 3518 3520 3524 3522
f 3517 3518 3522 3521
f 3523 3524 3520 3519
f 3519 3520 3518 3517
f 3521 3522 3524 3523
f 3529 3531 3527 3525
f 3526 3528 3532 3530
f 3525 3526 3530 3529
f 3531 3532 3528 3527
f 3527 3528 3526 3525
f 3529 3530 3532 3531
f 3537 3539 3535 3533
f 3534 3536 3540 3538
f 3533 3534 3538 3537
f 3539 3540 3536 3535
f 3535 3536 3534 3533
f 3537 3538 3540 3539
f 3545 3547 3543 3541
f 3542 3544 3548 3546
f 3541 3542 3546 3545
f 3547 3548 3544 3543
f 3543 3544 3542 3541
f 3545 3546 3548 3547
o STATION_FORTRESS_M05DEF_Furniture-col
usemtl Furniture
v -18.4000 0.0000 -86.8200
v -18.4000 0.0000 -87.5200
v -24.2000 0.0000 -86.8200
v -24.2000 0.0000 -87.5200
v -18.4000 1.1000 -86.8200
v -18.4000 1.1000 -87.5200
v -24.2000 1.1000 -86.8200
v -24.2000 1.1000 -87.5200
v -18.4000 0.0000 -70.7200
v -18.4000 0.0000 -71.2200
v -20.8000 0.0000 -70.7200
v -20.8000 0.0000 -71.2200
v -18.4000 2.0000 -70.7200
v -18.4000 2.0000 -71.2200
v -20.8000 2.0000 -70.7200
v -20.8000 2.0000 -71.2200
v -20.7000 0.0000 -75.1200
v -20.7000 0.0000 -76.5200
v -21.9000 0.0000 -75.1200
v -21.9000 0.0000 -76.5200
v -20.7000 0.7500 -75.1200
v -20.7000 0.7500 -76.5200
v -21.9000 0.7500 -75.1200
v -21.9000 0.7500 -76.5200
v -18.2000 0.0000 -79.9700
v -18.2000 0.0000 -80.3200
v -19.4000 0.0000 -79.9700
v -19.4000 0.0000 -80.3200
v -18.2000 2.0000 -79.9700
v -18.2000 2.0000 -80.3200
v -19.4000 2.0000 -79.9700
v -19.4000 2.0000 -80.3200
v -13.1000 0.0000 -72.6200
v -13.1000 0.0000 -76.3200
v -15.5000 0.0000 -72.6200
v -15.5000 0.0000 -76.3200
v -13.1000 1.2000 -72.6200
v -13.1000 1.2000 -76.3200
v -15.5000 1.2000 -72.6200
v -15.5000 1.2000 -76.3200
v -12.7667 0.6000 -70.6700
v -12.7667 0.6000 -71.0700
v -13.7667 0.6000 -70.6700
v -13.7667 0.6000 -71.0700
v -12.7667 2.0000 -70.6700
v -12.7667 2.0000 -71.0700
v -13.7667 2.0000 -70.6700
v -13.7667 2.0000 -71.0700
v -14.8333 0.6000 -87.1700
v -14.8333 0.6000 -87.5700
v -15.8333 0.6000 -87.1700
v -15.8333 0.6000 -87.5700
v -14.8333 2.0000 -87.1700
v -14.8333 2.0000 -87.5700
v -15.8333 2.0000 -87.1700
v -15.8333 2.0000 -87.5700
f 3553 3555 3551 3549
f 3550 3552 3556 3554
f 3549 3550 3554 3553
f 3555 3556 3552 3551
f 3551 3552 3550 3549
f 3553 3554 3556 3555
f 3561 3563 3559 3557
f 3558 3560 3564 3562
f 3557 3558 3562 3561
f 3563 3564 3560 3559
f 3559 3560 3558 3557
f 3561 3562 3564 3563
f 3569 3571 3567 3565
f 3566 3568 3572 3570
f 3565 3566 3570 3569
f 3571 3572 3568 3567
f 3567 3568 3566 3565
f 3569 3570 3572 3571
f 3577 3579 3575 3573
f 3574 3576 3580 3578
f 3573 3574 3578 3577
f 3579 3580 3576 3575
f 3575 3576 3574 3573
f 3577 3578 3580 3579
f 3585 3587 3583 3581
f 3582 3584 3588 3586
f 3581 3582 3586 3585
f 3587 3588 3584 3583
f 3583 3584 3582 3581
f 3585 3586 3588 3587
f 3593 3595 3591 3589
f 3590 3592 3596 3594
f 3589 3590 3594 3593
f 3595 3596 3592 3591
f 3591 3592 3590 3589
f 3593 3594 3596 3595
f 3601 3603 3599 3597
f 3598 3600 3604 3602
f 3597 3598 3602 3601
f 3603 3604 3600 3599
f 3599 3600 3598 3597
f 3601 3602 3604 3603
o STATION_FORTRESS_M05DEF_Cover-col
usemtl Cover
v -12.2500 0.0000 -75.5200
v -12.2500 0.0000 -76.5200
v -13.2500 0.0000 -75.5200
v -13.2500 0.0000 -76.5200
v -12.2500 1.1000 -75.5200
v -12.2500 1.1000 -76.5200
v -13.2500 1.1000 -75.5200
v -13.2500 1.1000 -76.5200
v -15.3500 0.0000 -75.5200
v -15.3500 0.0000 -76.5200
v -16.3500 0.0000 -75.5200
v -16.3500 0.0000 -76.5200
v -15.3500 1.1000 -75.5200
v -15.3500 1.1000 -76.5200
v -16.3500 1.1000 -75.5200
v -16.3500 1.1000 -76.5200
f 3609 3611 3607 3605
f 3606 3608 3612 3610
f 3605 3606 3610 3609
f 3611 3612 3608 3607
f 3607 3608 3606 3605
f 3609 3610 3612 3611
f 3617 3619 3615 3613
f 3614 3616 3620 3618
f 3613 3614 3618 3617
f 3619 3620 3616 3615
f 3615 3616 3614 3613
f 3617 3618 3620 3619
o STATION_FORTRESS_M05DEF_Hazard
usemtl Hazard
v -13.0000 0.0000 -70.0000
v -13.0000 0.0000 -70.1200
v -13.3000 0.0000 -70.0000
v -13.3000 0.0000 -70.1200
v -13.0000 2.9000 -70.0000
v -13.0000 2.9000 -70.1200
v -13.3000 2.9000 -70.0000
v -13.3000 2.9000 -70.1200
v -15.3000 0.0000 -70.0000
v -15.3000 0.0000 -70.1200
v -15.6000 0.0000 -70.0000
v -15.6000 0.0000 -70.1200
v -15.3000 2.9000 -70.0000
v -15.3000 2.9000 -70.1200
v -15.6000 2.9000 -70.0000
v -15.6000 2.9000 -70.1200
v -13.0000 0.0000 -88.1200
v -13.0000 0.0000 -88.2400
v -13.3000 0.0000 -88.1200
v -13.3000 0.0000 -88.2400
v -13.0000 2.9000 -88.1200
v -13.0000 2.9000 -88.2400
v -13.3000 2.9000 -88.1200
v -13.3000 2.9000 -88.2400
v -15.3000 0.0000 -88.1200
v -15.3000 0.0000 -88.2400
v -15.6000 0.0000 -88.1200
v -15.6000 0.0000 -88.2400
v -15.3000 2.9000 -88.1200
v -15.3000 2.9000 -88.2400
v -15.6000 2.9000 -88.1200
v -15.6000 2.9000 -88.2400
v -25.2000 2.8000 -77.9200
v -25.2000 2.8000 -80.3200
v -25.2400 2.8000 -77.9200
v -25.2400 2.8000 -80.3200
v -25.2000 3.0000 -77.9200
v -25.2000 3.0000 -80.3200
v -25.2400 3.0000 -77.9200
v -25.2400 3.0000 -80.3200
v -12.7667 1.8000 -71.0700
v -12.7667 1.8000 -71.0900
v -13.7667 1.8000 -71.0700
v -13.7667 1.8000 -71.0900
v -12.7667 2.0000 -71.0700
v -12.7667 2.0000 -71.0900
v -13.7667 2.0000 -71.0700
v -13.7667 2.0000 -71.0900
v -14.8333 1.8000 -87.1500
v -14.8333 1.8000 -87.1700
v -15.8333 1.8000 -87.1500
v -15.8333 1.8000 -87.1700
v -14.8333 2.0000 -87.1500
v -14.8333 2.0000 -87.1700
v -15.8333 2.0000 -87.1500
v -15.8333 2.0000 -87.1700
f 3625 3627 3623 3621
f 3622 3624 3628 3626
f 3621 3622 3626 3625
f 3627 3628 3624 3623
f 3623 3624 3622 3621
f 3625 3626 3628 3627
f 3633 3635 3631 3629
f 3630 3632 3636 3634
f 3629 3630 3634 3633
f 3635 3636 3632 3631
f 3631 3632 3630 3629
f 3633 3634 3636 3635
f 3641 3643 3639 3637
f 3638 3640 3644 3642
f 3637 3638 3642 3641
f 3643 3644 3640 3639
f 3639 3640 3638 3637
f 3641 3642 3644 3643
f 3649 3651 3647 3645
f 3646 3648 3652 3650
f 3645 3646 3650 3649
f 3651 3652 3648 3647
f 3647 3648 3646 3645
f 3649 3650 3652 3651
f 3657 3659 3655 3653
f 3654 3656 3660 3658
f 3653 3654 3658 3657
f 3659 3660 3656 3655
f 3655 3656 3654 3653
f 3657 3658 3660 3659
f 3665 3667 3663 3661
f 3662 3664 3668 3666
f 3661 3662 3666 3665
f 3667 3668 3664 3663
f 3663 3664 3662 3661
f 3665 3666 3668 3667
f 3673 3675 3671 3669
f 3670 3672 3676 3674
f 3669 3670 3674 3673
f 3675 3676 3672 3671
f 3671 3672 3670 3669
f 3673 3674 3676 3675
o STATION_FORTRESS_M05DEF_Lights
usemtl Lights
v -18.6000 0.8000 -86.8000
v -18.6000 0.8000 -86.8200
v -24.0000 0.8000 -86.8000
v -24.0000 0.8000 -86.8200
v -18.6000 1.0500 -86.8000
v -18.6000 1.0500 -86.8200
v -24.0000 1.0500 -86.8000
v -24.0000 1.0500 -86.8200
v -20.6000 1.0000 -81.8200
v -20.6000 1.0000 -82.8200
v -22.0000 1.0000 -81.8200
v -22.0000 1.0000 -82.8200
v -20.6000 1.0300 -81.8200
v -20.6000 1.0300 -82.8200
v -22.0000 1.0300 -81.8200
v -22.0000 1.0300 -82.8200
v -18.3000 3.6200 -78.8200
v -18.3000 3.6200 -79.4200
v -24.3000 3.6200 -78.8200
v -24.3000 3.6200 -79.4200
v -18.3000 3.7000 -78.8200
v -18.3000 3.7000 -79.4200
v -24.3000 3.7000 -78.8200
v -24.3000 3.7000 -79.4200
v -11.7000 3.8800 -78.7200
v -11.7000 3.8800 -79.5200
v -16.9000 3.8800 -78.7200
v -16.9000 3.8800 -79.5200
v -11.7000 3.9600 -78.7200
v -11.7000 3.9600 -79.5200
v -16.9000 3.9600 -78.7200
v -16.9000 3.9600 -79.5200
f 3681 3683 3679 3677
f 3678 3680 3684 3682
f 3677 3678 3682 3681
f 3683 3684 3680 3679
f 3679 3680 3678 3677
f 3681 3682 3684 3683
f 3689 3691 3687 3685
f 3686 3688 3692 3690
f 3685 3686 3690 3689
f 3691 3692 3688 3687
f 3687 3688 3686 3685
f 3689 3690 3692 3691
f 3697 3699 3695 3693
f 3694 3696 3700 3698
f 3693 3694 3698 3697
f 3699 3700 3696 3695
f 3695 3696 3694 3693
f 3697 3698 3700 3699
f 3705 3707 3703 3701
f 3702 3704 3708 3706
f 3701 3702 3706 3705
f 3707 3708 3704 3703
f 3703 3704 3702 3701
f 3705 3706 3708 3707
o STATION_FORTRESS_M05DEF_Machinery-col
usemtl Engine
v -14.3000 0.0000 -83.2200
v -14.8290 0.0000 -83.0481
v -15.1560 0.0000 -82.5981
v -15.1560 0.0000 -82.0419
v -14.8290 0.0000 -81.5919
v -14.3000 0.0000 -81.4200
v -13.7710 0.0000 -81.5919
v -13.4440 0.0000 -82.0419
v -13.4440 0.0000 -82.5981
v -13.7710 0.0000 -83.0481
v -14.3000 3.6000 -83.2200
v -14.8290 3.6000 -83.0481
v -15.1560 3.6000 -82.5981
v -15.1560 3.6000 -82.0419
v -14.8290 3.6000 -81.5919
v -14.3000 3.6000 -81.4200
v -13.7710 3.6000 -81.5919
v -13.4440 3.6000 -82.0419
v -13.4440 3.6000 -82.5981
v -13.7710 3.6000 -83.0481
f 3709 3710 3720 3719
f 3710 3711 3721 3720
f 3711 3712 3722 3721
f 3712 3713 3723 3722
f 3713 3714 3724 3723
f 3714 3715 3725 3724
f 3715 3716 3726 3725
f 3716 3717 3727 3726
f 3717 3718 3728 3727
f 3718 3709 3719 3728
f 3718 3717 3716 3715 3714 3713 3712 3711 3710 3709
f 3719 3720 3721 3722 3723 3724 3725 3726 3727 3728
o STATION_FORTRESS_M05DEF_AirlockPort_Door-col
usemtl Door
v -13.2500 0.0000 -70.3200
v -13.2500 0.0000 -70.4200
v -15.3500 0.0000 -70.3200
v -15.3500 0.0000 -70.4200
v -13.2500 2.6000 -70.3200
v -13.2500 2.6000 -70.4200
v -15.3500 2.6000 -70.3200
v -15.3500 2.6000 -70.4200
f 3733 3735 3731 3729
f 3730 3732 3736 3734
f 3729 3730 3734 3733
f 3735 3736 3732 3731
f 3731 3732 3730 3729
f 3733 3734 3736 3735
o STATION_FORTRESS_M05DEF_AirlockStbd_Door-col
usemtl Door
v -13.2500 0.0000 -87.8200
v -13.2500 0.0000 -87.9200
v -15.3500 0.0000 -87.8200
v -15.3500 0.0000 -87.9200
v -13.2500 2.6000 -87.8200
v -13.2500 2.6000 -87.9200
v -15.3500 2.6000 -87.8200
v -15.3500 2.6000 -87.9200
f 3741 3743 3739 3737
f 3738 3740 3744 3742
f 3737 3738 3742 3741
f 3743 3744 3740 3739
f 3739 3740 3738 3737
f 3741 3742 3744 3743
o STATION_FORTRESS_M05DEF_Connector_Back_Door-col
usemtl Door
v -10.5500 0.0000 -78.1700
v -10.5500 0.0000 -80.0700
v -10.6500 0.0000 -78.1700
v -10.6500 0.0000 -80.0700
v -10.5500 2.8000 -78.1700
v -10.5500 2.8000 -80.0700
v -10.6500 2.8000 -78.1700
v -10.6500 2.8000 -80.0700
f 3749 3751 3747 3745
f 3746 3748 3752 3750
f 3745 3746 3750 3749
f 3751 3752 3748 3747
f 3747 3748 3746 3745
f 3749 3750 3752 3751
o STATION_FORTRESS_M05DEF_Connector_Front_Door-col
usemtl Door
v -24.9500 0.0000 -78.1700
v -24.9500 0.0000 -80.0700
v -25.0500 0.0000 -78.1700
v -25.0500 0.0000 -80.0700
v -24.9500 2.8000 -78.1700
v -24.9500 2.8000 -80.0700
v -25.0500 2.8000 -78.1700
v -25.0500 2.8000 -80.0700
f 3757 3759 3755 3753
f 3754 3756 3760 3758
f 3753 3754 3758 3757
f 3759 3760 3756 3755
f 3755 3756 3754 3753
f 3757 3758 3760 3759
o STATION_FORTRESS_M05DEF_ControlConsole-col
usemtl Furniture
v -20.5000 0.0000 -81.7200
v -20.5000 0.0000 -82.9200
v -22.1000 0.0000 -81.7200
v -22.1000 0.0000 -82.9200
v -20.5000 1.0000 -81.7200
v -20.5000 1.0000 -82.9200
v -22.1000 1.0000 -81.7200
v -22.1000 1.0000 -82.9200
f 3765 3767 3763 3761
f 3762 3764 3768 3766
f 3761 3762 3766 3765
f 3767 3768 3764 3763
f 3763 3764 3762 3761
f 3765 3766 3768 3767
o STATION_FORTRESS_M05DEF_StatusLight
usemtl Lights
v -23.3000 4.4000 -78.6200
v -23.3000 4.4000 -79.6200
v -24.3000 4.4000 -78.6200
v -24.3000 4.4000 -79.6200
v -23.3000 4.7000 -78.6200
v -23.3000 4.7000 -79.6200
v -24.3000 4.7000 -78.6200
v -24.3000 4.7000 -79.6200
f 3773 3775 3771 3769
f 3770 3772 3776 3774
f 3769 3770 3774 3773
f 3775 3776 3772 3771
f 3771 3772 3770 3769
f 3773 3774 3776 3775
o STATION_FORTRESS_M05DEF_Turret_1
usemtl Turret
v -15.0000 4.4000 -83.2480
v -15.8144 4.4000 -83.0860
v -16.5047 4.4000 -82.6247
v -16.9660 4.4000 -81.9344
v -17.1280 4.4000 -81.1200
v -16.9660 4.4000 -80.3056
v -16.5047 4.4000 -79.6153
v -15.8144 4.4000 -79.1540
v -15.0000 4.4000 -78.9920
v -14.1856 4.4000 -79.1540
v -13.4953 4.4000 -79.6153
v -13.0340 4.4000 -80.3056
v -12.8720 4.4000 -81.1200
v -13.0340 4.4000 -81.9344
v -13.4953 4.4000 -82.6247
v -14.1856 4.4000 -83.0860
v -15.0000 5.1840 -83.2480
v -15.8144 5.1840 -83.0860
v -16.5047 5.1840 -82.6247
v -16.9660 5.1840 -81.9344
v -17.1280 5.1840 -81.1200
v -16.9660 5.1840 -80.3056
v -16.5047 5.1840 -79.6153
v -15.8144 5.1840 -79.1540
v -15.0000 5.1840 -78.9920
v -14.1856 5.1840 -79.1540
v -13.4953 5.1840 -79.6153
v -13.0340 5.1840 -80.3056
v -12.8720 5.1840 -81.1200
v -13.0340 5.1840 -81.9344
v -13.4953 5.1840 -82.6247
v -14.1856 5.1840 -83.0860
v -13.2080 5.1840 -79.3280
v -13.2080 5.1840 -82.9120
v -17.0160 5.1840 -79.3280
v -17.0160 5.1840 -82.9120
v -13.2080 6.9760 -79.8880
v -13.2080 6.9760 -82.3520
v -17.0160 6.9760 -79.8880
v -17.0160 6.9760 -82.3520
v -16.3440 5.8560 -80.2016
v -16.3440 5.8560 -80.6048
v -22.1680 5.8560 -80.2016
v -22.1680 5.8560 -80.6048
v -16.3440 6.2592 -80.2016
v -16.3440 6.2592 -80.6048
v -22.1680 6.2592 -80.2016
v -22.1680 6.2592 -80.6048
v -16.3440 5.8560 -81.6352
v -16.3440 5.8560 -82.0384
v -22.1680 5.8560 -81.6352
v -22.1680 5.8560 -82.0384
v -16.3440 6.2592 -81.6352
v -16.3440 6.2592 -82.0384
v -22.1680 6.2592 -81.6352
v -22.1680 6.2592 -82.0384
f 3777 3778 3794 3793
f 3778 3779 3795 3794
f 3779 3780 3796 3795
f 3780 3781 3797 3796
f 3781 3782 3798 3797
f 3782 3783 3799 3798
f 3783 3784 3800 3799
f 3784 3785 3801 3800
f 3785 3786 3802 3801
f 3786 3787 3803 3802
f 3787 3788 3804 3803
f 3788 3789 3805 3804
f 3789 3790 3806 3805
f 3790 3791 3807 3806
f 3791 3792 3808 3807
f 3792 3777 3793 3808
f 3792 3791 3790 3789 3788 3787 3786 3785 3784 3783 3782 3781 3780 3779 3778 3777
f 3793 3794 3795 3796 3797 3798 3799 3800 3801 3802 3803 3804 3805 3806 3807 3808
f 3813 3815 3811 3809
f 3810 3812 3816 3814
f 3809 3810 3814 3813
f 3815 3816 3812 3811
f 3811 3812 3810 3809
f 3813 3814 3816 3815
f 3821 3823 3819 3817
f 3818 3820 3824 3822
f 3817 3818 3822 3821
f 3823 3824 3820 3819
f 3819 3820 3818 3817
f 3821 3822 3824 3823
f 3829 3831 3827 3825
f 3826 3828 3832 3830
f 3825 3826 3830 3829
f 3831 3832 3828 3827
f 3827 3828 3826 3825
f 3829 3830 3832 3831
o STATION_FORTRESS_M05DEF_Turret_2
usemtl Turret
v -20.6000 4.4000 -83.2480
v -21.4144 4.4000 -83.0860
v -22.1047 4.4000 -82.6247
v -22.5660 4.4000 -81.9344
v -22.7280 4.4000 -81.1200
v -22.5660 4.4000 -80.3056
v -22.1047 4.4000 -79.6153
v -21.4144 4.4000 -79.1540
v -20.6000 4.4000 -78.9920
v -19.7856 4.4000 -79.1540
v -19.0953 4.4000 -79.6153
v -18.6340 4.4000 -80.3056
v -18.4720 4.4000 -81.1200
v -18.6340 4.4000 -81.9344
v -19.0953 4.4000 -82.6247
v -19.7856 4.4000 -83.0860
v -20.6000 5.1840 -83.2480
v -21.4144 5.1840 -83.0860
v -22.1047 5.1840 -82.6247
v -22.5660 5.1840 -81.9344
v -22.7280 5.1840 -81.1200
v -22.5660 5.1840 -80.3056
v -22.1047 5.1840 -79.6153
v -21.4144 5.1840 -79.1540
v -20.6000 5.1840 -78.9920
v -19.7856 5.1840 -79.1540
v -19.0953 5.1840 -79.6153
v -18.6340 5.1840 -80.3056
v -18.4720 5.1840 -81.1200
v -18.6340 5.1840 -81.9344
v -19.0953 5.1840 -82.6247
v -19.7856 5.1840 -83.0860
v -18.8080 5.1840 -79.3280
v -18.8080 5.1840 -82.9120
v -22.6160 5.1840 -79.3280
v -22.6160 5.1840 -82.9120
v -18.8080 6.9760 -79.8880
v -18.8080 6.9760 -82.3520
v -22.6160 6.9760 -79.8880
v -22.6160 6.9760 -82.3520
v -21.9440 5.8560 -80.2016
v -21.9440 5.8560 -80.6048
v -27.7680 5.8560 -80.2016
v -27.7680 5.8560 -80.6048
v -21.9440 6.2592 -80.2016
v -21.9440 6.2592 -80.6048
v -27.7680 6.2592 -80.2016
v -27.7680 6.2592 -80.6048
v -21.9440 5.8560 -81.6352
v -21.9440 5.8560 -82.0384
v -27.7680 5.8560 -81.6352
v -27.7680 5.8560 -82.0384
v -21.9440 6.2592 -81.6352
v -21.9440 6.2592 -82.0384
v -27.7680 6.2592 -81.6352
v -27.7680 6.2592 -82.0384
f 3833 3834 3850 3849
f 3834 3835 3851 3850
f 3835 3836 3852 3851
f 3836 3837 3853 3852
f 3837 3838 3854 3853
f 3838 3839 3855 3854
f 3839 3840 3856 3855
f 3840 3841 3857 3856
f 3841 3842 3858 3857
f 3842 3843 3859 3858
f 3843 3844 3860 3859
f 3844 3845 3861 3860
f 3845 3846 3862 3861
f 3846 3847 3863 3862
f 3847 3848 3864 3863
f 3848 3833 3849 3864
f 3848 3847 3846 3845 3844 3843 3842 3841 3840 3839 3838 3837 3836 3835 3834 3833
f 3849 3850 3851 3852 3853 3854 3855 3856 3857 3858 3859 3860 3861 3862 3863 3864
f 3869 3871 3867 3865
f 3866 3868 3872 3870
f 3865 3866 3870 3869
f 3871 3872 3868 3867
f 3867 3868 3866 3865
f 3869 3870 3872 3871
f 3877 3879 3875 3873
f 3874 3876 3880 3878
f 3873 3874 3878 3877
f 3879 3880 3876 3875
f 3875 3876 3874 3873
f 3877 3878 3880 3879
f 3885 3887 3883 3881
f 3882 3884 3888 3886
f 3881 3882 3886 3885
f 3887 3888 3884 3883
f 3883 3884 3882 3881
f 3885 3886 3888 3887
o STATION_FORTRESS_T03_Deck-col
usemtl Deck
v -1.4000 -0.3000 -83.5200
v 1.4000 -0.3000 -83.5200
v -1.4000 -0.3000 -95.9600
v 1.4000 -0.3000 -95.9600
v -1.4000 0.0000 -83.5200
v 1.4000 0.0000 -83.5200
v -1.4000 0.0000 -95.9600
v 1.4000 0.0000 -95.9600
f 3893 3895 3891 3889
f 3890 3892 3896 3894
f 3889 3890 3894 3893
f 3895 3896 3892 3891
f 3891 3892 3890 3889
f 3893 3894 3896 3895
o STATION_FORTRESS_T03_Hull-col
usemtl Hull
v -1.8000 3.2000 -83.5200
v 1.8000 3.2000 -83.5200
v -1.8000 3.2000 -95.9600
v 1.8000 3.2000 -95.9600
v -1.8000 3.6000 -83.5200
v 1.8000 3.6000 -83.5200
v -1.8000 3.6000 -95.9600
v 1.8000 3.6000 -95.9600
v -1.8000 -0.7000 -83.5200
v 1.8000 -0.7000 -83.5200
v -1.8000 -0.7000 -95.9600
v 1.8000 -0.7000 -95.9600
v -1.8000 -0.3000 -83.5200
v 1.8000 -0.3000 -83.5200
v -1.8000 -0.3000 -95.9600
v 1.8000 -0.3000 -95.9600
v -1.8000 -0.3000 -83.5200
v -1.4000 -0.3000 -83.5200
v -1.8000 -0.3000 -84.5200
v -1.4000 -0.3000 -84.5200
v -1.8000 3.2000 -83.5200
v -1.4000 3.2000 -83.5200
v -1.8000 3.2000 -84.5200
v -1.4000 3.2000 -84.5200
v -1.8000 -0.3000 -84.5200
v -1.4000 -0.3000 -84.5200
v -1.8000 -0.3000 -94.9600
v -1.4000 -0.3000 -94.9600
v -1.8000 1.2000 -84.5200
v -1.4000 1.2000 -84.5200
v -1.8000 1.2000 -94.9600
v -1.4000 1.2000 -94.9600
v -1.8000 2.4000 -84.5200
v -1.4000 2.4000 -84.5200
v -1.8000 2.4000 -94.9600
v -1.4000 2.4000 -94.9600
v -1.8000 3.2000 -84.5200
v -1.4000 3.2000 -84.5200
v -1.8000 3.2000 -94.9600
v -1.4000 3.2000 -94.9600
v -1.8000 -0.3000 -94.9600
v -1.4000 -0.3000 -94.9600
v -1.8000 -0.3000 -95.9600
v -1.4000 -0.3000 -95.9600
v -1.8000 3.2000 -94.9600
v -1.4000 3.2000 -94.9600
v -1.8000 3.2000 -95.9600
v -1.4000 3.2000 -95.9600
v 1.4000 -0.3000 -83.5200
v 1.8000 -0.3000 -83.5200
v 1.4000 -0.3000 -84.5200
v 1.8000 -0.3000 -84.5200
v 1.4000 3.2000 -83.5200
v 1.8000 3.2000 -83.5200
v 1.4000 3.2000 -84.5200
v 1.8000 3.2000 -84.5200
v 1.4000 -0.3000 -84.5200
v 1.8000 -0.3000 -84.5200
v 1.4000 -0.3000 -94.9600
v 1.8000 -0.3000 -94.9600
v 1.4000 1.2000 -84.5200
v 1.8000 1.2000 -84.5200
v 1.4000 1.2000 -94.9600
v 1.8000 1.2000 -94.9600
v 1.4000 2.4000 -84.5200
v 1.8000 2.4000 -84.5200
v 1.4000 2.4000 -94.9600
v 1.8000 2.4000 -94.9600
v 1.4000 3.2000 -84.5200
v 1.8000 3.2000 -84.5200
v 1.4000 3.2000 -94.9600
v 1.8000 3.2000 -94.9600
v 1.4000 -0.3000 -94.9600
v 1.8000 -0.3000 -94.9600
v 1.4000 -0.3000 -95.9600
v 1.8000 -0.3000 -95.9600
v 1.4000 3.2000 -94.9600
v 1.8000 3.2000 -94.9600
v 1.4000 3.2000 -95.9600
v 1.8000 3.2000 -95.9600
f 3901 3903 3899 3897
f 3898 3900 3904 3902
f 3897 3898 3902 3901
f 3903 3904 3900 3899
f 3899 3900 3898 3897
f 3901 3902 3904 3903
f 3909 3911 3907 3905
f 3906 3908 3912 3910
f 3905 3906 3910 3909
f 3911 3912 3908 3907
f 3907 3908 3906 3905
f 3909 3910 3912 3911
f 3917 3919 3915 3913
f 3914 3916 3920 3918
f 3913 3914 3918 3917
f 3919 3920 3916 3915
f 3915 3916 3914 3913
f 3917 3918 3920 3919
f 3925 3927 3923 3921
f 3922 3924 3928 3926
f 3921 3922 3926 3925
f 3927 3928 3924 3923
f 3923 3924 3922 3921
f 3925 3926 3928 3927
f 3933 3935 3931 3929
f 3930 3932 3936 3934
f 3929 3930 3934 3933
f 3935 3936 3932 3931
f 3931 3932 3930 3929
f 3933 3934 3936 3935
f 3941 3943 3939 3937
f 3938 3940 3944 3942
f 3937 3938 3942 3941
f 3943 3944 3940 3939
f 3939 3940 3938 3937
f 3941 3942 3944 3943
f 3949 3951 3947 3945
f 3946 3948 3952 3950
f 3945 3946 3950 3949
f 3951 3952 3948 3947
f 3947 3948 3946 3945
f 3949 3950 3952 3951
f 3957 3959 3955 3953
f 3954 3956 3960 3958
f 3953 3954 3958 3957
f 3959 3960 3956 3955
f 3955 3956 3954 3953
f 3957 3958 3960 3959
f 3965 3967 3963 3961
f 3962 3964 3968 3966
f 3961 3962 3966 3965
f 3967 3968 3964 3963
f 3963 3964 3962 3961
f 3965 3966 3968 3967
f 3973 3975 3971 3969
f 3970 3972 3976 3974
f 3969 3970 3974 3973
f 3975 3976 3972 3971
f 3971 3972 3970 3969
f 3973 3974 3976 3975
o STATION_FORTRESS_T03_Lights
usemtl Lights
v -0.3000 3.1200 -84.0200
v 0.3000 3.1200 -84.0200
v -0.3000 3.1200 -95.4600
v 0.3000 3.1200 -95.4600
v -0.3000 3.2000 -84.0200
v 0.3000 3.2000 -84.0200
v -0.3000 3.2000 -95.4600
v 0.3000 3.2000 -95.4600
f 3981 3983 3979 3977
f 3978 3980 3984 3982
f 3977 3978 3982 3981
f 3983 3984 3980 3979
f 3979 3980 3978 3977
f 3981 3982 3984 3983
o STATION_FORTRESS_T03_Glass-col
usemtl Glass
v -1.6000 1.2000 -84.5200
v -1.5500 1.2000 -84.5200
v -1.6000 1.2000 -94.9600
v -1.5500 1.2000 -94.9600
v -1.6000 2.4000 -84.5200
v -1.5500 2.4000 -84.5200
v -1.6000 2.4000 -94.9600
v -1.5500 2.4000 -94.9600
v 1.5500 1.2000 -84.5200
v 1.6000 1.2000 -84.5200
v 1.5500 1.2000 -94.9600
v 1.6000 1.2000 -94.9600
v 1.5500 2.4000 -84.5200
v 1.6000 2.4000 -84.5200
v 1.5500 2.4000 -94.9600
v 1.6000 2.4000 -94.9600
f 3989 3991 3987 3985
f 3986 3988 3992 3990
f 3985 3986 3990 3989
f 3991 3992 3988 3987
f 3987 3988 3986 3985
f 3989 3990 3992 3991
f 3997 3999 3995 3993
f 3994 3996 4000 3998
f 3993 3994 3998 3997
f 3999 4000 3996 3995
f 3995 3996 3994 3993
f 3997 3998 4000 3999
o STATION_FORTRESS_H03_Deck-col
usemtl Deck
v -4.0000 -0.3000 -96.3600
v 4.0000 -0.3000 -96.3600
v -4.0000 -0.3000 -104.3600
v 4.0000 -0.3000 -104.3600
v -4.0000 0.0000 -96.3600
v 4.0000 0.0000 -96.3600
v -4.0000 0.0000 -104.3600
v 4.0000 0.0000 -104.3600
f 4005 4007 4003 4001
f 4002 4004 4008 4006
f 4001 4002 4006 4005
f 4007 4008 4004 4003
f 4003 4004 4002 4001
f 4005 4006 4008 4007
o STATION_FORTRESS_H03_Hull-col
usemtl Hull
v -4.4000 4.0000 -95.9600
v 4.4000 4.0000 -95.9600
v -4.4000 4.0000 -104.7600
v 4.4000 4.0000 -104.7600
v -4.4000 4.4000 -95.9600
v 4.4000 4.4000 -95.9600
v -4.4000 4.4000 -104.7600
v 4.4000 4.4000 -104.7600
v -4.4000 -0.7000 -95.9600
v 4.4000 -0.7000 -95.9600
v -4.4000 -0.7000 -104.7600
v 4.4000 -0.7000 -104.7600
v -4.4000 -0.3000 -95.9600
v 4.4000 -0.3000 -95.9600
v -4.4000 -0.3000 -104.7600
v 4.4000 -0.3000 -104.7600
v -4.4000 -0.3000 -95.9600
v -1.1000 -0.3000 -95.9600
v -4.4000 -0.3000 -96.3600
v -1.1000 -0.3000 -96.3600
v -4.4000 4.0000 -95.9600
v -1.1000 4.0000 -95.9600
v -4.4000 4.0000 -96.3600
v -1.1000 4.0000 -96.3600
v -1.1000 -0.3000 -95.9600
v 1.1000 -0.3000 -95.9600
v -1.1000 -0.3000 -96.3600
v 1.1000 -0.3000 -96.3600
v -1.1000 0.0000 -95.9600
v 1.1000 0.0000 -95.9600
v -1.1000 0.0000 -96.3600
v 1.1000 0.0000 -96.3600
v -1.1000 3.0000 -95.9600
v 1.1000 3.0000 -95.9600
v -1.1000 3.0000 -96.3600
v 1.1000 3.0000 -96.3600
v -1.1000 4.0000 -95.9600
v 1.1000 4.0000 -95.9600
v -1.1000 4.0000 -96.3600
v 1.1000 4.0000 -96.3600
v 1.1000 -0.3000 -95.9600
v 4.4000 -0.3000 -95.9600
v 1.1000 -0.3000 -96.3600
v 4.4000 -0.3000 -96.3600
v 1.1000 4.0000 -95.9600
v 4.4000 4.0000 -95.9600
v 1.1000 4.0000 -96.3600
v 4.4000 4.0000 -96.3600
v -4.4000 -0.3000 -104.3600
v -1.1000 -0.3000 -104.3600
v -4.4000 -0.3000 -104.7600
v -1.1000 -0.3000 -104.7600
v -4.4000 4.0000 -104.3600
v -1.1000 4.0000 -104.3600
v -4.4000 4.0000 -104.7600
v -1.1000 4.0000 -104.7600
v -1.1000 -0.3000 -104.3600
v 1.1000 -0.3000 -104.3600
v -1.1000 -0.3000 -104.7600
v 1.1000 -0.3000 -104.7600
v -1.1000 0.0000 -104.3600
v 1.1000 0.0000 -104.3600
v -1.1000 0.0000 -104.7600
v 1.1000 0.0000 -104.7600
v -1.1000 3.0000 -104.3600
v 1.1000 3.0000 -104.3600
v -1.1000 3.0000 -104.7600
v 1.1000 3.0000 -104.7600
v -1.1000 4.0000 -104.3600
v 1.1000 4.0000 -104.3600
v -1.1000 4.0000 -104.7600
v 1.1000 4.0000 -104.7600
v 1.1000 -0.3000 -104.3600
v 4.4000 -0.3000 -104.3600
v 1.1000 -0.3000 -104.7600
v 4.4000 -0.3000 -104.7600
v 1.1000 4.0000 -104.3600
v 4.4000 4.0000 -104.3600
v 1.1000 4.0000 -104.7600
v 4.4000 4.0000 -104.7600
v -4.4000 -0.3000 -95.9600
v -4.0000 -0.3000 -95.9600
v -4.4000 -0.3000 -99.2600
v -4.0000 -0.3000 -99.2600
v -4.4000 4.0000 -95.9600
v -4.0000 4.0000 -95.9600
v -4.4000 4.0000 -99.2600
v -4.0000 4.0000 -99.2600
v -4.4000 -0.3000 -99.2600
v -4.0000 -0.3000 -99.2600
v -4.4000 -0.3000 -101.4600
v -4.0000 -0.3000 -101.4600
v -4.4000 0.0000 -99.2600
v -4.0000 0.0000 -99.2600
v -4.4000 0.0000 -101.4600
v -4.0000 0.0000 -101.4600
v -4.4000 3.0000 -99.2600
v -4.0000 3.0000 -99.2600
v -4.4000 3.0000 -101.4600
v -4.0000 3.0000 -101.4600
v -4.4000 4.0000 -99.2600
v -4.0000 4.0000 -99.2600
v -4.4000 4.0000 -101.4600
v -4.0000 4.0000 -101.4600
v -4.4000 -0.3000 -101.4600
v -4.0000 -0.3000 -101.4600
v -4.4000 -0.3000 -104.7600
v -4.0000 -0.3000 -104.7600
v -4.4000 4.0000 -101.4600
v -4.0000 4.0000 -101.4600
v -4.4000 4.0000 -104.7600
v -4.0000 4.0000 -104.7600
v 4.0000 -0.3000 -95.9600
v 4.4000 -0.3000 -95.9600
v 4.0000 -0.3000 -99.2600
v 4.4000 -0.3000 -99.2600
v 4.0000 4.0000 -95.9600
v 4.4000 4.0000 -95.9600
v 4.0000 4.0000 -99.2600
v 4.4000 4.0000 -99.2600
v 4.0000 -0.3000 -99.2600
v 4.4000 -0.3000 -99.2600
v 4.0000 -0.3000 -101.4600
v 4.4000 -0.3000 -101.4600
v 4.0000 0.0000 -99.2600
v 4.4000 0.0000 -99.2600
v 4.0000 0.0000 -101.4600
v 4.4000 0.0000 -101.4600
v 4.0000 3.0000 -99.2600
v 4.4000 3.0000 -99.2600
v 4.0000 3.0000 -101.4600
v 4.4000 3.0000 -101.4600
v 4.0000 4.0000 -99.2600
v 4.4000 4.0000 -99.2600
v 4.0000 4.0000 -101.4600
v 4.4000 4.0000 -101.4600
v 4.0000 -0.3000 -101.4600
v 4.4000 -0.3000 -101.4600
v 4.0000 -0.3000 -104.7600
v 4.4000 -0.3000 -104.7600
v 4.0000 4.0000 -101.4600
v 4.4000 4.0000 -101.4600
v 4.0000 4.0000 -104.7600
v 4.4000 4.0000 -104.7600
f 4013 4015 4011 4009
f 4010 4012 4016 4014
f 4009 4010 4014 4013
f 4015 4016 4012 4011
f 4011 4012 4010 4009
f 4013 4014 4016 4015
f 4021 4023 4019 4017
f 4018 4020 4024 4022
f 4017 4018 4022 4021
f 4023 4024 4020 4019
f 4019 4020 4018 4017
f 4021 4022 4024 4023
f 4029 4031 4027 4025
f 4026 4028 4032 4030
f 4025 4026 4030 4029
f 4031 4032 4028 4027
f 4027 4028 4026 4025
f 4029 4030 4032 4031
f 4037 4039 4035 4033
f 4034 4036 4040 4038
f 4033 4034 4038 4037
f 4039 4040 4036 4035
f 4035 4036 4034 4033
f 4037 4038 4040 4039
f 4045 4047 4043 4041
f 4042 4044 4048 4046
f 4041 4042 4046 4045
f 4047 4048 4044 4043
f 4043 4044 4042 4041
f 4045 4046 4048 4047
f 4053 4055 4051 4049
f 4050 4052 4056 4054
f 4049 4050 4054 4053
f 4055 4056 4052 4051
f 4051 4052 4050 4049
f 4053 4054 4056 4055
f 4061 4063 4059 4057
f 4058 4060 4064 4062
f 4057 4058 4062 4061
f 4063 4064 4060 4059
f 4059 4060 4058 4057
f 4061 4062 4064 4063
f 4069 4071 4067 4065
f 4066 4068 4072 4070
f 4065 4066 4070 4069
f 4071 4072 4068 4067
f 4067 4068 4066 4065
f 4069 4070 4072 4071
f 4077 4079 4075 4073
f 4074 4076 4080 4078
f 4073 4074 4078 4077
f 4079 4080 4076 4075
f 4075 4076 4074 4073
f 4077 4078 4080 4079
f 4085 4087 4083 4081
f 4082 4084 4088 4086
f 4081 4082 4086 4085
f 4087 4088 4084 4083
f 4083 4084 4082 4081
f 4085 4086 4088 4087
f 4093 4095 4091 4089
f 4090 4092 4096 4094
f 4089 4090 4094 4093
f 4095 4096 4092 4091
f 4091 4092 4090 4089
f 4093 4094 4096 4095
f 4101 4103 4099 4097
f 4098 4100 4104 4102
f 4097 4098 4102 4101
f 4103 4104 4100 4099
f 4099 4100 4098 4097
f 4101 4102 4104 4103
f 4109 4111 4107 4105
f 4106 4108 4112 4110
f 4105 4106 4110 4109
f 4111 4112 4108 4107
f 4107 4108 4106 4105
f 4109 4110 4112 4111
f 4117 4119 4115 4113
f 4114 4116 4120 4118
f 4113 4114 4118 4117
f 4119 4120 4116 4115
f 4115 4116 4114 4113
f 4117 4118 4120 4119
f 4125 4127 4123 4121
f 4122 4124 4128 4126
f 4121 4122 4126 4125
f 4127 4128 4124 4123
f 4123 4124 4122 4121
f 4125 4126 4128 4127
f 4133 4135 4131 4129
f 4130 4132 4136 4134
f 4129 4130 4134 4133
f 4135 4136 4132 4131
f 4131 4132 4130 4129
f 4133 4134 4136 4135
f 4141 4143 4139 4137
f 4138 4140 4144 4142
f 4137 4138 4142 4141
f 4143 4144 4140 4139
f 4139 4140 4138 4137
f 4141 4142 4144 4143
f 4149 4151 4147 4145
f 4146 4148 4152 4150
f 4145 4146 4150 4149
f 4151 4152 4148 4147
f 4147 4148 4146 4145
f 4149 4150 4152 4151
o STATION_FORTRESS_H03_Lights
usemtl Lights
v -1.0000 3.9200 -99.3600
v 1.0000 3.9200 -99.3600
v -1.0000 3.9200 -101.3600
v 1.0000 3.9200 -101.3600
v -1.0000 4.0000 -99.3600
v 1.0000 4.0000 -99.3600
v -1.0000 4.0000 -101.3600
v 1.0000 4.0000 -101.3600
f 4157 4159 4155 4153
f 4154 4156 4160 4158
f 4153 4154 4158 4157
f 4159 4160 4156 4155
f 4155 4156 4154 4153
f 4157 4158 4160 4159
o STATION_FORTRESS_T03R_Deck-col
usemtl Deck
v 4.4000 -0.3000 -101.7600
v 4.4000 -0.3000 -98.9600
v 10.4000 -0.3000 -101.7600
v 10.4000 -0.3000 -98.9600
v 4.4000 0.0000 -101.7600
v 4.4000 0.0000 -98.9600
v 10.4000 0.0000 -101.7600
v 10.4000 0.0000 -98.9600
f 4165 4167 4163 4161
f 4162 4164 4168 4166
f 4161 4162 4166 4165
f 4167 4168 4164 4163
f 4163 4164 4162 4161
f 4165 4166 4168 4167
o STATION_FORTRESS_T03R_Hull-col
usemtl Hull
v 4.4000 3.2000 -102.1600
v 4.4000 3.2000 -98.5600
v 10.4000 3.2000 -102.1600
v 10.4000 3.2000 -98.5600
v 4.4000 3.6000 -102.1600
v 4.4000 3.6000 -98.5600
v 10.4000 3.6000 -102.1600
v 10.4000 3.6000 -98.5600
v 4.4000 -0.7000 -102.1600
v 4.4000 -0.7000 -98.5600
v 10.4000 -0.7000 -102.1600
v 10.4000 -0.7000 -98.5600
v 4.4000 -0.3000 -102.1600
v 4.4000 -0.3000 -98.5600
v 10.4000 -0.3000 -102.1600
v 10.4000 -0.3000 -98.5600
v 4.4000 -0.3000 -102.1600
v 4.4000 -0.3000 -101.7600
v 5.4000 -0.3000 -102.1600
v 5.4000 -0.3000 -101.7600
v 4.4000 3.2000 -102.1600
v 4.4000 3.2000 -101.7600
v 5.4000 3.2000 -102.1600
v 5.4000 3.2000 -101.7600
v 5.4000 -0.3000 -102.1600
v 5.4000 -0.3000 -101.7600
v 9.4000 -0.3000 -102.1600
v 9.4000 -0.3000 -101.7600
v 5.4000 1.2000 -102.1600
v 5.4000 1.2000 -101.7600
v 9.4000 1.2000 -102.1600
v 9.4000 1.2000 -101.7600
v 5.4000 2.4000 -102.1600
v 5.4000 2.4000 -101.7600
v 9.4000 2.4000 -102.1600
v 9.4000 2.4000 -101.7600
v 5.4000 3.2000 -102.1600
v 5.4000 3.2000 -101.7600
v 9.4000 3.2000 -102.1600
v 9.4000 3.2000 -101.7600
v 9.4000 -0.3000 -102.1600
v 9.4000 -0.3000 -101.7600
v 10.4000 -0.3000 -102.1600
v 10.4000 -0.3000 -101.7600
v 9.4000 3.2000 -102.1600
v 9.4000 3.2000 -101.7600
v 10.4000 3.2000 -102.1600
v 10.4000 3.2000 -101.7600
v 4.4000 -0.3000 -98.9600
v 4.4000 -0.3000 -98.5600
v 5.4000 -0.3000 -98.9600
v 5.4000 -0.3000 -98.5600
v 4.4000 3.2000 -98.9600
v 4.4000 3.2000 -98.5600
v 5.4000 3.2000 -98.9600
v 5.4000 3.2000 -98.5600
v 5.4000 -0.3000 -98.9600
v 5.4000 -0.3000 -98.5600
v 9.4000 -0.3000 -98.9600
v 9.4000 -0.3000 -98.5600
v 5.4000 1.2000 -98.9600
v 5.4000 1.2000 -98.5600
v 9.4000 1.2000 -98.9600
v 9.4000 1.2000 -98.5600
v 5.4000 2.4000 -98.9600
v 5.4000 2.4000 -98.5600
v 9.4000 2.4000 -98.9600
v 9.4000 2.4000 -98.5600
v 5.4000 3.2000 -98.9600
v 5.4000 3.2000 -98.5600
v 9.4000 3.2000 -98.9600
v 9.4000 3.2000 -98.5600
v 9.4000 -0.3000 -98.9600
v 9.4000 -0.3000 -98.5600
v 10.4000 -0.3000 -98.9600
v 10.4000 -0.3000 -98.5600
v 9.4000 3.2000 -98.9600
v 9.4000 3.2000 -98.5600
v 10.4000 3.2000 -98.9600
v 10.4000 3.2000 -98.5600
f 4173 4175 4171 4169
f 4170 4172 4176 4174
f 4169 4170 4174 4173
f 4175 4176 4172 4171
f 4171 4172 4170 4169
f 4173 4174 4176 4175
f 4181 4183 4179 4177
f 4178 4180 4184 4182
f 4177 4178 4182 4181
f 4183 4184 4180 4179
f 4179 4180 4178 4177
f 4181 4182 4184 4183
f 4189 4191 4187 4185
f 4186 4188 4192 4190
f 4185 4186 4190 4189
f 4191 4192 4188 4187
f 4187 4188 4186 4185
f 4189 4190 4192 4191
f 4197 4199 4195 4193
f 4194 4196 4200 4198
f 4193 4194 4198 4197
f 4199 4200 4196 4195
f 4195 4196 4194 4193
f 4197 4198 4200 4199
f 4205 4207 4203 4201
f 4202 4204 4208 4206
f 4201 4202 4206 4205
f 4207 4208 4204 4203
f 4203 4204 4202 4201
f 4205 4206 4208 4207
f 4213 4215 4211 4209
f 4210 4212 4216 4214
f 4209 4210 4214 4213
f 4215 4216 4212 4211
f 4211 4212 4210 4209
f 4213 4214 4216 4215
f 4221 4223 4219 4217
f 4218 4220 4224 4222
f 4217 4218 4222 4221
f 4223 4224 4220 4219
f 4219 4220 4218 4217
f 4221 4222 4224 4223
f 4229 4231 4227 4225
f 4226 4228 4232 4230
f 4225 4226 4230 4229
f 4231 4232 4228 4227
f 4227 4228 4226 4225
f 4229 4230 4232 4231
f 4237 4239 4235 4233
f 4234 4236 4240 4238
f 4233 4234 4238 4237
f 4239 4240 4236 4235
f 4235 4236 4234 4233
f 4237 4238 4240 4239
f 4245 4247 4243 4241
f 4242 4244 4248 4246
f 4241 4242 4246 4245
f 4247 4248 4244 4243
f 4243 4244 4242 4241
f 4245 4246 4248 4247
o STATION_FORTRESS_T03R_Lights
usemtl Lights
v 4.9000 3.1200 -100.6600
v 4.9000 3.1200 -100.0600
v 9.9000 3.1200 -100.6600
v 9.9000 3.1200 -100.0600
v 4.9000 3.2000 -100.6600
v 4.9000 3.2000 -100.0600
v 9.9000 3.2000 -100.6600
v 9.9000 3.2000 -100.0600
f 4253 4255 4251 4249
f 4250 4252 4256 4254
f 4249 4250 4254 4253
f 4255 4256 4252 4251
f 4251 4252 4250 4249
f 4253 4254 4256 4255
o STATION_FORTRESS_T03R_Glass-col
usemtl Glass
v 5.4000 1.2000 -101.9600
v 5.4000 1.2000 -101.9100
v 9.4000 1.2000 -101.9600
v 9.4000 1.2000 -101.9100
v 5.4000 2.4000 -101.9600
v 5.4000 2.4000 -101.9100
v 9.4000 2.4000 -101.9600
v 9.4000 2.4000 -101.9100
v 5.4000 1.2000 -98.8100
v 5.4000 1.2000 -98.7600
v 9.4000 1.2000 -98.8100
v 9.4000 1.2000 -98.7600
v 5.4000 2.4000 -98.8100
v 5.4000 2.4000 -98.7600
v 9.4000 2.4000 -98.8100
v 9.4000 2.4000 -98.7600
f 4261 4263 4259 4257
f 4258 4260 4264 4262
f 4257 4258 4262 4261
f 4263 4264 4260 4259
f 4259 4260 4258 4257
f 4261 4262 4264 4263
f 4269 4271 4267 4265
f 4266 4268 4272 4270
f 4265 4266 4270 4269
f 4271 4272 4268 4267
f 4267 4268 4266 4265
f 4269 4270 4272 4271
o STATION_FORTRESS_M06SHD_Deck-col
usemtl Deck
v 10.8000 -0.3000 -108.8600
v 10.8000 -0.3000 -91.8600
v 30.8000 -0.3000 -108.8600
v 30.8000 -0.3000 -91.8600
v 10.8000 0.0000 -108.8600
v 10.8000 0.0000 -91.8600
v 30.8000 0.0000 -108.8600
v 30.8000 0.0000 -91.8600
f 4277 4279 4275 4273
f 4274 4276 4280 4278
f 4273 4274 4278 4277
f 4279 4280 4276 4275
f 4275 4276 4274 4273
f 4277 4278 4280 4279
o STATION_FORTRESS_M06SHD_Hull-col
usemtl Hull
v 10.4000 4.0000 -109.3600
v 10.4000 4.0000 -91.3600
v 31.2000 4.0000 -109.3600
v 31.2000 4.0000 -91.3600
v 10.4000 4.4000 -109.3600
v 10.4000 4.4000 -91.3600
v 31.2000 4.4000 -109.3600
v 31.2000 4.4000 -91.3600
v 10.4000 -0.7000 -109.3600
v 10.4000 -0.7000 -91.3600
v 31.2000 -0.7000 -109.3600
v 31.2000 -0.7000 -91.3600
v 10.4000 -0.3000 -109.3600
v 10.4000 -0.3000 -91.3600
v 31.2000 -0.3000 -109.3600
v 31.2000 -0.3000 -91.3600
v 10.8000 -0.3000 -109.3600
v 10.8000 -0.3000 -108.8600
v 14.8000 -0.3000 -109.3600
v 14.8000 -0.3000 -108.8600
v 10.8000 4.0000 -109.3600
v 10.8000 4.0000 -108.8600
v 14.8000 4.0000 -109.3600
v 14.8000 4.0000 -108.8600
v 14.8000 -0.3000 -109.3600
v 14.8000 -0.3000 -108.8600
v 16.8000 -0.3000 -109.3600
v 16.8000 -0.3000 -108.8600
v 14.8000 0.0000 -109.3600
v 14.8000 0.0000 -108.8600
v 16.8000 0.0000 -109.3600
v 16.8000 0.0000 -108.8600
v 14.8000 2.6000 -109.3600
v 14.8000 2.6000 -108.8600
v 16.8000 2.6000 -109.3600
v 16.8000 2.6000 -108.8600
v 14.8000 4.0000 -109.3600
v 14.8000 4.0000 -108.8600
v 16.8000 4.0000 -109.3600
v 16.8000 4.0000 -108.8600
v 16.8000 -0.3000 -109.3600
v 16.8000 -0.3000 -108.8600
v 30.8000 -0.3000 -109.3600
v 30.8000 -0.3000 -108.8600
v 16.8000 4.0000 -109.3600
v 16.8000 4.0000 -108.8600
v 30.8000 4.0000 -109.3600
v 30.8000 4.0000 -108.8600
v 10.8000 -0.3000 -91.8600
v 10.8000 -0.3000 -91.3600
v 14.8000 -0.3000 -91.8600
v 14.8000 -0.3000 -91.3600
v 10.8000 4.0000 -91.8600
v 10.8000 4.0000 -91.3600
v 14.8000 4.0000 -91.8600
v 14.8000 4.0000 -91.3600
v 14.8000 -0.3000 -91.8600
v 14.8000 -0.3000 -91.3600
v 16.8000 -0.3000 -91.8600
v 16.8000 -0.3000 -91.3600
v 14.8000 0.0000 -91.8600
v 14.8000 0.0000 -91.3600
v 16.8000 0.0000 -91.8600
v 16.8000 0.0000 -91.3600
v 14.8000 2.6000 -91.8600
v 14.8000 2.6000 -91.3600
v 16.8000 2.6000 -91.8600
v 16.8000 2.6000 -91.3600
v 14.8000 4.0000 -91.8600
v 14.8000 4.0000 -91.3600
v 16.8000 4.0000 -91.8600
v 16.8000 4.0000 -91.3600
v 16.8000 -0.3000 -91.8600
v 16.8000 -0.3000 -91.3600
v 30.8000 -0.3000 -91.8600
v 30.8000 -0.3000 -91.3600
v 16.8000 4.0000 -91.8600
v 16.8000 4.0000 -91.3600
v 30.8000 4.0000 -91.8600
v 30.8000 4.0000 -91.3600
v 10.4000 -0.3000 -109.3600
v 10.4000 -0.3000 -101.2600
v 10.8000 -0.3000 -109.3600
v 10.8000 -0.3000 -101.2600
v 10.4000 4.0000 -109.3600
v 10.4000 4.0000 -101.2600
v 10.8000 4.0000 -109.3600
v 10.8000 4.0000 -101.2600
v 10.4000 -0.3000 -101.2600
v 10.4000 -0.3000 -99.4600
v 10.8000 -0.3000 -101.2600
v 10.8000 -0.3000 -99.4600
v 10.4000 0.0000 -101.2600
v 10.4000 0.0000 -99.4600
v 10.8000 0.0000 -101.2600
v 10.8000 0.0000 -99.4600
v 10.4000 2.8000 -101.2600
v 10.4000 2.8000 -99.4600
v 10.8000 2.8000 -101.2600
v 10.8000 2.8000 -99.4600
v 10.4000 4.0000 -101.2600
v 10.4000 4.0000 -99.4600
v 10.8000 4.0000 -101.2600
v 10.8000 4.0000 -99.4600
v 10.4000 -0.3000 -99.4600
v 10.4000 -0.3000 -91.3600
v 10.8000 -0.3000 -99.4600
v 10.8000 -0.3000 -91.3600
v 10.4000 4.0000 -99.4600
v 10.4000 4.0000 -91.3600
v 10.8000 4.0000 -99.4600
v 10.8000 4.0000 -91.3600
v 30.8000 -0.3000 -109.3600
v 30.8000 -0.3000 -101.2600
v 31.2000 -0.3000 -109.3600
v 31.2000 -0.3000 -101.2600
v 30.8000 4.0000 -109.3600
v 30.8000 4.0000 -101.2600
v 31.2000 4.0000 -109.3600
v 31.2000 4.0000 -101.2600
v 30.8000 -0.3000 -101.2600
v 30.8000 -0.3000 -99.4600
v 31.2000 -0.3000 -101.2600
v 31.2000 -0.3000 -99.4600
v 30.8000 0.0000 -101.2600
v 30.8000 0.0000 -99.4600
v 31.2000 0.0000 -101.2600
v 31.2000 0.0000 -99.4600
v 30.8000 2.8000 -101.2600
v 30.8000 2.8000 -99.4600
v 31.2000 2.8000 -101.2600
v 31.2000 2.8000 -99.4600
v 30.8000 4.0000 -101.2600
v 30.8000 4.0000 -99.4600
v 31.2000 4.0000 -101.2600
v 31.2000 4.0000 -99.4600
v 30.8000 -0.3000 -99.4600
v 30.8000 -0.3000 -91.3600
v 31.2000 -0.3000 -99.4600
v 31.2000 -0.3000 -91.3600
v 30.8000 4.0000 -99.4600
v 30.8000 4.0000 -91.3600
v 31.2000 4.0000 -99.4600
v 31.2000 4.0000 -91.3600
f 4285 4287 4283 4281
f 4282 4284 4288 4286
f 4281 4282 4286 4285
f 4287 4288 4284 4283
f 4283 4284 4282 4281
f 4285 4286 4288 4287
f 4293 4295 4291 4289
f 4290 4292 4296 4294
f 4289 4290 4294 4293
f 4295 4296 4292 4291
f 4291 4292 4290 4289
f 4293 4294 4296 4295
f 4301 4303 4299 4297
f 4298 4300 4304 4302
f 4297 4298 4302 4301
f 4303 4304 4300 4299
f 4299 4300 4298 4297
f 4301 4302 4304 4303
f 4309 4311 4307 4305
f 4306 4308 4312 4310
f 4305 4306 4310 4309
f 4311 4312 4308 4307
f 4307 4308 4306 4305
f 4309 4310 4312 4311
f 4317 4319 4315 4313
f 4314 4316 4320 4318
f 4313 4314 4318 4317
f 4319 4320 4316 4315
f 4315 4316 4314 4313
f 4317 4318 4320 4319
f 4325 4327 4323 4321
f 4322 4324 4328 4326
f 4321 4322 4326 4325
f 4327 4328 4324 4323
f 4323 4324 4322 4321
f 4325 4326 4328 4327
f 4333 4335 4331 4329
f 4330 4332 4336 4334
f 4329 4330 4334 4333
f 4335 4336 4332 4331
f 4331 4332 4330 4329
f 4333 4334 4336 4335
f 4341 4343 4339 4337
f 4338 4340 4344 4342
f 4337 4338 4342 4341
f 4343 4344 4340 4339
f 4339 4340 4338 4337
f 4341 4342 4344 4343
f 4349 4351 4347 4345
f 4346 4348 4352 4350
f 4345 4346 4350 4349
f 4351 4352 4348 4347
f 4347 4348 4346 4345
f 4349 4350 4352 4351
f 4357 4359 4355 4353
f 4354 4356 4360 4358
f 4353 4354 4358 4357
f 4359 4360 4356 4355
f 4355 4356 4354 4353
f 4357 4358 4360 4359
f 4365 4367 4363 4361
f 4362 4364 4368 4366
f 4361 4362 4366 4365
f 4367 4368 4364 4363
f 4363 4364 4362 4361
f 4365 4366 4368 4367
f 4373 4375 4371 4369
f 4370 4372 4376 4374
f 4369 4370 4374 4373
f 4375 4376 4372 4371
f 4371 4372 4370 4369
f 4373 4374 4376 4375
f 4381 4383 4379 4377
f 4378 4380 4384 4382
f 4377 4378 4382 4381
f 4383 4384 4380 4379
f 4379 4380 4378 4377
f 4381 4382 4384 4383
f 4389 4391 4387 4385
f 4386 4388 4392 4390
f 4385 4386 4390 4389
f 4391 4392 4388 4387
f 4387 4388 4386 4385
f 4389 4390 4392 4391
f 4397 4399 4395 4393
f 4394 4396 4400 4398
f 4393 4394 4398 4397
f 4399 4400 4396 4395
f 4395 4396 4394 4393
f 4397 4398 4400 4399
f 4405 4407 4403 4401
f 4402 4404 4408 4406
f 4401 4402 4406 4405
f 4407 4408 4404 4403
f 4403 4404 4402 4401
f 4405 4406 4408 4407
f 4413 4415 4411 4409
f 4410 4412 4416 4414
f 4409 4410 4414 4413
f 4415 4416 4412 4411
f 4411 4412 4410 4409
f 4413 4414 4416 4415
f 4421 4423 4419 4417
f 4418 4420 4424 4422
f 4417 4418 4422 4421
f 4423 4424 4420 4419
f 4419 4420 4418 4417
f 4421 4422 4424 4423
o STATION_FORTRESS_M06SHD_Interior-col
usemtl Interior
v 20.7000 0.0000 -108.8600
v 20.7000 0.0000 -101.5600
v 20.9000 0.0000 -108.8600
v 20.9000 0.0000 -101.5600
v 20.7000 4.0000 -108.8600
v 20.7000 4.0000 -101.5600
v 20.9000 4.0000 -108.8600
v 20.9000 4.0000 -101.5600
v 20.7000 3.0000 -101.5600
v 20.7000 3.0000 -99.1600
v 20.9000 3.0000 -101.5600
v 20.9000 3.0000 -99.1600
v 20.7000 4.0000 -101.5600
v 20.7000 4.0000 -99.1600
v 20.9000 4.0000 -101.5600
v 20.9000 4.0000 -99.1600
v 20.7000 0.0000 -99.1600
v 20.7000 0.0000 -91.8600
v 20.9000 0.0000 -99.1600
v 20.9000 0.0000 -91.8600
v 20.7000 4.0000 -99.1600
v 20.7000 4.0000 -91.8600
v 20.9000 4.0000 -99.1600
v 20.9000 4.0000 -91.8600
v 20.8000 0.0000 -101.7600
v 20.8000 0.0000 -101.5600
v 25.0000 0.0000 -101.7600
v 25.0000 0.0000 -101.5600
v 20.8000 4.0000 -101.7600
v 20.8000 4.0000 -101.5600
v 25.0000 4.0000 -101.7600
v 25.0000 4.0000 -101.5600
v 25.0000 2.6000 -101.7600
v 25.0000 2.6000 -101.5600
v 26.6000 2.6000 -101.7600
v 26.6000 2.6000 -101.5600
v 25.0000 4.0000 -101.7600
v 25.0000 4.0000 -101.5600
v 26.6000 4.0000 -101.7600
v 26.6000 4.0000 -101.5600
v 26.6000 0.0000 -101.7600
v 26.6000 0.0000 -101.5600
v 30.8000 0.0000 -101.7600
v 30.8000 0.0000 -101.5600
v 26.6000 4.0000 -101.7600
v 26.6000 4.0000 -101.5600
v 30.8000 4.0000 -101.7600
v 30.8000 4.0000 -101.5600
v 20.8000 0.0000 -99.1600
v 20.8000 0.0000 -98.9600
v 25.0000 0.0000 -99.1600
v 25.0000 0.0000 -98.9600
v 20.8000 4.0000 -99.1600
v 20.8000 4.0000 -98.9600
v 25.0000 4.0000 -99.1600
v 25.0000 4.0000 -98.9600
v 25.0000 2.6000 -99.1600
v 25.0000 2.6000 -98.9600
v 26.6000 2.6000 -99.1600
v 26.6000 2.6000 -98.9600
v 25.0000 4.0000 -99.1600
v 25.0000 4.0000 -98.9600
v 26.6000 4.0000 -99.1600
v 26.6000 4.0000 -98.9600
v 26.6000 0.0000 -99.1600
v 26.6000 0.0000 -98.9600
v 30.8000 0.0000 -99.1600
v 30.8000 0.0000 -98.9600
v 26.6000 4.0000 -99.1600
v 26.6000 4.0000 -98.9600
v 30.8000 4.0000 -99.1600
v 30.8000 4.0000 -98.9600
f 4429 4431 4427 4425
f 4426 4428 4432 4430
f 4425 4426 4430 4429
f 4431 4432 4428 4427
f 4427 4428 4426 4425
f 4429 4430 4432 4431
f 4437 4439 4435 4433
f 4434 4436 4440 4438
f 4433 4434 4438 4437
f 4439 4440 4436 4435
f 4435 4436 4434 4433
f 4437 4438 4440 4439
f 4445 4447 4443 4441
f 4442 4444 4448 4446
f 4441 4442 4446 4445
f 4447 4448 4444 4443
f 4443 4444 4442 4441
f 4445 4446 4448 4447
f 4453 4455 4451 4449
f 4450 4452 4456 4454
f 4449 4450 4454 4453
f 4455 4456 4452 4451
f 4451 4452 4450 4449
f 4453 4454 4456 4455
f 4461 4463 4459 4457
f 4458 4460 4464 4462
f 4457 4458 4462 4461
f 4463 4464 4460 4459
f 4459 4460 4458 4457
f 4461 4462 4464 4463
f 4469 4471 4467 4465
f 4466 4468 4472 4470
f 4465 4466 4470 4469
f 4471 4472 4468 4467
f 4467 4468 4466 4465
f 4469 4470 4472 4471
f 4477 4479 4475 4473
f 4474 4476 4480 4478
f 4473 4474 4478 4477
f 4479 4480 4476 4475
f 4475 4476 4474 4473
f 4477 4478 4480 4479
f 4485 4487 4483 4481
f 4482 4484 4488 4486
f 4481 4482 4486 4485
f 4487 4488 4484 4483
f 4483 4484 4482 4481
f 4485 4486 4488 4487
f 4493 4495 4491 4489
f 4490 4492 4496 4494
f 4489 4490 4494 4493
f 4495 4496 4492 4491
f 4491 4492 4490 4489
f 4493 4494 4496 4495
o STATION_FORTRESS_M06SHD_Furniture-col
usemtl Furniture
v 21.4000 0.0000 -92.6600
v 21.4000 0.0000 -91.9600
v 30.2000 0.0000 -92.6600
v 30.2000 0.0000 -91.9600
v 21.4000 1.1000 -92.6600
v 21.4000 1.1000 -91.9600
v 30.2000 1.1000 -92.6600
v 30.2000 1.1000 -91.9600
v 21.4000 0.0000 -108.7600
v 21.4000 0.0000 -108.2600
v 23.8000 0.0000 -108.7600
v 23.8000 0.0000 -108.2600
v 21.4000 2.0000 -108.7600
v 21.4000 2.0000 -108.2600
v 23.8000 2.0000 -108.7600
v 23.8000 2.0000 -108.2600
v 25.2000 0.0000 -104.3600
v 25.2000 0.0000 -102.9600
v 26.4000 0.0000 -104.3600
v 26.4000 0.0000 -102.9600
v 25.2000 0.7500 -104.3600
v 25.2000 0.7500 -102.9600
v 26.4000 0.7500 -104.3600
v 26.4000 0.7500 -102.9600
v 21.2000 0.0000 -99.5100
v 21.2000 0.0000 -99.1600
v 22.4000 0.0000 -99.5100
v 22.4000 0.0000 -99.1600
v 21.2000 2.0000 -99.5100
v 21.2000 2.0000 -99.1600
v 22.4000 2.0000 -99.5100
v 22.4000 2.0000 -99.1600
v 12.6000 0.0000 -106.8600
v 12.6000 0.0000 -103.1600
v 19.0000 0.0000 -106.8600
v 19.0000 0.0000 -103.1600
v 12.6000 2.0000 -106.8600
v 12.6000 2.0000 -103.1600
v 19.0000 2.0000 -106.8600
v 19.0000 2.0000 -103.1600
v 13.7667 0.6000 -108.8100
v 13.7667 0.6000 -108.4100
v 14.7667 0.6000 -108.8100
v 14.7667 0.6000 -108.4100
v 13.7667 2.0000 -108.8100
v 13.7667 2.0000 -108.4100
v 14.7667 2.0000 -108.8100
v 14.7667 2.0000 -108.4100
v 16.8333 0.6000 -92.3100
v 16.8333 0.6000 -91.9100
v 17.8333 0.6000 -92.3100
v 17.8333 0.6000 -91.9100
v 16.8333 2.0000 -92.3100
v 16.8333 2.0000 -91.9100
v 17.8333 2.0000 -92.3100
v 17.8333 2.0000 -91.9100
f 4501 4503 4499 4497
f 4498 4500 4504 4502
f 4497 4498 4502 4501
f 4503 4504 4500 4499
f 4499 4500 4498 4497
f 4501 4502 4504 4503
f 4509 4511 4507 4505
f 4506 4508 4512 4510
f 4505 4506 4510 4509
f 4511 4512 4508 4507
f 4507 4508 4506 4505
f 4509 4510 4512 4511
f 4517 4519 4515 4513
f 4514 4516 4520 4518
f 4513 4514 4518 4517
f 4519 4520 4516 4515
f 4515 4516 4514 4513
f 4517 4518 4520 4519
f 4525 4527 4523 4521
f 4522 4524 4528 4526
f 4521 4522 4526 4525
f 4527 4528 4524 4523
f 4523 4524 4522 4521
f 4525 4526 4528 4527
f 4533 4535 4531 4529
f 4530 4532 4536 4534
f 4529 4530 4534 4533
f 4535 4536 4532 4531
f 4531 4532 4530 4529
f 4533 4534 4536 4535
f 4541 4543 4539 4537
f 4538 4540 4544 4542
f 4537 4538 4542 4541
f 4543 4544 4540 4539
f 4539 4540 4538 4537
f 4541 4542 4544 4543
f 4549 4551 4547 4545
f 4546 4548 4552 4550
f 4545 4546 4550 4549
f 4551 4552 4548 4547
f 4547 4548 4546 4545
f 4549 4550 4552 4551
o STATION_FORTRESS_M06SHD_Cover-col
usemtl Cover
v 13.0000 0.0000 -103.9600
v 13.0000 0.0000 -102.9600
v 14.0000 0.0000 -103.9600
v 14.0000 0.0000 -102.9600
v 13.0000 1.1000 -103.9600
v 13.0000 1.1000 -102.9600
v 14.0000 1.1000 -103.9600
v 14.0000 1.1000 -102.9600
v 17.6000 0.0000 -103.9600
v 17.6000 0.0000 -102.9600
v 18.6000 0.0000 -103.9600
v 18.6000 0.0000 -102.9600
v 17.6000 1.1000 -103.9600
v 17.6000 1.1000 -102.9600
v 18.6000 1.1000 -103.9600
v 18.6000 1.1000 -102.9600
f 4557 4559 4555 4553
f 4554 4556 4560 4558
f 4553 4554 4558 4557
f 4559 4560 4556 4555
f 4555 4556 4554 4553
f 4557 4558 4560 4559
f 4565 4567 4563 4561
f 4562 4564 4568 4566
f 4561 4562 4566 4565
f 4567 4568 4564 4563
f 4563 4564 4562 4561
f 4565 4566 4568 4567
o STATION_FORTRESS_M06SHD_Hazard
usemtl Hazard
v 14.5000 0.0000 -109.4800
v 14.5000 0.0000 -109.3600
v 14.8000 0.0000 -109.4800
v 14.8000 0.0000 -109.3600
v 14.5000 2.9000 -109.4800
v 14.5000 2.9000 -109.3600
v 14.8000 2.9000 -109.4800
v 14.8000 2.9000 -109.3600
v 16.8000 0.0000 -109.4800
v 16.8000 0.0000 -109.3600
v 17.1000 0.0000 -109.4800
v 17.1000 0.0000 -109.3600
v 16.8000 2.9000 -109.4800
v 16.8000 2.9000 -109.3600
v 17.1000 2.9000 -109.4800
v 17.1000 2.9000 -109.3600
v 14.5000 0.0000 -91.3600
v 14.5000 0.0000 -91.2400
v 14.8000 0.0000 -91.3600
v 14.8000 0.0000 -91.2400
v 14.5000 2.9000 -91.3600
v 14.5000 2.9000 -91.2400
v 14.8000 2.9000 -91.3600
v 14.8000 2.9000 -91.2400
v 16.8000 0.0000 -91.3600
v 16.8000 0.0000 -91.2400
v 17.1000 0.0000 -91.3600
v 17.1000 0.0000 -91.2400
v 16.8000 2.9000 -91.3600
v 16.8000 2.9000 -91.2400
v 17.1000 2.9000 -91.3600
v 17.1000 2.9000 -91.2400
v 31.2000 2.8000 -101.5600
v 31.2000 2.8000 -99.1600
v 31.2400 2.8000 -101.5600
v 31.2400 2.8000 -99.1600
v 31.2000 3.0000 -101.5600
v 31.2000 3.0000 -99.1600
v 31.2400 3.0000 -101.5600
v 31.2400 3.0000 -99.1600
v 13.7667 1.8000 -108.4100
v 13.7667 1.8000 -108.3900
v 14.7667 1.8000 -108.4100
v 14.7667 1.8000 -108.3900
v 13.7667 2.0000 -108.4100
v 13.7667 2.0000 -108.3900
v 14.7667 2.0000 -108.4100
v 14.7667 2.0000 -108.3900
v 16.8333 1.8000 -92.3300
v 16.8333 1.8000 -92.3100
v 17.8333 1.8000 -92.3300
v 17.8333 1.8000 -92.3100
v 16.8333 2.0000 -92.3300
v 16.8333 2.0000 -92.3100
v 17.8333 2.0000 -92.3300
v 17.8333 2.0000 -92.3100
f 4573 4575 4571 4569
f 4570 4572 4576 4574
f 4569 4570 4574 4573
f 4575 4576 4572 4571
f 4571 4572 4570 4569
f 4573 4574 4576 4575
f 4581 4583 4579 4577
f 4578 4580 4584 4582
f 4577 4578 4582 4581
f 4583 4584 4580 4579
f 4579 4580 4578 4577
f 4581 4582 4584 4583
f 4589 4591 4587 4585
f 4586 4588 4592 4590
f 4585 4586 4590 4589
f 4591 4592 4588 4587
f 4587 4588 4586 4585
f 4589 4590 4592 4591
f 4597 4599 4595 4593
f 4594 4596 4600 4598
f 4593 4594 4598 4597
f 4599 4600 4596 4595
f 4595 4596 4594 4593
f 4597 4598 4600 4599
f 4605 4607 4603 4601
f 4602 4604 4608 4606
f 4601 4602 4606 4605
f 4607 4608 4604 4603
f 4603 4604 4602 4601
f 4605 4606 4608 4607
f 4613 4615 4611 4609
f 4610 4612 4616 4614
f 4609 4610 4614 4613
f 4615 4616 4612 4611
f 4611 4612 4610 4609
f 4613 4614 4616 4615
f 4621 4623 4619 4617
f 4618 4620 4624 4622
f 4617 4618 4622 4621
f 4623 4624 4620 4619
f 4619 4620 4618 4617
f 4621 4622 4624 4623
o STATION_FORTRESS_M06SHD_Lights
usemtl Lights
v 21.6000 0.8000 -92.6800
v 21.6000 0.8000 -92.6600
v 30.0000 0.8000 -92.6800
v 30.0000 0.8000 -92.6600
v 21.6000 1.0500 -92.6800
v 21.6000 1.0500 -92.6600
v 30.0000 1.0500 -92.6800
v 30.0000 1.0500 -92.6600
v 25.1000 1.0000 -97.6600
v 25.1000 1.0000 -96.6600
v 26.5000 1.0000 -97.6600
v 26.5000 1.0000 -96.6600
v 25.1000 1.0300 -97.6600
v 25.1000 1.0300 -96.6600
v 26.5000 1.0300 -97.6600
v 26.5000 1.0300 -96.6600
v 21.3000 3.6200 -100.6600
v 21.3000 3.6200 -100.0600
v 30.3000 3.6200 -100.6600
v 30.3000 3.6200 -100.0600
v 21.3000 3.7000 -100.6600
v 21.3000 3.7000 -100.0600
v 30.3000 3.7000 -100.6600
v 30.3000 3.7000 -100.0600
v 11.7000 3.8800 -100.7600
v 11.7000 3.8800 -99.9600
v 19.9000 3.8800 -100.7600
v 19.9000 3.8800 -99.9600
v 11.7000 3.9600 -100.7600
v 11.7000 3.9600 -99.9600
v 19.9000 3.9600 -100.7600
v 19.9000 3.9600 -99.9600
f 4629 4631 4627 4625
f 4626 4628 4632 4630
f 4625 4626 4630 4629
f 4631 4632 4628 4627
f 4627 4628 4626 4625
f 4629 4630 4632 4631
f 4637 4639 4635 4633
f 4634 4636 4640 4638
f 4633 4634 4638 4637
f 4639 4640 4636 4635
f 4635 4636 4634 4633
f 4637 4638 4640 4639
f 4645 4647 4643 4641
f 4642 4644 4648 4646
f 4641 4642 4646 4645
f 4647 4648 4644 4643
f 4643 4644 4642 4641
f 4645 4646 4648 4647
f 4653 4655 4651 4649
f 4650 4652 4656 4654
f 4649 4650 4654 4653
f 4655 4656 4652 4651
f 4651 4652 4650 4649
f 4653 4654 4656 4655
o STATION_FORTRESS_M06SHD_Machinery-col
usemtl Engine
v 15.8000 0.0000 -95.8600
v 16.3500 0.0000 -96.0074
v 16.7526 0.0000 -96.4100
v 16.9000 0.0000 -96.9600
v 16.7526 0.0000 -97.5100
v 16.3500 0.0000 -97.9126
v 15.8000 0.0000 -98.0600
v 15.2500 0.0000 -97.9126
v 14.8474 0.0000 -97.5100
v 14.7000 0.0000 -96.9600
v 14.8474 0.0000 -96.4100
v 15.2500 0.0000 -96.0074
v 15.8000 2.5200 -95.8600
v 16.3500 2.5200 -96.0074
v 16.7526 2.5200 -96.4100
v 16.9000 2.5200 -96.9600
v 16.7526 2.5200 -97.5100
v 16.3500 2.5200 -97.9126
v 15.8000 2.5200 -98.0600
v 15.2500 2.5200 -97.9126
v 14.8474 2.5200 -97.5100
v 14.7000 2.5200 -96.9600
v 14.8474 2.5200 -96.4100
v 15.2500 2.5200 -96.0074
v 20.8000 4.4000 -99.7600
v 21.1527 4.4000 -99.8746
v 21.3706 4.4000 -100.1746
v 21.3706 4.4000 -100.5454
v 21.1527 4.4000 -100.8454
v 20.8000 4.4000 -100.9600
v 20.4473 4.4000 -100.8454
v 20.2294 4.4000 -100.5454
v 20.2294 4.4000 -100.1746
v 20.4473 4.4000 -99.8746
v 20.8000 5.9000 -99.7600
v 21.1527 5.9000 -99.8746
v 21.3706 5.9000 -100.1746
v 21.3706 5.9000 -100.5454
v 21.1527 5.9000 -100.8454
v 20.8000 5.9000 -100.9600
v 20.4473 5.9000 -100.8454
v 20.2294 5.9000 -100.5454
v 20.2294 5.9000 -100.1746
v 20.4473 5.9000 -99.8746
f 4657 4658 4670 4669
f 4658 4659 4671 4670
f 4659 4660 4672 4671
f 4660 4661 4673 4672
f 4661 4662 4674 4673
f 4662 4663 4675 4674
f 4663 4664 4676 4675
f 4664 4665 4677 4676
f 4665 4666 4678 4677
f 4666 4667 4679 4678
f 4667 4668 4680 4679
f 4668 4657 4669 4680
f 4668 4667 4666 4665 4664 4663 4662 4661 4660 4659 4658 4657
f 4669 4670 4671 4672 4673 4674 4675 4676 4677 4678 4679 4680
f 4681 4682 4692 4691
f 4682 4683 4693 4692
f 4683 4684 4694 4693
f 4684 4685 4695 4694
f 4685 4686 4696 4695
f 4686 4687 4697 4696
f 4687 4688 4698 4697
f 4688 4689 4699 4698
f 4689 4690 4700 4699
f 4690 4681 4691 4700
f 4690 4689 4688 4687 4686 4685 4684 4683 4682 4681
f 4691 4692 4693 4694 4695 4696 4697 4698 4699 4700
o STATION_FORTRESS_M06SHD_Glow
usemtl EngineGlow
v 15.8000 2.5200 -96.1600
v 16.2000 2.5200 -96.2672
v 16.4928 2.5200 -96.5600
v 16.6000 2.5200 -96.9600
v 16.4928 2.5200 -97.3600
v 16.2000 2.5200 -97.6528
v 15.8000 2.5200 -97.7600
v 15.4000 2.5200 -97.6528
v 15.1072 2.5200 -97.3600
v 15.0000 2.5200 -96.9600
v 15.1072 2.5200 -96.5600
v 15.4000 2.5200 -96.2672
v 15.8000 2.6200 -96.1600
v 16.2000 2.6200 -96.2672
v 16.4928 2.6200 -96.5600
v 16.6000 2.6200 -96.9600
v 16.4928 2.6200 -97.3600
v 16.2000 2.6200 -97.6528
v 15.8000 2.6200 -97.7600
v 15.4000 2.6200 -97.6528
v 15.1072 2.6200 -97.3600
v 15.0000 2.6200 -96.9600
v 15.1072 2.6200 -96.5600
v 15.4000 2.6200 -96.2672
v 20.8000 6.2000 -97.3600
v 21.7271 6.2000 -97.5068
v 22.5634 6.2000 -97.9329
v 23.2271 6.2000 -98.5966
v 23.6532 6.2000 -99.4329
v 23.8000 6.2000 -100.3600
v 23.6532 6.2000 -101.2871
v 23.2271 6.2000 -102.1234
v 22.5634 6.2000 -102.7871
v 21.7271 6.2000 -103.2132
v 20.8000 6.2000 -103.3600
v 19.8729 6.2000 -103.2132
v 19.0366 6.2000 -102.7871
v 18.3729 6.2000 -102.1234
v 17.9468 6.2000 -101.2871
v 17.8000 6.2000 -100.3600
v 17.9468 6.2000 -99.4329
v 18.3729 6.2000 -98.5966
v 19.0366 6.2000 -97.9329
v 19.8729 6.2000 -97.5068
v 20.8000 6.2500 -97.3600
v 21.7271 6.2500 -97.5068
v 22.5634 6.2500 -97.9329
v 23.2271 6.2500 -98.5966
v 23.6532 6.2500 -99.4329
v 23.8000 6.2500 -100.3600
v 23.6532 6.2500 -101.2871
v 23.2271 6.2500 -102.1234
v 22.5634 6.2500 -102.7871
v 21.7271 6.2500 -103.2132
v 20.8000 6.2500 -103.3600
v 19.8729 6.2500 -103.2132
v 19.0366 6.2500 -102.7871
v 18.3729 6.2500 -102.1234
v 17.9468 6.2500 -101.2871
v 17.8000 6.2500 -100.3600
v 17.9468 6.2500 -99.4329
v 18.3729 6.2500 -98.5966
v 19.0366 6.2500 -97.9329
v 19.8729 6.2500 -97.5068
f 4701 4702 4714 4713
f 4702 4703 4715 4714
f 4703 4704 4716 4715
f 4704 4705 4717 4716
f 4705 4706 4718 4717
f 4706 4707 4719 4718
f 4707 4708 4720 4719
f 4708 4709 4721 4720
f 4709 4710 4722 4721
f 4710 4711 4723 4722
f 4711 4712 4724 4723
f 4712 4701 4713 4724
f 4712 4711 4710 4709 4708 4707 4706 4705 4704 4703 4702 4701
f 4713 4714 4715 4716 4717 4718 4719 4720 4721 4722 4723 4724
f 4725 4726 4746 4745
f 4726 4727 4747 4746
f 4727 4728 4748 4747
f 4728 4729 4749 4748
f 4729 4730 4750 4749
f 4730 4731 4751 4750
f 4731 4732 4752 4751
f 4732 4733 4753 4752
f 4733 4734 4754 4753
f 4734 4735 4755 4754
f 4735 4736 4756 4755
f 4736 4737 4757 4756
f 4737 4738 4758 4757
f 4738 4739 4759 4758
f 4739 4740 4760 4759
f 4740 4741 4761 4760
f 4741 4742 4762 4761
f 4742 4743 4763 4762
f 4743 4744 4764 4763
f 4744 4725 4745 4764
f 4744 4743 4742 4741 4740 4739 4738 4737 4736 4735 4734 4733 4732 4731 4730 4729 4728 4727 4726 4725
f 4745 4746 4747 4748 4749 4750 4751 4752 4753 4754 4755 4756 4757 4758 4759 4760 4761 4762 4763 4764
o STATION_FORTRESS_M06SHD_Armor
usemtl Armor
v 20.8000 5.9000 -96.3600
v 22.0361 5.9000 -96.5558
v 23.1511 5.9000 -97.1239
v 24.0361 5.9000 -98.0089
v 24.6042 5.9000 -99.1239
v 24.8000 5.9000 -100.3600
v 24.6042 5.9000 -101.5961
v 24.0361 5.9000 -102.7111
v 23.1511 5.9000 -103.5961
v 22.0361 5.9000 -104.1642
v 20.8000 5.9000 -104.3600
v 19.5639 5.9000 -104.1642
v 18.4489 5.9000 -103.5961
v 17.5639 5.9000 -102.7111
v 16.9958 5.9000 -101.5961
v 16.8000 5.9000 -100.3600
v 16.9958 5.9000 -99.1239
v 17.5639 5.9000 -98.0089
v 18.4489 5.9000 -97.1239
v 19.5639 5.9000 -96.5558
v 20.8000 6.2000 -96.3600
v 22.0361 6.2000 -96.5558
v 23.1511 6.2000 -97.1239
v 24.0361 6.2000 -98.0089
v 24.6042 6.2000 -99.1239
v 24.8000 6.2000 -100.3600
v 24.6042 6.2000 -101.5961
v 24.0361 6.2000 -102.7111
v 23.1511 6.2000 -103.5961
v 22.0361 6.2000 -104.1642
v 20.8000 6.2000 -104.3600
v 19.5639 6.2000 -104.1642
v 18.4489 6.2000 -103.5961
v 17.5639 6.2000 -102.7111
v 16.9958 6.2000 -101.5961
v 16.8000 6.2000 -100.3600
v 16.9958 6.2000 -99.1239
v 17.5639 6.2000 -98.0089
v 18.4489 6.2000 -97.1239
v 19.5639 6.2000 -96.5558
f 4765 4766 4786 4785
f 4766 4767 4787 4786
f 4767 4768 4788 4787
f 4768 4769 4789 4788
f 4769 4770 4790 4789
f 4770 4771 4791 4790
f 4771 4772 4792 4791
f 4772 4773 4793 4792
f 4773 4774 4794 4793
f 4774 4775 4795 4794
f 4775 4776 4796 4795
f 4776 4777 4797 4796
f 4777 4778 4798 4797
f 4778 4779 4799 4798
f 4779 4780 4800 4799
f 4780 4781 4801 4800
f 4781 4782 4802 4801
f 4782 4783 4803 4802
f 4783 4784 4804 4803
f 4784 4765 4785 4804
f 4784 4783 4782 4781 4780 4779 4778 4777 4776 4775 4774 4773 4772 4771 4770 4769 4768 4767 4766 4765
f 4785 4786 4787 4788 4789 4790 4791 4792 4793 4794 4795 4796 4797 4798 4799 4800 4801 4802 4803 4804
o STATION_FORTRESS_M06SHD_AirlockPort_Door-col
usemtl Door
v 14.7500 0.0000 -109.1600
v 14.7500 0.0000 -109.0600
v 16.8500 0.0000 -109.1600
v 16.8500 0.0000 -109.0600
v 14.7500 2.6000 -109.1600
v 14.7500 2.6000 -109.0600
v 16.8500 2.6000 -109.1600
v 16.8500 2.6000 -109.0600
f 4809 4811 4807 4805
f 4806 4808 4812 4810
f 4805 4806 4810 4809
f 4811 4812 4808 4807
f 4807 4808 4806 4805
f 4809 4810 4812 4811
o STATION_FORTRESS_M06SHD_AirlockStbd_Door-col
usemtl Door
v 14.7500 0.0000 -91.6600
v 14.7500 0.0000 -91.5600
v 16.8500 0.0000 -91.6600
v 16.8500 0.0000 -91.5600
v 14.7500 2.6000 -91.6600
v 14.7500 2.6000 -91.5600
v 16.8500 2.6000 -91.6600
v 16.8500 2.6000 -91.5600
f 4817 4819 4815 4813
f 4814 4816 4820 4818
f 4813 4814 4818 4817
f 4819 4820 4816 4815
f 4815 4816 4814 4813
f 4817 4818 4820 4819
o STATION_FORTRESS_M06SHD_Connector_Back_Door-col
usemtl Door
v 10.5500 0.0000 -101.3100
v 10.5500 0.0000 -99.4100
v 10.6500 0.0000 -101.3100
v 10.6500 0.0000 -99.4100
v 10.5500 2.8000 -101.3100
v 10.5500 2.8000 -99.4100
v 10.6500 2.8000 -101.3100
v 10.6500 2.8000 -99.4100
f 4825 4827 4823 4821
f 4822 4824 4828 4826
f 4821 4822 4826 4825
f 4827 4828 4824 4823
f 4823 4824 4822 4821
f 4825 4826 4828 4827
o STATION_FORTRESS_M06SHD_Connector_Front_Door-col
usemtl Door
v 30.9500 0.0000 -101.3100
v 30.9500 0.0000 -99.4100
v 31.0500 0.0000 -101.3100
v 31.0500 0.0000 -99.4100
v 30.9500 2.8000 -101.3100
v 30.9500 2.8000 -99.4100
v 31.0500 2.8000 -101.3100
v 31.0500 2.8000 -99.4100
f 4833 4835 4831 4829
f 4830 4832 4836 4834
f 4829 4830 4834 4833
f 4835 4836 4832 4831
f 4831 4832 4830 4829
f 4833 4834 4836 4835
o STATION_FORTRESS_M06SHD_ControlConsole-col
usemtl Furniture
v 25.0000 0.0000 -97.7600
v 25.0000 0.0000 -96.5600
v 26.6000 0.0000 -97.7600
v 26.6000 0.0000 -96.5600
v 25.0000 1.0000 -97.7600
v 25.0000 1.0000 -96.5600
v 26.6000 1.0000 -97.7600
v 26.6000 1.0000 -96.5600
f 4841 4843 4839 4837
f 4838 4840 4844 4842
f 4837 4838 4842 4841
f 4843 4844 4840 4839
f 4839 4840 4838 4837
f 4841 4842 4844 4843
o STATION_FORTRESS_M06SHD_StatusLight
usemtl Lights
v 29.3000 4.4000 -100.8600
v 29.3000 4.4000 -99.8600
v 30.3000 4.4000 -100.8600
v 30.3000 4.4000 -99.8600
v 29.3000 4.7000 -100.8600
v 29.3000 4.7000 -99.8600
v 30.3000 4.7000 -100.8600
v 30.3000 4.7000 -99.8600
f 4849 4851 4847 4845
f 4846 4848 4852 4850
f 4845 4846 4850 4849
f 4851 4852 4848 4847
f 4847 4848 4846 4845
f 4849 4850 4852 4851
o STATION_FORTRESS_T03L_Deck-col
usemtl Deck
v -4.4000 -0.3000 -98.9600
v -4.4000 -0.3000 -101.7600
v -10.4000 -0.3000 -98.9600
v -10.4000 -0.3000 -101.7600
v -4.4000 0.0000 -98.9600
v -4.4000 0.0000 -101.7600
v -10.4000 0.0000 -98.9600
v -10.4000 0.0000 -101.7600
f 4857 4859 4855 4853
f 4854 4856 4860 4858
f 4853 4854 4858 4857
f 4859 4860 4856 4855
f 4855 4856 4854 4853
f 4857 4858 4860 4859
o STATION_FORTRESS_T03L_Hull-col
usemtl Hull
v -4.4000 3.2000 -98.5600
v -4.4000 3.2000 -102.1600
v -10.4000 3.2000 -98.5600
v -10.4000 3.2000 -102.1600
v -4.4000 3.6000 -98.5600
v -4.4000 3.6000 -102.1600
v -10.4000 3.6000 -98.5600
v -10.4000 3.6000 -102.1600
v -4.4000 -0.7000 -98.5600
v -4.4000 -0.7000 -102.1600
v -10.4000 -0.7000 -98.5600
v -10.4000 -0.7000 -102.1600
v -4.4000 -0.3000 -98.5600
v -4.4000 -0.3000 -102.1600
v -10.4000 -0.3000 -98.5600
v -10.4000 -0.3000 -102.1600
v -4.4000 -0.3000 -98.5600
v -4.4000 -0.3000 -98.9600
v -5.4000 -0.3000 -98.5600
v -5.4000 -0.3000 -98.9600
v -4.4000 3.2000 -98.5600
v -4.4000 3.2000 -98.9600
v -5.4000 3.2000 -98.5600
v -5.4000 3.2000 -98.9600
v -5.4000 -0.3000 -98.5600
v -5.4000 -0.3000 -98.9600
v -9.4000 -0.3000 -98.5600
v -9.4000 -0.3000 -98.9600
v -5.4000 1.2000 -98.5600
v -5.4000 1.2000 -98.9600
v -9.4000 1.2000 -98.5600
v -9.4000 1.2000 -98.9600
v -5.4000 2.4000 -98.5600
v -5.4000 2.4000 -98.9600
v -9.4000 2.4000 -98.5600
v -9.4000 2.4000 -98.9600
v -5.4000 3.2000 -98.5600
v -5.4000 3.2000 -98.9600
v -9.4000 3.2000 -98.5600
v -9.4000 3.2000 -98.9600
v -9.4000 -0.3000 -98.5600
v -9.4000 -0.3000 -98.9600
v -10.4000 -0.3000 -98.5600
v -10.4000 -0.3000 -98.9600
v -9.4000 3.2000 -98.5600
v -9.4000 3.2000 -98.9600
v -10.4000 3.2000 -98.5600
v -10.4000 3.2000 -98.9600
v -4.4000 -0.3000 -101.7600
v -4.4000 -0.3000 -102.1600
v -5.4000 -0.3000 -101.7600
v -5.4000 -0.3000 -102.1600
v -4.4000 3.2000 -101.7600
v -4.4000 3.2000 -102.1600
v -5.4000 3.2000 -101.7600
v -5.4000 3.2000 -102.1600
v -5.4000 -0.3000 -101.7600
v -5.4000 -0.3000 -102.1600
v -9.4000 -0.3000 -101.7600
v -9.4000 -0.3000 -102.1600
v -5.4000 1.2000 -101.7600
v -5.4000 1.2000 -102.1600
v -9.4000 1.2000 -101.7600
v -9.4000 1.2000 -102.1600
v -5.4000 2.4000 -101.7600
v -5.4000 2.4000 -102.1600
v -9.4000 2.4000 -101.7600
v -9.4000 2.4000 -102.1600
v -5.4000 3.2000 -101.7600
v -5.4000 3.2000 -102.1600
v -9.4000 3.2000 -101.7600
v -9.4000 3.2000 -102.1600
v -9.4000 -0.3000 -101.7600
v -9.4000 -0.3000 -102.1600
v -10.4000 -0.3000 -101.7600
v -10.4000 -0.3000 -102.1600
v -9.4000 3.2000 -101.7600
v -9.4000 3.2000 -102.1600
v -10.4000 3.2000 -101.7600
v -10.4000 3.2000 -102.1600
f 4865 4867 4863 4861
f 4862 4864 4868 4866
f 4861 4862 4866 4865
f 4867 4868 4864 4863
f 4863 4864 4862 4861
f 4865 4866 4868 4867
f 4873 4875 4871 4869
f 4870 4872 4876 4874
f 4869 4870 4874 4873
f 4875 4876 4872 4871
f 4871 4872 4870 4869
f 4873 4874 4876 4875
f 4881 4883 4879 4877
f 4878 4880 4884 4882
f 4877 4878 4882 4881
f 4883 4884 4880 4879
f 4879 4880 4878 4877
f 4881 4882 4884 4883
f 4889 4891 4887 4885
f 4886 4888 4892 4890
f 4885 4886 4890 4889
f 4891 4892 4888 4887
f 4887 4888 4886 4885
f 4889 4890 4892 4891
f 4897 4899 4895 4893
f 4894 4896 4900 4898
f 4893 4894 4898 4897
f 4899 4900 4896 4895
f 4895 4896 4894 4893
f 4897 4898 4900 4899
f 4905 4907 4903 4901
f 4902 4904 4908 4906
f 4901 4902 4906 4905
f 4907 4908 4904 4903
f 4903 4904 4902 4901
f 4905 4906 4908 4907
f 4913 4915 4911 4909
f 4910 4912 4916 4914
f 4909 4910 4914 4913
f 4915 4916 4912 4911
f 4911 4912 4910 4909
f 4913 4914 4916 4915
f 4921 4923 4919 4917
f 4918 4920 4924 4922
f 4917 4918 4922 4921
f 4923 4924 4920 4919
f 4919 4920 4918 4917
f 4921 4922 4924 4923
f 4929 4931 4927 4925
f 4926 4928 4932 4930
f 4925 4926 4930 4929
f 4931 4932 4928 4927
f 4927 4928 4926 4925
f 4929 4930 4932 4931
f 4937 4939 4935 4933
f 4934 4936 4940 4938
f 4933 4934 4938 4937
f 4939 4940 4936 4935
f 4935 4936 4934 4933
f 4937 4938 4940 4939
o STATION_FORTRESS_T03L_Lights
usemtl Lights
v -4.9000 3.1200 -100.0600
v -4.9000 3.1200 -100.6600
v -9.9000 3.1200 -100.0600
v -9.9000 3.1200 -100.6600
v -4.9000 3.2000 -100.0600
v -4.9000 3.2000 -100.6600
v -9.9000 3.2000 -100.0600
v -9.9000 3.2000 -100.6600
f 4945 4947 4943 4941
f 4942 4944 4948 4946
f 4941 4942 4946 4945
f 4947 4948 4944 4943
f 4943 4944 4942 4941
f 4945 4946 4948 4947
o STATION_FORTRESS_T03L_Glass-col
usemtl Glass
v -5.4000 1.2000 -98.7600
v -5.4000 1.2000 -98.8100
v -9.4000 1.2000 -98.7600
v -9.4000 1.2000 -98.8100
v -5.4000 2.4000 -98.7600
v -5.4000 2.4000 -98.8100
v -9.4000 2.4000 -98.7600
v -9.4000 2.4000 -98.8100
v -5.4000 1.2000 -101.9100
v -5.4000 1.2000 -101.9600
v -9.4000 1.2000 -101.9100
v -9.4000 1.2000 -101.9600
v -5.4000 2.4000 -101.9100
v -5.4000 2.4000 -101.9600
v -9.4000 2.4000 -101.9100
v -9.4000 2.4000 -101.9600
f 4953 4955 4951 4949
f 4950 4952 4956 4954
f 4949 4950 4954 4953
f 4955 4956 4952 4951
f 4951 4952 4950 4949
f 4953 4954 4956 4955
f 4961 4963 4959 4957
f 4958 4960 4964 4962
f 4957 4958 4962 4961
f 4963 4964 4960 4959
f 4959 4960 4958 4957
f 4961 4962 4964 4963
o STATION_FORTRESS_M07BAR_Deck-col
usemtl Deck
v -10.8000 -0.3000 -91.8600
v -10.8000 -0.3000 -108.8600
v -30.8000 -0.3000 -91.8600
v -30.8000 -0.3000 -108.8600
v -10.8000 0.0000 -91.8600
v -10.8000 0.0000 -108.8600
v -30.8000 0.0000 -91.8600
v -30.8000 0.0000 -108.8600
v -20.8000 3.7000 -91.8600
v -20.8000 3.7000 -108.8600
v -30.8000 3.7000 -91.8600
v -30.8000 3.7000 -108.8600
v -20.8000 4.0000 -91.8600
v -20.8000 4.0000 -108.8600
v -30.8000 4.0000 -91.8600
v -30.8000 4.0000 -108.8600
f 4969 4971 4967 4965
f 4966 4968 4972 4970
f 4965 4966 4970 4969
f 4971 4972 4968 4967
f 4967 4968 4966 4965
f 4969 4970 4972 4971
f 4977 4979 4975 4973
f 4974 4976 4980 4978
f 4973 4974 4978 4977
f 4979 4980 4976 4975
f 4975 4976 4974 4973
f 4977 4978 4980 4979
o STATION_FORTRESS_M07BAR_Hull-col
usemtl Hull
v -10.4000 8.0000 -91.3600
v -10.4000 8.0000 -109.3600
v -31.2000 8.0000 -91.3600
v -31.2000 8.0000 -109.3600
v -10.4000 8.4000 -91.3600
v -10.4000 8.4000 -109.3600
v -31.2000 8.4000 -91.3600
v -31.2000 8.4000 -109.3600
v -10.4000 -0.7000 -91.3600
v -10.4000 -0.7000 -109.3600
v -31.2000 -0.7000 -91.3600
v -31.2000 -0.7000 -109.3600
v -10.4000 -0.3000 -91.3600
v -10.4000 -0.3000 -109.3600
v -31.2000 -0.3000 -91.3600
v -31.2000 -0.3000 -109.3600
v -10.8000 -0.3000 -91.3600
v -10.8000 -0.3000 -91.8600
v -14.8000 -0.3000 -91.3600
v -14.8000 -0.3000 -91.8600
v -10.8000 8.0000 -91.3600
v -10.8000 8.0000 -91.8600
v -14.8000 8.0000 -91.3600
v -14.8000 8.0000 -91.8600
v -14.8000 -0.3000 -91.3600
v -14.8000 -0.3000 -91.8600
v -16.8000 -0.3000 -91.3600
v -16.8000 -0.3000 -91.8600
v -14.8000 0.0000 -91.3600
v -14.8000 0.0000 -91.8600
v -16.8000 0.0000 -91.3600
v -16.8000 0.0000 -91.8600
v -14.8000 2.6000 -91.3600
v -14.8000 2.6000 -91.8600
v -16.8000 2.6000 -91.3600
v -16.8000 2.6000 -91.8600
v -14.8000 8.0000 -91.3600
v -14.8000 8.0000 -91.8600
v -16.8000 8.0000 -91.3600
v -16.8000 8.0000 -91.8600
v -16.8000 -0.3000 -91.3600
v -16.8000 -0.3000 -91.8600
v -30.8000 -0.3000 -91.3600
v -30.8000 -0.3000 -91.8600
v -16.8000 8.0000 -91.3600
v -16.8000 8.0000 -91.8600
v -30.8000 8.0000 -91.3600
v -30.8000 8.0000 -91.8600
v -10.8000 -0.3000 -108.8600
v -10.8000 -0.3000 -109.3600
v -14.8000 -0.3000 -108.8600
v -14.8000 -0.3000 -109.3600
v -10.8000 8.0000 -108.8600
v -10.8000 8.0000 -109.3600
v -14.8000 8.0000 -108.8600
v -14.8000 8.0000 -109.3600
v -14.8000 -0.3000 -108.8600
v -14.8000 -0.3000 -109.3600
v -16.8000 -0.3000 -108.8600
v -16.8000 -0.3000 -109.3600
v -14.8000 0.0000 -108.8600
v -14.8000 0.0000 -109.3600
v -16.8000 0.0000 -108.8600
v -16.8000 0.0000 -109.3600
v -14.8000 2.6000 -108.8600
v -14.8000 2.6000 -109.3600
v -16.8000 2.6000 -108.8600
v -16.8000 2.6000 -109.3600
v -14.8000 8.0000 -108.8600
v -14.8000 8.0000 -109.3600
v -16.8000 8.0000 -108.8600
v -16.8000 8.0000 -109.3600
v -16.8000 -0.3000 -108.8600
v -16.8000 -0.3000 -109.3600
v -30.8000 -0.3000 -108.8600
v -30.8000 -0.3000 -109.3600
v -16.8000 8.0000 -108.8600
v -16.8000 8.0000 -109.3600
v -30.8000 8.0000 -108.8600
v -30.8000 8.0000 -109.3600
v -10.4000 -0.3000 -91.3600
v -10.4000 -0.3000 -99.4600
v -10.8000 -0.3000 -91.3600
v -10.8000 -0.3000 -99.4600
v -10.4000 8.0000 -91.3600
v -10.4000 8.0000 -99.4600
v -10.8000 8.0000 -91.3600
v -10.8000 8.0000 -99.4600
v -10.4000 -0.3000 -99.4600
v -10.4000 -0.3000 -101.2600
v -10.8000 -0.3000 -99.4600
v -10.8000 -0.3000 -101.2600
v -10.4000 0.0000 -99.4600
v -10.4000 0.0000 -101.2600
v -10.8000 0.0000 -99.4600
v -10.8000 0.0000 -101.2600
v -10.4000 2.8000 -99.4600
v -10.4000 2.8000 -101.2600
v -10.8000 2.8000 -99.4600
v -10.8000 2.8000 -101.2600
v -10.4000 8.0000 -99.4600
v -10.4000 8.0000 -101.2600
v -10.8000 8.0000 -99.4600
v -10.8000 8.0000 -101.2600
v -10.4000 -0.3000 -101.2600
v -10.4000 -0.3000 -109.3600
v -10.8000 -0.3000 -101.2600
v -10.8000 -0.3000 -109.3600
v -10.4000 8.0000 -101.2600
v -10.4000 8.0000 -109.3600
v -10.8000 8.0000 -101.2600
v -10.8000 8.0000 -109.3600
v -30.8000 -0.3000 -91.3600
v -30.8000 -0.3000 -99.4600
v -31.2000 -0.3000 -91.3600
v -31.2000 -0.3000 -99.4600
v -30.8000 8.0000 -91.3600
v -30.8000 8.0000 -99.4600
v -31.2000 8.0000 -91.3600
v -31.2000 8.0000 -99.4600
v -30.8000 -0.3000 -99.4600
v -30.8000 -0.3000 -101.2600
v -31.2000 -0.3000 -99.4600
v -31.2000 -0.3000 -101.2600
v -30.8000 0.0000 -99.4600
v -30.8000 0.0000 -101.2600
v -31.2000 0.0000 -99.4600
v -31.2000 0.0000 -101.2600
v -30.8000 2.8000 -99.4600
v -30.8000 2.8000 -101.2600
v -31.2000 2.8000 -99.4600
v -31.2000 2.8000 -101.2600
v -30.8000 8.0000 -99.4600
v -30.8000 8.0000 -101.2600
v -31.2000 8.0000 -99.4600
v -31.2000 8.0000 -101.2600
v -30.8000 -0.3000 -101.2600
v -30.8000 -0.3000 -109.3600
v -31.2000 -0.3000 -101.2600
v -31.2000 -0.3000 -109.3600
v -30.8000 8.0000 -101.2600
v -30.8000 8.0000 -109.3600
v -31.2000 8.0000 -101.2600
v -31.2000 8.0000 -109.3600
f 4985 4987 4983 4981
f 4982 4984 4988 4986
f 4981 4982 4986 4985
f 4987 4988 4984 4983
f 4983 4984 4982 4981
f 4985 4986 4988 4987
f 4993 4995 4991 4989
f 4990 4992 4996 4994
f 4989 4990 4994 4993
f 4995 4996 4992 4991
f 4991 4992 4990 4989
f 4993 4994 4996 4995
f 5001 5003 4999 4997
f 4998 5000 5004 5002
f 4997 4998 5002 5001
f 5003 5004 5000 4999
f 4999 5000 4998 4997
f 5001 5002 5004 5003
f 5009 5011 5007 5005
f 5006 5008 5012 5010
f 5005 5006 5010 5009
f 5011 5012 5008 5007
f 5007 5008 5006 5005
f 5009 5010 5012 5011
f 5017 5019 5015 5013
f 5014 5016 5020 5018
f 5013 5014 5018 5017
f 5019 5020 5016 5015
f 5015 5016 5014 5013
f 5017 5018 5020 5019
f 5025 5027 5023 5021
f 5022 5024 5028 5026
f 5021 5022 5026 5025
f 5027 5028 5024 5023
f 5023 5024 5022 5021
f 5025 5026 5028 5027
f 5033 5035 5031 5029
f 5030 5032 5036 5034
f 5029 5030 5034 5033
f 5035 5036 5032 5031
f 5031 5032 5030 5029
f 5033 5034 5036 5035
f 5041 5043 5039 5037
f 5038 5040 5044 5042
f 5037 5038 5042 5041
f 5043 5044 5040 5039
f 5039 5040 5038 5037
f 5041 5042 5044 5043
f 5049 5051 5047 5045
f 5046 5048 5052 5050
f 5045 5046 5050 5049
f 5051 5052 5048 5047
f 5047 5048 5046 5045
f 5049 5050 5052 5051
f 5057 5059 5055 5053
f 5054 5056 5060 5058
f 5053 5054 5058 5057
f 5059 5060 5056 5055
f 5055 5056 5054 5053
f 5057 5058 5060 5059
f 5065 5067 5063 5061
f 5062 5064 5068 5066
f 5061 5062 5066 5065
f 5067 5068 5064 5063
f 5063 5064 5062 5061
f 5065 5066 5068 5067
f 5073 5075 5071 5069
f 5070 5072 5076 5074
f 5069 5070 5074 5073
f 5075 5076 5072 5071
f 5071 5072 5070 5069
f 5073 5074 5076 5075
f 5081 5083 5079 5077
f 5078 5080 5084 5082
f 5077 5078 5082 5081
f 5083 5084 5080 5079
f 5079 5080 5078 5077
f 5081 5082 5084 5083
f 5089 5091 5087 5085
f 5086 5088 5092 5090
f 5085 5086 5090 5089
f 5091 5092 5088 5087
f 5087 5088 5086 5085
f 5089 5090 5092 5091
f 5097 5099 5095 5093
f 5094 5096 5100 5098
f 5093 5094 5098 5097
f 5099 5100 5096 5095
f 5095 5096 5094 5093
f 5097 5098 5100 5099
f 5105 5107 5103 5101
f 5102 5104 5108 5106
f 5101 5102 5106 5105
f 5107 5108 5104 5103
f 5103 5104 5102 5101
f 5105 5106 5108 5107
f 5113 5115 5111 5109
f 5110 5112 5116 5114
f 5109 5110 5114 5113
f 5115 5116 5112 5111
f 5111 5112 5110 5109
f 5113 5114 5116 5115
f 5121 5123 5119 5117
f 5118 5120 5124 5122
f 5117 5118 5122 5121
f 5123 5124 5120 5119
f 5119 5120 5118 5117
f 5121 5122 5124 5123
o STATION_FORTRESS_M07BAR_Interior-col
usemtl Interior
v -20.7000 0.0000 -91.8600
v -20.7000 0.0000 -99.1600
v -20.9000 0.0000 -91.8600
v -20.9000 0.0000 -99.1600
v -20.7000 4.0000 -91.8600
v -20.7000 4.0000 -99.1600
v -20.9000 4.0000 -91.8600
v -20.9000 4.0000 -99.1600
v -20.7000 3.0000 -99.1600
v -20.7000 3.0000 -101.5600
v -20.9000 3.0000 -99.1600
v -20.9000 3.0000 -101.5600
v -20.7000 4.0000 -99.1600
v -20.7000 4.0000 -101.5600
v -20.9000 4.0000 -99.1600
v -20.9000 4.0000 -101.5600
v -20.7000 0.0000 -101.5600
v -20.7000 0.0000 -108.8600
v -20.9000 0.0000 -101.5600
v -20.9000 0.0000 -108.8600
v -20.7000 4.0000 -101.5600
v -20.7000 4.0000 -108.8600
v -20.9000 4.0000 -101.5600
v -20.9000 4.0000 -108.8600
v -20.8000 0.0000 -98.9600
v -20.8000 0.0000 -99.1600
v -25.0000 0.0000 -98.9600
v -25.0000 0.0000 -99.1600
v -20.8000 4.0000 -98.9600
v -20.8000 4.0000 -99.1600
v -25.0000 4.0000 -98.9600
v -25.0000 4.0000 -99.1600
v -25.0000 2.6000 -98.9600
v -25.0000 2.6000 -99.1600
v -26.6000 2.6000 -98.9600
v -26.6000 2.6000 -99.1600
v -25.0000 4.0000 -98.9600
v -25.0000 4.0000 -99.1600
v -26.6000 4.0000 -98.9600
v -26.6000 4.0000 -99.1600
v -26.6000 0.0000 -98.9600
v -26.6000 0.0000 -99.1600
v -30.8000 0.0000 -98.9600
v -30.8000 0.0000 -99.1600
v -26.6000 4.0000 -98.9600
v -26.6000 4.0000 -99.1600
v -30.8000 4.0000 -98.9600
v -30.8000 4.0000 -99.1600
v -20.8000 0.0000 -101.5600
v -20.8000 0.0000 -101.7600
v -25.0000 0.0000 -101.5600
v -25.0000 0.0000 -101.7600
v -20.8000 4.0000 -101.5600
v -20.8000 4.0000 -101.7600
v -25.0000 4.0000 -101.5600
v -25.0000 4.0000 -101.7600
v -25.0000 2.6000 -101.5600
v -25.0000 2.6000 -101.7600
v -26.6000 2.6000 -101.5600
v -26.6000 2.6000 -101.7600
v -25.0000 4.0000 -101.5600
v -25.0000 4.0000 -101.7600
v -26.6000 4.0000 -101.5600
v -26.6000 4.0000 -101.7600
v -26.6000 0.0000 -101.5600
v -26.6000 0.0000 -101.7600
v -30.8000 0.0000 -101.5600
v -30.8000 0.0000 -101.7600
v -26.6000 4.0000 -101.5600
v -26.6000 4.0000 -101.7600
v -30.8000 4.0000 -101.5600
v -30.8000 4.0000 -101.7600
f 5129 5131 5127 5125
f 5126 5128 5132 5130
f 5125 5126 5130 5129
f 5131 5132 5128 5127
f 5127 5128 5126 5125
f 5129 5130 5132 5131
f 5137 5139 5135 5133
f 5134 5136 5140 5138
f 5133 5134 5138 5137
f 5139 5140 5136 5135
f 5135 5136 5134 5133
f 5137 5138 5140 5139
f 5145 5147 5143 5141
f 5142 5144 5148 5146
f 5141 5142 5146 5145
f 5147 5148 5144 5143
f 5143 5144 5142 5141
f 5145 5146 5148 5147
f 5153 5155 5151 5149
f 5150 5152 5156 5154
f 5149 5150 5154 5153
f 5155 5156 5152 5151
f 5151 5152 5150 5149
f 5153 5154 5156 5155
f 5161 5163 5159 5157
f 5158 5160 5164 5162
f 5157 5158 5162 5161
f 5163 5164 5160 5159
f 5159 5160 5158 5157
f 5161 5162 5164 5163
f 5169 5171 5167 5165
f 5166 5168 5172 5170
f 5165 5166 5170 5169
f 5171 5172 5168 5167
f 5167 5168 5166 5165
f 5169 5170 5172 5171
f 5177 5179 5175 5173
f 5174 5176 5180 5178
f 5173 5174 5178 5177
f 5179 5180 5176 5175
f 5175 5176 5174 5173
f 5177 5178 5180 5179
f 5185 5187 5183 5181
f 5182 5184 5188 5186
f 5181 5182 5186 5185
f 5187 5188 5184 5183
f 5183 5184 5182 5181
f 5185 5186 5188 5187
f 5193 5195 5191 5189
f 5190 5192 5196 5194
f 5189 5190 5194 5193
f 5195 5196 5192 5191
f 5191 5192 5190 5189
f 5193 5194 5196 5195
o STATION_FORTRESS_M07BAR_Furniture-col
usemtl Furniture
v -21.4000 0.0000 -108.0600
v -21.4000 0.0000 -108.7600
v -30.2000 0.0000 -108.0600
v -30.2000 0.0000 -108.7600
v -21.4000 1.1000 -108.0600
v -21.4000 1.1000 -108.7600
v -30.2000 1.1000 -108.0600
v -30.2000 1.1000 -108.7600
v -21.4000 0.0000 -91.9600
v -21.4000 0.0000 -92.4600
v -23.8000 0.0000 -91.9600
v -23.8000 0.0000 -92.4600
v -21.4000 2.0000 -91.9600
v -21.4000 2.0000 -92.4600
v -23.8000 2.0000 -91.9600
v -23.8000 2.0000 -92.4600
v -25.2000 0.0000 -96.3600
v -25.2000 0.0000 -97.7600
v -26.4000 0.0000 -96.3600
v -26.4000 0.0000 -97.7600
v -25.2000 0.7500 -96.3600
v -25.2000 0.7500 -97.7600
v -26.4000 0.7500 -96.3600
v -26.4000 0.7500 -97.7600
v -21.2000 0.0000 -101.2100
v -21.2000 0.0000 -101.5600
v -22.4000 0.0000 -101.2100
v -22.4000 0.0000 -101.5600
v -21.2000 2.0000 -101.2100
v -21.2000 2.0000 -101.5600
v -22.4000 2.0000 -101.2100
v -22.4000 2.0000 -101.5600
v -12.3000 0.0000 -102.4600
v -12.3000 0.0000 -106.8600
v -13.1000 0.0000 -102.4600
v -13.1000 0.0000 -106.8600
v -12.3000 3.2000 -102.4600
v -12.3000 3.2000 -106.8600
v -13.1000 3.2000 -102.4600
v -13.1000 3.2000 -106.8600
v -12.3000 0.0000 -93.8600
v -12.3000 0.0000 -97.4600
v -13.1000 0.0000 -93.8600
v -13.1000 0.0000 -97.4600
v -12.3000 3.2000 -93.8600
v -12.3000 3.2000 -97.4600
v -13.1000 3.2000 -93.8600
v -13.1000 3.2000 -97.4600
v -15.3000 0.0000 -102.4600
v -15.3000 0.0000 -106.8600
v -16.1000 0.0000 -102.4600
v -16.1000 0.0000 -106.8600
v -15.3000 3.2000 -102.4600
v -15.3000 3.2000 -106.8600
v -16.1000 3.2000 -102.4600
v -16.1000 3.2000 -106.8600
v -15.3000 0.0000 -93.8600
v -15.3000 0.0000 -97.4600
v -16.1000 0.0000 -93.8600
v -16.1000 0.0000 -97.4600
v -15.3000 3.2000 -93.8600
v -15.3000 3.2000 -97.4600
v -16.1000 3.2000 -93.8600
v -16.1000 3.2000 -97.4600
v -18.3000 0.0000 -102.4600
v -18.3000 0.0000 -106.8600
v -19.1000 0.0000 -102.4600
v -19.1000 0.0000 -106.8600
v -18.3000 3.2000 -102.4600
v -18.3000 3.2000 -106.8600
v -19.1000 3.2000 -102.4600
v -19.1000 3.2000 -106.8600
v -18.3000 0.0000 -93.8600
v -18.3000 0.0000 -97.4600
v -19.1000 0.0000 -93.8600
v -19.1000 0.0000 -97.4600
v -18.3000 3.2000 -93.8600
v -18.3000 3.2000 -97.4600
v -19.1000 3.2000 -93.8600
v -19.1000 3.2000 -97.4600
v -15.3000 0.6000 -91.9100
v -15.3000 0.6000 -92.3100
v -16.3000 0.6000 -91.9100
v -16.3000 0.6000 -92.3100
v -15.3000 2.0000 -91.9100
v -15.3000 2.0000 -92.3100
v -16.3000 2.0000 -91.9100
v -16.3000 2.0000 -92.3100
f 5201 5203 5199 5197
f 5198 5200 5204 5202
f 5197 5198 5202 5201
f 5203 5204 5200 5199
f 5199 5200 5198 5197
f 5201 5202 5204 5203
f 5209 5211 5207 5205
f 5206 5208 5212 5210
f 5205 5206 5210 5209
f 5211 5212 5208 5207
f 5207 5208 5206 5205
f 5209 5210 5212 5211
f 5217 5219 5215 5213
f 5214 5216 5220 5218
f 5213 5214 5218 5217
f 5219 5220 5216 5215
f 5215 5216 5214 5213
f 5217 5218 5220 5219
f 5225 5227 5223 5221
f 5222 5224 5228 5226
f 5221 5222 5226 5225
f 5227 5228 5224 5223
f 5223 5224 5222 5221
f 5225 5226 5228 5227
f 5233 5235 5231 5229
f 5230 5232 5236 5234
f 5229 5230 5234 5233
f 5235 5236 5232 5231
f 5231 5232 5230 5229
f 5233 5234 5236 5235
f 5241 5243 5239 5237
f 5238 5240 5244 5242
f 5237 5238 5242 5241
f 5243 5244 5240 5239
f 5239 5240 5238 5237
f 5241 5242 5244 5243
f 5249 5251 5247 5245
f 5246 5248 5252 5250
f 5245 5246 5250 5249
f 5251 5252 5248 5247
f 5247 5248 5246 5245
f 5249 5250 5252 5251
f 5257 5259 5255 5253
f 5254 5256 5260 5258
f 5253 5254 5258 5257
f 5259 5260 5256 5255
f 5255 5256 5254 5253
f 5257 5258 5260 5259
f 5265 5267 5263 5261
f 5262 5264 5268 5266
f 5261 5262 5266 5265
f 5267 5268 5264 5263
f 5263 5264 5262 5261
f 5265 5266 5268 5267
f 5273 5275 5271 5269
f 5270 5272 5276 5274
f 5269 5270 5274 5273
f 5275 5276 5272 5271
f 5271 5272 5270 5269
f 5273 5274 5276 5275
f 5281 5283 5279 5277
f 5278 5280 5284 5282
f 5277 5278 5282 5281
f 5283 5284 5280 5279
f 5279 5280 5278 5277
f 5281 5282 5284 5283
o STATION_FORTRESS_M07BAR_Cover-col
usemtl Cover
v -13.0000 0.0000 -96.7600
v -13.0000 0.0000 -97.7600
v -14.0000 0.0000 -96.7600
v -14.0000 0.0000 -97.7600
v -13.0000 1.1000 -96.7600
v -13.0000 1.1000 -97.7600
v -14.0000 1.1000 -96.7600
v -14.0000 1.1000 -97.7600
v -17.6000 0.0000 -96.7600
v -17.6000 0.0000 -97.7600
v -18.6000 0.0000 -96.7600
v -18.6000 0.0000 -97.7600
v -17.6000 1.1000 -96.7600
v -17.6000 1.1000 -97.7600
v -18.6000 1.1000 -96.7600
v -18.6000 1.1000 -97.7600
f 5289 5291 5287 5285
f 5286 5288 5292 5290
f 5285 5286 5290 5289
f 5291 5292 5288 5287
f 5287 5288 5286 5285
f 5289 5290 5292 5291
f 5297 5299 5295 5293
f 5294 5296 5300 5298
f 5293 5294 5298 5297
f 5299 5300 5296 5295
f 5295 5296 5294 5293
f 5297 5298 5300 5299
o STATION_FORTRESS_M07BAR_Hazard
usemtl Hazard
v -14.5000 0.0000 -91.2400
v -14.5000 0.0000 -91.3600
v -14.8000 0.0000 -91.2400
v -14.8000 0.0000 -91.3600
v -14.5000 2.9000 -91.2400
v -14.5000 2.9000 -91.3600
v -14.8000 2.9000 -91.2400
v -14.8000 2.9000 -91.3600
v -16.8000 0.0000 -91.2400
v -16.8000 0.0000 -91.3600
v -17.1000 0.0000 -91.2400
v -17.1000 0.0000 -91.3600
v -16.8000 2.9000 -91.2400
v -16.8000 2.9000 -91.3600
v -17.1000 2.9000 -91.2400
v -17.1000 2.9000 -91.3600
v -14.5000 0.0000 -109.3600
v -14.5000 0.0000 -109.4800
v -14.8000 0.0000 -109.3600
v -14.8000 0.0000 -109.4800
v -14.5000 2.9000 -109.3600
v -14.5000 2.9000 -109.4800
v -14.8000 2.9000 -109.3600
v -14.8000 2.9000 -109.4800
v -16.8000 0.0000 -109.3600
v -16.8000 0.0000 -109.4800
v -17.1000 0.0000 -109.3600
v -17.1000 0.0000 -109.4800
v -16.8000 2.9000 -109.3600
v -16.8000 2.9000 -109.4800
v -17.1000 2.9000 -109.3600
v -17.1000 2.9000 -109.4800
v -31.2000 2.8000 -99.1600
v -31.2000 2.8000 -101.5600
v -31.2400 2.8000 -99.1600
v -31.2400 2.8000 -101.5600
v -31.2000 3.0000 -99.1600
v -31.2000 3.0000 -101.5600
v -31.2400 3.0000 -99.1600
v -31.2400 3.0000 -101.5600
v -15.3000 1.8000 -92.3100
v -15.3000 1.8000 -92.3300
v -16.3000 1.8000 -92.3100
v -16.3000 1.8000 -92.3300
v -15.3000 2.0000 -92.3100
v -15.3000 2.0000 -92.3300
v -16.3000 2.0000 -92.3100
v -16.3000 2.0000 -92.3300
f 5305 5307 5303 5301
f 5302 5304 5308 5306
f 5301 5302 5306 5305
f 5307 5308 5304 5303
f 5303 5304 5302 5301
f 5305 5306 5308 5307
f 5313 5315 5311 5309
f 5310 5312 5316 5314
f 5309 5310 5314 5313
f 5315 5316 5312 5311
f 5311 5312 5310 5309
f 5313 5314 5316 5315
f 5321 5323 5319 5317
f 5318 5320 5324 5322
f 5317 5318 5322 5321
f 5323 5324 5320 5319
f 5319 5320 5318 5317
f 5321 5322 5324 5323
f 5329 5331 5327 5325
f 5326 5328 5332 5330
f 5325 5326 5330 5329
f 5331 5332 5328 5327
f 5327 5328 5326 5325
f 5329 5330 5332 5331
f 5337 5339 5335 5333
f 5334 5336 5340 5338
f 5333 5334 5338 5337
f 5339 5340 5336 5335
f 5335 5336 5334 5333
f 5337 5338 5340 5339
f 5345 5347 5343 5341
f 5342 5344 5348 5346
f 5341 5342 5346 5345
f 5347 5348 5344 5343
f 5343 5344 5342 5341
f 5345 5346 5348 5347
o STATION_FORTRESS_M07BAR_Lights
usemtl Lights
v -21.6000 0.8000 -108.0400
v -21.6000 0.8000 -108.0600
v -30.0000 0.8000 -108.0400
v -30.0000 0.8000 -108.0600
v -21.6000 1.0500 -108.0400
v -21.6000 1.0500 -108.0600
v -30.0000 1.0500 -108.0400
v -30.0000 1.0500 -108.0600
v -25.1000 1.0000 -103.0600
v -25.1000 1.0000 -104.0600
v -26.5000 1.0000 -103.0600
v -26.5000 1.0000 -104.0600
v -25.1000 1.0300 -103.0600
v -25.1000 1.0300 -104.0600
v -26.5000 1.0300 -103.0600
v -26.5000 1.0300 -104.0600
v -21.3000 3.6200 -100.0600
v -21.3000 3.6200 -100.6600
v -30.3000 3.6200 -100.0600
v -30.3000 3.6200 -100.6600
v -21.3000 3.7000 -100.0600
v -21.3000 3.7000 -100.6600
v -30.3000 3.7000 -100.0600
v -30.3000 3.7000 -100.6600
v -11.7000 7.8800 -99.9600
v -11.7000 7.8800 -100.7600
v -19.9000 7.8800 -99.9600
v -19.9000 7.8800 -100.7600
v -11.7000 7.9600 -99.9600
v -11.7000 7.9600 -100.7600
v -19.9000 7.9600 -99.9600
v -19.9000 7.9600 -100.7600
v -14.8000 2.6000 -109.3600
v -14.8000 2.6000 -109.4000
v -26.8000 2.6000 -109.3600
v -26.8000 2.6000 -109.4000
v -14.8000 2.8000 -109.3600
v -14.8000 2.8000 -109.4000
v -26.8000 2.8000 -109.3600
v -26.8000 2.8000 -109.4000
f 5353 5355 5351 5349
f 5350 5352 5356 5354
f 5349 5350 5354 5353
f 5355 5356 5352 5351
f 5351 5352 5350 5349
f 5353 5354 5356 5355
f 5361 5363 5359 5357
f 5358 5360 5364 5362
f 5357 5358 5362 5361
f 5363 5364 5360 5359
f 5359 5360 5358 5357
f 5361 5362 5364 5363
f 5369 5371 5367 5365
f 5366 5368 5372 5370
f 5365 5366 5370 5369
f 5371 5372 5368 5367
f 5367 5368 5366 5365
f 5369 5370 5372 5371
f 5377 5379 5375 5373
f 5374 5376 5380 5378
f 5373 5374 5378 5377
f 5379 5380 5376 5375
f 5375 5376 5374 5373
f 5377 5378 5380 5379
f 5385 5387 5383 5381
f 5382 5384 5388 5386
f 5381 5382 5386 5385
f 5387 5388 5384 5383
f 5383 5384 5382 5381
f 5385 5386 5388 5387
o STATION_FORTRESS_M07BAR_AirlockPort_Door-col
usemtl Door
v -14.7500 0.0000 -91.5600
v -14.7500 0.0000 -91.6600
v -16.8500 0.0000 -91.5600
v -16.8500 0.0000 -91.6600
v -14.7500 2.6000 -91.5600
v -14.7500 2.6000 -91.6600
v -16.8500 2.6000 -91.5600
v -16.8500 2.6000 -91.6600
f 5393 5395 5391 5389
f 5390 5392 5396 5394
f 5389 5390 5394 5393
f 5395 5396 5392 5391
f 5391 5392 5390 5389
f 5393 5394 5396 5395
o STATION_FORTRESS_M07BAR_AirlockStbd_Door-col
usemtl Door
v -14.7500 0.0000 -109.0600
v -14.7500 0.0000 -109.1600
v -16.8500 0.0000 -109.0600
v -16.8500 0.0000 -109.1600
v -14.7500 2.6000 -109.0600
v -14.7500 2.6000 -109.1600
v -16.8500 2.6000 -109.0600
v -16.8500 2.6000 -109.1600
f 5401 5403 5399 5397
f 5398 5400 5404 5402
f 5397 5398 5402 5401
f 5403 5404 5400 5399
f 5399 5400 5398 5397
f 5401 5402 5404 5403
o STATION_FORTRESS_M07BAR_Connector_Back_Door-col
usemtl Door
v -10.5500 0.0000 -99.4100
v -10.5500 0.0000 -101.3100
v -10.6500 0.0000 -99.4100
v -10.6500 0.0000 -101.3100
v -10.5500 2.8000 -99.4100
v -10.5500 2.8000 -101.3100
v -10.6500 2.8000 -99.4100
v -10.6500 2.8000 -101.3100
f 5409 5411 5407 5405
f 5406 5408 5412 5410
f 5405 5406 5410 5409
f 5411 5412 5408 5407
f 5407 5408 5406 5405
f 5409 5410 5412 5411
o STATION_FORTRESS_M07BAR_Connector_Front_Door-col
usemtl Door
v -30.9500 0.0000 -99.4100
v -30.9500 0.0000 -101.3100
v -31.0500 0.0000 -99.4100
v -31.0500 0.0000 -101.3100
v -30.9500 2.8000 -99.4100
v -30.9500 2.8000 -101.3100
v -31.0500 2.8000 -99.4100
v -31.0500 2.8000 -101.3100
f 5417 5419 5415 5413
f 5414 5416 5420 5418
f 5413 5414 5418 5417
f 5419 5420 5416 5415
f 5415 5416 5414 5413
f 5417 5418 5420 5419
o STATION_FORTRESS_M07BAR_ControlConsole-col
usemtl Furniture
v -25.0000 0.0000 -102.9600
v -25.0000 0.0000 -104.1600
v -26.6000 0.0000 -102.9600
v -26.6000 0.0000 -104.1600
v -25.0000 1.0000 -102.9600
v -25.0000 1.0000 -104.1600
v -26.6000 1.0000 -102.9600
v -26.6000 1.0000 -104.1600
f 5425 5427 5423 5421
f 5422 5424 5428 5426
f 5421 5422 5426 5425
f 5427 5428 5424 5423
f 5423 5424 5422 5421
f 5425 5426 5428 5427
o STATION_FORTRESS_M07BAR_StatusLight
usemtl Lights
v -29.3000 8.4000 -99.8600
v -29.3000 8.4000 -100.8600
v -30.3000 8.4000 -99.8600
v -30.3000 8.4000 -100.8600
v -29.3000 8.7000 -99.8600
v -29.3000 8.7000 -100.8600
v -30.3000 8.7000 -99.8600
v -30.3000 8.7000 -100.8600
f 5433 5435 5431 5429
f 5430 5432 5436 5434
f 5429 5430 5434 5433
f 5435 5436 5432 5431
f 5431 5432 5430 5429
f 5433 5434 5436 5435
o STATION_FORTRESS_T04_Deck-col
usemtl Deck
v -1.4000 -0.3000 -104.7600
v 1.4000 -0.3000 -104.7600
v -1.4000 -0.3000 -131.0800
v 1.4000 -0.3000 -131.0800
v -1.4000 0.0000 -104.7600
v 1.4000 0.0000 -104.7600
v -1.4000 0.0000 -131.0800
v 1.4000 0.0000 -131.0800
f 5441 5443 5439 5437
f 5438 5440 5444 5442
f 5437 5438 5442 5441
f 5443 5444 5440 5439
f 5439 5440 5438 5437
f 5441 5442 5444 5443
o STATION_FORTRESS_T04_Hull-col
usemtl Hull
v -1.8000 3.2000 -104.7600
v 1.8000 3.2000 -104.7600
v -1.8000 3.2000 -131.0800
v 1.8000 3.2000 -131.0800
v -1.8000 3.6000 -104.7600
v 1.8000 3.6000 -104.7600
v -1.8000 3.6000 -131.0800
v 1.8000 3.6000 -131.0800
v -1.8000 -0.7000 -104.7600
v 1.8000 -0.7000 -104.7600
v -1.8000 -0.7000 -131.0800
v 1.8000 -0.7000 -131.0800
v -1.8000 -0.3000 -104.7600
v 1.8000 -0.3000 -104.7600
v -1.8000 -0.3000 -131.0800
v 1.8000 -0.3000 -131.0800
v -1.8000 -0.3000 -104.7600
v -1.4000 -0.3000 -104.7600
v -1.8000 -0.3000 -105.7600
v -1.4000 -0.3000 -105.7600
v -1.8000 3.2000 -104.7600
v -1.4000 3.2000 -104.7600
v -1.8000 3.2000 -105.7600
v -1.4000 3.2000 -105.7600
v -1.8000 -0.3000 -105.7600
v -1.4000 -0.3000 -105.7600
v -1.8000 -0.3000 -130.0800
v -1.4000 -0.3000 -130.0800
v -1.8000 1.2000 -105.7600
v -1.4000 1.2000 -105.7600
v -1.8000 1.2000 -130.0800
v -1.4000 1.2000 -130.0800
v -1.8000 2.4000 -105.7600
v -1.4000 2.4000 -105.7600
v -1.8000 2.4000 -130.0800
v -1.4000 2.4000 -130.0800
v -1.8000 3.2000 -105.7600
v -1.4000 3.2000 -105.7600
v -1.8000 3.2000 -130.0800
v -1.4000 3.2000 -130.0800
v -1.8000 -0.3000 -130.0800
v -1.4000 -0.3000 -130.0800
v -1.8000 -0.3000 -131.0800
v -1.4000 -0.3000 -131.0800
v -1.8000 3.2000 -130.0800
v -1.4000 3.2000 -130.0800
v -1.8000 3.2000 -131.0800
v -1.4000 3.2000 -131.0800
v 1.4000 -0.3000 -104.7600
v 1.8000 -0.3000 -104.7600
v 1.4000 -0.3000 -105.7600
v 1.8000 -0.3000 -105.7600
v 1.4000 3.2000 -104.7600
v 1.8000 3.2000 -104.7600
v 1.4000 3.2000 -105.7600
v 1.8000 3.2000 -105.7600
v 1.4000 -0.3000 -105.7600
v 1.8000 -0.3000 -105.7600
v 1.4000 -0.3000 -130.0800
v 1.8000 -0.3000 -130.0800
v 1.4000 1.2000 -105.7600
v 1.8000 1.2000 -105.7600
v 1.4000 1.2000 -130.0800
v 1.8000 1.2000 -130.0800
v 1.4000 2.4000 -105.7600
v 1.8000 2.4000 -105.7600
v 1.4000 2.4000 -130.0800
v 1.8000 2.4000 -130.0800
v 1.4000 3.2000 -105.7600
v 1.8000 3.2000 -105.7600
v 1.4000 3.2000 -130.0800
v 1.8000 3.2000 -130.0800
v 1.4000 -0.3000 -130.0800
v 1.8000 -0.3000 -130.0800
v 1.4000 -0.3000 -131.0800
v 1.8000 -0.3000 -131.0800
v 1.4000 3.2000 -130.0800
v 1.8000 3.2000 -130.0800
v 1.4000 3.2000 -131.0800
v 1.8000 3.2000 -131.0800
f 5449 5451 5447 5445
f 5446 5448 5452 5450
f 5445 5446 5450 5449
f 5451 5452 5448 5447
f 5447 5448 5446 5445
f 5449 5450 5452 5451
f 5457 5459 5455 5453
f 5454 5456 5460 5458
f 5453 5454 5458 5457
f 5459 5460 5456 5455
f 5455 5456 5454 5453
f 5457 5458 5460 5459
f 5465 5467 5463 5461
f 5462 5464 5468 5466
f 5461 5462 5466 5465
f 5467 5468 5464 5463
f 5463 5464 5462 5461
f 5465 5466 5468 5467
f 5473 5475 5471 5469
f 5470 5472 5476 5474
f 5469 5470 5474 5473
f 5475 5476 5472 5471
f 5471 5472 5470 5469
f 5473 5474 5476 5475
f 5481 5483 5479 5477
f 5478 5480 5484 5482
f 5477 5478 5482 5481
f 5483 5484 5480 5479
f 5479 5480 5478 5477
f 5481 5482 5484 5483
f 5489 5491 5487 5485
f 5486 5488 5492 5490
f 5485 5486 5490 5489
f 5491 5492 5488 5487
f 5487 5488 5486 5485
f 5489 5490 5492 5491
f 5497 5499 5495 5493
f 5494 5496 5500 5498
f 5493 5494 5498 5497
f 5499 5500 5496 5495
f 5495 5496 5494 5493
f 5497 5498 5500 5499
f 5505 5507 5503 5501
f 5502 5504 5508 5506
f 5501 5502 5506 5505
f 5507 5508 5504 5503
f 5503 5504 5502 5501
f 5505 5506 5508 5507
f 5513 5515 5511 5509
f 5510 5512 5516 5514
f 5509 5510 5514 5513
f 5515 5516 5512 5511
f 5511 5512 5510 5509
f 5513 5514 5516 5515
f 5521 5523 5519 5517
f 5518 5520 5524 5522
f 5517 5518 5522 5521
f 5523 5524 5520 5519
f 5519 5520 5518 5517
f 5521 5522 5524 5523
o STATION_FORTRESS_T04_Lights
usemtl Lights
v -0.3000 3.1200 -105.2600
v 0.3000 3.1200 -105.2600
v -0.3000 3.1200 -130.5800
v 0.3000 3.1200 -130.5800
v -0.3000 3.2000 -105.2600
v 0.3000 3.2000 -105.2600
v -0.3000 3.2000 -130.5800
v 0.3000 3.2000 -130.5800
f 5529 5531 5527 5525
f 5526 5528 5532 5530
f 5525 5526 5530 5529
f 5531 5532 5528 5527
f 5527 5528 5526 5525
f 5529 5530 5532 5531
o STATION_FORTRESS_T04_Glass-col
usemtl Glass
v -1.6000 1.2000 -105.7600
v -1.5500 1.2000 -105.7600
v -1.6000 1.2000 -130.0800
v -1.5500 1.2000 -130.0800
v -1.6000 2.4000 -105.7600
v -1.5500 2.4000 -105.7600
v -1.6000 2.4000 -130.0800
v -1.5500 2.4000 -130.0800
v 1.5500 1.2000 -105.7600
v 1.6000 1.2000 -105.7600
v 1.5500 1.2000 -130.0800
v 1.6000 1.2000 -130.0800
v 1.5500 2.4000 -105.7600
v 1.6000 2.4000 -105.7600
v 1.5500 2.4000 -130.0800
v 1.6000 2.4000 -130.0800
f 5537 5539 5535 5533
f 5534 5536 5540 5538
f 5533 5534 5538 5537
f 5539 5540 5536 5535
f 5535 5536 5534 5533
f 5537 5538 5540 5539
f 5545 5547 5543 5541
f 5542 5544 5548 5546
f 5541 5542 5546 5545
f 5547 5548 5544 5543
f 5543 5544 5542 5541
f 5545 5546 5548 5547
o STATION_FORTRESS_H04_Deck-col
usemtl Deck
v -4.0000 -0.3000 -131.4800
v 4.0000 -0.3000 -131.4800
v -4.0000 -0.3000 -139.4800
v 4.0000 -0.3000 -139.4800
v -4.0000 0.0000 -131.4800
v 4.0000 0.0000 -131.4800
v -4.0000 0.0000 -139.4800
v 4.0000 0.0000 -139.4800
f 5553 5555 5551 5549
f 5550 5552 5556 5554
f 5549 5550 5554 5553
f 5555 5556 5552 5551
f 5551 5552 5550 5549
f 5553 5554 5556 5555
o STATION_FORTRESS_H04_Hull-col
usemtl Hull
v -4.4000 4.0000 -131.0800
v 4.4000 4.0000 -131.0800
v -4.4000 4.0000 -139.8800
v 4.4000 4.0000 -139.8800
v -4.4000 4.4000 -131.0800
v 4.4000 4.4000 -131.0800
v -4.4000 4.4000 -139.8800
v 4.4000 4.4000 -139.8800
v -4.4000 -0.7000 -131.0800
v 4.4000 -0.7000 -131.0800
v -4.4000 -0.7000 -139.8800
v 4.4000 -0.7000 -139.8800
v -4.4000 -0.3000 -131.0800
v 4.4000 -0.3000 -131.0800
v -4.4000 -0.3000 -139.8800
v 4.4000 -0.3000 -139.8800
v -4.4000 -0.3000 -131.0800
v -1.1000 -0.3000 -131.0800
v -4.4000 -0.3000 -131.4800
v -1.1000 -0.3000 -131.4800
v -4.4000 4.0000 -131.0800
v -1.1000 4.0000 -131.0800
v -4.4000 4.0000 -131.4800
v -1.1000 4.0000 -131.4800
v -1.1000 -0.3000 -131.0800
v 1.1000 -0.3000 -131.0800
v -1.1000 -0.3000 -131.4800
v 1.1000 -0.3000 -131.4800
v -1.1000 0.0000 -131.0800
v 1.1000 0.0000 -131.0800
v -1.1000 0.0000 -131.4800
v 1.1000 0.0000 -131.4800
v -1.1000 3.0000 -131.0800
v 1.1000 3.0000 -131.0800
v -1.1000 3.0000 -131.4800
v 1.1000 3.0000 -131.4800
v -1.1000 4.0000 -131.0800
v 1.1000 4.0000 -131.0800
v -1.1000 4.0000 -131.4800
v 1.1000 4.0000 -131.4800
v 1.1000 -0.3000 -131.0800
v 4.4000 -0.3000 -131.0800
v 1.1000 -0.3000 -131.4800
v 4.4000 -0.3000 -131.4800
v 1.1000 4.0000 -131.0800
v 4.4000 4.0000 -131.0800
v 1.1000 4.0000 -131.4800
v 4.4000 4.0000 -131.4800
v -4.4000 -0.3000 -139.4800
v -1.1000 -0.3000 -139.4800
v -4.4000 -0.3000 -139.8800
v -1.1000 -0.3000 -139.8800
v -4.4000 4.0000 -139.4800
v -1.1000 4.0000 -139.4800
v -4.4000 4.0000 -139.8800
v -1.1000 4.0000 -139.8800
v -1.1000 -0.3000 -139.4800
v 1.1000 -0.3000 -139.4800
v -1.1000 -0.3000 -139.8800
v 1.1000 -0.3000 -139.8800
v -1.1000 0.0000 -139.4800
v 1.1000 0.0000 -139.4800
v -1.1000 0.0000 -139.8800
v 1.1000 0.0000 -139.8800
v -1.1000 3.0000 -139.4800
v 1.1000 3.0000 -139.4800
v -1.1000 3.0000 -139.8800
v 1.1000 3.0000 -139.8800
v -1.1000 4.0000 -139.4800
v 1.1000 4.0000 -139.4800
v -1.1000 4.0000 -139.8800
v 1.1000 4.0000 -139.8800
v 1.1000 -0.3000 -139.4800
v 4.4000 -0.3000 -139.4800
v 1.1000 -0.3000 -139.8800
v 4.4000 -0.3000 -139.8800
v 1.1000 4.0000 -139.4800
v 4.4000 4.0000 -139.4800
v 1.1000 4.0000 -139.8800
v 4.4000 4.0000 -139.8800
v -4.4000 -0.3000 -131.0800
v -4.0000 -0.3000 -131.0800
v -4.4000 -0.3000 -134.3800
v -4.0000 -0.3000 -134.3800
v -4.4000 4.0000 -131.0800
v -4.0000 4.0000 -131.0800
v -4.4000 4.0000 -134.3800
v -4.0000 4.0000 -134.3800
v -4.4000 -0.3000 -134.3800
v -4.0000 -0.3000 -134.3800
v -4.4000 -0.3000 -136.5800
v -4.0000 -0.3000 -136.5800
v -4.4000 0.0000 -134.3800
v -4.0000 0.0000 -134.3800
v -4.4000 0.0000 -136.5800
v -4.0000 0.0000 -136.5800
v -4.4000 3.0000 -134.3800
v -4.0000 3.0000 -134.3800
v -4.4000 3.0000 -136.5800
v -4.0000 3.0000 -136.5800
v -4.4000 4.0000 -134.3800
v -4.0000 4.0000 -134.3800
v -4.4000 4.0000 -136.5800
v -4.0000 4.0000 -136.5800
v -4.4000 -0.3000 -136.5800
v -4.0000 -0.3000 -136.5800
v -4.4000 -0.3000 -139.8800
v -4.0000 -0.3000 -139.8800
v -4.4000 4.0000 -136.5800
v -4.0000 4.0000 -136.5800
v -4.4000 4.0000 -139.8800
v -4.0000 4.0000 -139.8800
v 4.0000 -0.3000 -131.0800
v 4.4000 -0.3000 -131.0800
v 4.0000 -0.3000 -134.3800
v 4.4000 -0.3000 -134.3800
v 4.0000 4.0000 -131.0800
v 4.4000 4.0000 -131.0800
v 4.0000 4.0000 -134.3800
v 4.4000 4.0000 -134.3800
v 4.0000 -0.3000 -134.3800
v 4.4000 -0.3000 -134.3800
v 4.0000 -0.3000 -136.5800
v 4.4000 -0.3000 -136.5800
v 4.0000 0.0000 -134.3800
v 4.4000 0.0000 -134.3800
v 4.0000 0.0000 -136.5800
v 4.4000 0.0000 -136.5800
v 4.0000 3.0000 -134.3800
v 4.4000 3.0000 -134.3800
v 4.0000 3.0000 -136.5800
v 4.4000 3.0000 -136.5800
v 4.0000 4.0000 -134.3800
v 4.4000 4.0000 -134.3800
v 4.0000 4.0000 -136.5800
v 4.4000 4.0000 -136.5800
v 4.0000 -0.3000 -136.5800
v 4.4000 -0.3000 -136.5800
v 4.0000 -0.3000 -139.8800
v 4.4000 -0.3000 -139.8800
v 4.0000 4.0000 -136.5800
v 4.4000 4.0000 -136.5800
v 4.0000 4.0000 -139.8800
v 4.4000 4.0000 -139.8800
f 5561 5563 5559 5557
f 5558 5560 5564 5562
f 5557 5558 5562 5561
f 5563 5564 5560 5559
f 5559 5560 5558 5557
f 5561 5562 5564 5563
f 5569 5571 5567 5565
f 5566 5568 5572 5570
f 5565 5566 5570 5569
f 5571 5572 5568 5567
f 5567 5568 5566 5565
f 5569 5570 5572 5571
f 5577 5579 5575 5573
f 5574 5576 5580 5578
f 5573 5574 5578 5577
f 5579 5580 5576 5575
f 5575 5576 5574 5573
f 5577 5578 5580 5579
f 5585 5587 5583 5581
f 5582 5584 5588 5586
f 5581 5582 5586 5585
f 5587 5588 5584 5583
f 5583 5584 5582 5581
f 5585 5586 5588 5587
f 5593 5595 5591 5589
f 5590 5592 5596 5594
f 5589 5590 5594 5593
f 5595 5596 5592 5591
f 5591 5592 5590 5589
f 5593 5594 5596 5595
f 5601 5603 5599 5597
f 5598 5600 5604 5602
f 5597 5598 5602 5601
f 5603 5604 5600 5599
f 5599 5600 5598 5597
f 5601 5602 5604 5603
f 5609 5611 5607 5605
f 5606 5608 5612 5610
f 5605 5606 5610 5609
f 5611 5612 5608 5607
f 5607 5608 5606 5605
f 5609 5610 5612 5611
f 5617 5619 5615 5613
f 5614 5616 5620 5618
f 5613 5614 5618 5617
f 5619 5620 5616 5615
f 5615 5616 5614 5613
f 5617 5618 5620 5619
f 5625 5627 5623 5621
f 5622 5624 5628 5626
f 5621 5622 5626 5625
f 5627 5628 5624 5623
f 5623 5624 5622 5621
f 5625 5626 5628 5627
f 5633 5635 5631 5629
f 5630 5632 5636 5634
f 5629 5630 5634 5633
f 5635 5636 5632 5631
f 5631 5632 5630 5629
f 5633 5634 5636 5635
f 5641 5643 5639 5637
f 5638 5640 5644 5642
f 5637 5638 5642 5641
f 5643 5644 5640 5639
f 5639 5640 5638 5637
f 5641 5642 5644 5643
f 5649 5651 5647 5645
f 5646 5648 5652 5650
f 5645 5646 5650 5649
f 5651 5652 5648 5647
f 5647 5648 5646 5645
f 5649 5650 5652 5651
f 5657 5659 5655 5653
f 5654 5656 5660 5658
f 5653 5654 5658 5657
f 5659 5660 5656 5655
f 5655 5656 5654 5653
f 5657 5658 5660 5659
f 5665 5667 5663 5661
f 5662 5664 5668 5666
f 5661 5662 5666 5665
f 5667 5668 5664 5663
f 5663 5664 5662 5661
f 5665 5666 5668 5667
f 5673 5675 5671 5669
f 5670 5672 5676 5674
f 5669 5670 5674 5673
f 5675 5676 5672 5671
f 5671 5672 5670 5669
f 5673 5674 5676 5675
f 5681 5683 5679 5677
f 5678 5680 5684 5682
f 5677 5678 5682 5681
f 5683 5684 5680 5679
f 5679 5680 5678 5677
f 5681 5682 5684 5683
f 5689 5691 5687 5685
f 5686 5688 5692 5690
f 5685 5686 5690 5689
f 5691 5692 5688 5687
f 5687 5688 5686 5685
f 5689 5690 5692 5691
f 5697 5699 5695 5693
f 5694 5696 5700 5698
f 5693 5694 5698 5697
f 5699 5700 5696 5695
f 5695 5696 5694 5693
f 5697 5698 5700 5699
o STATION_FORTRESS_H04_Lights
usemtl Lights
v -1.0000 3.9200 -134.4800
v 1.0000 3.9200 -134.4800
v -1.0000 3.9200 -136.4800
v 1.0000 3.9200 -136.4800
v -1.0000 4.0000 -134.4800
v 1.0000 4.0000 -134.4800
v -1.0000 4.0000 -136.4800
v 1.0000 4.0000 -136.4800
f 5705 5707 5703 5701
f 5702 5704 5708 5706
f 5701 5702 5706 5705
f 5707 5708 5704 5703
f 5703 5704 5702 5701
f 5705 5706 5708 5707
o STATION_FORTRESS_T04R_Deck-col
usemtl Deck
v 4.4000 -0.3000 -136.8800
v 4.4000 -0.3000 -134.0800
v 10.4000 -0.3000 -136.8800
v 10.4000 -0.3000 -134.0800
v 4.4000 0.0000 -136.8800
v 4.4000 0.0000 -134.0800
v 10.4000 0.0000 -136.8800
v 10.4000 0.0000 -134.0800
f 5713 5715 5711 5709
f 5710 5712 5716 5714
f 5709 5710 5714 5713
f 5715 5716 5712 5711
f 5711 5712 5710 5709
f 5713 5714 5716 5715
o STATION_FORTRESS_T04R_Hull-col
usemtl Hull
v 4.4000 3.2000 -137.2800
v 4.4000 3.2000 -133.6800
v 10.4000 3.2000 -137.2800
v 10.4000 3.2000 -133.6800
v 4.4000 3.6000 -137.2800
v 4.4000 3.6000 -133.6800
v 10.4000 3.6000 -137.2800
v 10.4000 3.6000 -133.6800
v 4.4000 -0.7000 -137.2800
v 4.4000 -0.7000 -133.6800
v 10.4000 -0.7000 -137.2800
v 10.4000 -0.7000 -133.6800
v 4.4000 -0.3000 -137.2800
v 4.4000 -0.3000 -133.6800
v 10.4000 -0.3000 -137.2800
v 10.4000 -0.3000 -133.6800
v 4.4000 -0.3000 -137.2800
v 4.4000 -0.3000 -136.8800
v 5.4000 -0.3000 -137.2800
v 5.4000 -0.3000 -136.8800
v 4.4000 3.2000 -137.2800
v 4.4000 3.2000 -136.8800
v 5.4000 3.2000 -137.2800
v 5.4000 3.2000 -136.8800
v 5.4000 -0.3000 -137.2800
v 5.4000 -0.3000 -136.8800
v 9.4000 -0.3000 -137.2800
v 9.4000 -0.3000 -136.8800
v 5.4000 1.2000 -137.2800
v 5.4000 1.2000 -136.8800
v 9.4000 1.2000 -137.2800
v 9.4000 1.2000 -136.8800
v 5.4000 2.4000 -137.2800
v 5.4000 2.4000 -136.8800
v 9.4000 2.4000 -137.2800
v 9.4000 2.4000 -136.8800
v 5.4000 3.2000 -137.2800
v 5.4000 3.2000 -136.8800
v 9.4000 3.2000 -137.2800
v 9.4000 3.2000 -136.8800
v 9.4000 -0.3000 -137.2800
v 9.4000 -0.3000 -136.8800
v 10.4000 -0.3000 -137.2800
v 10.4000 -0.3000 -136.8800
v 9.4000 3.2000 -137.2800
v 9.4000 3.2000 -136.8800
v 10.4000 3.2000 -137.2800
v 10.4000 3.2000 -136.8800
v 4.4000 -0.3000 -134.0800
v 4.4000 -0.3000 -133.6800
v 5.4000 -0.3000 -134.0800
v 5.4000 -0.3000 -133.6800
v 4.4000 3.2000 -134.0800
v 4.4000 3.2000 -133.6800
v 5.4000 3.2000 -134.0800
v 5.4000 3.2000 -133.6800
v 5.4000 -0.3000 -134.0800
v 5.4000 -0.3000 -133.6800
v 9.4000 -0.3000 -134.0800
v 9.4000 -0.3000 -133.6800
v 5.4000 1.2000 -134.0800
v 5.4000 1.2000 -133.6800
v 9.4000 1.2000 -134.0800
v 9.4000 1.2000 -133.6800
v 5.4000 2.4000 -134.0800
v 5.4000 2.4000 -133.6800
v 9.4000 2.4000 -134.0800
v 9.4000 2.4000 -133.6800
v 5.4000 3.2000 -134.0800
v 5.4000 3.2000 -133.6800
v 9.4000 3.2000 -134.0800
v 9.4000 3.2000 -133.6800
v 9.4000 -0.3000 -134.0800
v 9.4000 -0.3000 -133.6800
v 10.4000 -0.3000 -134.0800
v 10.4000 -0.3000 -133.6800
v 9.4000 3.2000 -134.0800
v 9.4000 3.2000 -133.6800
v 10.4000 3.2000 -134.0800
v 10.4000 3.2000 -133.6800
f 5721 5723 5719 5717
f 5718 5720 5724 5722
f 5717 5718 5722 5721
f 5723 5724 5720 5719
f 5719 5720 5718 5717
f 5721 5722 5724 5723
f 5729 5731 5727 5725
f 5726 5728 5732 5730
f 5725 5726 5730 5729
f 5731 5732 5728 5727
f 5727 5728 5726 5725
f 5729 5730 5732 5731
f 5737 5739 5735 5733
f 5734 5736 5740 5738
f 5733 5734 5738 5737
f 5739 5740 5736 5735
f 5735 5736 5734 5733
f 5737 5738 5740 5739
f 5745 5747 5743 5741
f 5742 5744 5748 5746
f 5741 5742 5746 5745
f 5747 5748 5744 5743
f 5743 5744 5742 5741
f 5745 5746 5748 5747
f 5753 5755 5751 5749
f 5750 5752 5756 5754
f 5749 5750 5754 5753
f 5755 5756 5752 5751
f 5751 5752 5750 5749
f 5753 5754 5756 5755
f 5761 5763 5759 5757
f 5758 5760 5764 5762
f 5757 5758 5762 5761
f 5763 5764 5760 5759
f 5759 5760 5758 5757
f 5761 5762 5764 5763
f 5769 5771 5767 5765
f 5766 5768 5772 5770
f 5765 5766 5770 5769
f 5771 5772 5768 5767
f 5767 5768 5766 5765
f 5769 5770 5772 5771
f 5777 5779 5775 5773
f 5774 5776 5780 5778
f 5773 5774 5778 5777
f 5779 5780 5776 5775
f 5775 5776 5774 5773
f 5777 5778 5780 5779
f 5785 5787 5783 5781
f 5782 5784 5788 5786
f 5781 5782 5786 5785
f 5787 5788 5784 5783
f 5783 5784 5782 5781
f 5785 5786 5788 5787
f 5793 5795 5791 5789
f 5790 5792 5796 5794
f 5789 5790 5794 5793
f 5795 5796 5792 5791
f 5791 5792 5790 5789
f 5793 5794 5796 5795
o STATION_FORTRESS_T04R_Lights
usemtl Lights
v 4.9000 3.1200 -135.7800
v 4.9000 3.1200 -135.1800
v 9.9000 3.1200 -135.7800
v 9.9000 3.1200 -135.1800
v 4.9000 3.2000 -135.7800
v 4.9000 3.2000 -135.1800
v 9.9000 3.2000 -135.7800
v 9.9000 3.2000 -135.1800
f 5801 5803 5799 5797
f 5798 5800 5804 5802
f 5797 5798 5802 5801
f 5803 5804 5800 5799
f 5799 5800 5798 5797
f 5801 5802 5804 5803
o STATION_FORTRESS_T04R_Glass-col
usemtl Glass
v 5.4000 1.2000 -137.0800
v 5.4000 1.2000 -137.0300
v 9.4000 1.2000 -137.0800
v 9.4000 1.2000 -137.0300
v 5.4000 2.4000 -137.0800
v 5.4000 2.4000 -137.0300
v 9.4000 2.4000 -137.0800
v 9.4000 2.4000 -137.0300
v 5.4000 1.2000 -133.9300
v 5.4000 1.2000 -133.8800
v 9.4000 1.2000 -133.9300
v 9.4000 1.2000 -133.8800
v 5.4000 2.4000 -133.9300
v 5.4000 2.4000 -133.8800
v 9.4000 2.4000 -133.9300
v 9.4000 2.4000 -133.8800
f 5809 5811 5807 5805
f 5806 5808 5812 5810
f 5805 5806 5810 5809
f 5811 5812 5808 5807
f 5807 5808 5806 5805
f 5809 5810 5812 5811
f 5817 5819 5815 5813
f 5814 5816 5820 5818
f 5813 5814 5818 5817
f 5819 5820 5816 5815
f 5815 5816 5814 5813
f 5817 5818 5820 5819
o STATION_FORTRESS_M08DOK_Deck-col
usemtl Deck
v 10.8000 -0.3000 -143.9800
v 10.8000 -0.3000 -126.9800
v 30.8000 -0.3000 -143.9800
v 30.8000 -0.3000 -126.9800
v 10.8000 0.0000 -143.9800
v 10.8000 0.0000 -126.9800
v 30.8000 0.0000 -143.9800
v 30.8000 0.0000 -126.9800
f 5825 5827 5823 5821
f 5822 5824 5828 5826
f 5821 5822 5826 5825
f 5827 5828 5824 5823
f 5823 5824 5822 5821
f 5825 5826 5828 5827
o STATION_FORTRESS_M08DOK_Hull-col
usemtl Hull
v 10.4000 4.0000 -144.4800
v 10.4000 4.0000 -126.4800
v 31.2000 4.0000 -144.4800
v 31.2000 4.0000 -126.4800
v 10.4000 4.4000 -144.4800
v 10.4000 4.4000 -126.4800
v 31.2000 4.4000 -144.4800
v 31.2000 4.4000 -126.4800
v 10.4000 -0.7000 -144.4800
v 10.4000 -0.7000 -126.4800
v 31.2000 -0.7000 -144.4800
v 31.2000 -0.7000 -126.4800
v 10.4000 -0.3000 -144.4800
v 10.4000 -0.3000 -126.4800
v 31.2000 -0.3000 -144.4800
v 31.2000 -0.3000 -126.4800
v 10.8000 -0.3000 -144.4800
v 10.8000 -0.3000 -143.9800
v 14.8000 -0.3000 -144.4800
v 14.8000 -0.3000 -143.9800
v 10.8000 4.0000 -144.4800
v 10.8000 4.0000 -143.9800
v 14.8000 4.0000 -144.4800
v 14.8000 4.0000 -143.9800
v 14.8000 -0.3000 -144.4800
v 14.8000 -0.3000 -143.9800
v 16.8000 -0.3000 -144.4800
v 16.8000 -0.3000 -143.9800
v 14.8000 0.0000 -144.4800
v 14.8000 0.0000 -143.9800
v 16.8000 0.0000 -144.4800
v 16.8000 0.0000 -143.9800
v 14.8000 2.6000 -144.4800
v 14.8000 2.6000 -143.9800
v 16.8000 2.6000 -144.4800
v 16.8000 2.6000 -143.9800
v 14.8000 4.0000 -144.4800
v 14.8000 4.0000 -143.9800
v 16.8000 4.0000 -144.4800
v 16.8000 4.0000 -143.9800
v 16.8000 -0.3000 -144.4800
v 16.8000 -0.3000 -143.9800
v 30.8000 -0.3000 -144.4800
v 30.8000 -0.3000 -143.9800
v 16.8000 4.0000 -144.4800
v 16.8000 4.0000 -143.9800
v 30.8000 4.0000 -144.4800
v 30.8000 4.0000 -143.9800
v 10.8000 -0.3000 -126.9800
v 10.8000 -0.3000 -126.4800
v 14.8000 -0.3000 -126.9800
v 14.8000 -0.3000 -126.4800
v 10.8000 4.0000 -126.9800
v 10.8000 4.0000 -126.4800
v 14.8000 4.0000 -126.9800
v 14.8000 4.0000 -126.4800
v 14.8000 -0.3000 -126.9800
v 14.8000 -0.3000 -126.4800
v 16.8000 -0.3000 -126.9800
v 16.8000 -0.3000 -126.4800
v 14.8000 0.0000 -126.9800
v 14.8000 0.0000 -126.4800
v 16.8000 0.0000 -126.9800
v 16.8000 0.0000 -126.4800
v 14.8000 2.6000 -126.9800
v 14.8000 2.6000 -126.4800
v 16.8000 2.6000 -126.9800
v 16.8000 2.6000 -126.4800
v 14.8000 4.0000 -126.9800
v 14.8000 4.0000 -126.4800
v 16.8000 4.0000 -126.9800
v 16.8000 4.0000 -126.4800
v 16.8000 -0.3000 -126.9800
v 16.8000 -0.3000 -126.4800
v 30.8000 -0.3000 -126.9800
v 30.8000 -0.3000 -126.4800
v 16.8000 4.0000 -126.9800
v 16.8000 4.0000 -126.4800
v 30.8000 4.0000 -126.9800
v 30.8000 4.0000 -126.4800
v 10.4000 -0.3000 -144.4800
v 10.4000 -0.3000 -136.3800
v 10.8000 -0.3000 -144.4800
v 10.8000 -0.3000 -136.3800
v 10.4000 4.0000 -144.4800
v 10.4000 4.0000 -136.3800
v 10.8000 4.0000 -144.4800
v 10.8000 4.0000 -136.3800
v 10.4000 -0.3000 -136.3800
v 10.4000 -0.3000 -134.5800
v 10.8000 -0.3000 -136.3800
v 10.8000 -0.3000 -134.5800
v 10.4000 0.0000 -136.3800
v 10.4000 0.0000 -134.5800
v 10.8000 0.0000 -136.3800
v 10.8000 0.0000 -134.5800
v 10.4000 2.8000 -136.3800
v 10.4000 2.8000 -134.5800
v 10.8000 2.8000 -136.3800
v 10.8000 2.8000 -134.5800
v 10.4000 4.0000 -136.3800
v 10.4000 4.0000 -134.5800
v 10.8000 4.0000 -136.3800
v 10.8000 4.0000 -134.5800
v 10.4000 -0.3000 -134.5800
v 10.4000 -0.3000 -126.4800
v 10.8000 -0.3000 -134.5800
v 10.8000 -0.3000 -126.4800
v 10.4000 4.0000 -134.5800
v 10.4000 4.0000 -126.4800
v 10.8000 4.0000 -134.5800
v 10.8000 4.0000 -126.4800
v 30.8000 -0.3000 -144.4800
v 30.8000 -0.3000 -136.3800
v 31.2000 -0.3000 -144.4800
v 31.2000 -0.3000 -136.3800
v 30.8000 4.0000 -144.4800
v 30.8000 4.0000 -136.3800
v 31.2000 4.0000 -144.4800
v 31.2000 4.0000 -136.3800
v 30.8000 -0.3000 -136.3800
v 30.8000 -0.3000 -134.5800
v 31.2000 -0.3000 -136.3800
v 31.2000 -0.3000 -134.5800
v 30.8000 0.0000 -136.3800
v 30.8000 0.0000 -134.5800
v 31.2000 0.0000 -136.3800
v 31.2000 0.0000 -134.5800
v 30.8000 2.8000 -136.3800
v 30.8000 2.8000 -134.5800
v 31.2000 2.8000 -136.3800
v 31.2000 2.8000 -134.5800
v 30.8000 4.0000 -136.3800
v 30.8000 4.0000 -134.5800
v 31.2000 4.0000 -136.3800
v 31.2000 4.0000 -134.5800
v 30.8000 -0.3000 -134.5800
v 30.8000 -0.3000 -126.4800
v 31.2000 -0.3000 -134.5800
v 31.2000 -0.3000 -126.4800
v 30.8000 4.0000 -134.5800
v 30.8000 4.0000 -126.4800
v 31.2000 4.0000 -134.5800
v 31.2000 4.0000 -126.4800
f 5833 5835 5831 5829
f 5830 5832 5836 5834
f 5829 5830 5834 5833
f 5835 5836 5832 5831
f 5831 5832 5830 5829
f 5833 5834 5836 5835
f 5841 5843 5839 5837
f 5838 5840 5844 5842
f 5837 5838 5842 5841
f 5843 5844 5840 5839
f 5839 5840 5838 5837
f 5841 5842 5844 5843
f 5849 5851 5847 5845
f 5846 5848 5852 5850
f 5845 5846 5850 5849
f 5851 5852 5848 5847
f 5847 5848 5846 5845
f 5849 5850 5852 5851
f 5857 5859 5855 5853
f 5854 5856 5860 5858
f 5853 5854 5858 5857
f 5859 5860 5856 5855
f 5855 5856 5854 5853
f 5857 5858 5860 5859
f 5865 5867 5863 5861
f 5862 5864 5868 5866
f 5861 5862 5866 5865
f 5867 5868 5864 5863
f 5863 5864 5862 5861
f 5865 5866 5868 5867
f 5873 5875 5871 5869
f 5870 5872 5876 5874
f 5869 5870 5874 5873
f 5875 5876 5872 5871
f 5871 5872 5870 5869
f 5873 5874 5876 5875
f 5881 5883 5879 5877
f 5878 5880 5884 5882
f 5877 5878 5882 5881
f 5883 5884 5880 5879
f 5879 5880 5878 5877
f 5881 5882 5884 5883
f 5889 5891 5887 5885
f 5886 5888 5892 5890
f 5885 5886 5890 5889
f 5891 5892 5888 5887
f 5887 5888 5886 5885
f 5889 5890 5892 5891
f 5897 5899 5895 5893
f 5894 5896 5900 5898
f 5893 5894 5898 5897
f 5899 5900 5896 5895
f 5895 5896 5894 5893
f 5897 5898 5900 5899
f 5905 5907 5903 5901
f 5902 5904 5908 5906
f 5901 5902 5906 5905
f 5907 5908 5904 5903
f 5903 5904 5902 5901
f 5905 5906 5908 5907
f 5913 5915 5911 5909
f 5910 5912 5916 5914
f 5909 5910 5914 5913
f 5915 5916 5912 5911
f 5911 5912 5910 5909
f 5913 5914 5916 5915
f 5921 5923 5919 5917
f 5918 5920 5924 5922
f 5917 5918 5922 5921
f 5923 5924 5920 5919
f 5919 5920 5918 5917
f 5921 5922 5924 5923
f 5929 5931 5927 5925
f 5926 5928 5932 5930
f 5925 5926 5930 5929
f 5931 5932 5928 5927
f 5927 5928 5926 5925
f 5929 5930 5932 5931
f 5937 5939 5935 5933
f 5934 5936 5940 5938
f 5933 5934 5938 5937
f 5939 5940 5936 5935
f 5935 5936 5934 5933
f 5937 5938 5940 5939
f 5945 5947 5943 5941
f 5942 5944 5948 5946
f 5941 5942 5946 5945
f 5947 5948 5944 5943
f 5943 5944 5942 5941
f 5945 5946 5948 5947
f 5953 5955 5951 5949
f 5950 5952 5956 5954
f 5949 5950 5954 5953
f 5955 5956 5952 5951
f 5951 5952 5950 5949
f 5953 5954 5956 5955
f 5961 5963 5959 5957
f 5958 5960 5964 5962
f 5957 5958 5962 5961
f 5963 5964 5960 5959
f 5959 5960 5958 5957
f 5961 5962 5964 5963
f 5969 5971 5967 5965
f 5966 5968 5972 5970
f 5965 5966 5970 5969
f 5971 5972 5968 5967
f 5967 5968 5966 5965
f 5969 5970 5972 5971
o STATION_FORTRESS_M08DOK_Interior-col
usemtl Interior
v 20.7000 0.0000 -143.9800
v 20.7000 0.0000 -136.6800
v 20.9000 0.0000 -143.9800
v 20.9000 0.0000 -136.6800
v 20.7000 4.0000 -143.9800
v 20.7000 4.0000 -136.6800
v 20.9000 4.0000 -143.9800
v 20.9000 4.0000 -136.6800
v 20.7000 3.0000 -136.6800
v 20.7000 3.0000 -134.2800
v 20.9000 3.0000 -136.6800
v 20.9000 3.0000 -134.2800
v 20.7000 4.0000 -136.6800
v 20.7000 4.0000 -134.2800
v 20.9000 4.0000 -136.6800
v 20.9000 4.0000 -134.2800
v 20.7000 0.0000 -134.2800
v 20.7000 0.0000 -126.9800
v 20.9000 0.0000 -134.2800
v 20.9000 0.0000 -126.9800
v 20.7000 4.0000 -134.2800
v 20.7000 4.0000 -126.9800
v 20.9000 4.0000 -134.2800
v 20.9000 4.0000 -126.9800
v 20.8000 0.0000 -136.8800
v 20.8000 0.0000 -136.6800
v 25.0000 0.0000 -136.8800
v 25.0000 0.0000 -136.6800
v 20.8000 4.0000 -136.8800
v 20.8000 4.0000 -136.6800
v 25.0000 4.0000 -136.8800
v 25.0000 4.0000 -136.6800
v 25.0000 2.6000 -136.8800
v 25.0000 2.6000 -136.6800
v 26.6000 2.6000 -136.8800
v 26.6000 2.6000 -136.6800
v 25.0000 4.0000 -136.8800
v 25.0000 4.0000 -136.6800
v 26.6000 4.0000 -136.8800
v 26.6000 4.0000 -136.6800
v 26.6000 0.0000 -136.8800
v 26.6000 0.0000 -136.6800
v 30.8000 0.0000 -136.8800
v 30.8000 0.0000 -136.6800
v 26.6000 4.0000 -136.8800
v 26.6000 4.0000 -136.6800
v 30.8000 4.0000 -136.8800
v 30.8000 4.0000 -136.6800
v 20.8000 0.0000 -134.2800
v 20.8000 0.0000 -134.0800
v 25.0000 0.0000 -134.2800
v 25.0000 0.0000 -134.0800
v 20.8000 4.0000 -134.2800
v 20.8000 4.0000 -134.0800
v 25.0000 4.0000 -134.2800
v 25.0000 4.0000 -134.0800
v 25.0000 2.6000 -134.2800
v 25.0000 2.6000 -134.0800
v 26.6000 2.6000 -134.2800
v 26.6000 2.6000 -134.0800
v 25.0000 4.0000 -134.2800
v 25.0000 4.0000 -134.0800
v 26.6000 4.0000 -134.2800
v 26.6000 4.0000 -134.0800
v 26.6000 0.0000 -134.2800
v 26.6000 0.0000 -134.0800
v 30.8000 0.0000 -134.2800
v 30.8000 0.0000 -134.0800
v 26.6000 4.0000 -134.2800
v 26.6000 4.0000 -134.0800
v 30.8000 4.0000 -134.2800
v 30.8000 4.0000 -134.0800
f 5977 5979 5975 5973
f 5974 5976 5980 5978
f 5973 5974 5978 5977
f 5979 5980 5976 5975
f 5975 5976 5974 5973
f 5977 5978 5980 5979
f 5985 5987 5983 5981
f 5982 5984 5988 5986
f 5981 5982 5986 5985
f 5987 5988 5984 5983
f 5983 5984 5982 5981
f 5985 5986 5988 5987
f 5993 5995 5991 5989
f 5990 5992 5996 5994
f 5989 5990 5994 5993
f 5995 5996 5992 5991
f 5991 5992 5990 5989
f 5993 5994 5996 5995
f 6001 6003 5999 5997
f 5998 6000 6004 6002
f 5997 5998 6002 6001
f 6003 6004 6000 5999
f 5999 6000 5998 5997
f 6001 6002 6004 6003
f 6009 6011 6007 6005
f 6006 6008 6012 6010
f 6005 6006 6010 6009
f 6011 6012 6008 6007
f 6007 6008 6006 6005
f 6009 6010 6012 6011
f 6017 6019 6015 6013
f 6014 6016 6020 6018
f 6013 6014 6018 6017
f 6019 6020 6016 6015
f 6015 6016 6014 6013
f 6017 6018 6020 6019
f 6025 6027 6023 6021
f 6022 6024 6028 6026
f 6021 6022 6026 6025
f 6027 6028 6024 6023
f 6023 6024 6022 6021
f 6025 6026 6028 6027
f 6033 6035 6031 6029
f 6030 6032 6036 6034
f 6029 6030 6034 6033
f 6035 6036 6032 6031
f 6031 6032 6030 6029
f 6033 6034 6036 6035
f 6041 6043 6039 6037
f 6038 6040 6044 6042
f 6037 6038 6042 6041
f 6043 6044 6040 6039
f 6039 6040 6038 6037
f 6041 6042 6044 6043
o STATION_FORTRESS_M08DOK_Furniture-col
usemtl Furniture
v 21.4000 0.0000 -127.7800
v 21.4000 0.0000 -127.0800
v 30.2000 0.0000 -127.7800
v 30.2000 0.0000 -127.0800
v 21.4000 1.1000 -127.7800
v 21.4000 1.1000 -127.0800
v 30.2000 1.1000 -127.7800
v 30.2000 1.1000 -127.0800
v 21.4000 0.0000 -143.8800
v 21.4000 0.0000 -143.3800
v 23.8000 0.0000 -143.8800
v 23.8000 0.0000 -143.3800
v 21.4000 2.0000 -143.8800
v 21.4000 2.0000 -143.3800
v 23.8000 2.0000 -143.8800
v 23.8000 2.0000 -143.3800
v 25.2000 0.0000 -139.4800
v 25.2000 0.0000 -138.0800
v 26.4000 0.0000 -139.4800
v 26.4000 0.0000 -138.0800
v 25.2000 0.7500 -139.4800
v 25.2000 0.7500 -138.0800
v 26.4000 0.7500 -139.4800
v 26.4000 0.7500 -138.0800
v 21.2000 0.0000 -134.6300
v 21.2000 0.0000 -134.2800
v 22.4000 0.0000 -134.6300
v 22.4000 0.0000 -134.2800
v 21.2000 2.0000 -134.6300
v 21.2000 2.0000 -134.2800
v 22.4000 2.0000 -134.6300
v 22.4000 2.0000 -134.2800
v 15.3000 0.6000 -143.9300
v 15.3000 0.6000 -143.5300
v 16.3000 0.6000 -143.9300
v 16.3000 0.6000 -143.5300
v 15.3000 2.0000 -143.9300
v 15.3000 2.0000 -143.5300
v 16.3000 2.0000 -143.9300
v 16.3000 2.0000 -143.5300
f 6049 6051 6047 6045
f 6046 6048 6052 6050
f 6045 6046 6050 6049
f 6051 6052 6048 6047
f 6047 6048 6046 6045
f 6049 6050 6052 6051
f 6057 6059 6055 6053
f 6054 6056 6060 6058
f 6053 6054 6058 6057
f 6059 6060 6056 6055
f 6055 6056 6054 6053
f 6057 6058 6060 6059
f 6065 6067 6063 6061
f 6062 6064 6068 6066
f 6061 6062 6066 6065
f 6067 6068 6064 6063
f 6063 6064 6062 6061
f 6065 6066 6068 6067
f 6073 6075 6071 6069
f 6070 6072 6076 6074
f 6069 6070 6074 6073
f 6075 6076 6072 6071
f 6071 6072 6070 6069
f 6073 6074 6076 6075
f 6081 6083 6079 6077
f 6078 6080 6084 6082
f 6077 6078 6082 6081
f 6083 6084 6080 6079
f 6079 6080 6078 6077
f 6081 6082 6084 6083
o STATION_FORTRESS_M08DOK_Cover-col
usemtl Cover
v 13.6167 0.0000 -133.3800
v 13.6167 0.0000 -132.0800
v 14.9167 0.0000 -133.3800
v 14.9167 0.0000 -132.0800
v 13.6167 1.3000 -133.3800
v 13.6167 1.3000 -132.0800
v 14.9167 1.3000 -133.3800
v 14.9167 1.3000 -132.0800
v 13.6167 0.0000 -141.9800
v 13.6167 0.0000 -140.6800
v 14.9167 0.0000 -141.9800
v 14.9167 0.0000 -140.6800
v 13.6167 1.3000 -141.9800
v 13.6167 1.3000 -140.6800
v 14.9167 1.3000 -141.9800
v 14.9167 1.3000 -140.6800
v 16.6833 0.0000 -133.3800
v 16.6833 0.0000 -132.0800
v 17.9833 0.0000 -133.3800
v 17.9833 0.0000 -132.0800
v 16.6833 1.3000 -133.3800
v 16.6833 1.3000 -132.0800
v 17.9833 1.3000 -133.3800
v 17.9833 1.3000 -132.0800
v 16.6833 0.0000 -141.9800
v 16.6833 0.0000 -140.6800
v 17.9833 0.0000 -141.9800
v 17.9833 0.0000 -140.6800
v 16.6833 1.3000 -141.9800
v 16.6833 1.3000 -140.6800
v 17.9833 1.3000 -141.9800
v 17.9833 1.3000 -140.6800
v 13.0000 0.0000 -139.0800
v 13.0000 0.0000 -138.0800
v 14.0000 0.0000 -139.0800
v 14.0000 0.0000 -138.0800
v 13.0000 1.1000 -139.0800
v 13.0000 1.1000 -138.0800
v 14.0000 1.1000 -139.0800
v 14.0000 1.1000 -138.0800
v 17.6000 0.0000 -139.0800
v 17.6000 0.0000 -138.0800
v 18.6000 0.0000 -139.0800
v 18.6000 0.0000 -138.0800
v 17.6000 1.1000 -139.0800
v 17.6000 1.1000 -138.0800
v 18.6000 1.1000 -139.0800
v 18.6000 1.1000 -138.0800
f 6089 6091 6087 6085
f 6086 6088 6092 6090
f 6085 6086 6090 6089
f 6091 6092 6088 6087
f 6087 6088 6086 6085
f 6089 6090 6092 6091
f 6097 6099 6095 6093
f 6094 6096 6100 6098
f 6093 6094 6098 6097
f 6099 6100 6096 6095
f 6095 6096 6094 6093
f 6097 6098 6100 6099
f 6105 6107 6103 6101
f 6102 6104 6108 6106
f 6101 6102 6106 6105
f 6107 6108 6104 6103
f 6103 6104 6102 6101
f 6105 6106 6108 6107
f 6113 6115 6111 6109
f 6110 6112 6116 6114
f 6109 6110 6114 6113
f 6115 6116 6112 6111
f 6111 6112 6110 6109
f 6113 6114 6116 6115
f 6121 6123 6119 6117
f 6118 6120 6124 6122
f 6117 6118 6122 6121
f 6123 6124 6120 6119
f 6119 6120 6118 6117
f 6121 6122 6124 6123
f 6129 6131 6127 6125
f 6126 6128 6132 6130
f 6125 6126 6130 6129
f 6131 6132 6128 6127
f 6127 6128 6126 6125
f 6129 6130 6132 6131
o STATION_FORTRESS_M08DOK_Hazard
usemtl Hazard
v 14.5000 0.0000 -144.6000
v 14.5000 0.0000 -144.4800
v 14.8000 0.0000 -144.6000
v 14.8000 0.0000 -144.4800
v 14.5000 2.9000 -144.6000
v 14.5000 2.9000 -144.4800
v 14.8000 2.9000 -144.6000
v 14.8000 2.9000 -144.4800
v 16.8000 0.0000 -144.6000
v 16.8000 0.0000 -144.4800
v 17.1000 0.0000 -144.6000
v 17.1000 0.0000 -144.4800
v 16.8000 2.9000 -144.6000
v 16.8000 2.9000 -144.4800
v 17.1000 2.9000 -144.6000
v 17.1000 2.9000 -144.4800
v 14.5000 0.0000 -126.4800
v 14.5000 0.0000 -126.3600
v 14.8000 0.0000 -126.4800
v 14.8000 0.0000 -126.3600
v 14.5000 2.9000 -126.4800
v 14.5000 2.9000 -126.3600
v 14.8000 2.9000 -126.4800
v 14.8000 2.9000 -126.3600
v 16.8000 0.0000 -126.4800
v 16.8000 0.0000 -126.3600
v 17.1000 0.0000 -126.4800
v 17.1000 0.0000 -126.3600
v 16.8000 2.9000 -126.4800
v 16.8000 2.9000 -126.3600
v 17.1000 2.9000 -126.4800
v 17.1000 2.9000 -126.3600
v 31.2000 2.8000 -136.6800
v 31.2000 2.8000 -134.2800
v 31.2400 2.8000 -136.6800
v 31.2400 2.8000 -134.2800
v 31.2000 3.0000 -136.6800
v 31.2000 3.0000 -134.2800
v 31.2400 3.0000 -136.6800
v 31.2400 3.0000 -134.2800
v 15.3000 1.8000 -143.5300
v 15.3000 1.8000 -143.5100
v 16.3000 1.8000 -143.5300
v 16.3000 1.8000 -143.5100
v 15.3000 2.0000 -143.5300
v 15.3000 2.0000 -143.5100
v 16.3000 2.0000 -143.5300
v 16.3000 2.0000 -143.5100
v 15.8000 -0.3000 -157.4800
v 15.8000 -0.3000 -146.4800
v 16.0000 -0.3000 -157.4800
v 16.0000 -0.3000 -146.4800
v 15.8000 -0.2800 -157.4800
v 15.8000 -0.2800 -146.4800
v 16.0000 -0.2800 -157.4800
v 16.0000 -0.2800 -146.4800
v 15.8000 -0.3000 -124.4800
v 15.8000 -0.3000 -113.4800
v 16.0000 -0.3000 -124.4800
v 16.0000 -0.3000 -113.4800
v 15.8000 -0.2800 -124.4800
v 15.8000 -0.2800 -113.4800
v 16.0000 -0.2800 -124.4800
v 16.0000 -0.2800 -113.4800
f 6137 6139 6135 6133
f 6134 6136 6140 6138
f 6133 6134 6138 6137
f 6139 6140 6136 6135
f 6135 6136 6134 6133
f 6137 6138 6140 6139
f 6145 6147 6143 6141
f 6142 6144 6148 6146
f 6141 6142 6146 6145
f 6147 6148 6144 6143
f 6143 6144 6142 6141
f 6145 6146 6148 6147
f 6153 6155 6151 6149
f 6150 6152 6156 6154
f 6149 6150 6154 6153
f 6155 6156 6152 6151
f 6151 6152 6150 6149
f 6153 6154 6156 6155
f 6161 6163 6159 6157
f 6158 6160 6164 6162
f 6157 6158 6162 6161
f 6163 6164 6160 6159
f 6159 6160 6158 6157
f 6161 6162 6164 6163
f 6169 6171 6167 6165
f 6166 6168 6172 6170
f 6165 6166 6170 6169
f 6171 6172 6168 6167
f 6167 6168 6166 6165
f 6169 6170 6172 6171
f 6177 6179 6175 6173
f 6174 6176 6180 6178
f 6173 6174 6178 6177
f 6179 6180 6176 6175
f 6175 6176 6174 6173
f 6177 6178 6180 6179
f 6185 6187 6183 6181
f 6182 6184 6188 6186
f 6181 6182 6186 6185
f 6187 6188 6184 6183
f 6183 6184 6182 6181
f 6185 6186 6188 6187
f 6193 6195 6191 6189
f 6190 6192 6196 6194
f 6189 6190 6194 6193
f 6195 6196 6192 6191
f 6191 6192 6190 6189
f 6193 6194 6196 6195
o STATION_FORTRESS_M08DOK_Lights
usemtl Lights
v 21.6000 0.8000 -127.8000
v 21.6000 0.8000 -127.7800
v 30.0000 0.8000 -127.8000
v 30.0000 0.8000 -127.7800
v 21.6000 1.0500 -127.8000
v 21.6000 1.0500 -127.7800
v 30.0000 1.0500 -127.8000
v 30.0000 1.0500 -127.7800
v 25.1000 1.0000 -132.7800
v 25.1000 1.0000 -131.7800
v 26.5000 1.0000 -132.7800
v 26.5000 1.0000 -131.7800
v 25.1000 1.0300 -132.7800
v 25.1000 1.0300 -131.7800
v 26.5000 1.0300 -132.7800
v 26.5000 1.0300 -131.7800
v 21.3000 3.6200 -135.7800
v 21.3000 3.6200 -135.1800
v 30.3000 3.6200 -135.7800
v 30.3000 3.6200 -135.1800
v 21.3000 3.7000 -135.7800
v 21.3000 3.7000 -135.1800
v 30.3000 3.7000 -135.7800
v 30.3000 3.7000 -135.1800
v 11.7000 3.8800 -135.8800
v 11.7000 3.8800 -135.0800
v 19.9000 3.8800 -135.8800
v 19.9000 3.8800 -135.0800
v 11.7000 3.9600 -135.8800
v 11.7000 3.9600 -135.0800
v 19.9000 3.9600 -135.8800
v 19.9000 3.9600 -135.0800
f 6201 6203 6199 6197
f 6198 6200 6204 6202
f 6197 6198 6202 6201
f 6203 6204 6200 6199
f 6199 6200 6198 6197
f 6201 6202 6204 6203
f 6209 6211 6207 6205
f 6206 6208 6212 6210
f 6205 6206 6210 6209
f 6211 6212 6208 6207
f 6207 6208 6206 6205
f 6209 6210 6212 6211
f 6217 6219 6215 6213
f 6214 6216 6220 6218
f 6213 6214 6218 6217
f 6219 6220 6216 6215
f 6215 6216 6214 6213
f 6217 6218 6220 6219
f 6225 6227 6223 6221
f 6222 6224 6228 6226
f 6221 6222 6226 6225
f 6227 6228 6224 6223
f 6223 6224 6222 6221
f 6225 6226 6228 6227
o STATION_FORTRESS_M08DOK_Trim
usemtl Trim
v 14.8000 -0.6000 -158.4800
v 14.8000 -0.6000 -144.4800
v 26.8000 -0.6000 -158.4800
v 26.8000 -0.6000 -144.4800
v 14.8000 -0.3000 -158.4800
v 14.8000 -0.3000 -144.4800
v 26.8000 -0.3000 -158.4800
v 26.8000 -0.3000 -144.4800
v 14.8000 -0.6000 -126.4800
v 14.8000 -0.6000 -112.4800
v 26.8000 -0.6000 -126.4800
v 26.8000 -0.6000 -112.4800
v 14.8000 -0.3000 -126.4800
v 14.8000 -0.3000 -112.4800
v 26.8000 -0.3000 -126.4800
v 26.8000 -0.3000 -112.4800
f 6233 6235 6231 6229
f 6230 6232 6236 6234
f 6229 6230 6234 6233
f 6235 6236 6232 6231
f 6231 6232 6230 6229
f 6233 6234 6236 6235
f 6241 6243 6239 6237
f 6238 6240 6244 6242
f 6237 6238 6242 6241
f 6243 6244 6240 6239
f 6239 6240 6238 6237
f 6241 6242 6244 6243
o STATION_FORTRESS_M08DOK_AirlockPort_Door-col
usemtl Door
v 14.7500 0.0000 -144.2800
v 14.7500 0.0000 -144.1800
v 16.8500 0.0000 -144.2800
v 16.8500 0.0000 -144.1800
v 14.7500 2.6000 -144.2800
v 14.7500 2.6000 -144.1800
v 16.8500 2.6000 -144.2800
v 16.8500 2.6000 -144.1800
f 6249 6251 6247 6245
f 6246 6248 6252 6250
f 6245 6246 6250 6249
f 6251 6252 6248 6247
f 6247 6248 6246 6245
f 6249 6250 6252 6251
o STATION_FORTRESS_M08DOK_AirlockStbd_Door-col
usemtl Door
v 14.7500 0.0000 -126.7800
v 14.7500 0.0000 -126.6800
v 16.8500 0.0000 -126.7800
v 16.8500 0.0000 -126.6800
v 14.7500 2.6000 -126.7800
v 14.7500 2.6000 -126.6800
v 16.8500 2.6000 -126.7800
v 16.8500 2.6000 -126.6800
f 6257 6259 6255 6253
f 6254 6256 6260 6258
f 6253 6254 6258 6257
f 6259 6260 6256 6255
f 6255 6256 6254 6253
f 6257 6258 6260 6259
o STATION_FORTRESS_M08DOK_Connector_Back_Door-col
usemtl Door
v 10.5500 0.0000 -136.4300
v 10.5500 0.0000 -134.5300
v 10.6500 0.0000 -136.4300
v 10.6500 0.0000 -134.5300
v 10.5500 2.8000 -136.4300
v 10.5500 2.8000 -134.5300
v 10.6500 2.8000 -136.4300
v 10.6500 2.8000 -134.5300
f 6265 6267 6263 6261
f 6262 6264 6268 6266
f 6261 6262 6266 6265
f 6267 6268 6264 6263
f 6263 6264 6262 6261
f 6265 6266 6268 6267
o STATION_FORTRESS_M08DOK_Connector_Front_Door-col
usemtl Door
v 30.9500 0.0000 -136.4300
v 30.9500 0.0000 -134.5300
v 31.0500 0.0000 -136.4300
v 31.0500 0.0000 -134.5300
v 30.9500 2.8000 -136.4300
v 30.9500 2.8000 -134.5300
v 31.0500 2.8000 -136.4300
v 31.0500 2.8000 -134.5300
f 6273 6275 6271 6269
f 6270 6272 6276 6274
f 6269 6270 6274 6273
f 6275 6276 6272 6271
f 6271 6272 6270 6269
f 6273 6274 6276 6275
o STATION_FORTRESS_M08DOK_ControlConsole-col
usemtl Furniture
v 25.0000 0.0000 -132.8800
v 25.0000 0.0000 -131.6800
v 26.6000 0.0000 -132.8800
v 26.6000 0.0000 -131.6800
v 25.0000 1.0000 -132.8800
v 25.0000 1.0000 -131.6800
v 26.6000 1.0000 -132.8800
v 26.6000 1.0000 -131.6800
f 6281 6283 6279 6277
f 6278 6280 6284 6282
f 6277 6278 6282 6281
f 6283 6284 6280 6279
f 6279 6280 6278 6277
f 6281 6282 6284 6283
o STATION_FORTRESS_M08DOK_StatusLight
usemtl Lights
v 29.3000 4.4000 -135.9800
v 29.3000 4.4000 -134.9800
v 30.3000 4.4000 -135.9800
v 30.3000 4.4000 -134.9800
v 29.3000 4.7000 -135.9800
v 29.3000 4.7000 -134.9800
v 30.3000 4.7000 -135.9800
v 30.3000 4.7000 -134.9800
f 6289 6291 6287 6285
f 6286 6288 6292 6290
f 6285 6286 6290 6289
f 6291 6292 6288 6287
f 6287 6288 6286 6285
f 6289 6290 6292 6291
