mtllib ship_SMALL_SUPPORT.mtl
o SMALL_SUPPORT_Decks-col
usemtl Deck
v -6.9500 -0.3000 35.0000
v 6.9500 -0.3000 35.0000
v -6.9500 -0.3000 25.0000
v 6.9500 -0.3000 25.0000
v -6.9500 0.0000 35.0000
v 6.9500 0.0000 35.0000
v -6.9500 0.0000 25.0000
v 6.9500 0.0000 25.0000
v -6.9500 -0.3000 25.0000
v 6.9500 -0.3000 25.0000
v -6.9500 -0.3000 15.0000
v 6.9500 -0.3000 15.0000
v -6.9500 0.0000 25.0000
v 6.9500 0.0000 25.0000
v -6.9500 0.0000 15.0000
v 6.9500 0.0000 15.0000
v -6.9500 -0.3000 15.0000
v 6.9500 -0.3000 15.0000
v -6.9500 -0.3000 5.0000
v 6.9500 -0.3000 5.0000
v -6.9500 0.0000 15.0000
v 6.9500 0.0000 15.0000
v -6.9500 0.0000 5.0000
v 6.9500 0.0000 5.0000
v -6.9500 -0.3000 5.0000
v 6.9500 -0.3000 5.0000
v -6.9500 -0.3000 -5.0000
v 6.9500 -0.3000 -5.0000
v -6.9500 0.0000 5.0000
v 6.9500 0.0000 5.0000
v -6.9500 0.0000 -5.0000
v 6.9500 0.0000 -5.0000
v -6.9500 -0.3000 -5.0000
v 6.9500 -0.3000 -5.0000
v -6.9500 -0.3000 -15.0000
v 6.9500 -0.3000 -15.0000
v -6.9500 0.0000 -5.0000
v 6.9500 0.0000 -5.0000
v -6.9500 0.0000 -15.0000
v 6.9500 0.0000 -15.0000
v -6.9500 -0.3000 -15.0000
v 6.9500 -0.3000 -15.0000
v -6.9500 -0.3000 -25.0000
v 6.9500 -0.3000 -25.0000
v -6.9500 0.0000 -15.0000
v 6.9500 0.0000 -15.0000
v -6.9500 0.0000 -25.0000
v 6.9500 0.0000 -25.0000
v -6.9500 -0.3000 -25.0000
v 6.9500 -0.3000 -25.0000
v -6.9500 -0.3000 -35.0000
v 6.9500 -0.3000 -35.0000
v -6.9500 0.0000 -25.0000
v 6.9500 0.0000 -25.0000
v -6.9500 0.0000 -35.0000
v 6.9500 0.0000 -35.0000
f 5 7 3 1
f 2 4 8 6
f 1 2 6 5
f 7 8 4 3
f 3 4 2 1
f 5 6 8 7
f 13 15 11 9
f 10 12 16 14
f 9 10 14 13
f 15 16 12 11
f 11 12 10 9
f 13 14 16 15
f 21 23 19 17
f 18 20 24 22
f 17 18 22 21
f 23 24 20 19
f 19 20 18 17
f 21 22 24 23
f 29 31 27 25
f 26 28 32 30
f 25 26 30 29
f 31 32 28 27
f 27 28 26 25
f 29 30 32 31
f 37 39 35 33
f 34 36 40 38
f 33 34 38 37
f 39 40 36 35
f 35 36 34 33
f 37 38 40 39
f 45 47 43 41
f 42 44 48 46
f 41 42 46 45
f 47 48 44 43
f 43 44 42 41
f 45 46 48 47
f 53 55 51 49
f 50 52 56 54
f 49 50 54 53
f 55 56 52 51
f 51 52 50 49
f 53 54 56 55
o SMALL_SUPPORT_Interior-col
usemtl Interior
v -6.9500 0.0000 25.1000
v -1.5500 0.0000 25.1000
v -6.9500 0.0000 24.9000
v -1.5500 0.0000 24.9000
v -6.9500 4.0000 25.1000
v -1.5500 4.0000 25.1000
v -6.9500 4.0000 24.9000
v -1.5500 4.0000 24.9000
v -1.5500 2.8000 25.1000
v 0.0500 2.8000 25.1000
v -1.5500 2.8000 24.9000
v 0.0500 2.8000 24.9000
v -1.5500 4.0000 25.1000
v 0.0500 4.0000 25.1000
v -1.5500 4.0000 24.9000
v 0.0500 4.0000 24.9000
v 0.0500 0.0000 25.1000
v 6.9500 0.0000 25.1000
v 0.0500 0.0000 24.9000
v 6.9500 0.0000 24.9000
v 0.0500 4.0000 25.1000
v 6.9500 4.0000 25.1000
v 0.0500 4.0000 24.9000
v 6.9500 4.0000 24.9000
v -1.9500 0.0000 15.0000
v -1.7500 0.0000 15.0000
v -1.9500 0.0000 10.8000
v -1.7500 0.0000 10.8000
v -1.9500 4.0000 15.0000
v -1.7500 4.0000 15.0000
v -1.9500 4.0000 10.8000
v -1.7500 4.0000 10.8000
v -1.9500 2.6000 10.8000
v -1.7500 2.6000 10.8000
v -1.9500 2.6000 9.2000
v -1.7500 2.6000 9.2000
v -1.9500 4.0000 10.8000
v -1.7500 4.0000 10.8000
v -1.9500 4.0000 9.2000
v -1.7500 4.0000 9.2000
v -1.9500 0.0000 9.2000
v -1.7500 0.0000 9.2000
v -1.9500 0.0000 5.0000
v -1.7500 0.0000 5.0000
v -1.9500 4.0000 9.2000
v -1.7500 4.0000 9.2000
v -1.9500 4.0000 5.0000
v -1.7500 4.0000 5.0000
v 1.7500 0.0000 15.0000
v 1.9500 0.0000 15.0000
v 1.7500 0.0000 10.8000
v 1.9500 0.0000 10.8000
v 1.7500 4.0000 15.0000
v 1.9500 4.0000 15.0000
v 1.7500 4.0000 10.8000
v 1.9500 4.0000 10.8000
v 1.7500 2.6000 10.8000
v 1.9500 2.6000 10.8000
v 1.7500 2.6000 9.2000
v 1.9500 2.6000 9.2000
v 1.7500 4.0000 10.8000
v 1.9500 4.0000 10.8000
v 1.7500 4.0000 9.2000
v 1.9500 4.0000 9.2000
v 1.7500 0.0000 9.2000
v 1.9500 0.0000 9.2000
v 1.7500 0.0000 5.0000
v 1.9500 0.0000 5.0000
v 1.7500 4.0000 9.2000
v 1.9500 4.0000 9.2000
v 1.7500 4.0000 5.0000
v 1.9500 4.0000 5.0000
v -6.9500 0.0000 15.1000
v -1.5500 0.0000 15.1000
v -6.9500 0.0000 14.9000
v -1.5500 0.0000 14.9000
v -6.9500 4.0000 15.1000
v -1.5500 4.0000 15.1000
v -6.9500 4.0000 14.9000
v -1.5500 4.0000 14.9000
v -1.5500 2.8000 15.1000
v 0.0500 2.8000 15.1000
v -1.5500 2.8000 14.9000
v 0.0500 2.8000 14.9000
v -1.5500 4.0000 15.1000
v 0.0500 4.0000 15.1000
v -1.5500 4.0000 14.9000
v 0.0500 4.0000 14.9000
v 0.0500 0.0000 15.1000
v 6.9500 0.0000 15.1000
v 0.0500 0.0000 14.9000
v 6.9500 0.0000 14.9000
v 0.0500 4.0000 15.1000
v 6.9500 4.0000 15.1000
v 0.0500 4.0000 14.9000
v 6.9500 4.0000 14.9000
v -1.9500 0.0000 5.0000
v -1.7500 0.0000 5.0000
v -1.9500 0.0000 0.8000
v -1.7500 0.0000 0.8000
v -1.9500 4.0000 5.0000
v -1.7500 4.0000 5.0000
v -1.9500 4.0000 0.8000
v -1.7500 4.0000 0.8000
v -1.9500 2.6000 0.8000
v -1.7500 2.6000 0.8000
v -1.9500 2.6000 -0.8000
v -1.7500 2.6000 -0.8000
v -1.9500 4.0000 0.8000
v -1.7500 4.0000 0.8000
v -1.9500 4.0000 -0.8000
v -1.7500 4.0000 -0.8000
v -1.9500 0.0000 -0.8000
v -1.7500 0.0000 -0.8000
v -1.9500 0.0000 -5.0000
v -1.7500 0.0000 -5.0000
v -1.9500 4.0000 -0.8000
v -1.7500 4.0000 -0.8000
v -1.9500 4.0000 -5.0000
v -1.7500 4.0000 -5.0000
v 1.7500 0.0000 5.0000
v 1.9500 0.0000 5.0000
v 1.7500 0.0000 0.8000
v 1.9500 0.0000 0.8000
v 1.7500 4.0000 5.0000
v 1.9500 4.0000 5.0000
v 1.7500 4.0000 0.8000
v 1.9500 4.0000 0.8000
v 1.7500 2.6000 0.8000
v 1.9500 2.6000 0.8000
v 1.7500 2.6000 -0.8000
v 1.9500 2.6000 -0.8000
v 1.7500 4.0000 0.8000
v 1.9500 4.0000 0.8000
v 1.7500 4.0000 -0.8000
v 1.9500 4.0000 -0.8000
v 1.7500 0.0000 -0.8000
v 1.9500 0.0000 -0.8000
v 1.7500 0.0000 -2.2000
v 1.9500 0.0000 -2.2000
v 1.7500 4.0000 -0.8000
v 1.9500 4.0000 -0.8000
v 1.7500 4.0000 -2.2000
v 1.9500 4.0000 -2.2000
v 1.7500 2.6000 -2.2000
v 1.9500 2.6000 -2.2000
v 1.7500 2.6000 -3.8000
v 1.9500 2.6000 -3.8000
v 1.7500 4.0000 -2.2000
v 1.9500 4.0000 -2.2000
v 1.7500 4.0000 -3.8000
v 1.9500 4.0000 -3.8000
v 1.7500 0.0000 -3.8000
v 1.9500 0.0000 -3.8000
v 1.7500 0.0000 -5.0000
v 1.9500 0.0000 -5.0000
v 1.7500 4.0000 -3.8000
v 1.9500 4.0000 -3.8000
v 1.7500 4.0000 -5.0000
v 1.9500 4.0000 -5.0000
v -6.9500 0.0000 5.1000
v -5.3500 0.0000 5.1000
v -6.9500 0.0000 4.9000
v -5.3500 0.0000 4.9000
v -6.9500 4.0000 5.1000
v -5.3500 4.0000 5.1000
v -6.9500 4.0000 4.9000
v -5.3500 4.0000 4.9000
v -5.3500 2.4000 5.1000
v -4.1500 2.4000 5.1000
v -5.3500 2.4000 4.9000
v -4.1500 2.4000 4.9000
v -5.3500 4.0000 5.1000
v -4.1500 4.0000 5.1000
v -5.3500 4.0000 4.9000
v -4.1500 4.0000 4.9000
v -4.1500 0.0000 5.1000
v -1.9500 0.0000 5.1000
v -4.1500 0.0000 4.9000
v -1.9500 0.0000 4.9000
v -4.1500 4.0000 5.1000
v -1.9500 4.0000 5.1000
v -4.1500 4.0000 4.9000
v -1.9500 4.0000 4.9000
v 1.9500 0.0000 5.1000
v 4.1500 0.0000 5.1000
v 1.9500 0.0000 4.9000
v 4.1500 0.0000 4.9000
v 1.9500 4.0000 5.1000
v 4.1500 4.0000 5.1000
v 1.9500 4.0000 4.9000
v 4.1500 4.0000 4.9000
v 4.1500 2.4000 5.1000
v 5.3500 2.4000 5.1000
v 4.1500 2.4000 4.9000
v 5.3500 2.4000 4.9000
v 4.1500 4.0000 5.1000
v 5.3500 4.0000 5.1000
v 4.1500 4.0000 4.9000
v 5.3500 4.0000 4.9000
v 5.3500 0.0000 5.1000
v 6.9500 0.0000 5.1000
v 5.3500 0.0000 4.9000
v 6.9500 0.0000 4.9000
v 5.3500 4.0000 5.1000
v 6.9500 4.0000 5.1000
v 5.3500 4.0000 4.9000
v 6.9500 4.0000 4.9000
v -1.9500 0.0000 -5.0000
v -1.7500 0.0000 -5.0000
v -1.9500 0.0000 -9.2000
v -1.7500 0.0000 -9.2000
v -1.9500 4.0000 -5.0000
v -1.7500 4.0000 -5.0000
v -1.9500 4.0000 -9.2000
v -1.7500 4.0000 -9.2000
v -1.9500 2.6000 -9.2000
v -1.7500 2.6000 -9.2000
v -1.9500 2.6000 -10.8000
v -1.7500 2.6000 -10.8000
v -1.9500 4.0000 -9.2000
v -1.7500 4.0000 -9.2000
v -1.9500 4.0000 -10.8000
v -1.7500 4.0000 -10.8000
v -1.9500 0.0000 -10.8000
v -1.7500 0.0000 -10.8000
v -1.9500 0.0000 -15.0000
v -1.7500 0.0000 -15.0000
v -1.9500 4.0000 -10.8000
v -1.7500 4.0000 -10.8000
v -1.9500 4.0000 -15.0000
v -1.7500 4.0000 -15.0000
v 1.7500 0.0000 -5.0000
v 1.9500 0.0000 -5.0000
v 1.7500 0.0000 -9.2000
v 1.9500 0.0000 -9.2000
v 1.7500 4.0000 -5.0000
v 1.9500 4.0000 -5.0000
v 1.7500 4.0000 -9.2000
v 1.9500 4.0000 -9.2000
v 1.7500 2.6000 -9.2000
v 1.9500 2.6000 -9.2000
v 1.7500 2.6000 -10.8000
v 1.9500 2.6000 -10.8000
v 1.7500 4.0000 -9.2000
v 1.9500 4.0000 -9.2000
v 1.7500 4.0000 -10.8000
v 1.9500 4.0000 -10.8000
v 1.7500 0.0000 -10.8000
v 1.9500 0.0000 -10.8000
v 1.7500 0.0000 -15.0000
v 1.9500 0.0000 -15.0000
v 1.7500 4.0000 -10.8000
v 1.9500 4.0000 -10.8000
v 1.7500 4.0000 -15.0000
v 1.9500 4.0000 -15.0000
v -1.7500 0.0000 -4.9000
v -1.5500 0.0000 -4.9000
v -1.7500 0.0000 -5.1000
v -1.5500 0.0000 -5.1000
v -1.7500 4.0000 -4.9000
v -1.5500 4.0000 -4.9000
v -1.7500 4.0000 -5.1000
v -1.5500 4.0000 -5.1000
v -1.5500 2.8000 -4.9000
v 0.0500 2.8000 -4.9000
v -1.5500 2.8000 -5.1000
v 0.0500 2.8000 -5.1000
v -1.5500 4.0000 -4.9000
v 0.0500 4.0000 -4.9000
v -1.5500 4.0000 -5.1000
v 0.0500 4.0000 -5.1000
v 0.0500 0.0000 -4.9000
v 1.7500 0.0000 -4.9000
v 0.0500 0.0000 -5.1000
v 1.7500 0.0000 -5.1000
v 0.0500 4.0000 -4.9000
v 1.7500 4.0000 -4.9000
v 0.0500 4.0000 -5.1000
v 1.7500 4.0000 -5.1000
v -6.9500 0.0000 -4.9000
v -5.5500 0.0000 -4.9000
v -6.9500 0.0000 -5.1000
v -5.5500 0.0000 -5.1000
v -6.9500 4.0000 -4.9000
v -5.5500 4.0000 -4.9000
v -6.9500 4.0000 -5.1000
v -5.5500 4.0000 -5.1000
v -5.5500 2.4000 -4.9000
v -3.9500 2.4000 -4.9000
v -5.5500 2.4000 -5.1000
v -3.9500 2.4000 -5.1000
v -5.5500 4.0000 -4.9000
v -3.9500 4.0000 -4.9000
v -5.5500 4.0000 -5.1000
v -3.9500 4.0000 -5.1000
v -3.9500 0.0000 -4.9000
v -1.9500 0.0000 -4.9000
v -3.9500 0.0000 -5.1000
v -1.9500 0.0000 -5.1000
v -3.9500 4.0000 -4.9000
v -1.9500 4.0000 -4.9000
v -3.9500 4.0000 -5.1000
v -1.9500 4.0000 -5.1000
v 1.9500 0.0000 -4.9000
v 3.9500 0.0000 -4.9000
v 1.9500 0.0000 -5.1000
v 3.9500 0.0000 -5.1000
v 1.9500 4.0000 -4.9000
v 3.9500 4.0000 -4.9000
v 1.9500 4.0000 -5.1000
v 3.9500 4.0000 -5.1000
v 3.9500 2.4000 -4.9000
v 5.5500 2.4000 -4.9000
v 3.9500 2.4000 -5.1000
v 5.5500 2.4000 -5.1000
v 3.9500 4.0000 -4.9000
v 5.5500 4.0000 -4.9000
v 3.9500 4.0000 -5.1000
v 5.5500 4.0000 -5.1000
v 5.5500 0.0000 -4.9000
v 6.9500 0.0000 -4.9000
v 5.5500 0.0000 -5.1000
v 6.9500 0.0000 -5.1000
v 5.5500 4.0000 -4.9000
v 6.9500 4.0000 -4.9000
v 5.5500 4.0000 -5.1000
v 6.9500 4.0000 -5.1000
v -1.9500 0.0000 -15.0000
v -1.7500 0.0000 -15.0000
v -1.9500 0.0000 -19.2000
v -1.7500 0.0000 -19.2000
v -1.9500 4.0000 -15.0000
v -1.7500 4.0000 -15.0000
v -1.9500 4.0000 -19.2000
v -1.7500 4.0000 -19.2000
v -1.9500 2.6000 -19.2000
v -1.7500 2.6000 -19.2000
v -1.9500 2.6000 -20.8000
v -1.7500 2.6000 -20.8000
v -1.9500 4.0000 -19.2000
v -1.7500 4.0000 -19.2000
v -1.9500 4.0000 -20.8000
v -1.7500 4.0000 -20.8000
v -1.9500 0.0000 -20.8000
v -1.7500 0.0000 -20.8000
v -1.9500 0.0000 -25.0000
v -1.7500 0.0000 -25.0000
v -1.9500 4.0000 -20.8000
v -1.7500 4.0000 -20.8000
v -1.9500 4.0000 -25.0000
v -1.7500 4.0000 -25.0000
v 1.7500 0.0000 -15.0000
v 1.9500 0.0000 -15.0000
v 1.7500 0.0000 -19.2000
v 1.9500 0.0000 -19.2000
v 1.7500 4.0000 -15.0000
v 1.9500 4.0000 -15.0000
v 1.7500 4.0000 -19.2000
v 1.9500 4.0000 -19.2000
v 1.7500 2.6000 -19.2000
v 1.9500 2.6000 -19.2000
v 1.7500 2.6000 -20.8000
v 1.9500 2.6000 -20.8000
v 1.7500 4.0000 -19.2000
v 1.9500 4.0000 -19.2000
v 1.7500 4.0000 -20.8000
v 1.9500 4.0000 -20.8000
v 1.7500 0.0000 -20.8000
v 1.9500 0.0000 -20.8000
v 1.7500 0.0000 -25.0000
v 1.9500 0.0000 -25.0000
v 1.7500 4.0000 -20.8000
v 1.9500 4.0000 -20.8000
v 1.7500 4.0000 -25.0000
v 1.9500 4.0000 -25.0000
v -6.9500 0.0000 -14.9000
v -5.3500 0.0000 -14.9000
v -6.9500 0.0000 -15.1000
v -5.3500 0.0000 -15.1000
v -6.9500 4.0000 -14.9000
v -5.3500 4.0000 -14.9000
v -6.9500 4.0000 -15.1000
v -5.3500 4.0000 -15.1000
v -5.3500 2.4000 -14.9000
v -4.1500 2.4000 -14.9000
v -5.3500 2.4000 -15.1000
v -4.1500 2.4000 -15.1000
v -5.3500 4.0000 -14.9000
v -4.1500 4.0000 -14.9000
v -5.3500 4.0000 -15.1000
v -4.1500 4.0000 -15.1000
v -4.1500 0.0000 -14.9000
v -1.9500 0.0000 -14.9000
v -4.1500 0.0000 -15.1000
v -1.9500 0.0000 -15.1000
v -4.1500 4.0000 -14.9000
v -1.9500 4.0000 -14.9000
v -4.1500 4.0000 -15.1000
v -1.9500 4.0000 -15.1000
v 1.9500 0.0000 -14.9000
v 4.1500 0.0000 -14.9000
v 1.9500 0.0000 -15.1000
v 4.1500 0.0000 -15.1000
v 1.9500 4.0000 -14.9000
v 4.1500 4.0000 -14.9000
v 1.9500 4.0000 -15.1000
v 4.1500 4.0000 -15.1000
v 4.1500 2.4000 -14.9000
v 5.3500 2.4000 -14.9000
v 4.1500 2.4000 -15.1000
v 5.3500 2.4000 -15.1000
v 4.1500 4.0000 -14.9000
v 5.3500 4.0000 -14.9000
v 4.1500 4.0000 -15.1000
v 5.3500 4.0000 -15.1000
v 5.3500 0.0000 -14.9000
v 6.9500 0.0000 -14.9000
v 5.3500 0.0000 -15.1000
v 6.9500 0.0000 -15.1000
v 5.3500 4.0000 -14.9000
v 6.9500 4.0000 -14.9000
v 5.3500 4.0000 -15.1000
v 6.9500 4.0000 -15.1000
v -6.9500 0.0000 -24.9000
v -1.5500 0.0000 -24.9000
v -6.9500 0.0000 -25.1000
v -1.5500 0.0000 -25.1000
v -6.9500 4.0000 -24.9000
v -1.5500 4.0000 -24.9000
v -6.9500 4.0000 -25.1000
v -1.5500 4.0000 -25.1000
v -1.5500 2.8000 -24.9000
v 0.0500 2.8000 -24.9000
v -1.5500 2.8000 -25.1000
v 0.0500 2.8000 -25.1000
v -1.5500 4.0000 -24.9000
v 0.0500 4.0000 -24.9000
v -1.5500 4.0000 -25.1000
v 0.0500 4.0000 -25.1000
v 0.0500 0.0000 -24.9000
v 6.9500 0.0000 -24.9000
v 0.0500 0.0000 -25.1000
v 6.9500 0.0000 -25.1000
v 0.0500 4.0000 -24.9000
v 6.9500 4.0000 -24.9000
v 0.0500 4.0000 -25.1000
v 6.9500 4.0000 -25.1000
f 61 63 59 57
f 58 60 64 62
f 57 58 62 61
f 63 64 60 59
f 59 60 58 57
f 61 62 64 63
f 69 71 67 65
f 66 68 72 70
f 65 66 70 69
f 71 72 68 67
f 67 68 66 65
f 69 70 72 71
f 77 79 75 73
f 74 76 80 78
f 73 74 78 77
f 79 80 76 75
f 75 76 74 73
f 77 78 80 79
f 85 87 83 81
f 82 84 88 86
f 81 82 86 85
f 87 88 84 83
f 83 84 82 81
f 85 86 88 87
f 93 95 91 89
f 90 92 96 94
f 89 90 94 93
f 95 96 92 91
f 91 92 90 89
f 93 94 96 95
f 101 103 99 97
f 98 100 104 102
f 97 98 102 101
f 103 104 100 99
f 99 100 98 97
f 101 102 104 103
f 109 111 107 105
f 106 108 112 110
f 105 106 110 109
f 111 112 108 107
f 107 108 106 105
f 109 110 112 111
f 117 119 115 113
f 114 116 120 118
f 113 114 118 117
f 119 120 116 115
f 115 116 114 113
f 117 118 120 119
f 125 127 123 121
f 122 124 128 126
f 121 122 126 125
f 127 128 124 123
f 123 124 122 121
f 125 126 128 127
f 133 135 131 129
f 130 132 136 134
f 129 130 134 133
f 135 136 132 131
f 131 132 130 129
f 133 134 136 135
f 141 143 139 137
f 138 140 144 142
f 137 138 142 141
f 143 144 140 139
f 139 140 138 137
f 141 142 144 143
f 149 151 147 145
f 146 148 152 150
f 145 146 150 149
f 151 152 148 147
f 147 148 146 145
f 149 150 152 151
f 157 159 155 153
f 154 156 160 158
f 153 154 158 157
f 159 160 156 155
f 155 156 154 153
f 157 158 160 159
f 165 167 163 161
f 162 164 168 166
f 161 162 166 165
f 167 168 164 163
f 163 164 162 161
f 165 166 168 167
f 173 175 171 169
f 170 172 176 174
f 169 170 174 173
f 175 176 172 171
f 171 172 170 169
f 173 174 176 175
f 181 183 179 177
f 178 180 184 182
f 177 178 182 181
f 183 184 180 179
f 179 180 178 177
f 181 182 184 183
f 189 191 187 185
f 186 188 192 190
f 185 186 190 189
f 191 192 188 187
f 187 188 186 185
f 189 190 192 191
f 197 199 195 193
f 194 196 200 198
f 193 194 198 197
f 199 200 196 195
f 195 196 194 193
f 197 198 200 199
f 205 207 203 201
f 202 204 208 206
f 201 202 206 205
f 207 208 204 203
f 203 204 202 201
f 205 206 208 207
f 213 215 211 209
f 210 212 216 214
f 209 210 214 213
f 215 216 212 211
f 211 212 210 209
f 213 214 216 215
f 221 223 219 217
f 218 220 224 222
f 217 218 222 221
f 223 224 220 219
f 219 220 218 217
f 221 222 224 223
f 229 231 227 225
f 226 228 232 230
f 225 226 230 229
f 231 232 228 227
f 227 228 226 225
f 229 230 232 231
f 237 239 235 233
f 234 236 240 238
f 233 234 238 237
f 239 240 236 235
f 235 236 234 233
f 237 238 240 239
f 245 247 243 241
f 242 244 248 246
f 241 242 246 245
f 247 248 244 243
f 243 244 242 241
f 245 246 248 247
f 253 255 251 249
f 250 252 256 254
f 249 250 254 253
f 255 256 252 251
f 251 252 250 249
f 253 254 256 255
f 261 263 259 257
f 258 260 264 262
f 257 258 262 261
f 263 264 260 259
f 259 260 258 257
f 261 262 264 263
f 269 271 267 265
f 266 268 272 270
f 265 266 270 269
f 271 272 268 267
f 267 268 266 265
f 269 270 272 271
f 277 279 275 273
f 274 276 280 278
f 273 274 278 277
f 279 280 276 275
f 275 276 274 273
f 277 278 280 279
f 285 287 283 281
f 282 284 288 286
f 281 282 286 285
f 287 288 284 283
f 283 284 282 281
f 285 286 288 287
f 293 295 291 289
f 290 292 296 294
f 289 290 294 293
f 295 296 292 291
f 291 292 290 289
f 293 294 296 295
f 301 303 299 297
f 298 300 304 302
f 297 298 302 301
f 303 304 300 299
f 299 300 298 297
f 301 302 304 303
f 309 311 307 305
f 306 308 312 310
f 305 306 310 309
f 311 312 308 307
f 307 308 306 305
f 309 310 312 311
f 317 319 315 313
f 314 316 320 318
f 313 314 318 317
f 319 320 316 315
f 315 316 314 313
f 317 318 320 319
f 325 327 323 321
f 322 324 328 326
f 321 322 326 325
f 327 328 324 323
f 323 324 322 321
f 325 326 328 327
f 333 335 331 329
f 330 332 336 334
f 329 330 334 333
f 335 336 332 331
f 331 332 330 329
f 333 334 336 335
f 341 343 339 337
f 338 340 344 342
f 337 338 342 341
f 343 344 340 339
f 339 340 338 337
f 341 342 344 343
f 349 351 347 345
f 346 348 352 350
f 345 346 350 349
f 351 352 348 347
f 347 348 346 345
f 349 350 352 351
f 357 359 355 353
f 354 356 360 358
f 353 354 358 357
f 359 360 356 355
f 355 356 354 353
f 357 358 360 359
f 365 367 363 361
f 362 364 368 366
f 361 362 366 365
f 367 368 364 363
f 363 364 362 361
f 365 366 368 367
f 373 375 371 369
f 370 372 376 374
f 369 370 374 373
f 375 376 372 371
f 371 372 370 369
f 373 374 376 375
f 381 383 379 377
f 378 380 384 382
f 377 378 382 381
f 383 384 380 379
f 379 380 378 377
f 381 382 384 383
f 389 391 387 385
f 386 388 392 390
f 385 386 390 389
f 391 392 388 387
f 387 388 386 385
f 389 390 392 391
f 397 399 395 393
f 394 396 400 398
f 393 394 398 397
f 399 400 396 395
f 395 396 394 393
f 397 398 400 399
f 405 407 403 401
f 402 404 408 406
f 401 402 406 405
f 407 408 404 403
f 403 404 402 401
f 405 406 408 407
f 413 415 411 409
f 410 412 416 414
f 409 410 414 413
f 415 416 412 411
f 411 412 410 409
f 413 414 416 415
f 421 423 419 417
f 418 420 424 422
f 417 418 422 421
f 423 424 420 419
f 419 420 418 417
f 421 422 424 423
f 429 431 427 425
f 426 428 432 430
f 425 426 430 429
f 431 432 428 427
f 427 428 426 425
f 429 430 432 431
f 437 439 435 433
f 434 436 440 438
f 433 434 438 437
f 439 440 436 435
f 435 436 434 433
f 437 438 440 439
f 445 447 443 441
f 442 444 448 446
f 441 442 446 445
f 447 448 444 443
f 443 444 442 441
f 445 446 448 447
f 453 455 451 449
f 450 452 456 454
f 449 450 454 453
f 455 456 452 451
f 451 452 450 449
f 453 454 456 455
f 461 463 459 457
f 458 460 464 462
f 457 458 462 461
f 463 464 460 459
f 459 460 458 457
f 461 462 464 463
f 469 471 467 465
f 466 468 472 470
f 465 466 470 469
f 471 472 468 467
f 467 468 466 465
f 469 470 472 471
f 477 479 475 473
f 474 476 480 478
f 473 474 478 477
f 479 480 476 475
f 475 476 474 473
f 477 478 480 479
f 485 487 483 481
f 482 484 488 486
f 481 482 486 485
f 487 488 484 483
f 483 484 482 481
f 485 486 488 487
f 493 495 491 489
f 490 492 496 494
f 489 490 494 493
f 495 496 492 491
f 491 492 490 489
f 493 494 496 495
f 501 503 499 497
f 498 500 504 502
f 497 498 502 501
f 503 504 500 499
f 499 500 498 497
f 501 502 504 503
o SMALL_SUPPORT_Hull-col
usemtl Hull
v -6.9500 3.7000 35.0000
v 6.9500 3.7000 35.0000
v -6.9500 3.7000 25.0000
v 6.9500 3.7000 25.0000
v -6.9500 4.0000 35.0000
v 6.9500 4.0000 35.0000
v -6.9500 4.0000 25.0000
v 6.9500 4.0000 25.0000
v -6.9500 3.7000 25.0000
v 6.9500 3.7000 25.0000
v -6.9500 3.7000 15.0000
v 6.9500 3.7000 15.0000
v -6.9500 4.0000 25.0000
v 6.9500 4.0000 25.0000
v -6.9500 4.0000 15.0000
v 6.9500 4.0000 15.0000
v -6.9500 3.7000 15.0000
v 6.9500 3.7000 15.0000
v -6.9500 3.7000 5.0000
v 6.9500 3.7000 5.0000
v -6.9500 4.0000 15.0000
v 6.9500 4.0000 15.0000
v -6.9500 4.0000 5.0000
v 6.9500 4.0000 5.0000
v -6.9500 3.7000 5.0000
v 6.9500 3.7000 5.0000
v -6.9500 3.7000 -5.0000
v 6.9500 3.7000 -5.0000
v -6.9500 4.0000 5.0000
v 6.9500 4.0000 5.0000
v -6.9500 4.0000 -5.0000
v 6.9500 4.0000 -5.0000
v -6.9500 3.7000 -5.0000
v 6.9500 3.7000 -5.0000
v -6.9500 3.7000 -15.0000
v 6.9500 3.7000 -15.0000
v -6.9500 4.0000 -5.0000
v 6.9500 4.0000 -5.0000
v -6.9500 4.0000 -15.0000
v 6.9500 4.0000 -15.0000
v -6.9500 3.7000 -15.0000
v 6.9500 3.7000 -15.0000
v -6.9500 3.7000 -25.0000
v 6.9500 3.7000 -25.0000
v -6.9500 4.0000 -15.0000
v 6.9500 4.0000 -15.0000
v -6.9500 4.0000 -25.0000
v 6.9500 4.0000 -25.0000
v -6.9500 3.7000 -25.0000
v 6.9500 3.7000 -25.0000
v -6.9500 3.7000 -35.0000
v 6.9500 3.7000 -35.0000
v -6.9500 4.0000 -25.0000
v 6.9500 4.0000 -25.0000
v -6.9500 4.0000 -35.0000
v 6.9500 4.0000 -35.0000
v -7.4500 -0.3000 -35.0000
v -4.9500 -0.3000 -35.0000
v -7.4500 -0.3000 -35.5000
v -4.9500 -0.3000 -35.5000
v -7.4500 4.0000 -35.0000
v -4.9500 4.0000 -35.0000
v -7.4500 4.0000 -35.5000
v -4.9500 4.0000 -35.5000
v -4.9500 -0.3000 -35.0000
v 4.9500 -0.3000 -35.0000
v -4.9500 -0.3000 -35.5000
v 4.9500 -0.3000 -35.5000
v -4.9500 1.4000 -35.0000
v 4.9500 1.4000 -35.0000
v -4.9500 1.4000 -35.5000
v 4.9500 1.4000 -35.5000
v -4.9500 2.8000 -35.0000
v 4.9500 2.8000 -35.0000
v -4.9500 2.8000 -35.5000
v 4.9500 2.8000 -35.5000
v -4.9500 4.0000 -35.0000
v 4.9500 4.0000 -35.0000
v -4.9500 4.0000 -35.5000
v 4.9500 4.0000 -35.5000
v 4.9500 -0.3000 -35.0000
v 7.4500 -0.3000 -35.0000
v 4.9500 -0.3000 -35.5000
v 7.4500 -0.3000 -35.5000
v 4.9500 4.0000 -35.0000
v 7.4500 4.0000 -35.0000
v 4.9500 4.0000 -35.5000
v 7.4500 4.0000 -35.5000
v -7.4500 -0.3000 35.5000
v 7.4500 -0.3000 35.5000
v -7.4500 -0.3000 35.0000
v 7.4500 -0.3000 35.0000
v -7.4500 4.0000 35.5000
v 7.4500 4.0000 35.5000
v -7.4500 4.0000 35.0000
v 7.4500 4.0000 35.0000
v -7.4500 -0.3000 35.0000
v -6.9500 -0.3000 35.0000
v -7.4500 -0.3000 15.0000
v -6.9500 -0.3000 15.0000
v -7.4500 4.0000 35.0000
v -6.9500 4.0000 35.0000
v -7.4500 4.0000 15.0000
v -6.9500 4.0000 15.0000
v -7.4500 -0.3000 15.0000
v -6.9500 -0.3000 15.0000
v -7.4500 -0.3000 -9.0000
v -6.9500 -0.3000 -9.0000
v -7.4500 4.0000 15.0000
v -6.9500 4.0000 15.0000
v -7.4500 4.0000 -9.0000
v -6.9500 4.0000 -9.0000
v -7.4500 -0.3000 -9.0000
v -6.9500 -0.3000 -9.0000
v -7.4500 -0.3000 -11.0000
v -6.9500 -0.3000 -11.0000
v -7.4500 0.0000 -9.0000
v -6.9500 0.0000 -9.0000
v -7.4500 0.0000 -11.0000
v -6.9500 0.0000 -11.0000
v -7.4500 2.6000 -9.0000
v -6.9500 2.6000 -9.0000
v -7.4500 2.6000 -11.0000
v -6.9500 2.6000 -11.0000
v -7.4500 4.0000 -9.0000
v -6.9500 4.0000 -9.0000
v -7.4500 4.0000 -11.0000
v -6.9500 4.0000 -11.0000
v -7.4500 -0.3000 -11.0000
v -6.9500 -0.3000 -11.0000
v -7.4500 -0.3000 -35.0000
v -6.9500 -0.3000 -35.0000
v -7.4500 4.0000 -11.0000
v -6.9500 4.0000 -11.0000
v -7.4500 4.0000 -35.0000
v -6.9500 4.0000 -35.0000
v 6.9500 -0.3000 35.0000
v 7.4500 -0.3000 35.0000
v 6.9500 -0.3000 24.2000
v 7.4500 -0.3000 24.2000
v 6.9500 4.0000 35.0000
v 7.4500 4.0000 35.0000
v 6.9500 4.0000 24.2000
v 7.4500 4.0000 24.2000
v 6.9500 -0.3000 24.2000
v 7.4500 -0.3000 24.2000
v 6.9500 -0.3000 15.8000
v 7.4500 -0.3000 15.8000
v 6.9500 0.2000 24.2000
v 7.4500 0.2000 24.2000
v 6.9500 0.2000 15.8000
v 7.4500 0.2000 15.8000
v 6.9500 3.6000 24.2000
v 7.4500 3.6000 24.2000
v 6.9500 3.6000 15.8000
v 7.4500 3.6000 15.8000
v 6.9500 4.0000 24.2000
v 7.4500 4.0000 24.2000
v 6.9500 4.0000 15.8000
v 7.4500 4.0000 15.8000
v 6.9500 -0.3000 15.8000
v 7.4500 -0.3000 15.8000
v 6.9500 -0.3000 15.0000
v 7.4500 -0.3000 15.0000
v 6.9500 4.0000 15.8000
v 7.4500 4.0000 15.8000
v 6.9500 4.0000 15.0000
v 7.4500 4.0000 15.0000
v 6.9500 -0.3000 15.0000
v 7.4500 -0.3000 15.0000
v 6.9500 -0.3000 -9.0000
v 7.4500 -0.3000 -9.0000
v 6.9500 4.0000 15.0000
v 7.4500 4.0000 15.0000
v 6.9500 4.0000 -9.0000
v 7.4500 4.0000 -9.0000
v 6.9500 -0.3000 -9.0000
v 7.4500 -0.3000 -9.0000
v 6.9500 -0.3000 -11.0000
v 7.4500 -0.3000 -11.0000
v 6.9500 0.0000 -9.0000
v 7.4500 0.0000 -9.0000
v 6.9500 0.0000 -11.0000
v 7.4500 0.0000 -11.0000
v 6.9500 2.6000 -9.0000
v 7.4500 2.6000 -9.0000
v 6.9500 2.6000 -11.0000
v 7.4500 2.6000 -11.0000
v 6.9500 4.0000 -9.0000
v 7.4500 4.0000 -9.0000
v 6.9500 4.0000 -11.0000
v 7.4500 4.0000 -11.0000
v 6.9500 -0.3000 -11.0000
v 7.4500 -0.3000 -11.0000
v 6.9500 -0.3000 -35.0000
v 7.4500 -0.3000 -35.0000
v 6.9500 4.0000 -11.0000
v 7.4500 4.0000 -11.0000
v 6.9500 4.0000 -35.0000
v 7.4500 4.0000 -35.0000
v -8.2500 -0.4000 -8.6000
v -7.4500 -0.4000 -8.6000
v -8.2500 -0.4000 -9.0000
v -7.4500 -0.4000 -9.0000
v -8.2500 3.0000 -8.6000
v -7.4500 3.0000 -8.6000
v -8.2500 3.0000 -9.0000
v -7.4500 3.0000 -9.0000
v -8.2500 -0.4000 -11.0000
v -7.4500 -0.4000 -11.0000
v -8.2500 -0.4000 -11.4000
v -7.4500 -0.4000 -11.4000
v -8.2500 3.0000 -11.0000
v -7.4500 3.0000 -11.0000
v -8.2500 3.0000 -11.4000
v -7.4500 3.0000 -11.4000
v -8.2500 2.6000 -8.6000
v -7.4500 2.6000 -8.6000
v -8.2500 2.6000 -11.4000
v -7.4500 2.6000 -11.4000
v -8.2500 3.0000 -8.6000
v -7.4500 3.0000 -8.6000
v -8.2500 3.0000 -11.4000
v -7.4500 3.0000 -11.4000
v -8.2500 -0.4000 -8.6000
v -7.4500 -0.4000 -8.6000
v -8.2500 -0.4000 -11.4000
v -7.4500 -0.4000 -11.4000
v -8.2500 0.0000 -8.6000
v -7.4500 0.0000 -8.6000
v -8.2500 0.0000 -11.4000
v -7.4500 0.0000 -11.4000
v 7.4500 -0.4000 -8.6000
v 8.2500 -0.4000 -8.6000
v 7.4500 -0.4000 -9.0000
v 8.2500 -0.4000 -9.0000
v 7.4500 3.0000 -8.6000
v 8.2500 3.0000 -8.6000
v 7.4500 3.0000 -9.0000
v 8.2500 3.0000 -9.0000
v 7.4500 -0.4000 -11.0000
v 8.2500 -0.4000 -11.0000
v 7.4500 -0.4000 -11.4000
v 8.2500 -0.4000 -11.4000
v 7.4500 3.0000 -11.0000
v 8.2500 3.0000 -11.0000
v 7.4500 3.0000 -11.4000
v 8.2500 3.0000 -11.4000
v 7.4500 2.6000 -8.6000
v 8.2500 2.6000 -8.6000
v 7.4500 2.6000 -11.4000
v 8.2500 2.6000 -11.4000
v 7.4500 3.0000 -8.6000
v 8.2500 3.0000 -8.6000
v 7.4500 3.0000 -11.4000
v 8.2500 3.0000 -11.4000
v 7.4500 -0.4000 -8.6000
v 8.2500 -0.4000 -8.6000
v 7.4500 -0.4000 -11.4000
v 8.2500 -0.4000 -11.4000
v 7.4500 0.0000 -8.6000
v 8.2500 0.0000 -8.6000
v 7.4500 0.0000 -11.4000
v 8.2500 0.0000 -11.4000
v -7.4500 4.0000 35.5000
v 7.4500 4.0000 35.5000
v -7.4500 4.0000 -35.5000
v 7.4500 4.0000 -35.5000
v -7.4500 4.4000 35.5000
v 7.4500 4.4000 35.5000
v -7.4500 4.4000 -35.5000
v 7.4500 4.4000 -35.5000
v -7.4500 -0.7000 35.5000
v 7.4500 -0.7000 35.5000
v -7.4500 -0.7000 -35.5000
v 7.4500 -0.7000 -35.5000
v -7.4500 -0.3000 35.5000
v 7.4500 -0.3000 35.5000
v -7.4500 -0.3000 -35.5000
v 7.4500 -0.3000 -35.5000
v -7.7500 -2.4000 -35.5000
v 7.7500 -2.4000 -35.5000
v -3.1290 -1.6000 -43.5000
v 3.1290 -1.6000 -43.5000
v -7.7500 1.0000 -35.5000
v 7.7500 1.0000 -35.5000
v -3.1290 0.1500 -43.5000
v 3.1290 0.1500 -43.5000
v -7.7500 3.2000 -33.5000
v 7.7500 3.2000 -33.5000
v -4.2465 3.8800 -40.3000
v 4.2465 3.8800 -40.3000
v -7.7500 4.9000 -33.5000
v 7.7500 4.9000 -33.5000
v -4.2465 4.5000 -40.3000
v 4.2465 4.5000 -40.3000
v -2.0850 -2.4000 31.5000
v 2.0850 -2.4000 31.5000
v -2.0850 -2.4000 11.6000
v 2.0850 -2.4000 11.6000
v -4.1700 -0.7000 31.5000
v 4.1700 -0.7000 31.5000
v -4.1700 -0.7000 11.6000
v 4.1700 -0.7000 11.6000
v -2.0850 -2.4000 -11.6000
v 2.0850 -2.4000 -11.6000
v -2.0850 -2.4000 -37.5000
v 2.0850 -2.4000 -37.5000
v -4.1700 -0.7000 -11.6000
v 4.1700 -0.7000 -11.6000
v -4.1700 -0.7000 -37.5000
v 4.1700 -0.7000 -37.5000
v -7.4500 -1.0000 32.5000
v -9.6500 -0.8000 32.5000
v -7.4500 -1.0000 11.6000
v -9.6500 -0.8000 11.6000
v -7.4500 0.0000 32.5000
v -9.6500 -0.4000 32.5000
v -7.4500 0.0000 11.6000
v -9.6500 -0.4000 11.6000
v -7.4500 -1.0000 -11.6000
v -9.6500 -0.8000 -11.6000
v -7.4500 -1.0000 -38.7000
v -9.6500 -0.8000 -38.7000
v -7.4500 0.0000 -11.6000
v -9.6500 -0.4000 -11.6000
v -7.4500 0.0000 -38.7000
v -9.6500 -0.4000 -38.7000
v 7.4500 -1.0000 32.5000
v 9.6500 -0.8000 32.5000
v 7.4500 -1.0000 11.6000
v 9.6500 -0.8000 11.6000
v 7.4500 0.0000 32.5000
v 9.6500 -0.4000 32.5000
v 7.4500 0.0000 11.6000
v 9.6500 -0.4000 11.6000
v 7.4500 -1.0000 -11.6000
v 9.6500 -0.8000 -11.6000
v 7.4500 -1.0000 -38.7000
v 9.6500 -0.8000 -38.7000
v 7.4500 0.0000 -11.6000
v 9.6500 -0.4000 -11.6000
v 7.4500 0.0000 -38.7000
v 9.6500 -0.4000 -38.7000
v -3.8225 4.4000 29.5000
v 3.8225 4.4000 29.5000
v -3.8225 4.4000 -31.5000
v 3.8225 4.4000 -31.5000
v -2.6410 6.2000 29.5000
v 2.6410 6.2000 29.5000
v -2.6410 6.2000 -31.5000
v 2.6410 6.2000 -31.5000
v -2.2935 6.2000 23.5000
v 2.2935 6.2000 23.5000
v -2.2935 6.2000 -19.5000
v 2.2935 6.2000 -19.5000
v -1.6680 7.4000 23.5000
v 1.6680 7.4000 23.5000
v -1.6680 7.4000 -19.5000
v 1.6680 7.4000 -19.5000
v -7.4500 -4.3000 11.0000
v 7.4500 -4.3000 11.0000
v -7.4500 -4.3000 -11.0000
v 7.4500 -4.3000 -11.0000
v -7.4500 -3.9000 11.0000
v 7.4500 -3.9000 11.0000
v -7.4500 -3.9000 -11.0000
v 7.4500 -3.9000 -11.0000
v -7.0500 -3.9000 11.0000
v 7.0500 -3.9000 11.0000
v -7.0500 -3.9000 10.6000
v 7.0500 -3.9000 10.6000
v -7.0500 -0.7000 11.0000
v 7.0500 -0.7000 11.0000
v -7.0500 -0.7000 10.6000
v 7.0500 -0.7000 10.6000
v -7.0500 -3.9000 7.4000
v 7.0500 -3.9000 7.4000
v -7.0500 -3.9000 7.0000
v 7.0500 -3.9000 7.0000
v -7.0500 -0.7000 7.4000
v 7.0500 -0.7000 7.4000
v -7.0500 -0.7000 7.0000
v 7.0500 -0.7000 7.0000
v -7.0500 -3.9000 3.8000
v 7.0500 -3.9000 3.8000
v -7.0500 -3.9000 3.4000
v 7.0500 -3.9000 3.4000
v -7.0500 -0.7000 3.8000
v 7.0500 -0.7000 3.8000
v -7.0500 -0.7000 3.4000
v 7.0500 -0.7000 3.4000
v -7.0500 -3.9000 0.2000
v 7.0500 -3.9000 0.2000
v -7.0500 -3.9000 -0.2000
v 7.0500 -3.9000 -0.2000
v -7.0500 -0.7000 0.2000
v 7.0500 -0.7000 0.2000
v -7.0500 -0.7000 -0.2000
v 7.0500 -0.7000 -0.2000
v -7.0500 -3.9000 -3.4000
v 7.0500 -3.9000 -3.4000
v -7.0500 -3.9000 -3.8000
v 7.0500 -3.9000 -3.8000
v -7.0500 -0.7000 -3.4000
v 7.0500 -0.7000 -3.4000
v -7.0500 -0.7000 -3.8000
v 7.0500 -0.7000 -3.8000
v -7.0500 -3.9000 -7.0000
v 7.0500 -3.9000 -7.0000
v -7.0500 -3.9000 -7.4000
v 7.0500 -3.9000 -7.4000
v -7.0500 -0.7000 -7.0000
v 7.0500 -0.7000 -7.0000
v -7.0500 -0.7000 -7.4000
v 7.0500 -0.7000 -7.4000
v -7.0500 -3.9000 -10.6000
v 7.0500 -3.9000 -10.6000
v -7.0500 -3.9000 -11.0000
v 7.0500 -3.9000 -11.0000
v -7.0500 -0.7000 -10.6000
v 7.0500 -0.7000 -10.6000
v -7.0500 -0.7000 -11.0000
v 7.0500 -0.7000 -11.0000
v 1.1500 -3.9000 10.6000
v 1.5500 -3.9000 10.6000
v 1.1500 -3.9000 7.4000
v 1.5500 -3.9000 7.4000
v 1.1500 -0.7000 10.6000
v 1.5500 -0.7000 10.6000
v 1.1500 -0.7000 7.4000
v 1.5500 -0.7000 7.4000
v -1.5500 -3.9000 7.0000
v -1.1500 -3.9000 7.0000
v -1.5500 -3.9000 3.8000
v -1.1500 -3.9000 3.8000
v -1.5500 -0.7000 7.0000
v -1.1500 -0.7000 7.0000
v -1.5500 -0.7000 3.8000
v -1.1500 -0.7000 3.8000
v 1.1500 -3.9000 3.4000
v 1.5500 -3.9000 3.4000
v 1.1500 -3.9000 0.2000
v 1.5500 -3.9000 0.2000
v 1.1500 -0.7000 3.4000
v 1.5500 -0.7000 3.4000
v 1.1500 -0.7000 0.2000
v 1.5500 -0.7000 0.2000
v -1.5500 -3.9000 -0.2000
v -1.1500 -3.9000 -0.2000
v -1.5500 -3.9000 -3.4000
v -1.1500 -3.9000 -3.4000
v -1.5500 -0.7000 -0.2000
v -1.1500 -0.7000 -0.2000
v -1.5500 -0.7000 -3.4000
v -1.1500 -0.7000 -3.4000
v 1.1500 -3.9000 -3.8000
v 1.5500 -3.9000 -3.8000
v 1.1500 -3.9000 -7.0000
v 1.5500 -3.9000 -7.0000
v 1.1500 -0.7000 -3.8000
v 1.5500 -0.7000 -3.8000
v 1.1500 -0.7000 -7.0000
v 1.5500 -0.7000 -7.0000
v -1.5500 -3.9000 -7.4000
v -1.1500 -3.9000 -7.4000
v -1.5500 -3.9000 -10.6000
v -1.1500 -3.9000 -10.6000
v -1.5500 -0.7000 -7.4000
v -1.1500 -0.7000 -7.4000
v -1.5500 -0.7000 -10.6000
v -1.1500 -0.7000 -10.6000
v -7.4500 -3.9000 11.0000
v -7.0500 -3.9000 11.0000
v -7.4500 -3.9000 10.6000
v -7.0500 -3.9000 10.6000
v -7.4500 -0.7000 11.0000
v -7.0500 -0.7000 11.0000
v -7.4500 -0.7000 10.6000
v -7.0500 -0.7000 10.6000
v -7.4500 -3.9000 7.4000
v -7.0500 -3.9000 7.4000
v -7.4500 -3.9000 3.4000
v -7.0500 -3.9000 3.4000
v -7.4500 -0.7000 7.4000
v -7.0500 -0.7000 7.4000
v -7.4500 -0.7000 3.4000
v -7.0500 -0.7000 3.4000
v -7.4500 -3.9000 0.2000
v -7.0500 -3.9000 0.2000
v -7.4500 -3.9000 -3.8000
v -7.0500 -3.9000 -3.8000
v -7.4500 -0.7000 0.2000
v -7.0500 -0.7000 0.2000
v -7.4500 -0.7000 -3.8000
v -7.0500 -0.7000 -3.8000
v -7.4500 -3.9000 -7.0000
v -7.0500 -3.9000 -7.0000
v -7.4500 -3.9000 -11.0000
v -7.0500 -3.9000 -11.0000
v -7.4500 -0.7000 -7.0000
v -7.0500 -0.7000 -7.0000
v -7.4500 -0.7000 -11.0000
v -7.0500 -0.7000 -11.0000
v 7.0500 -3.9000 11.0000
v 7.4500 -3.9000 11.0000
v 7.0500 -3.9000 7.0000
v 7.4500 -3.9000 7.0000
v 7.0500 -0.7000 11.0000
v 7.4500 -0.7000 11.0000
v 7.0500 -0.7000 7.0000
v 7.4500 -0.7000 7.0000
v 7.0500 -3.9000 3.8000
v 7.4500 -3.9000 3.8000
v 7.0500 -3.9000 -0.2000
v 7.4500 -3.9000 -0.2000
v 7.0500 -0.7000 3.8000
v 7.4500 -0.7000 3.8000
v 7.0500 -0.7000 -0.2000
v 7.4500 -0.7000 -0.2000
v 7.0500 -3.9000 -3.4000
v 7.4500 -3.9000 -3.4000
v 7.0500 -3.9000 -7.4000
v 7.4500 -3.9000 -7.4000
v 7.0500 -0.7000 -3.4000
v 7.4500 -0.7000 -3.4000
v 7.0500 -0.7000 -7.4000
v 7.4500 -0.7000 -7.4000
v 7.0500 -3.9000 -10.6000
v 7.4500 -3.9000 -10.6000
v 7.0500 -3.9000 -11.0000
v 7.4500 -3.9000 -11.0000
v 7.0500 -0.7000 -10.6000
v 7.4500 -0.7000 -10.6000
v 7.0500 -0.7000 -11.0000
v 7.4500 -0.7000 -11.0000
f 509 511 507 505
f 506 508 512 510
f 505 506 510 509
f 511 512 508 507
f 507 508 506 505
f 509 510 512 511
f 517 519 515 513
f 514 516 520 518
f 513 514 518 517
f 519 520 516 515
f 515 516 514 513
f 517 518 520 519
f 525 527 523 521
f 522 524 528 526
f 521 522 526 525
f 527 528 524 523
f 523 524 522 521
f 525 526 528 527
f 533 535 531 529
f 530 532 536 534
f 529 530 534 533
f 535 536 532 531
f 531 532 530 529
f 533 534 536 535
f 541 543 539 537
f 538 540 544 542
f 537 538 542 541
f 543 544 540 539
f 539 540 538 537
f 541 542 544 543
f 549 551 547 545
f 546 548 552 550
f 545 546 550 549
f 551 552 548 547
f 547 548 546 545
f 549 550 552 551
f 557 559 555 553
f 554 556 560 558
f 553 554 558 557
f 559 560 556 555
f 555 556 554 553
f 557 558 560 559
f 565 567 563 561
f 562 564 568 566
f 561 562 566 565
f 567 568 564 563
f 563 564 562 561
f 565 566 568 567
f 573 575 571 569
f 570 572 576 574
f 569 570 574 573
f 575 576 572 571
f 571 572 570 569
f 573 574 576 575
f 581 583 579 577
f 578 580 584 582
f 577 578 582 581
f 583 584 580 579
f 579 580 578 577
f 581 582 584 583
f 589 591 587 585
f 586 588 592 590
f 585 586 590 589
f 591 592 588 587
f 587 588 586 585
f 589 590 592 591
f 597 599 595 593
f 594 596 600 598
f 593 594 598 597
f 599 600 596 595
f 595 596 594 593
f 597 598 600 599
f 605 607 603 601
f 602 604 608 606
f 601 602 606 605
f 607 608 604 603
f 603 604 602 601
f 605 606 608 607
f 613 615 611 609
f 610 612 616 614
f 609 610 614 613
f 615 616 612 611
f 611 612 610 609
f 613 614 616 615
f 621 623 619 617
f 618 620 624 622
f 617 618 622 621
f 623 624 620 619
f 619 620 618 617
f 621 622 624 623
f 629 631 627 625
f 626 628 632 630
f 625 626 630 629
f 631 632 628 627
f 627 628 626 625
f 629 630 632 631
f 637 639 635 633
f 634 636 640 638
f 633 634 638 637
f 639 640 636 635
f 635 636 634 633
f 637 638 640 639
f 645 647 643 641
f 642 644 648 646
f 641 642 646 645
f 647 648 644 643
f 643 644 642 641
f 645 646 648 647
f 653 655 651 649
f 650 652 656 654
f 649 650 654 653
f 655 656 652 651
f 651 652 650 649
f 653 654 656 655
f 661 663 659 657
f 658 660 664 662
f 657 658 662 661
f 663 664 660 659
f 659 660 658 657
f 661 662 664 663
f 669 671 667 665
f 666 668 672 670
f 665 666 670 669
f 671 672 668 667
f 667 668 666 665
f 669 670 672 671
f 677 679 675 673
f 674 676 680 678
f 673 674 678 677
f 679 680 676 675
f 675 676 674 673
f 677 678 680 679
f 685 687 683 681
f 682 684 688 686
f 681 682 686 685
f 687 688 684 683
f 683 684 682 681
f 685 686 688 687
f 693 695 691 689
f 690 692 696 694
f 689 690 694 693
f 695 696 692 691
f 691 692 690 689
f 693 694 696 695
f 701 703 699 697
f 698 700 704 702
f 697 698 702 701
f 703 704 700 699
f 699 700 698 697
f 701 702 704 703
f 709 711 707 705
f 706 708 712 710
f 705 706 710 709
f 711 712 708 707
f 707 708 706 705
f 709 710 712 711
f 717 719 715 713
f 714 716 720 718
f 713 714 718 717
f 719 720 716 715
f 715 716 714 713
f 717 718 720 719
f 725 727 723 721
f 722 724 728 726
f 721 722 726 725
f 727 728 724 723
f 723 724 722 721
f 725 726 728 727
f 733 735 731 729
f 730 732 736 734
f 729 730 734 733
f 735 736 732 731
f 731 732 730 729
f 733 734 736 735
f 741 743 739 737
f 738 740 744 742
f 737 738 742 741
f 743 744 740 739
f 739 740 738 737
f 741 742 744 743
f 749 751 747 745
f 746 748 752 750
f 745 746 750 749
f 751 752 748 747
f 747 748 746 745
f 749 750 752 751
f 757 759 755 753
f 754 756 760 758
f 753 754 758 757
f 759 760 756 755
f 755 756 754 753
f 757 758 760 759
f 765 767 763 761
f 762 764 768 766
f 761 762 766 765
f 767 768 764 763
f 763 764 762 761
f 765 766 768 767
f 773 775 771 769
f 770 772 776 774
f 769 770 774 773
f 775 776 772 771
f 771 772 770 769
f 773 774 776 775
f 781 783 779 777
f 778 780 784 782
f 777 778 782 781
f 783 784 780 779
f 779 780 778 777
f 781 782 784 783
f 789 791 787 785
f 786 788 792 790
f 785 786 790 789
f 791 792 788 787
f 787 788 786 785
f 789 790 792 791
f 797 799 795 793
f 794 796 800 798
f 793 794 798 797
f 799 800 796 795
f 795 796 794 793
f 797 798 800 799
f 805 807 803 801
f 802 804 808 806
f 801 802 806 805
f 807 808 804 803
f 803 804 802 801
f 805 806 808 807
f 813 815 811 809
f 810 812 816 814
f 809 810 814 813
f 815 816 812 811
f 811 812 810 809
f 813 814 816 815
f 817 819 823 821
f 822 824 820 818
f 821 822 818 817
f 819 820 824 823
f 817 818 820 819
f 823 824 822 821
f 825 827 831 829
f 830 832 828 826
f 829 830 826 825
f 827 828 832 831
f 825 826 828 827
f 831 832 830 829
f 837 839 835 833
f 834 836 840 838
f 833 834 838 837
f 839 840 836 835
f 835 836 834 833
f 837 838 840 839
f 845 847 843 841
f 842 844 848 846
f 841 842 846 845
f 847 848 844 843
f 843 844 842 841
f 845 846 848 847
f 853 855 851 849
f 850 852 856 854
f 849 850 854 853
f 855 856 852 851
f 851 852 850 849
f 853 854 856 855
f 861 863 859 857
f 858 860 864 862
f 857 858 862 861
f 863 864 860 859
f 859 860 858 857
f 861 862 864 863
f 869 871 867 865
f 866 868 872 870
f 865 866 870 869
f 871 872 868 867
f 867 868 866 865
f 869 870 872 871
f 877 879 875 873
f 874 876 880 878
f 873 874 878 877
f 879 880 876 875
f 875 876 874 873
f 877 878 880 879
f 885 887 883 881
f 882 884 888 886
f 881 882 886 885
f 887 888 884 883
f 883 884 882 881
f 885 886 888 887
f 893 895 891 889
f 890 892 896 894
f 889 890 894 893
f 895 896 892 891
f 891 892 890 889
f 893 894 896 895
f 901 903 899 897
f 898 900 904 902
f 897 898 902 901
f 903 904 900 899
f 899 900 898 897
f 901 902 904 903
f 909 911 907 905
f 906 908 912 910
f 905 906 910 909
f 911 912 908 907
f 907 908 906 905
f 909 910 912 911
f 917 919 915 913
f 914 916 920 918
f 913 914 918 917
f 919 920 916 915
f 915 916 914 913
f 917 918 920 919
f 925 927 923 921
f 922 924 928 926
f 921 922 926 925
f 927 928 924 923
f 923 924 922 921
f 925 926 928 927
f 933 935 931 929
f 930 932 936 934
f 929 930 934 933
f 935 936 932 931
f 931 932 930 929
f 933 934 936 935
f 941 943 939 937
f 938 940 944 942
f 937 938 942 941
f 943 944 940 939
f 939 940 938 937
f 941 942 944 943
f 949 951 947 945
f 946 948 952 950
f 945 946 950 949
f 951 952 948 947
f 947 948 946 945
f 949 950 952 951
f 957 959 955 953
f 954 956 960 958
f 953 954 958 957
f 959 960 956 955
f 955 956 954 953
f 957 958 960 959
f 965 967 963 961
f 962 964 968 966
f 961 962 966 965
f 967 968 964 963
f 963 964 962 961
f 965 966 968 967
f 973 975 971 969
f 970 972 976 974
f 969 970 974 973
f 975 976 972 971
f 971 972 970 969
f 973 974 976 975
f 981 983 979 977
f 978 980 984 982
f 977 978 982 981
f 983 984 980 979
f 979 980 978 977
f 981 982 984 983
f 989 991 987 985
f 986 988 992 990
f 985 986 990 989
f 991 992 988 987
f 987 988 986 985
f 989 990 992 991
f 997 999 995 993
f 994 996 1000 998
f 993 994 998 997
f 999 1000 996 995
f 995 996 994 993
f 997 998 1000 999
f 1005 1007 1003 1001
f 1002 1004 1008 1006
f 1001 1002 1006 1005
f 1007 1008 1004 1003
f 1003 1004 1002 1001
f 1005 1006 1008 1007
f 1013 1015 1011 1009
f 1010 1012 1016 1014
f 1009 1010 1014 1013
f 1015 1016 1012 1011
f 1011 1012 1010 1009
f 1013 1014 1016 1015
f 1021 1023 1019 1017
f 1018 1020 1024 1022
f 1017 1018 1022 1021
f 1023 1024 1020 1019
f 1019 1020 1018 1017
f 1021 1022 1024 1023
f 1029 1031 1027 1025
f 1026 1028 1032 1030
f 1025 1026 1030 1029
f 1031 1032 1028 1027
f 1027 1028 1026 1025
f 1029 1030 1032 1031
f 1037 1039 1035 1033
f 1034 1036 1040 1038
f 1033 1034 1038 1037
f 1039 1040 1036 1035
f 1035 1036 1034 1033
f 1037 1038 1040 1039
o SMALL_SUPPORT_Armor
usemtl Armor
v -7.8000 0.5000 35.0000
v -7.4500 0.5000 35.0000
v -7.8000 0.5000 23.5408
v -7.4500 0.5000 23.5408
v -7.8000 3.5500 35.0000
v -7.4500 3.5500 35.0000
v -7.8000 3.5500 23.5408
v -7.4500 3.5500 23.5408
v -7.8000 0.5000 23.1908
v -7.4500 0.5000 23.1908
v -7.8000 0.5000 16.8897
v -7.4500 0.5000 16.8897
v -7.8000 3.5500 23.1908
v -7.4500 3.5500 23.1908
v -7.8000 3.5500 16.8897
v -7.4500 3.5500 16.8897
v -7.8000 0.5000 16.5397
v -7.4500 0.5000 16.5397
v -7.8000 0.5000 5.2900
v -7.4500 0.5000 5.2900
v -7.8000 3.5500 16.5397
v -7.4500 3.5500 16.5397
v -7.8000 3.5500 5.2900
v -7.4500 3.5500 5.2900
v -7.8000 0.5000 4.9400
v -7.4500 0.5000 4.9400
v -7.8000 0.5000 -6.5048
v -7.4500 0.5000 -6.5048
v -7.8000 3.5500 4.9400
v -7.4500 3.5500 4.9400
v -7.8000 3.5500 -6.5048
v -7.4500 3.5500 -6.5048
v -8.0500 1.0000 4.1305
v -7.8000 1.0000 4.1305
v -8.0500 1.0000 -5.6953
v -7.8000 1.0000 -5.6953
v -8.0500 3.0500 4.1305
v -7.8000 3.0500 4.1305
v -8.0500 3.0500 -5.6953
v -7.8000 3.0500 -5.6953
v -7.8000 0.5000 -14.1994
v -7.4500 0.5000 -14.1994
v -7.8000 0.5000 -19.7982
v -7.4500 0.5000 -19.7982
v -7.8000 3.5500 -14.1994
v -7.4500 3.5500 -14.1994
v -7.8000 3.5500 -19.7982
v -7.4500 3.5500 -19.7982
v -8.0500 1.0000 -15.2222
v -7.8000 1.0000 -15.2222
v -8.0500 1.0000 -18.7754
v -7.8000 1.0000 -18.7754
v -8.0500 3.0500 -15.2222
v -7.8000 3.0500 -15.2222
v -8.0500 3.0500 -18.7754
v -7.8000 3.0500 -18.7754
v -7.8000 0.5000 -20.1482
v -7.4500 0.5000 -20.1482
v -7.8000 0.5000 -25.5807
v -7.4500 0.5000 -25.5807
v -7.8000 3.5500 -20.1482
v -7.4500 3.5500 -20.1482
v -7.8000 3.5500 -25.5807
v -7.4500 3.5500 -25.5807
v -8.0500 1.0000 -20.9745
v -7.8000 1.0000 -20.9745
v -8.0500 1.0000 -24.7544
v -7.8000 1.0000 -24.7544
v -8.0500 3.0500 -20.9745
v -7.8000 3.0500 -20.9745
v -8.0500 3.0500 -24.7544
v -7.8000 3.0500 -24.7544
v -7.8000 0.5000 -25.9307
v -7.4500 0.5000 -25.9307
v -7.8000 0.5000 -35.0000
v -7.4500 0.5000 -35.0000
v -7.8000 3.5500 -25.9307
v -7.4500 3.5500 -25.9307
v -7.8000 3.5500 -35.0000
v -7.4500 3.5500 -35.0000
v 7.4500 0.5000 35.0000
v 7.8000 0.5000 35.0000
v 7.4500 0.5000 29.1151
v 7.8000 0.5000 29.1151
v 7.4500 3.5500 35.0000
v 7.8000 3.5500 35.0000
v 7.4500 3.5500 29.1151
v 7.8000 3.5500 29.1151
v 7.4500 0.5000 9.7611
v 7.8000 0.5000 9.7611
v 7.4500 0.5000 2.0898
v 7.8000 0.5000 2.0898
v 7.4500 3.5500 9.7611
v 7.8000 3.5500 9.7611
v 7.4500 3.5500 2.0898
v 7.8000 3.5500 2.0898
v 7.4500 0.5000 -24.2423
v 7.8000 0.5000 -24.2423
v 7.4500 0.5000 -35.0000
v 7.8000 0.5000 -35.0000
v 7.4500 3.5500 -24.2423
v 7.8000 3.5500 -24.2423
v 7.4500 3.5500 -35.0000
v 7.8000 3.5500 -35.0000
v 7.8000 1.0000 -25.3190
v 8.0500 1.0000 -25.3190
v 7.8000 1.0000 -33.9233
v 8.0500 1.0000 -33.9233
v 7.8000 3.0500 -25.3190
v 8.0500 3.0500 -25.3190
v 7.8000 3.0500 -33.9233
v 8.0500 3.0500 -33.9233
v -4.2225 5.6000 27.0000
v -4.3138 6.0592 27.0000
v -4.5740 6.4485 27.0000
v -4.9633 6.7087 27.0000
v -5.4225 6.8000 27.0000
v -5.8817 6.7087 27.0000
v -6.2710 6.4485 27.0000
v -6.5312 6.0592 27.0000
v -6.6225 5.6000 27.0000
v -6.5312 5.1408 27.0000
v -6.2710 4.7515 27.0000
v -5.8817 4.4913 27.0000
v -5.4225 4.4000 27.0000
v -4.9633 4.4913 27.0000
v -4.5740 4.7515 27.0000
v -4.3138 5.1408 27.0000
v -4.2225 5.6000 18.0000
v -4.3138 6.0592 18.0000
v -4.5740 6.4485 18.0000
v -4.9633 6.7087 18.0000
v -5.4225 6.8000 18.0000
v -5.8817 6.7087 18.0000
v -6.2710 6.4485 18.0000
v -6.5312 6.0592 18.0000
v -6.6225 5.6000 18.0000
v -6.5312 5.1408 18.0000
v -6.2710 4.7515 18.0000
v -5.8817 4.4913 18.0000
v -5.4225 4.4000 18.0000
v -4.9633 4.4913 18.0000
v -4.5740 4.7515 18.0000
v -4.3138 5.1408 18.0000
v -4.2225 5.6000 16.0000
v -4.3138 6.0592 16.0000
v -4.5740 6.4485 16.0000
v -4.9633 6.7087 16.0000
v -5.4225 6.8000 16.0000
v -5.8817 6.7087 16.0000
v -6.2710 6.4485 16.0000
v -6.5312 6.0592 16.0000
v -6.6225 5.6000 16.0000
v -6.5312 5.1408 16.0000
v -6.2710 4.7515 16.0000
v -5.8817 4.4913 16.0000
v -5.4225 4.4000 16.0000
v -4.9633 4.4913 16.0000
v -4.5740 4.7515 16.0000
v -4.3138 5.1408 16.0000
v -4.2225 5.6000 7.0000
v -4.3138 6.0592 7.0000
v -4.5740 6.4485 7.0000
v -4.9633 6.7087 7.0000
v -5.4225 6.8000 7.0000
v -5.8817 6.7087 7.0000
v -6.2710 6.4485 7.0000
v -6.5312 6.0592 7.0000
v -6.6225 5.6000 7.0000
v -6.5312 5.1408 7.0000
v -6.2710 4.7515 7.0000
v -5.8817 4.4913 7.0000
v -5.4225 4.4000 7.0000
v -4.9633 4.4913 7.0000
v -4.5740 4.7515 7.0000
v -4.3138 5.1408 7.0000
v -4.2225 5.6000 5.0000
v -4.3138 6.0592 5.0000
v -4.5740 6.4485 5.0000
v -4.9633 6.7087 5.0000
v -5.4225 6.8000 5.0000
v -5.8817 6.7087 5.0000
v -6.2710 6.4485 5.0000
v -6.5312 6.0592 5.0000
v -6.6225 5.6000 5.0000
v -6.5312 5.1408 5.0000
v -6.2710 4.7515 5.0000
v -5.8817 4.4913 5.0000
v -5.4225 4.4000 5.0000
v -4.9633 4.4913 5.0000
v -4.5740 4.7515 5.0000
v -4.3138 5.1408 5.0000
v -4.2225 5.6000 -4.0000
v -4.3138 6.0592 -4.0000
v -4.5740 6.4485 -4.0000
v -4.9633 6.7087 -4.0000
v -5.4225 6.8000 -4.0000
v -5.8817 6.7087 -4.0000
v -6.2710 6.4485 -4.0000
v -6.5312 6.0592 -4.0000
v -6.6225 5.6000 -4.0000
v -6.5312 5.1408 -4.0000
v -6.2710 4.7515 -4.0000
v -5.8817 4.4913 -4.0000
v -5.4225 4.4000 -4.0000
v -4.9633 4.4913 -4.0000
v -4.5740 4.7515 -4.0000
v -4.3138 5.1408 -4.0000
v -4.2225 5.6000 -6.0000
v -4.3138 6.0592 -6.0000
v -4.5740 6.4485 -6.0000
v -4.9633 6.7087 -6.0000
v -5.4225 6.8000 -6.0000
v -5.8817 6.7087 -6.0000
v -6.2710 6.4485 -6.0000
v -6.5312 6.0592 -6.0000
v -6.6225 5.6000 -6.0000
v -6.5312 5.1408 -6.0000
v -6.2710 4.7515 -6.0000
v -5.8817 4.4913 -6.0000
v -5.4225 4.4000 -6.0000
v -4.9633 4.4913 -6.0000
v -4.5740 4.7515 -6.0000
v -4.3138 5.1408 -6.0000
v -4.2225 5.6000 -15.0000
v -4.3138 6.0592 -15.0000
v -4.5740 6.4485 -15.0000
v -4.9633 6.7087 -15.0000
v -5.4225 6.8000 -15.0000
v -5.8817 6.7087 -15.0000
v -6.2710 6.4485 -15.0000
v -6.5312 6.0592 -15.0000
v -6.6225 5.6000 -15.0000
v -6.5312 5.1408 -15.0000
v -6.2710 4.7515 -15.0000
v -5.8817 4.4913 -15.0000
v -5.4225 4.4000 -15.0000
v -4.9633 4.4913 -15.0000
v -4.5740 4.7515 -15.0000
v -4.3138 5.1408 -15.0000
v -4.2225 5.6000 -17.0000
v -4.3138 6.0592 -17.0000
v -4.5740 6.4485 -17.0000
v -4.9633 6.7087 -17.0000
v -5.4225 6.8000 -17.0000
v -5.8817 6.7087 -17.0000
v -6.2710 6.4485 -17.0000
v -6.5312 6.0592 -17.0000
v -6.6225 5.6000 -17.0000
v -6.5312 5.1408 -17.0000
v -6.2710 4.7515 -17.0000
v -5.8817 4.4913 -17.0000
v -5.4225 4.4000 -17.0000
v -4.9633 4.4913 -17.0000
v -4.5740 4.7515 -17.0000
v -4.3138 5.1408 -17.0000
v -4.2225 5.6000 -26.0000
v -4.3138 6.0592 -26.0000
v -4.5740 6.4485 -26.0000
v -4.9633 6.7087 -26.0000
v -5.4225 6.8000 -26.0000
v -5.8817 6.7087 -26.0000
v -6.2710 6.4485 -26.0000
v -6.5312 6.0592 -26.0000
v -6.6225 5.6000 -26.0000
v -6.5312 5.1408 -26.0000
v -6.2710 4.7515 -26.0000
v -5.8817 4.4913 -26.0000
v -5.4225 4.4000 -26.0000
v -4.9633 4.4913 -26.0000
v -4.5740 4.7515 -26.0000
v -4.3138 5.1408 -26.0000
v 6.6225 5.6000 27.0000
v 6.5312 6.0592 27.0000
v 6.2710 6.4485 27.0000
v 5.8817 6.7087 27.0000
v 5.4225 6.8000 27.0000
v 4.9633 6.7087 27.0000
v 4.5740 6.4485 27.0000
v 4.3138 6.0592 27.0000
v 4.2225 5.6000 27.0000
v 4.3138 5.1408 27.0000
v 4.5740 4.7515 27.0000
v 4.9633 4.4913 27.0000
v 5.4225 4.4000 27.0000
v 5.8817 4.4913 27.0000
v 6.2710 4.7515 27.0000
v 6.5312 5.1408 27.0000
v 6.6225 5.6000 18.0000
v 6.5312 6.0592 18.0000
v 6.2710 6.4485 18.0000
v 5.8817 6.7087 18.0000
v 5.4225 6.8000 18.0000
v 4.9633 6.7087 18.0000
v 4.5740 6.4485 18.0000
v 4.3138 6.0592 18.0000
v 4.2225 5.6000 18.0000
v 4.3138 5.1408 18.0000
v 4.5740 4.7515 18.0000
v 4.9633 4.4913 18.0000
v 5.4225 4.4000 18.0000
v 5.8817 4.4913 18.0000
v 6.2710 4.7515 18.0000
v 6.5312 5.1408 18.0000
v 6.6225 5.6000 16.0000
v 6.5312 6.0592 16.0000
v 6.2710 6.4485 16.0000
v 5.8817 6.7087 16.0000
v 5.4225 6.8000 16.0000
v 4.9633 6.7087 16.0000
v 4.5740 6.4485 16.0000
v 4.3138 6.0592 16.0000
v 4.2225 5.6000 16.0000
v 4.3138 5.1408 16.0000
v 4.5740 4.7515 16.0000
v 4.9633 4.4913 16.0000
v 5.4225 4.4000 16.0000
v 5.8817 4.4913 16.0000
v 6.2710 4.7515 16.0000
v 6.5312 5.1408 16.0000
v 6.6225 5.6000 7.0000
v 6.5312 6.0592 7.0000
v 6.2710 6.4485 7.0000
v 5.8817 6.7087 7.0000
v 5.4225 6.8000 7.0000
v 4.9633 6.7087 7.0000
v 4.5740 6.4485 7.0000
v 4.3138 6.0592 7.0000
v 4.2225 5.6000 7.0000
v 4.3138 5.1408 7.0000
v 4.5740 4.7515 7.0000
v 4.9633 4.4913 7.0000
v 5.4225 4.4000 7.0000
v 5.8817 4.4913 7.0000
v 6.2710 4.7515 7.0000
v 6.5312 5.1408 7.0000
v 6.6225 5.6000 5.0000
v 6.5312 6.0592 5.0000
v 6.2710 6.4485 5.0000
v 5.8817 6.7087 5.0000
v 5.4225 6.8000 5.0000
v 4.9633 6.7087 5.0000
v 4.5740 6.4485 5.0000
v 4.3138 6.0592 5.0000
v 4.2225 5.6000 5.0000
v 4.3138 5.1408 5.0000
v 4.5740 4.7515 5.0000
v 4.9633 4.4913 5.0000
v 5.4225 4.4000 5.0000
v 5.8817 4.4913 5.0000
v 6.2710 4.7515 5.0000
v 6.5312 5.1408 5.0000
v 6.6225 5.6000 -4.0000
v 6.5312 6.0592 -4.0000
v 6.2710 6.4485 -4.0000
v 5.8817 6.7087 -4.0000
v 5.4225 6.8000 -4.0000
v 4.9633 6.7087 -4.0000
v 4.5740 6.4485 -4.0000
v 4.3138 6.0592 -4.0000
v 4.2225 5.6000 -4.0000
v 4.3138 5.1408 -4.0000
v 4.5740 4.7515 -4.0000
v 4.9633 4.4913 -4.0000
v 5.4225 4.4000 -4.0000
v 5.8817 4.4913 -4.0000
v 6.2710 4.7515 -4.0000
v 6.5312 5.1408 -4.0000
v 6.6225 5.6000 -6.0000
v 6.5312 6.0592 -6.0000
v 6.2710 6.4485 -6.0000
v 5.8817 6.7087 -6.0000
v 5.4225 6.8000 -6.0000
v 4.9633 6.7087 -6.0000
v 4.5740 6.4485 -6.0000
v 4.3138 6.0592 -6.0000
v 4.2225 5.6000 -6.0000
v 4.3138 5.1408 -6.0000
v 4.5740 4.7515 -6.0000
v 4.9633 4.4913 -6.0000
v 5.4225 4.4000 -6.0000
v 5.8817 4.4913 -6.0000
v 6.2710 4.7515 -6.0000
v 6.5312 5.1408 -6.0000
v 6.6225 5.6000 -15.0000
v 6.5312 6.0592 -15.0000
v 6.2710 6.4485 -15.0000
v 5.8817 6.7087 -15.0000
v 5.4225 6.8000 -15.0000
v 4.9633 6.7087 -15.0000
v 4.5740 6.4485 -15.0000
v 4.3138 6.0592 -15.0000
v 4.2225 5.6000 -15.0000
v 4.3138 5.1408 -15.0000
v 4.5740 4.7515 -15.0000
v 4.9633 4.4913 -15.0000
v 5.4225 4.4000 -15.0000
v 5.8817 4.4913 -15.0000
v 6.2710 4.7515 -15.0000
v 6.5312 5.1408 -15.0000
v 6.6225 5.6000 -17.0000
v 6.5312 6.0592 -17.0000
v 6.2710 6.4485 -17.0000
v 5.8817 6.7087 -17.0000
v 5.4225 6.8000 -17.0000
v 4.9633 6.7087 -17.0000
v 4.5740 6.4485 -17.0000
v 4.3138 6.0592 -17.0000
v 4.2225 5.6000 -17.0000
v 4.3138 5.1408 -17.0000
v 4.5740 4.7515 -17.0000
v 4.9633 4.4913 -17.0000
v 5.4225 4.4000 -17.0000
v 5.8817 4.4913 -17.0000
v 6.2710 4.7515 -17.0000
v 6.5312 5.1408 -17.0000
v 6.6225 5.6000 -26.0000
v 6.5312 6.0592 -26.0000
v 6.2710 6.4485 -26.0000
v 5.8817 6.7087 -26.0000
v 5.4225 6.8000 -26.0000
v 4.9633 6.7087 -26.0000
v 4.5740 6.4485 -26.0000
v 4.3138 6.0592 -26.0000
v 4.2225 5.6000 -26.0000
v 4.3138 5.1408 -26.0000
v 4.5740 4.7515 -26.0000
v 4.9633 4.4913 -26.0000
v 5.4225 4.4000 -26.0000
v 5.8817 4.4913 -26.0000
v 6.2710 4.7515 -26.0000
v 6.5312 5.1408 -26.0000
v 2.2000 6.6000 30.5000
v 2.0923 6.6000 29.8202
v 1.7798 6.6000 29.2069
v 1.2931 6.6000 28.7202
v 0.6798 6.6000 28.4077
v 0.0000 6.6000 28.3000
v -0.6798 6.6000 28.4077
v -1.2931 6.6000 28.7202
v -1.7798 6.6000 29.2069
v -2.0923 6.6000 29.8202
v -2.2000 6.6000 30.5000
v -2.0923 6.6000 31.1798
v -1.7798 6.6000 31.7931
v -1.2931 6.6000 32.2798
v -0.6798 6.6000 32.5923
v -0.0000 6.6000 32.7000
v 0.6798 6.6000 32.5923
v 1.2931 6.6000 32.2798
v 1.7798 6.6000 31.7931
v 2.0923 6.6000 31.1798
v 2.2000 6.8000 30.5000
v 2.0923 6.8000 29.8202
v 1.7798 6.8000 29.2069
v 1.2931 6.8000 28.7202
v 0.6798 6.8000 28.4077
v 0.0000 6.8000 28.3000
v -0.6798 6.8000 28.4077
v -1.2931 6.8000 28.7202
v -1.7798 6.8000 29.2069
v -2.0923 6.8000 29.8202
v -2.2000 6.8000 30.5000
v -2.0923 6.8000 31.1798
v -1.7798 6.8000 31.7931
v -1.2931 6.8000 32.2798
v -0.6798 6.8000 32.5923
v -0.0000 6.8000 32.7000
v 0.6798 6.8000 32.5923
v 1.2931 6.8000 32.2798
v 1.7798 6.8000 31.7931
v 2.0923 6.8000 31.1798
f 1045 1047 1043 1041
f 1042 1044 1048 1046
f 1041 1042 1046 1045
f 1047 1048 1044 1043
f 1043 1044 1042 1041
f 1045 1046 1048 1047
f 1053 1055 1051 1049
f 1050 1052 1056 1054
f 1049 1050 1054 1053
f 1055 1056 1052 1051
f 1051 1052 1050 1049
f 1053 1054 1056 1055
f 1061 1063 1059 1057
f 1058 1060 1064 1062
f 1057 1058 1062 1061
f 1063 1064 1060 1059
f 1059 1060 1058 1057
f 1061 1062 1064 1063
f 1069 1071 1067 1065
f 1066 1068 1072 1070
f 1065 1066 1070 1069
f 1071 1072 1068 1067
f 1067 1068 1066 1065
f 1069 1070 1072 1071
f 1077 1079 1075 1073
f 1074 1076 1080 1078
f 1073 1074 1078 1077
f 1079 1080 1076 1075
f 1075 1076 1074 1073
f 1077 1078 1080 1079
f 1085 1087 1083 1081
f 1082 1084 1088 1086
f 1081 1082 1086 1085
f 1087 1088 1084 1083
f 1083 1084 1082 1081
f 1085 1086 1088 1087
f 1093 1095 1091 1089
f 1090 1092 1096 1094
f 1089 1090 1094 1093
f 1095 1096 1092 1091
f 1091 1092 1090 1089
f 1093 1094 1096 1095
f 1101 1103 1099 1097
f 1098 1100 1104 1102
f 1097 1098 1102 1101
f 1103 1104 1100 1099
f 1099 1100 1098 1097
f 1101 1102 1104 1103
f 1109 1111 1107 1105
f 1106 1108 1112 1110
f 1105 1106 1110 1109
f 1111 1112 1108 1107
f 1107 1108 1106 1105
f 1109 1110 1112 1111
f 1117 1119 1115 1113
f 1114 1116 1120 1118
f 1113 1114 1118 1117
f 1119 1120 1116 1115
f 1115 1116 1114 1113
f 1117 1118 1120 1119
f 1125 1127 1123 1121
f 1122 1124 1128 1126
f 1121 1122 1126 1125
f 1127 1128 1124 1123
f 1123 1124 1122 1121
f 1125 1126 1128 1127
f 1133 1135 1131 1129
f 1130 1132 1136 1134
f 1129 1130 1134 1133
f 1135 1136 1132 1131
f 1131 1132 1130 1129
f 1133 1134 1136 1135
f 1141 1143 1139 1137
f 1138 1140 1144 1142
f 1137 1138 1142 1141
f 1143 1144 1140 1139
f 1139 1140 1138 1137
f 1141 1142 1144 1143
f 1149 1151 1147 1145
f 1146 1148 1152 1150
f 1145 1146 1150 1149
f 1151 1152 1148 1147
f 1147 1148 1146 1145
f 1149 1150 1152 1151
f 1169 1170 1154 1153
f 1170 1171 1155 1154
f 1171 1172 1156 1155
f 1172 1173 1157 1156
f 1173 1174 1158 1157
f 1174 1175 1159 1158
f 1175 1176 1160 1159
f 1176 1177 1161 1160
f 1177 1178 1162 1161
f 1178 1179 1163 1162
f 1179 1180 1164 1163
f 1180 1181 1165 1164
f 1181 1182 1166 1165
f 1182 1183 1167 1166
f 1183 1184 1168 1167
f 1184 1169 1153 1168
f 1153 1154 1155 1156 1157 1158 1159 1160 1161 1162 1163 1164 1165 1166 1167 1168
f 1184 1183 1182 1181 1180 1179 1178 1177 1176 1175 1174 1173 1172 1171 1170 1169
f 1201 1202 1186 1185
f 1202 1203 1187 1186
f 1203 1204 1188 1187
f 1204 1205 1189 1188
f 1205 1206 1190 1189
f 1206 1207 1191 1190
f 1207 1208 1192 1191
f 1208 1209 1193 1192
f 1209 1210 1194 1193
f 1210 1211 1195 1194
f 1211 1212 1196 1195
f 1212 1213 1197 1196
f 1213 1214 1198 1197
f 1214 1215 1199 1198
f 1215 1216 1200 1199
f 1216 1201 1185 1200
f 1185 1186 1187 1188 1189 1190 1191 1192 1193 1194 1195 1196 1197 1198 1199 1200
f 1216 1215 1214 1213 1212 1211 1210 1209 1208 1207 1206 1205 1204 1203 1202 1201
f 1233 1234 1218 1217
f 1234 1235 1219 1218
f 1235 1236 1220 1219
f 1236 1237 1221 1220
f 1237 1238 1222 1221
f 1238 1239 1223 1222
f 1239 1240 1224 1223
f 1240 1241 1225 1224
f 1241 1242 1226 1225
f 1242 1243 1227 1226
f 1243 1244 1228 1227
f 1244 1245 1229 1228
f 1245 1246 1230 1229
f 1246 1247 1231 1230
f 1247 1248 1232 1231
f 1248 1233 1217 1232
f 1217 1218 1219 1220 1221 1222 1223 1224 1225 1226 1227 1228 1229 1230 1231 1232
f 1248 1247 1246 1245 1244 1243 1242 1241 1240 1239 1238 1237 1236 1235 1234 1233
f 1265 1266 1250 1249
f 1266 1267 1251 1250
f 1267 1268 1252 1251
f 1268 1269 1253 1252
f 1269 1270 1254 1253
f 1270 1271 1255 1254
f 1271 1272 1256 1255
f 1272 1273 1257 1256
f 1273 1274 1258 1257
f 1274 1275 1259 1258
f 1275 1276 1260 1259
f 1276 1277 1261 1260
f 1277 1278 1262 1261
f 1278 1279 1263 1262
f 1279 1280 1264 1263
f 1280 1265 1249 1264
f 1249 1250 1251 1252 1253 1254 1255 1256 1257 1258 1259 1260 1261 1262 1263 1264
f 1280 1279 1278 1277 1276 1275 1274 1273 1272 1271 1270 1269 1268 1267 1266 1265
f 1297 1298 1282 1281
f 1298 1299 1283 1282
f 1299 1300 1284 1283
f 1300 1301 1285 1284
f 1301 1302 1286 1285
f 1302 1303 1287 1286
f 1303 1304 1288 1287
f 1304 1305 1289 1288
f 1305 1306 1290 1289
f 1306 1307 1291 1290
f 1307 1308 1292 1291
f 1308 1309 1293 1292
f 1309 1310 1294 1293
f 1310 1311 1295 1294
f 1311 1312 1296 1295
f 1312 1297 1281 1296
f 1281 1282 1283 1284 1285 1286 1287 1288 1289 1290 1291 1292 1293 1294 1295 1296
f 1312 1311 1310 1309 1308 1307 1306 1305 1304 1303 1302 1301 1300 1299 1298 1297
f 1329 1330 1314 1313
f 1330 1331 1315 1314
f 1331 1332 1316 1315
f 1332 1333 1317 1316
f 1333 1334 1318 1317
f 1334 1335 1319 1318
f 1335 1336 1320 1319
f 1336 1337 1321 1320
f 1337 1338 1322 1321
f 1338 1339 1323 1322
f 1339 1340 1324 1323
f 1340 1341 1325 1324
f 1341 1342 1326 1325
f 1342 1343 1327 1326
f 1343 1344 1328 1327
f 1344 1329 1313 1328
f 1313 1314 1315 1316 1317 1318 1319 1320 1321 1322 1323 1324 1325 1326 1327 1328
f 1344 1343 1342 1341 1340 1339 1338 1337 1336 1335 1334 1333 1332 1331 1330 1329
f 1361 1362 1346 1345
f 1362 1363 1347 1346
f 1363 1364 1348 1347
f 1364 1365 1349 1348
f 1365 1366 1350 1349
f 1366 1367 1351 1350
f 1367 1368 1352 1351
f 1368 1369 1353 1352
f 1369 1370 1354 1353
f 1370 1371 1355 1354
f 1371 1372 1356 1355
f 1372 1373 1357 1356
f 1373 1374 1358 1357
f 1374 1375 1359 1358
f 1375 1376 1360 1359
f 1376 1361 1345 1360
f 1345 1346 1347 1348 1349 1350 1351 1352 1353 1354 1355 1356 1357 1358 1359 1360
f 1376 1375 1374 1373 1372 1371 1370 1369 1368 1367 1366 1365 1364 1363 1362 1361
f 1393 1394 1378 1377
f 1394 1395 1379 1378
f 1395 1396 1380 1379
f 1396 1397 1381 1380
f 1397 1398 1382 1381
f 1398 1399 1383 1382
f 1399 1400 1384 1383
f 1400 1401 1385 1384
f 1401 1402 1386 1385
f 1402 1403 1387 1386
f 1403 1404 1388 1387
f 1404 1405 1389 1388
f 1405 1406 1390 1389
f 1406 1407 1391 1390
f 1407 1408 1392 1391
f 1408 1393 1377 1392
f 1377 1378 1379 1380 1381 1382 1383 1384 1385 1386 1387 1388 1389 1390 1391 1392
f 1408 1407 1406 1405 1404 1403 1402 1401 1400 1399 1398 1397 1396 1395 1394 1393
f 1425 1426 1410 1409
f 1426 1427 1411 1410
f 1427 1428 1412 1411
f 1428 1429 1413 1412
f 1429 1430 1414 1413
f 1430 1431 1415 1414
f 1431 1432 1416 1415
f 1432 1433 1417 1416
f 1433 1434 1418 1417
f 1434 1435 1419 1418
f 1435 1436 1420 1419
f 1436 1437 1421 1420
f 1437 1438 1422 1421
f 1438 1439 1423 1422
f 1439 1440 1424 1423
f 1440 1425 1409 1424
f 1409 1410 1411 1412 1413 1414 1415 1416 1417 1418 1419 1420 1421 1422 1423 1424
f 1440 1439 1438 1437 1436 1435 1434 1433 1432 1431 1430 1429 1428 1427 1426 1425
f 1457 1458 1442 1441
f 1458 1459 1443 1442
f 1459 1460 1444 1443
f 1460 1461 1445 1444
f 1461 1462 1446 1445
f 1462 1463 1447 1446
f 1463 1464 1448 1447
f 1464 1465 1449 1448
f 1465 1466 1450 1449
f 1466 1467 1451 1450
f 1467 1468 1452 1451
f 1468 1469 1453 1452
f 1469 1470 1454 1453
f 1470 1471 1455 1454
f 1471 1472 1456 1455
f 1472 1457 1441 1456
f 1441 1442 1443 1444 1445 1446 1447 1448 1449 1450 1451 1452 1453 1454 1455 1456
f 1472 1471 1470 1469 1468 1467 1466 1465 1464 1463 1462 1461 1460 1459 1458 1457
f 1473 1474 1494 1493
f 1474 1475 1495 1494
f 1475 1476 1496 1495
f 1476 1477 1497 1496
f 1477 1478 1498 1497
f 1478 1479 1499 1498
f 1479 1480 1500 1499
f 1480 1481 1501 1500
f 1481 1482 1502 1501
f 1482 1483 1503 1502
f 1483 1484 1504 1503
f 1484 1485 1505 1504
f 1485 1486 1506 1505
f 1486 1487 1507 1506
f 1487 1488 1508 1507
f 1488 1489 1509 1508
f 1489 1490 1510 1509
f 1490 1491 1511 1510
f 1491 1492 1512 1511
f 1492 1473 1493 1512
f 1492 1491 1490 1489 1488 1487 1486 1485 1484 1483 1482 1481 1480 1479 1478 1477 1476 1475 1474 1473
f 1493 1494 1495 1496 1497 1498 1499 1500 1501 1502 1503 1504 1505 1506 1507 1508 1509 1510 1511 1512
o SMALL_SUPPORT_Trim
usemtl Trim
v 2.4000 0.0000 30.0000
v 2.2825 0.0000 29.2584
v 1.9416 0.0000 28.5893
v 1.4107 0.0000 28.0584
v 0.7416 0.0000 27.7175
v 0.0000 0.0000 27.6000
v -0.7416 0.0000 27.7175
v -1.4107 0.0000 28.0584
v -1.9416 0.0000 28.5893
v -2.2825 0.0000 29.2584
v -2.4000 0.0000 30.0000
v -2.2825 0.0000 30.7416
v -1.9416 0.0000 31.4107
v -1.4107 0.0000 31.9416
v -0.7416 0.0000 32.2825
v -0.0000 0.0000 32.4000
v 0.7416 0.0000 32.2825
v 1.4107 0.0000 31.9416
v 1.9416 0.0000 31.4107
v 2.2825 0.0000 30.7416
v 2.4000 0.6000 30.0000
v 2.2825 0.6000 29.2584
v 1.9416 0.6000 28.5893
v 1.4107 0.6000 28.0584
v 0.7416 0.6000 27.7175
v 0.0000 0.6000 27.6000
v -0.7416 0.6000 27.7175
v -1.4107 0.6000 28.0584
v -1.9416 0.6000 28.5893
v -2.2825 0.6000 29.2584
v -2.4000 0.6000 30.0000
v -2.2825 0.6000 30.7416
v -1.9416 0.6000 31.4107
v -1.4107 0.6000 31.9416
v -0.7416 0.6000 32.2825
v -0.0000 0.6000 32.4000
v 0.7416 0.6000 32.2825
v 1.4107 0.6000 31.9416
v 1.9416 0.6000 31.4107
v 2.2825 0.6000 30.7416
v 2.4000 3.1000 30.0000
v 2.2825 3.1000 29.2584
v 1.9416 3.1000 28.5893
v 1.4107 3.1000 28.0584
v 0.7416 3.1000 27.7175
v 0.0000 3.1000 27.6000
v -0.7416 3.1000 27.7175
v -1.4107 3.1000 28.0584
v -1.9416 3.1000 28.5893
v -2.2825 3.1000 29.2584
v -2.4000 3.1000 30.0000
v -2.2825 3.1000 30.7416
v -1.9416 3.1000 31.4107
v -1.4107 3.1000 31.9416
v -0.7416 3.1000 32.2825
v -0.0000 3.1000 32.4000
v 0.7416 3.1000 32.2825
v 1.4107 3.1000 31.9416
v 1.9416 3.1000 31.4107
v 2.2825 3.1000 30.7416
v 2.4000 3.7000 30.0000
v 2.2825 3.7000 29.2584
v 1.9416 3.7000 28.5893
v 1.4107 3.7000 28.0584
v 0.7416 3.7000 27.7175
v 0.0000 3.7000 27.6000
v -0.7416 3.7000 27.7175
v -1.4107 3.7000 28.0584
v -1.9416 3.7000 28.5893
v -2.2825 3.7000 29.2584
v -2.4000 3.7000 30.0000
v -2.2825 3.7000 30.7416
v -1.9416 3.7000 31.4107
v -1.4107 3.7000 31.9416
v -0.7416 3.7000 32.2825
v -0.0000 3.7000 32.4000
v 0.7416 3.7000 32.2825
v 1.4107 3.7000 31.9416
v 1.9416 3.7000 31.4107
v 2.2825 3.7000 30.7416
v 7.4500 -0.3000 24.7000
v 7.9500 -0.3000 24.7000
v 7.4500 -0.3000 24.2000
v 7.9500 -0.3000 24.2000
v 7.4500 4.1000 24.7000
v 7.9500 4.1000 24.7000
v 7.4500 4.1000 24.2000
v 7.9500 4.1000 24.2000
v 7.4500 -0.3000 15.8000
v 7.9500 -0.3000 15.8000
v 7.4500 -0.3000 15.3000
v 7.9500 -0.3000 15.3000
v 7.4500 4.1000 15.8000
v 7.9500 4.1000 15.8000
v 7.4500 4.1000 15.3000
v 7.9500 4.1000 15.3000
v 7.4500 3.6000 24.2000
v 7.9500 3.6000 24.2000
v 7.4500 3.6000 15.8000
v 7.9500 3.6000 15.8000
v 7.4500 4.1000 24.2000
v 7.9500 4.1000 24.2000
v 7.4500 4.1000 15.8000
v 7.9500 4.1000 15.8000
v -4.1225 5.6000 26.6500
v -4.2215 6.0975 26.6500
v -4.5033 6.5192 26.6500
v -4.9250 6.8010 26.6500
v -5.4225 6.9000 26.6500
v -5.9200 6.8010 26.6500
v -6.3417 6.5192 26.6500
v -6.6235 6.0975 26.6500
v -6.7225 5.6000 26.6500
v -6.6235 5.1025 26.6500
v -6.3417 4.6808 26.6500
v -5.9200 4.3990 26.6500
v -5.4225 4.3000 26.6500
v -4.9250 4.3990 26.6500
v -4.5033 4.6808 26.6500
v -4.2215 5.1025 26.6500
v -4.1225 5.6000 26.1500
v -4.2215 6.0975 26.1500
v -4.5033 6.5192 26.1500
v -4.9250 6.8010 26.1500
v -5.4225 6.9000 26.1500
v -5.9200 6.8010 26.1500
v -6.3417 6.5192 26.1500
v -6.6235 6.0975 26.1500
v -6.7225 5.6000 26.1500
v -6.6235 5.1025 26.1500
v -6.3417 4.6808 26.1500
v -5.9200 4.3990 26.1500
v -5.4225 4.3000 26.1500
v -4.9250 4.3990 26.1500
v -4.5033 4.6808 26.1500
v -4.2215 5.1025 26.1500
v -4.1225 5.6000 18.8500
v -4.2215 6.0975 18.8500
v -4.5033 6.5192 18.8500
v -4.9250 6.8010 18.8500
v -5.4225 6.9000 18.8500
v -5.9200 6.8010 18.8500
v -6.3417 6.5192 18.8500
v -6.6235 6.0975 18.8500
v -6.7225 5.6000 18.8500
v -6.6235 5.1025 18.8500
v -6.3417 4.6808 18.8500
v -5.9200 4.3990 18.8500
v -5.4225 4.3000 18.8500
v -4.9250 4.3990 18.8500
v -4.5033 4.6808 18.8500
v -4.2215 5.1025 18.8500
v -4.1225 5.6000 18.3500
v -4.2215 6.0975 18.3500
v -4.5033 6.5192 18.3500
v -4.9250 6.8010 18.3500
v -5.4225 6.9000 18.3500
v -5.9200 6.8010 18.3500
v -6.3417 6.5192 18.3500
v -6.6235 6.0975 18.3500
v -6.7225 5.6000 18.3500
v -6.6235 5.1025 18.3500
v -6.3417 4.6808 18.3500
v -5.9200 4.3990 18.3500
v -5.4225 4.3000 18.3500
v -4.9250 4.3990 18.3500
v -4.5033 4.6808 18.3500
v -4.2215 5.1025 18.3500
v -4.1225 5.6000 15.6500
v -4.2215 6.0975 15.6500
v -4.5033 6.5192 15.6500
v -4.9250 6.8010 15.6500
v -5.4225 6.9000 15.6500
v -5.9200 6.8010 15.6500
v -6.3417 6.5192 15.6500
v -6.6235 6.0975 15.6500
v -6.7225 5.6000 15.6500
v -6.6235 5.1025 15.6500
v -6.3417 4.6808 15.6500
v -5.9200 4.3990 15.6500
v -5.4225 4.3000 15.6500
v -4.9250 4.3990 15.6500
v -4.5033 4.6808 15.6500
v -4.2215 5.1025 15.6500
v -4.1225 5.6000 15.1500
v -4.2215 6.0975 15.1500
v -4.5033 6.5192 15.1500
v -4.9250 6.8010 15.1500
v -5.4225 6.9000 15.1500
v -5.9200 6.8010 15.1500
v -6.3417 6.5192 15.1500
v -6.6235 6.0975 15.1500
v -6.7225 5.6000 15.1500
v -6.6235 5.1025 15.1500
v -6.3417 4.6808 15.1500
v -5.9200 4.3990 15.1500
v -5.4225 4.3000 15.1500
v -4.9250 4.3990 15.1500
v -4.5033 4.6808 15.1500
v -4.2215 5.1025 15.1500
v -4.1225 5.6000 7.8500
v -4.2215 6.0975 7.8500
v -4.5033 6.5192 7.8500
v -4.9250 6.8010 7.8500
v -5.4225 6.9000 7.8500
v -5.9200 6.8010 7.8500
v -6.3417 6.5192 7.8500
v -6.6235 6.0975 7.8500
v -6.7225 5.6000 7.8500
v -6.6235 5.1025 7.8500
v -6.3417 4.6808 7.8500
v -5.9200 4.3990 7.8500
v -5.4225 4.3000 7.8500
v -4.9250 4.3990 7.8500
v -4.5033 4.6808 7.8500
v -4.2215 5.1025 7.8500
v -4.1225 5.6000 7.3500
v -4.2215 6.0975 7.3500
v -4.5033 6.5192 7.3500
v -4.9250 6.8010 7.3500
v -5.4225 6.9000 7.3500
v -5.9200 6.8010 7.3500
v -6.3417 6.5192 7.3500
v -6.6235 6.0975 7.3500
v -6.7225 5.6000 7.3500
v -6.6235 5.1025 7.3500
v -6.3417 4.6808 7.3500
v -5.9200 4.3990 7.3500
v -5.4225 4.3000 7.3500
v -4.9250 4.3990 7.3500
v -4.5033 4.6808 7.3500
v -4.2215 5.1025 7.3500
v -4.1225 5.6000 4.6500
v -4.2215 6.0975 4.6500
v -4.5033 6.5192 4.6500
v -4.9250 6.8010 4.6500
v -5.4225 6.9000 4.6500
v -5.9200 6.8010 4.6500
v -6.3417 6.5192 4.6500
v -6.6235 6.0975 4.6500
v -6.7225 5.6000 4.6500
v -6.6235 5.1025 4.6500
v -6.3417 4.6808 4.6500
v -5.9200 4.3990 4.6500
v -5.4225 4.3000 4.6500
v -4.9250 4.3990 4.6500
v -4.5033 4.6808 4.6500
v -4.2215 5.1025 4.6500
v -4.1225 5.6000 4.1500
v -4.2215 6.0975 4.1500
v -4.5033 6.5192 4.1500
v -4.9250 6.8010 4.1500
v -5.4225 6.9000 4.1500
v -5.9200 6.8010 4.1500
v -6.3417 6.5192 4.1500
v -6.6235 6.0975 4.1500
v -6.7225 5.6000 4.1500
v -6.6235 5.1025 4.1500
v -6.3417 4.6808 4.1500
v -5.9200 4.3990 4.1500
v -5.4225 4.3000 4.1500
v -4.9250 4.3990 4.1500
v -4.5033 4.6808 4.1500
v -4.2215 5.1025 4.1500
v -4.1225 5.6000 -3.1500
v -4.2215 6.0975 -3.1500
v -4.5033 6.5192 -3.1500
v -4.9250 6.8010 -3.1500
v -5.4225 6.9000 -3.1500
v -5.9200 6.8010 -3.1500
v -6.3417 6.5192 -3.1500
v -6.6235 6.0975 -3.1500
v -6.7225 5.6000 -3.1500
v -6.6235 5.1025 -3.1500
v -6.3417 4.6808 -3.1500
v -5.9200 4.3990 -3.1500
v -5.4225 4.3000 -3.1500
v -4.9250 4.3990 -3.1500
v -4.5033 4.6808 -3.1500
v -4.2215 5.1025 -3.1500
v -4.1225 5.6000 -3.6500
v -4.2215 6.0975 -3.6500
v -4.5033 6.5192 -3.6500
v -4.9250 6.8010 -3.6500
v -5.4225 6.9000 -3.6500
v -5.9200 6.8010 -3.6500
v -6.3417 6.5192 -3.6500
v -6.6235 6.0975 -3.6500
v -6.7225 5.6000 -3.6500
v -6.6235 5.1025 -3.6500
v -6.3417 4.6808 -3.6500
v -5.9200 4.3990 -3.6500
v -5.4225 4.3000 -3.6500
v -4.9250 4.3990 -3.6500
v -4.5033 4.6808 -3.6500
v -4.2215 5.1025 -3.6500
v -4.1225 5.6000 -6.3500
v -4.2215 6.0975 -6.3500
v -4.5033 6.5192 -6.3500
v -4.9250 6.8010 -6.3500
v -5.4225 6.9000 -6.3500
v -5.9200 6.8010 -6.3500
v -6.3417 6.5192 -6.3500
v -6.6235 6.0975 -6.3500
v -6.7225 5.6000 -6.3500
v -6.6235 5.1025 -6.3500
v -6.3417 4.6808 -6.3500
v -5.9200 4.3990 -6.3500
v -5.4225 4.3000 -6.3500
v -4.9250 4.3990 -6.3500
v -4.5033 4.6808 -6.3500
v -4.2215 5.1025 -6.3500
v -4.1225 5.6000 -6.8500
v -4.2215 6.0975 -6.8500
v -4.5033 6.5192 -6.8500
v -4.9250 6.8010 -6.8500
v -5.4225 6.9000 -6.8500
v -5.9200 6.8010 -6.8500
v -6.3417 6.5192 -6.8500
v -6.6235 6.0975 -6.8500
v -6.7225 5.6000 -6.8500
v -6.6235 5.1025 -6.8500
v -6.3417 4.6808 -6.8500
v -5.9200 4.3990 -6.8500
v -5.4225 4.3000 -6.8500
v -4.9250 4.3990 -6.8500
v -4.5033 4.6808 -6.8500
v -4.2215 5.1025 -6.8500
v -4.1225 5.6000 -14.1500
v -4.2215 6.0975 -14.1500
v -4.5033 6.5192 -14.1500
v -4.9250 6.8010 -14.1500
v -5.4225 6.9000 -14.1500
v -5.9200 6.8010 -14.1500
v -6.3417 6.5192 -14.1500
v -6.6235 6.0975 -14.1500
v -6.7225 5.6000 -14.1500
v -6.6235 5.1025 -14.1500
v -6.3417 4.6808 -14.1500
v -5.9200 4.3990 -14.1500
v -5.4225 4.3000 -14.1500
v -4.9250 4.3990 -14.1500
v -4.5033 4.6808 -14.1500
v -4.2215 5.1025 -14.1500
v -4.1225 5.6000 -14.6500
v -4.2215 6.0975 -14.6500
v -4.5033 6.5192 -14.6500
v -4.9250 6.8010 -14.6500
v -5.4225 6.9000 -14.6500
v -5.9200 6.8010 -14.6500
v -6.3417 6.5192 -14.6500
v -6.6235 6.0975 -14.6500
v -6.7225 5.6000 -14.6500
v -6.6235 5.1025 -14.6500
v -6.3417 4.6808 -14.6500
v -5.9200 4.3990 -14.6500
v -5.4225 4.3000 -14.6500
v -4.9250 4.3990 -14.6500
v -4.5033 4.6808 -14.6500
v -4.2215 5.1025 -14.6500
v -4.1225 5.6000 -17.3500
v -4.2215 6.0975 -17.3500
v -4.5033 6.5192 -17.3500
v -4.9250 6.8010 -17.3500
v -5.4225 6.9000 -17.3500
v -5.9200 6.8010 -17.3500
v -6.3417 6.5192 -17.3500
v -6.6235 6.0975 -17.3500
v -6.7225 5.6000 -17.3500
v -6.6235 5.1025 -17.3500
v -6.3417 4.6808 -17.3500
v -5.9200 4.3990 -17.3500
v -5.4225 4.3000 -17.3500
v -4.9250 4.3990 -17.3500
v -4.5033 4.6808 -17.3500
v -4.2215 5.1025 -17.3500
v -4.1225 5.6000 -17.8500
v -4.2215 6.0975 -17.8500
v -4.5033 6.5192 -17.8500
v -4.9250 6.8010 -17.8500
v -5.4225 6.9000 -17.8500
v -5.9200 6.8010 -17.8500
v -6.3417 6.5192 -17.8500
v -6.6235 6.0975 -17.8500
v -6.7225 5.6000 -17.8500
v -6.6235 5.1025 -17.8500
v -6.3417 4.6808 -17.8500
v -5.9200 4.3990 -17.8500
v -5.4225 4.3000 -17.8500
v -4.9250 4.3990 -17.8500
v -4.5033 4.6808 -17.8500
v -4.2215 5.1025 -17.8500
v -4.1225 5.6000 -25.1500
v -4.2215 6.0975 -25.1500
v -4.5033 6.5192 -25.1500
v -4.9250 6.8010 -25.1500
v -5.4225 6.9000 -25.1500
v -5.9200 6.8010 -25.1500
v -6.3417 6.5192 -25.1500
v -6.6235 6.0975 -25.1500
v -6.7225 5.6000 -25.1500
v -6.6235 5.1025 -25.1500
v -6.3417 4.6808 -25.1500
v -5.9200 4.3990 -25.1500
v -5.4225 4.3000 -25.1500
v -4.9250 4.3990 -25.1500
v -4.5033 4.6808 -25.1500
v -4.2215 5.1025 -25.1500
v -4.1225 5.6000 -25.6500
v -4.2215 6.0975 -25.6500
v -4.5033 6.5192 -25.6500
v -4.9250 6.8010 -25.6500
v -5.4225 6.9000 -25.6500
v -5.9200 6.8010 -25.6500
v -6.3417 6.5192 -25.6500
v -6.6235 6.0975 -25.6500
v -6.7225 5.6000 -25.6500
v -6.6235 5.1025 -25.6500
v -6.3417 4.6808 -25.6500
v -5.9200 4.3990 -25.6500
v -5.4225 4.3000 -25.6500
v -4.9250 4.3990 -25.6500
v -4.5033 4.6808 -25.6500
v -4.2215 5.1025 -25.6500
v 6.7225 5.6000 26.6500
v 6.6235 6.0975 26.6500
v 6.3417 6.5192 26.6500
v 5.9200 6.8010 26.6500
v 5.4225 6.9000 26.6500
v 4.9250 6.8010 26.6500
v 4.5033 6.5192 26.6500
v 4.2215 6.0975 26.6500
v 4.1225 5.6000 26.6500
v 4.2215 5.1025 26.6500
v 4.5033 4.6808 26.6500
v 4.9250 4.3990 26.6500
v 5.4225 4.3000 26.6500
v 5.9200 4.3990 26.6500
v 6.3417 4.6808 26.6500
v 6.6235 5.1025 26.6500
v 6.7225 5.6000 26.1500
v 6.6235 6.0975 26.1500
v 6.3417 6.5192 26.1500
v 5.9200 6.8010 26.1500
v 5.4225 6.9000 26.1500
v 4.9250 6.8010 26.1500
v 4.5033 6.5192 26.1500
v 4.2215 6.0975 26.1500
v 4.1225 5.6000 26.1500
v 4.2215 5.1025 26.1500
v 4.5033 4.6808 26.1500
v 4.9250 4.3990 26.1500
v 5.4225 4.3000 26.1500
v 5.9200 4.3990 26.1500
v 6.3417 4.6808 26.1500
v 6.6235 5.1025 26.1500
v 6.7225 5.6000 18.8500
v 6.6235 6.0975 18.8500
v 6.3417 6.5192 18.8500
v 5.9200 6.8010 18.8500
v 5.4225 6.9000 18.8500
v 4.9250 6.8010 18.8500
v 4.5033 6.5192 18.8500
v 4.2215 6.0975 18.8500
v 4.1225 5.6000 18.8500
v 4.2215 5.1025 18.8500
v 4.5033 4.6808 18.8500
v 4.9250 4.3990 18.8500
v 5.4225 4.3000 18.8500
v 5.9200 4.3990 18.8500
v 6.3417 4.6808 18.8500
v 6.6235 5.1025 18.8500
v 6.7225 5.6000 18.3500
v 6.6235 6.0975 18.3500
v 6.3417 6.5192 18.3500
v 5.9200 6.8010 18.3500
v 5.4225 6.9000 18.3500
v 4.9250 6.8010 18.3500
v 4.5033 6.5192 18.3500
v 4.2215 6.0975 18.3500
v 4.1225 5.6000 18.3500
v 4.2215 5.1025 18.3500
v 4.5033 4.6808 18.3500
v 4.9250 4.3990 18.3500
v 5.4225 4.3000 18.3500
v 5.9200 4.3990 18.3500
v 6.3417 4.6808 18.3500
v 6.6235 5.1025 18.3500
v 6.7225 5.6000 15.6500
v 6.6235 6.0975 15.6500
v 6.3417 6.5192 15.6500
v 5.9200 6.8010 15.6500
v 5.4225 6.9000 15.6500
v 4.9250 6.8010 15.6500
v 4.5033 6.5192 15.6500
v 4.2215 6.0975 15.6500
v 4.1225 5.6000 15.6500
v 4.2215 5.1025 15.6500
v 4.5033 4.6808 15.6500
v 4.9250 4.3990 15.6500
v 5.4225 4.3000 15.6500
v 5.9200 4.3990 15.6500
v 6.3417 4.6808 15.6500
v 6.6235 5.1025 15.6500
v 6.7225 5.6000 15.1500
v 6.6235 6.0975 15.1500
v 6.3417 6.5192 15.1500
v 5.9200 6.8010 15.1500
v 5.4225 6.9000 15.1500
v 4.9250 6.8010 15.1500
v 4.5033 6.5192 15.1500
v 4.2215 6.0975 15.1500
v 4.1225 5.6000 15.1500
v 4.2215 5.1025 15.1500
v 4.5033 4.6808 15.1500
v 4.9250 4.3990 15.1500
v 5.4225 4.3000 15.1500
v 5.9200 4.3990 15.1500
v 6.3417 4.6808 15.1500
v 6.6235 5.1025 15.1500
v 6.7225 5.6000 7.8500
v 6.6235 6.0975 7.8500
v 6.3417 6.5192 7.8500
v 5.9200 6.8010 7.8500
v 5.4225 6.9000 7.8500
v 4.9250 6.8010 7.8500
v 4.5033 6.5192 7.8500
v 4.2215 6.0975 7.8500
v 4.1225 5.6000 7.8500
v 4.2215 5.1025 7.8500
v 4.5033 4.6808 7.8500
v 4.9250 4.3990 7.8500
v 5.4225 4.3000 7.8500
v 5.9200 4.3990 7.8500
v 6.3417 4.6808 7.8500
v 6.6235 5.1025 7.8500
v 6.7225 5.6000 7.3500
v 6.6235 6.0975 7.3500
v 6.3417 6.5192 7.3500
v 5.9200 6.8010 7.3500
v 5.4225 6.9000 7.3500
v 4.9250 6.8010 7.3500
v 4.5033 6.5192 7.3500
v 4.2215 6.0975 7.3500
v 4.1225 5.6000 7.3500
v 4.2215 5.1025 7.3500
v 4.5033 4.6808 7.3500
v 4.9250 4.3990 7.3500
v 5.4225 4.3000 7.3500
v 5.9200 4.3990 7.3500
v 6.3417 4.6808 7.3500
v 6.6235 5.1025 7.3500
v 6.7225 5.6000 4.6500
v 6.6235 6.0975 4.6500
v 6.3417 6.5192 4.6500
v 5.9200 6.8010 4.6500
v 5.4225 6.9000 4.6500
v 4.9250 6.8010 4.6500
v 4.5033 6.5192 4.6500
v 4.2215 6.0975 4.6500
v 4.1225 5.6000 4.6500
v 4.2215 5.1025 4.6500
v 4.5033 4.6808 4.6500
v 4.9250 4.3990 4.6500
v 5.4225 4.3000 4.6500
v 5.9200 4.3990 4.6500
v 6.3417 4.6808 4.6500
v 6.6235 5.1025 4.6500
v 6.7225 5.6000 4.1500
v 6.6235 6.0975 4.1500
v 6.3417 6.5192 4.1500
v 5.9200 6.8010 4.1500
v 5.4225 6.9000 4.1500
v 4.9250 6.8010 4.1500
v 4.5033 6.5192 4.1500
v 4.2215 6.0975 4.1500
v 4.1225 5.6000 4.1500
v 4.2215 5.1025 4.1500
v 4.5033 4.6808 4.1500
v 4.9250 4.3990 4.1500
v 5.4225 4.3000 4.1500
v 5.9200 4.3990 4.1500
v 6.3417 4.6808 4.1500
v 6.6235 5.1025 4.1500
v 6.7225 5.6000 -3.1500
v 6.6235 6.0975 -3.1500
v 6.3417 6.5192 -3.1500
v 5.9200 6.8010 -3.1500
v 5.4225 6.9000 -3.1500
v 4.9250 6.8010 -3.1500
v 4.5033 6.5192 -3.1500
v 4.2215 6.0975 -3.1500
v 4.1225 5.6000 -3.1500
v 4.2215 5.1025 -3.1500
v 4.5033 4.6808 -3.1500
v 4.9250 4.3990 -3.1500
v 5.4225 4.3000 -3.1500
v 5.9200 4.3990 -3.1500
v 6.3417 4.6808 -3.1500
v 6.6235 5.1025 -3.1500
v 6.7225 5.6000 -3.6500
v 6.6235 6.0975 -3.6500
v 6.3417 6.5192 -3.6500
v 5.9200 6.8010 -3.6500
v 5.4225 6.9000 -3.6500
v 4.9250 6.8010 -3.6500
v 4.5033 6.5192 -3.6500
v 4.2215 6.0975 -3.6500
v 4.1225 5.6000 -3.6500
v 4.2215 5.1025 -3.6500
v 4.5033 4.6808 -3.6500
v 4.9250 4.3990 -3.6500
v 5.4225 4.3000 -3.6500
v 5.9200 4.3990 -3.6500
v 6.3417 4.6808 -3.6500
v 6.6235 5.1025 -3.6500
v 6.7225 5.6000 -6.3500
v 6.6235 6.0975 -6.3500
v 6.3417 6.5192 -6.3500
v 5.9200 6.8010 -6.3500
v 5.4225 6.9000 -6.3500
v 4.9250 6.8010 -6.3500
v 4.5033 6.5192 -6.3500
v 4.2215 6.0975 -6.3500
v 4.1225 5.6000 -6.3500
v 4.2215 5.1025 -6.3500
v 4.5033 4.6808 -6.3500
v 4.9250 4.3990 -6.3500
v 5.4225 4.3000 -6.3500
v 5.9200 4.3990 -6.3500
v 6.3417 4.6808 -6.3500
v 6.6235 5.1025 -6.3500
v 6.7225 5.6000 -6.8500
v 6.6235 6.0975 -6.8500
v 6.3417 6.5192 -6.8500
v 5.9200 6.8010 -6.8500
v 5.4225 6.9000 -6.8500
v 4.9250 6.8010 -6.8500
v 4.5033 6.5192 -6.8500
v 4.2215 6.0975 -6.8500
v 4.1225 5.6000 -6.8500
v 4.2215 5.1025 -6.8500
v 4.5033 4.6808 -6.8500
v 4.9250 4.3990 -6.8500
v 5.4225 4.3000 -6.8500
v 5.9200 4.3990 -6.8500
v 6.3417 4.6808 -6.8500
v 6.6235 5.1025 -6.8500
v 6.7225 5.6000 -14.1500
v 6.6235 6.0975 -14.1500
v 6.3417 6.5192 -14.1500
v 5.9200 6.8010 -14.1500
v 5.4225 6.9000 -14.1500
v 4.9250 6.8010 -14.1500
v 4.5033 6.5192 -14.1500
v 4.2215 6.0975 -14.1500
v 4.1225 5.6000 -14.1500
v 4.2215 5.1025 -14.1500
v 4.5033 4.6808 -14.1500
v 4.9250 4.3990 -14.1500
v 5.4225 4.3000 -14.1500
v 5.9200 4.3990 -14.1500
v 6.3417 4.6808 -14.1500
v 6.6235 5.1025 -14.1500
v 6.7225 5.6000 -14.6500
v 6.6235 6.0975 -14.6500
v 6.3417 6.5192 -14.6500
v 5.9200 6.8010 -14.6500
v 5.4225 6.9000 -14.6500
v 4.9250 6.8010 -14.6500
v 4.5033 6.5192 -14.6500
v 4.2215 6.0975 -14.6500
v 4.1225 5.6000 -14.6500
v 4.2215 5.1025 -14.6500
v 4.5033 4.6808 -14.6500
v 4.9250 4.3990 -14.6500
v 5.4225 4.3000 -14.6500
v 5.9200 4.3990 -14.6500
v 6.3417 4.6808 -14.6500
v 6.6235 5.1025 -14.6500
v 6.7225 5.6000 -17.3500
v 6.6235 6.0975 -17.3500
v 6.3417 6.5192 -17.3500
v 5.9200 6.8010 -17.3500
v 5.4225 6.9000 -17.3500
v 4.9250 6.8010 -17.3500
v 4.5033 6.5192 -17.3500
v 4.2215 6.0975 -17.3500
v 4.1225 5.6000 -17.3500
v 4.2215 5.1025 -17.3500
v 4.5033 4.6808 -17.3500
v 4.9250 4.3990 -17.3500
v 5.4225 4.3000 -17.3500
v 5.9200 4.3990 -17.3500
v 6.3417 4.6808 -17.3500
v 6.6235 5.1025 -17.3500
v 6.7225 5.6000 -17.8500
v 6.6235 6.0975 -17.8500
v 6.3417 6.5192 -17.8500
v 5.9200 6.8010 -17.8500
v 5.4225 6.9000 -17.8500
v 4.9250 6.8010 -17.8500
v 4.5033 6.5192 -17.8500
v 4.2215 6.0975 -17.8500
v 4.1225 5.6000 -17.8500
v 4.2215 5.1025 -17.8500
v 4.5033 4.6808 -17.8500
v 4.9250 4.3990 -17.8500
v 5.4225 4.3000 -17.8500
v 5.9200 4.3990 -17.8500
v 6.3417 4.6808 -17.8500
v 6.6235 5.1025 -17.8500
v 6.7225 5.6000 -25.1500
v 6.6235 6.0975 -25.1500
v 6.3417 6.5192 -25.1500
v 5.9200 6.8010 -25.1500
v 5.4225 6.9000 -25.1500
v 4.9250 6.8010 -25.1500
v 4.5033 6.5192 -25.1500
v 4.2215 6.0975 -25.1500
v 4.1225 5.6000 -25.1500
v 4.2215 5.1025 -25.1500
v 4.5033 4.6808 -25.1500
v 4.9250 4.3990 -25.1500
v 5.4225 4.3000 -25.1500
v 5.9200 4.3990 -25.1500
v 6.3417 4.6808 -25.1500
v 6.6235 5.1025 -25.1500
v 6.7225 5.6000 -25.6500
v 6.6235 6.0975 -25.6500
v 6.3417 6.5192 -25.6500
v 5.9200 6.8010 -25.6500
v 5.4225 6.9000 -25.6500
v 4.9250 6.8010 -25.6500
v 4.5033 6.5192 -25.6500
v 4.2215 6.0975 -25.6500
v 4.1225 5.6000 -25.6500
v 4.2215 5.1025 -25.6500
v 4.5033 4.6808 -25.6500
v 4.9250 4.3990 -25.6500
v 5.4225 4.3000 -25.6500
v 5.9200 4.3990 -25.6500
v 6.3417 4.6808 -25.6500
v 6.6235 5.1025 -25.6500
v 0.2500 4.4000 30.5000
v 0.1768 4.4000 30.3232
v 0.0000 4.4000 30.2500
v -0.1768 4.4000 30.3232
v -0.2500 4.4000 30.5000
v -0.1768 4.4000 30.6768
v -0.0000 4.4000 30.7500
v 0.1768 4.4000 30.6768
v 0.2500 6.6000 30.5000
v 0.1768 6.6000 30.3232
v 0.0000 6.6000 30.2500
v -0.1768 6.6000 30.3232
v -0.2500 6.6000 30.5000
v -0.1768 6.6000 30.6768
v -0.0000 6.6000 30.7500
v 0.1768 6.6000 30.6768
f 1513 1514 1534 1533
f 1514 1515 1535 1534
f 1515 1516 1536 1535
f 1516 1517 1537 1536
f 1517 1518 1538 1537
f 1518 1519 1539 1538
f 1519 1520 1540 1539
f 1520 1521 1541 1540
f 1521 1522 1542 1541
f 1522 1523 1543 1542
f 1523 1524 1544 1543
f 1524 1525 1545 1544
f 1525 1526 1546 1545
f 1526 1527 1547 1546
f 1527 1528 1548 1547
f 1528 1529 1549 1548
f 1529 1530 1550 1549
f 1530 1531 1551 1550
f 1531 1532 1552 1551
f 1532 1513 1533 1552
f 1532 1531 1530 1529 1528 1527 1526 1525 1524 1523 1522 1521 1520 1519 1518 1517 1516 1515 1514 1513
f 1533 1534 1535 1536 1537 1538 1539 1540 1541 1542 1543 1544 1545 1546 1547 1548 1549 1550 1551 1552
f 1553 1554 1574 1573
f 1554 1555 1575 1574
f 1555 1556 1576 1575
f 1556 1557 1577 1576
f 1557 1558 1578 1577
f 1558 1559 1579 1578
f 1559 1560 1580 1579
f 1560 1561 1581 1580
f 1561 1562 1582 1581
f 1562 1563 1583 1582
f 1563 1564 1584 1583
f 1564 1565 1585 1584
f 1565 1566 1586 1585
f 1566 1567 1587 1586
f 1567 1568 1588 1587
f 1568 1569 1589 1588
f 1569 1570 1590 1589
f 1570 1571 1591 1590
f 1571 1572 1592 1591
f 1572 1553 1573 1592
f 1572 1571 1570 1569 1568 1567 1566 1565 1564 1563 1562 1561 1560 1559 1558 1557 1556 1555 1554 1553
f 1573 1574 1575 1576 1577 1578 1579 1580 1581 1582 1583 1584 1585 1586 1587 1588 1589 1590 1591 1592
f 1597 1599 1595 1593
f 1594 1596 1600 1598
f 1593 1594 1598 1597
f 1599 1600 1596 1595
f 1595 1596 1594 1593
f 1597 1598 1600 1599
f 1605 1607 1603 1601
f 1602 1604 1608 1606
f 1601 1602 1606 1605
f 1607 1608 1604 1603
f 1603 1604 1602 1601
f 1605 1606 1608 1607
f 1613 1615 1611 1609
f 1610 1612 1616 1614
f 1609 1610 1614 1613
f 1615 1616 1612 1611
f 1611 1612 1610 1609
f 1613 1614 1616 1615
f 1633 1634 1618 1617
f 1634 1635 1619 1618
f 1635 1636 1620 1619
f 1636 1637 1621 1620
f 1637 1638 1622 1621
f 1638 1639 1623 1622
f 1639 1640 1624 1623
f 1640 1641 1625 1624
f 1641 1642 1626 1625
f 1642 1643 1627 1626
f 1643 1644 1628 1627
f 1644 1645 1629 1628
f 1645 1646 1630 1629
f 1646 1647 1631 1630
f 1647 1648 1632 1631
f 1648 1633 1617 1632
f 1617 1618 1619 1620 1621 1622 1623 1624 1625 1626 1627 1628 1629 1630 1631 1632
f 1648 1647 1646 1645 1644 1643 1642 1641 1640 1639 1638 1637 1636 1635 1634 1633
f 1665 1666 1650 1649
f 1666 1667 1651 1650
f 1667 1668 1652 1651
f 1668 1669 1653 1652
f 1669 1670 1654 1653
f 1670 1671 1655 1654
f 1671 1672 1656 1655
f 1672 1673 1657 1656
f 1673 1674 1658 1657
f 1674 1675 1659 1658
f 1675 1676 1660 1659
f 1676 1677 1661 1660
f 1677 1678 1662 1661
f 1678 1679 1663 1662
f 1679 1680 1664 1663
f 1680 1665 1649 1664
f 1649 1650 1651 1652 1653 1654 1655 1656 1657 1658 1659 1660 1661 1662 1663 1664
f 1680 1679 1678 1677 1676 1675 1674 1673 1672 1671 1670 1669 1668 1667 1666 1665
f 1697 1698 1682 1681
f 1698 1699 1683 1682
f 1699 1700 1684 1683
f 1700 1701 1685 1684
f 1701 1702 1686 1685
f 1702 1703 1687 1686
f 1703 1704 1688 1687
f 1704 1705 1689 1688
f 1705 1706 1690 1689
f 1706 1707 1691 1690
f 1707 1708 1692 1691
f 1708 1709 1693 1692
f 1709 1710 1694 1693
f 1710 1711 1695 1694
f 1711 1712 1696 1695
f 1712 1697 1681 1696
f 1681 1682 1683 1684 1685 1686 1687 1688 1689 1690 1691 1692 1693 1694 1695 1696
f 1712 1711 1710 1709 1708 1707 1706 1705 1704 1703 1702 1701 1700 1699 1698 1697
f 1729 1730 1714 1713
f 1730 1731 1715 1714
f 1731 1732 1716 1715
f 1732 1733 1717 1716
f 1733 1734 1718 1717
f 1734 1735 1719 1718
f 1735 1736 1720 1719
f 1736 1737 1721 1720
f 1737 1738 1722 1721
f 1738 1739 1723 1722
f 1739 1740 1724 1723
f 1740 1741 1725 1724
f 1741 1742 1726 1725
f 1742 1743 1727 1726
f 1743 1744 1728 1727
f 1744 1729 1713 1728
f 1713 1714 1715 1716 1717 1718 1719 1720 1721 1722 1723 1724 1725 1726 1727 1728
f 1744 1743 1742 1741 1740 1739 1738 1737 1736 1735 1734 1733 1732 1731 1730 1729
f 1761 1762 1746 1745
f 1762 1763 1747 1746
f 1763 1764 1748 1747
f 1764 1765 1749 1748
f 1765 1766 1750 1749
f 1766 1767 1751 1750
f 1767 1768 1752 1751
f 1768 1769 1753 1752
f 1769 1770 1754 1753
f 1770 1771 1755 1754
f 1771 1772 1756 1755
f 1772 1773 1757 1756
f 1773 1774 1758 1757
f 1774 1775 1759 1758
f 1775 1776 1760 1759
f 1776 1761 1745 1760
f 1745 1746 1747 1748 1749 1750 1751 1752 1753 1754 1755 1756 1757 1758 1759 1760
f 1776 1775 1774 1773 1772 1771 1770 1769 1768 1767 1766 1765 1764 1763 1762 1761
f 1793 1794 1778 1777
f 1794 1795 1779 1778
f 1795 1796 1780 1779
f 1796 1797 1781 1780
f 1797 1798 1782 1781
f 1798 1799 1783 1782
f 1799 1800 1784 1783
f 1800 1801 1785 1784
f 1801 1802 1786 1785
f 1802 1803 1787 1786
f 1803 1804 1788 1787
f 1804 1805 1789 1788
f 1805 1806 1790 1789
f 1806 1807 1791 1790
f 1807 1808 1792 1791
f 1808 1793 1777 1792
f 1777 1778 1779 1780 1781 1782 1783 1784 1785 1786 1787 1788 1789 1790 1791 1792
f 1808 1807 1806 1805 1804 1803 1802 1801 1800 1799 1798 1797 1796 1795 1794 1793
f 1825 1826 1810 1809
f 1826 1827 1811 1810
f 1827 1828 1812 1811
f 1828 1829 1813 1812
f 1829 1830 1814 1813
f 1830 1831 1815 1814
f 1831 1832 1816 1815
f 1832 1833 1817 1816
f 1833 1834 1818 1817
f 1834 1835 1819 1818
f 1835 1836 1820 1819
f 1836 1837 1821 1820
f 1837 1838 1822 1821
f 1838 1839 1823 1822
f 1839 1840 1824 1823
f 1840 1825 1809 1824
f 1809 1810 1811 1812 1813 1814 1815 1816 1817 1818 1819 1820 1821 1822 1823 1824
f 1840 1839 1838 1837 1836 1835 1834 1833 1832 1831 1830 1829 1828 1827 1826 1825
f 1857 1858 1842 1841
f 1858 1859 1843 1842
f 1859 1860 1844 1843
f 1860 1861 1845 1844
f 1861 1862 1846 1845
f 1862 1863 1847 1846
f 1863 1864 1848 1847
f 1864 1865 1849 1848
f 1865 1866 1850 1849
f 1866 1867 1851 1850
f 1867 1868 1852 1851
f 1868 1869 1853 1852
f 1869 1870 1854 1853
f 1870 1871 1855 1854
f 1871 1872 1856 1855
f 1872 1857 1841 1856
f 1841 1842 1843 1844 1845 1846 1847 1848 1849 1850 1851 1852 1853 1854 1855 1856
f 1872 1871 1870 1869 1868 1867 1866 1865 1864 1863 1862 1861 1860 1859 1858 1857
f 1889 1890 1874 1873
f 1890 1891 1875 1874
f 1891 1892 1876 1875
f 1892 1893 1877 1876
f 1893 1894 1878 1877
f 1894 1895 1879 1878
f 1895 1896 1880 1879
f 1896 1897 1881 1880
f 1897 1898 1882 1881
f 1898 1899 1883 1882
f 1899 1900 1884 1883
f 1900 1901 1885 1884
f 1901 1902 1886 1885
f 1902 1903 1887 1886
f 1903 1904 1888 1887
f 1904 1889 1873 1888
f 1873 1874 1875 1876 1877 1878 1879 1880 1881 1882 1883 1884 1885 1886 1887 1888
f 1904 1903 1902 1901 1900 1899 1898 1897 1896 1895 1894 1893 1892 1891 1890 1889
f 1921 1922 1906 1905
f 1922 1923 1907 1906
f 1923 1924 1908 1907
f 1924 1925 1909 1908
f 1925 1926 1910 1909
f 1926 1927 1911 1910
f 1927 1928 1912 1911
f 1928 1929 1913 1912
f 1929 1930 1914 1913
f 1930 1931 1915 1914
f 1931 1932 1916 1915
f 1932 1933 1917 1916
f 1933 1934 1918 1917
f 1934 1935 1919 1918
f 1935 1936 1920 1919
f 1936 1921 1905 1920
f 1905 1906 1907 1908 1909 1910 1911 1912 1913 1914 1915 1916 1917 1918 1919 1920
f 1936 1935 1934 1933 1932 1931 1930 1929 1928 1927 1926 1925 1924 1923 1922 1921
f 1953 1954 1938 1937
f 1954 1955 1939 1938
f 1955 1956 1940 1939
f 1956 1957 1941 1940
f 1957 1958 1942 1941
f 1958 1959 1943 1942
f 1959 1960 1944 1943
f 1960 1961 1945 1944
f 1961 1962 1946 1945
f 1962 1963 1947 1946
f 1963 1964 1948 1947
f 1964 1965 1949 1948
f 1965 1966 1950 1949
f 1966 1967 1951 1950
f 1967 1968 1952 1951
f 1968 1953 1937 1952
f 1937 1938 1939 1940 1941 1942 1943 1944 1945 1946 1947 1948 1949 1950 1951 1952
f 1968 1967 1966 1965 1964 1963 1962 1961 1960 1959 1958 1957 1956 1955 1954 1953
f 1985 1986 1970 1969
f 1986 1987 1971 1970
f 1987 1988 1972 1971
f 1988 1989 1973 1972
f 1989 1990 1974 1973
f 1990 1991 1975 1974
f 1991 1992 1976 1975
f 1992 1993 1977 1976
f 1993 1994 1978 1977
f 1994 1995 1979 1978
f 1995 1996 1980 1979
f 1996 1997 1981 1980
f 1997 1998 1982 1981
f 1998 1999 1983 1982
f 1999 2000 1984 1983
f 2000 1985 1969 1984
f 1969 1970 1971 1972 1973 1974 1975 1976 1977 1978 1979 1980 1981 1982 1983 1984
f 2000 1999 1998 1997 1996 1995 1994 1993 1992 1991 1990 1989 1988 1987 1986 1985
f 2017 2018 2002 2001
f 2018 2019 2003 2002
f 2019 2020 2004 2003
f 2020 2021 2005 2004
f 2021 2022 2006 2005
f 2022 2023 2007 2006
f 2023 2024 2008 2007
f 2024 2025 2009 2008
f 2025 2026 2010 2009
f 2026 2027 2011 2010
f 2027 2028 2012 2011
f 2028 2029 2013 2012
f 2029 2030 2014 2013
f 2030 2031 2015 2014
f 2031 2032 2016 2015
f 2032 2017 2001 2016
f 2001 2002 2003 2004 2005 2006 2007 2008 2009 2010 2011 2012 2013 2014 2015 2016
f 2032 2031 2030 2029 2028 2027 2026 2025 2024 2023 2022 2021 2020 2019 2018 2017
f 2049 2050 2034 2033
f 2050 2051 2035 2034
f 2051 2052 2036 2035
f 2052 2053 2037 2036
f 2053 2054 2038 2037
f 2054 2055 2039 2038
f 2055 2056 2040 2039
f 2056 2057 2041 2040
f 2057 2058 2042 2041
f 2058 2059 2043 2042
f 2059 2060 2044 2043
f 2060 2061 2045 2044
f 2061 2062 2046 2045
f 2062 2063 2047 2046
f 2063 2064 2048 2047
f 2064 2049 2033 2048
f 2033 2034 2035 2036 2037 2038 2039 2040 2041 2042 2043 2044 2045 2046 2047 2048
f 2064 2063 2062 2061 2060 2059 2058 2057 2056 2055 2054 2053 2052 2051 2050 2049
f 2081 2082 2066 2065
f 2082 2083 2067 2066
f 2083 2084 2068 2067
f 2084 2085 2069 2068
f 2085 2086 2070 2069
f 2086 2087 2071 2070
f 2087 2088 2072 2071
f 2088 2089 2073 2072
f 2089 2090 2074 2073
f 2090 2091 2075 2074
f 2091 2092 2076 2075
f 2092 2093 2077 2076
f 2093 2094 2078 2077
f 2094 2095 2079 2078
f 2095 2096 2080 2079
f 2096 2081 2065 2080
f 2065 2066 2067 2068 2069 2070 2071 2072 2073 2074 2075 2076 2077 2078 2079 2080
f 2096 2095 2094 2093 2092 2091 2090 2089 2088 2087 2086 2085 2084 2083 2082 2081
f 2113 2114 2098 2097
f 2114 2115 2099 2098
f 2115 2116 2100 2099
f 2116 2117 2101 2100
f 2117 2118 2102 2101
f 2118 2119 2103 2102
f 2119 2120 2104 2103
f 2120 2121 2105 2104
f 2121 2122 2106 2105
f 2122 2123 2107 2106
f 2123 2124 2108 2107
f 2124 2125 2109 2108
f 2125 2126 2110 2109
f 2126 2127 2111 2110
f 2127 2128 2112 2111
f 2128 2113 2097 2112
f 2097 2098 2099 2100 2101 2102 2103 2104 2105 2106 2107 2108 2109 2110 2111 2112
f 2128 2127 2126 2125 2124 2123 2122 2121 2120 2119 2118 2117 2116 2115 2114 2113
f 2145 2146 2130 2129
f 2146 2147 2131 2130
f 2147 2148 2132 2131
f 2148 2149 2133 2132
f 2149 2150 2134 2133
f 2150 2151 2135 2134
f 2151 2152 2136 2135
f 2152 2153 2137 2136
f 2153 2154 2138 2137
f 2154 2155 2139 2138
f 2155 2156 2140 2139
f 2156 2157 2141 2140
f 2157 2158 2142 2141
f 2158 2159 2143 2142
f 2159 2160 2144 2143
f 2160 2145 2129 2144
f 2129 2130 2131 2132 2133 2134 2135 2136 2137 2138 2139 2140 2141 2142 2143 2144
f 2160 2159 2158 2157 2156 2155 2154 2153 2152 2151 2150 2149 2148 2147 2146 2145
f 2177 2178 2162 2161
f 2178 2179 2163 2162
f 2179 2180 2164 2163
f 2180 2181 2165 2164
f 2181 2182 2166 2165
f 2182 2183 2167 2166
f 2183 2184 2168 2167
f 2184 2185 2169 2168
f 2185 2186 2170 2169
f 2186 2187 2171 2170
f 2187 2188 2172 2171
f 2188 2189 2173 2172
f 2189 2190 2174 2173
f 2190 2191 2175 2174
f 2191 2192 2176 2175
f 2192 2177 2161 2176
f 2161 2162 2163 2164 2165 2166 2167 2168 2169 2170 2171 2172 2173 2174 2175 2176
f 2192 2191 2190 2189 2188 2187 2186 2185 2184 2183 2182 2181 2180 2179 2178 2177
f 2209 2210 2194 2193
f 2210 2211 2195 2194
f 2211 2212 2196 2195
f 2212 2213 2197 2196
f 2213 2214 2198 2197
f 2214 2215 2199 2198
f 2215 2216 2200 2199
f 2216 2217 2201 2200
f 2217 2218 2202 2201
f 2218 2219 2203 2202
f 2219 2220 2204 2203
f 2220 2221 2205 2204
f 2221 2222 2206 2205
f 2222 2223 2207 2206
f 2223 2224 2208 2207
f 2224 2209 2193 2208
f 2193 2194 2195 2196 2197 2198 2199 2200 2201 2202 2203 2204 2205 2206 2207 2208
f 2224 2223 2222 2221 2220 2219 2218 2217 2216 2215 2214 2213 2212 2211 2210 2209
f 2241 2242 2226 2225
f 2242 2243 2227 2226
f 2243 2244 2228 2227
f 2244 2245 2229 2228
f 2245 2246 2230 2229
f 2246 2247 2231 2230
f 2247 2248 2232 2231
f 2248 2249 2233 2232
f 2249 2250 2234 2233
f 2250 2251 2235 2234
f 2251 2252 2236 2235
f 2252 2253 2237 2236
f 2253 2254 2238 2237
f 2254 2255 2239 2238
f 2255 2256 2240 2239
f 2256 2241 2225 2240
f 2225 2226 2227 2228 2229 2230 2231 2232 2233 2234 2235 2236 2237 2238 2239 2240
f 2256 2255 2254 2253 2252 2251 2250 2249 2248 2247 2246 2245 2244 2243 2242 2241
f 2257 2258 2266 2265
f 2258 2259 2267 2266
f 2259 2260 2268 2267
f 2260 2261 2269 2268
f 2261 2262 2270 2269
f 2262 2263 2271 2270
f 2263 2264 2272 2271
f 2264 2257 2265 2272
f 2264 2263 2262 2261 2260 2259 2258 2257
f 2265 2266 2267 2268 2269 2270 2271 2272
o SMALL_SUPPORT_Hazard
usemtl Hazard
v -1.9700 2.4500 0.8000
v -1.9500 2.4500 0.8000
v -1.9700 2.4500 -0.8000
v -1.9500 2.4500 -0.8000
v -1.9700 2.6000 0.8000
v -1.9500 2.6000 0.8000
v -1.9700 2.6000 -0.8000
v -1.9500 2.6000 -0.8000
v -1.9700 0.0000 0.8000
v -1.9500 0.0000 0.8000
v -1.9700 0.0000 -0.8000
v -1.9500 0.0000 -0.8000
v -1.9700 0.1500 0.8000
v -1.9500 0.1500 0.8000
v -1.9700 0.1500 -0.8000
v -1.9500 0.1500 -0.8000
v -1.7500 2.4500 0.8000
v -1.7300 2.4500 0.8000
v -1.7500 2.4500 -0.8000
v -1.7300 2.4500 -0.8000
v -1.7500 2.6000 0.8000
v -1.7300 2.6000 0.8000
v -1.7500 2.6000 -0.8000
v -1.7300 2.6000 -0.8000
v -1.7500 0.0000 0.8000
v -1.7300 0.0000 0.8000
v -1.7500 0.0000 -0.8000
v -1.7300 0.0000 -0.8000
v -1.7500 0.1500 0.8000
v -1.7300 0.1500 0.8000
v -1.7500 0.1500 -0.8000
v -1.7300 0.1500 -0.8000
v 1.7300 2.4500 -2.2000
v 1.7500 2.4500 -2.2000
v 1.7300 2.4500 -3.8000
v 1.7500 2.4500 -3.8000
v 1.7300 2.6000 -2.2000
v 1.7500 2.6000 -2.2000
v 1.7300 2.6000 -3.8000
v 1.7500 2.6000 -3.8000
v 1.7300 0.0000 -2.2000
v 1.7500 0.0000 -2.2000
v 1.7300 0.0000 -3.8000
v 1.7500 0.0000 -3.8000
v 1.7300 0.1500 -2.2000
v 1.7500 0.1500 -2.2000
v 1.7300 0.1500 -3.8000
v 1.7500 0.1500 -3.8000
v 1.9500 2.4500 -2.2000
v 1.9700 2.4500 -2.2000
v 1.9500 2.4500 -3.8000
v 1.9700 2.4500 -3.8000
v 1.9500 2.6000 -2.2000
v 1.9700 2.6000 -2.2000
v 1.9500 2.6000 -3.8000
v 1.9700 2.6000 -3.8000
v 1.9500 0.0000 -2.2000
v 1.9700 0.0000 -2.2000
v 1.9500 0.0000 -3.8000
v 1.9700 0.0000 -3.8000
v 1.9500 0.1500 -2.2000
v 1.9700 0.1500 -2.2000
v 1.9500 0.1500 -3.8000
v 1.9700 0.1500 -3.8000
v -5.5500 2.2500 -4.8800
v -3.9500 2.2500 -4.8800
v -5.5500 2.2500 -4.9000
v -3.9500 2.2500 -4.9000
v -5.5500 2.4000 -4.8800
v -3.9500 2.4000 -4.8800
v -5.5500 2.4000 -4.9000
v -3.9500 2.4000 -4.9000
v -5.5500 0.0000 -4.8800
v -3.9500 0.0000 -4.8800
v -5.5500 0.0000 -4.9000
v -3.9500 0.0000 -4.9000
v -5.5500 0.1500 -4.8800
v -3.9500 0.1500 -4.8800
v -5.5500 0.1500 -4.9000
v -3.9500 0.1500 -4.9000
v -5.5500 2.2500 -5.1000
v -3.9500 2.2500 -5.1000
v -5.5500 2.2500 -5.1200
v -3.9500 2.2500 -5.1200
v -5.5500 2.4000 -5.1000
v -3.9500 2.4000 -5.1000
v -5.5500 2.4000 -5.1200
v -3.9500 2.4000 -5.1200
v -5.5500 0.0000 -5.1000
v -3.9500 0.0000 -5.1000
v -5.5500 0.0000 -5.1200
v -3.9500 0.0000 -5.1200
v -5.5500 0.1500 -5.1000
v -3.9500 0.1500 -5.1000
v -5.5500 0.1500 -5.1200
v -3.9500 0.1500 -5.1200
v 3.9500 2.2500 -4.8800
v 5.5500 2.2500 -4.8800
v 3.9500 2.2500 -4.9000
v 5.5500 2.2500 -4.9000
v 3.9500 2.4000 -4.8800
v 5.5500 2.4000 -4.8800
v 3.9500 2.4000 -4.9000
v 5.5500 2.4000 -4.9000
v 3.9500 0.0000 -4.8800
v 5.5500 0.0000 -4.8800
v 3.9500 0.0000 -4.9000
v 5.5500 0.0000 -4.9000
v 3.9500 0.1500 -4.8800
v 5.5500 0.1500 -4.8800
v 3.9500 0.1500 -4.9000
v 5.5500 0.1500 -4.9000
v 3.9500 2.2500 -5.1000
v 5.5500 2.2500 -5.1000
v 3.9500 2.2500 -5.1200
v 5.5500 2.2500 -5.1200
v 3.9500 2.4000 -5.1000
v 5.5500 2.4000 -5.1000
v 3.9500 2.4000 -5.1200
v 5.5500 2.4000 -5.1200
v 3.9500 0.0000 -5.1000
v 5.5500 0.0000 -5.1000
v 3.9500 0.0000 -5.1200
v 5.5500 0.0000 -5.1200
v 3.9500 0.1500 -5.1000
v 5.5500 0.1500 -5.1000
v 3.9500 0.1500 -5.1200
v 5.5500 0.1500 -5.1200
v -8.3000 -0.4000 -8.6000
v -8.2500 -0.4000 -8.6000
v -8.3000 -0.4000 -9.0000
v -8.2500 -0.4000 -9.0000
v -8.3000 3.0000 -8.6000
v -8.2500 3.0000 -8.6000
v -8.3000 3.0000 -9.0000
v -8.2500 3.0000 -9.0000
v -8.3000 -0.4000 -11.0000
v -8.2500 -0.4000 -11.0000
v -8.3000 -0.4000 -11.4000
v -8.2500 -0.4000 -11.4000
v -8.3000 3.0000 -11.0000
v -8.2500 3.0000 -11.0000
v -8.3000 3.0000 -11.4000
v -8.2500 3.0000 -11.4000
v 8.2500 -0.4000 -8.6000
v 8.3000 -0.4000 -8.6000
v 8.2500 -0.4000 -9.0000
v 8.3000 -0.4000 -9.0000
v 8.2500 3.0000 -8.6000
v 8.3000 3.0000 -8.6000
v 8.2500 3.0000 -9.0000
v 8.3000 3.0000 -9.0000
v 8.2500 -0.4000 -11.0000
v 8.3000 -0.4000 -11.0000
v 8.2500 -0.4000 -11.4000
v 8.3000 -0.4000 -11.4000
v 8.2500 3.0000 -11.0000
v 8.3000 3.0000 -11.0000
v 8.2500 3.0000 -11.4000
v 8.3000 3.0000 -11.4000
v 7.4500 -0.3000 24.2000
v 8.0000 -0.3000 24.2000
v 7.4500 -0.3000 15.8000
v 8.0000 -0.3000 15.8000
v 7.4500 0.2000 24.2000
v 8.0000 0.2000 24.2000
v 7.4500 0.2000 15.8000
v 8.0000 0.2000 15.8000
v -5.2000 0.0000 23.2000
v 5.2000 0.0000 23.2000
v -5.2000 0.0000 23.0000
v 5.2000 0.0000 23.0000
v -5.2000 0.0200 23.2000
v 5.2000 0.0200 23.2000
v -5.2000 0.0200 23.0000
v 5.2000 0.0200 23.0000
v -5.2000 0.0000 17.0000
v 5.2000 0.0000 17.0000
v -5.2000 0.0000 16.8000
v 5.2000 0.0000 16.8000
v -5.2000 0.0200 17.0000
v 5.2000 0.0200 17.0000
v -5.2000 0.0200 16.8000
v 5.2000 0.0200 16.8000
v -5.2000 0.0000 23.2000
v -5.0000 0.0000 23.2000
v -5.2000 0.0000 16.8000
v -5.0000 0.0000 16.8000
v -5.2000 0.0200 23.2000
v -5.0000 0.0200 23.2000
v -5.2000 0.0200 16.8000
v -5.0000 0.0200 16.8000
v 5.0000 0.0000 23.2000
v 5.2000 0.0000 23.2000
v 5.0000 0.0000 16.8000
v 5.2000 0.0000 16.8000
v 5.0000 0.0200 23.2000
v 5.2000 0.0200 23.2000
v 5.0000 0.0200 16.8000
v 5.2000 0.0200 16.8000
v 6.8000 0.0000 -16.7000
v 6.9500 0.0000 -16.7000
v 6.8000 0.0000 -16.9000
v 6.9500 0.0000 -16.9000
v 6.8000 2.4000 -16.7000
v 6.9500 2.4000 -16.7000
v 6.8000 2.4000 -16.9000
v 6.9500 2.4000 -16.9000
v 6.8000 0.0000 -18.3000
v 6.9500 0.0000 -18.3000
v 6.8000 0.0000 -18.5000
v 6.9500 0.0000 -18.5000
v 6.8000 2.4000 -18.3000
v 6.9500 2.4000 -18.3000
v 6.8000 2.4000 -18.5000
v 6.9500 2.4000 -18.5000
v 6.8000 2.2000 -16.7000
v 6.9500 2.2000 -16.7000
v 6.8000 2.2000 -18.5000
v 6.9500 2.2000 -18.5000
v 6.8000 2.4000 -16.7000
v 6.9500 2.4000 -16.7000
v 6.8000 2.4000 -18.5000
v 6.9500 2.4000 -18.5000
v 6.8000 0.0000 -21.5000
v 6.9500 0.0000 -21.5000
v 6.8000 0.0000 -21.7000
v 6.9500 0.0000 -21.7000
v 6.8000 2.4000 -21.5000
v 6.9500 2.4000 -21.5000
v 6.8000 2.4000 -21.7000
v 6.9500 2.4000 -21.7000
v 6.8000 0.0000 -23.1000
v 6.9500 0.0000 -23.1000
v 6.8000 0.0000 -23.3000
v 6.9500 0.0000 -23.3000
v 6.8000 2.4000 -23.1000
v 6.9500 2.4000 -23.1000
v 6.8000 2.4000 -23.3000
v 6.9500 2.4000 -23.3000
v 6.8000 2.2000 -21.5000
v 6.9500 2.2000 -21.5000
v 6.8000 2.2000 -23.3000
v 6.9500 2.2000 -23.3000
v 6.8000 2.4000 -21.5000
v 6.9500 2.4000 -21.5000
v 6.8000 2.4000 -23.3000
v 6.9500 2.4000 -23.3000
v -7.6000 -4.1500 10.8500
v -7.4500 -4.1500 10.8500
v -7.6000 -4.1500 10.6000
v -7.4500 -4.1500 10.6000
v -7.6000 -0.7000 10.8500
v -7.4500 -0.7000 10.8500
v -7.6000 -0.7000 10.6000
v -7.4500 -0.7000 10.6000
v -7.6000 -4.1500 7.4000
v -7.4500 -4.1500 7.4000
v -7.6000 -4.1500 7.1500
v -7.4500 -4.1500 7.1500
v -7.6000 -0.7000 7.4000
v -7.4500 -0.7000 7.4000
v -7.6000 -0.7000 7.1500
v -7.4500 -0.7000 7.1500
v -7.6000 -4.1500 10.6000
v -7.4500 -4.1500 10.6000
v -7.6000 -4.1500 7.4000
v -7.4500 -4.1500 7.4000
v -7.6000 -3.9000 10.6000
v -7.4500 -3.9000 10.6000
v -7.6000 -3.9000 7.4000
v -7.4500 -3.9000 7.4000
v 7.4500 -4.1500 7.2500
v 7.6000 -4.1500 7.2500
v 7.4500 -4.1500 7.0000
v 7.6000 -4.1500 7.0000
v 7.4500 -0.7000 7.2500
v 7.6000 -0.7000 7.2500
v 7.4500 -0.7000 7.0000
v 7.6000 -0.7000 7.0000
v 7.4500 -4.1500 3.8000
v 7.6000 -4.1500 3.8000
v 7.4500 -4.1500 3.5500
v 7.6000 -4.1500 3.5500
v 7.4500 -0.7000 3.8000
v 7.6000 -0.7000 3.8000
v 7.4500 -0.7000 3.5500
v 7.6000 -0.7000 3.5500
v 7.4500 -4.1500 7.0000
v 7.6000 -4.1500 7.0000
v 7.4500 -4.1500 3.8000
v 7.6000 -4.1500 3.8000
v 7.4500 -3.9000 7.0000
v 7.6000 -3.9000 7.0000
v 7.4500 -3.9000 3.8000
v 7.6000 -3.9000 3.8000
v -7.6000 -4.1500 3.6500
v -7.4500 -4.1500 3.6500
v -7.6000 -4.1500 3.4000
v -7.4500 -4.1500 3.4000
v -7.6000 -0.7000 3.6500
v -7.4500 -0.7000 3.6500
v -7.6000 -0.7000 3.4000
v -7.4500 -0.7000 3.4000
v -7.6000 -4.1500 0.2000
v -7.4500 -4.1500 0.2000
v -7.6000 -4.1500 -0.0500
v -7.4500 -4.1500 -0.0500
v -7.6000 -0.7000 0.2000
v -7.4500 -0.7000 0.2000
v -7.6000 -0.7000 -0.0500
v -7.4500 -0.7000 -0.0500
v -7.6000 -4.1500 3.4000
v -7.4500 -4.1500 3.4000
v -7.6000 -4.1500 0.2000
v -7.4500 -4.1500 0.2000
v -7.6000 -3.9000 3.4000
v -7.4500 -3.9000 3.4000
v -7.6000 -3.9000 0.2000
v -7.4500 -3.9000 0.2000
v 7.4500 -4.1500 0.0500
v 7.6000 -4.1500 0.0500
v 7.4500 -4.1500 -0.2000
v 7.6000 -4.1500 -0.2000
v 7.4500 -0.7000 0.0500
v 7.6000 -0.7000 0.0500
v 7.4500 -0.7000 -0.2000
v 7.6000 -0.7000 -0.2000
v 7.4500 -4.1500 -3.4000
v 7.6000 -4.1500 -3.4000
v 7.4500 -4.1500 -3.6500
v 7.6000 -4.1500 -3.6500
v 7.4500 -0.7000 -3.4000
v 7.6000 -0.7000 -3.4000
v 7.4500 -0.7000 -3.6500
v 7.6000 -0.7000 -3.6500
v 7.4500 -4.1500 -0.2000
v 7.6000 -4.1500 -0.2000
v 7.4500 -4.1500 -3.4000
v 7.6000 -4.1500 -3.4000
v 7.4500 -3.9000 -0.2000
v 7.6000 -3.9000 -0.2000
v 7.4500 -3.9000 -3.4000
v 7.6000 -3.9000 -3.4000
v -7.6000 -4.1500 -3.5500
v -7.4500 -4.1500 -3.5500
v -7.6000 -4.1500 -3.8000
v -7.4500 -4.1500 -3.8000
v -7.6000 -0.7000 -3.5500
v -7.4500 -0.7000 -3.5500
v -7.6000 -0.7000 -3.8000
v -7.4500 -0.7000 -3.8000
v -7.6000 -4.1500 -7.0000
v -7.4500 -4.1500 -7.0000
v -7.6000 -4.1500 -7.2500
v -7.4500 -4.1500 -7.2500
v -7.6000 -0.7000 -7.0000
v -7.4500 -0.7000 -7.0000
v -7.6000 -0.7000 -7.2500
v -7.4500 -0.7000 -7.2500
v -7.6000 -4.1500 -3.8000
v -7.4500 -4.1500 -3.8000
v -7.6000 -4.1500 -7.0000
v -7.4500 -4.1500 -7.0000
v -7.6000 -3.9000 -3.8000
v -7.4500 -3.9000 -3.8000
v -7.6000 -3.9000 -7.0000
v -7.4500 -3.9000 -7.0000
v 7.4500 -4.1500 -7.1500
v 7.6000 -4.1500 -7.1500
v 7.4500 -4.1500 -7.4000
v 7.6000 -4.1500 -7.4000
v 7.4500 -0.7000 -7.1500
v 7.6000 -0.7000 -7.1500
v 7.4500 -0.7000 -7.4000
v 7.6000 -0.7000 -7.4000
v 7.4500 -4.1500 -10.6000
v 7.6000 -4.1500 -10.6000
v 7.4500 -4.1500 -10.8500
v 7.6000 -4.1500 -10.8500
v 7.4500 -0.7000 -10.6000
v 7.6000 -0.7000 -10.6000
v 7.4500 -0.7000 -10.8500
v 7.6000 -0.7000 -10.8500
v 7.4500 -4.1500 -7.4000
v 7.6000 -4.1500 -7.4000
v 7.4500 -4.1500 -10.6000
v 7.6000 -4.1500 -10.6000
v 7.4500 -3.9000 -7.4000
v 7.6000 -3.9000 -7.4000
v 7.4500 -3.9000 -10.6000
v 7.6000 -3.9000 -10.6000
f 2277 2279 2275 2273
f 2274 2276 2280 2278
f 2273 2274 2278 2277
f 2279 2280 2276 2275
f 2275 2276 2274 2273
f 2277 2278 2280 2279
f 2285 2287 2283 2281
f 2282 2284 2288 2286
f 2281 2282 2286 2285
f 2287 2288 2284 2283
f 2283 2284 2282 2281
f 2285 2286 2288 2287
f 2293 2295 2291 2289
f 2290 2292 2296 2294
f 2289 2290 2294 2293
f 2295 2296 2292 2291
f 2291 2292 2290 2289
f 2293 2294 2296 2295
f 2301 2303 2299 2297
f 2298 2300 2304 2302
f 2297 2298 2302 2301
f 2303 2304 2300 2299
f 2299 2300 2298 2297
f 2301 2302 2304 2303
f 2309 2311 2307 2305
f 2306 2308 2312 2310
f 2305 2306 2310 2309
f 2311 2312 2308 2307
f 2307 2308 2306 2305
f 2309 2310 2312 2311
f 2317 2319 2315 2313
f 2314 2316 2320 2318
f 2313 2314 2318 2317
f 2319 2320 2316 2315
f 2315 2316 2314 2313
f 2317 2318 2320 2319
f 2325 2327 2323 2321
f 2322 2324 2328 2326
f 2321 2322 2326 2325
f 2327 2328 2324 2323
f 2323 2324 2322 2321
f 2325 2326 2328 2327
f 2333 2335 2331 2329
f 2330 2332 2336 2334
f 2329 2330 2334 2333
f 2335 2336 2332 2331
f 2331 2332 2330 2329
f 2333 2334 2336 2335
f 2341 2343 2339 2337
f 2338 2340 2344 2342
f 2337 2338 2342 2341
f 2343 2344 2340 2339
f 2339 2340 2338 2337
f 2341 2342 2344 2343
f 2349 2351 2347 2345
f 2346 2348 2352 2350
f 2345 2346 2350 2349
f 2351 2352 2348 2347
f 2347 2348 2346 2345
f 2349 2350 2352 2351
f 2357 2359 2355 2353
f 2354 2356 2360 2358
f 2353 2354 2358 2357
f 2359 2360 2356 2355
f 2355 2356 2354 2353
f 2357 2358 2360 2359
f 2365 2367 2363 2361
f 2362 2364 2368 2366
f 2361 2362 2366 2365
f 2367 2368 2364 2363
f 2363 2364 2362 2361
f 2365 2366 2368 2367
f 2373 2375 2371 2369
f 2370 2372 2376 2374
f 2369 2370 2374 2373
f 2375 2376 2372 2371
f 2371 2372 2370 2369
f 2373 2374 2376 2375
f 2381 2383 2379 2377
f 2378 2380 2384 2382
f 2377 2378 2382 2381
f 2383 2384 2380 2379
f 2379 2380 2378 2377
f 2381 2382 2384 2383
f 2389 2391 2387 2385
f 2386 2388 2392 2390
f 2385 2386 2390 2389
f 2391 2392 2388 2387
f 2387 2388 2386 2385
f 2389 2390 2392 2391
f 2397 2399 2395 2393
f 2394 2396 2400 2398
f 2393 2394 2398 2397
f 2399 2400 2396 2395
f 2395 2396 2394 2393
f 2397 2398 2400 2399
f 2405 2407 2403 2401
f 2402 2404 2408 2406
f 2401 2402 2406 2405
f 2407 2408 2404 2403
f 2403 2404 2402 2401
f 2405 2406 2408 2407
f 2413 2415 2411 2409
f 2410 2412 2416 2414
f 2409 2410 2414 2413
f 2415 2416 2412 2411
f 2411 2412 2410 2409
f 2413 2414 2416 2415
f 2421 2423 2419 2417
f 2418 2420 2424 2422
f 2417 2418 2422 2421
f 2423 2424 2420 2419
f 2419 2420 2418 2417
f 2421 2422 2424 2423
f 2429 2431 2427 2425
f 2426 2428 2432 2430
f 2425 2426 2430 2429
f 2431 2432 2428 2427
f 2427 2428 2426 2425
f 2429 2430 2432 2431
f 2437 2439 2435 2433
f 2434 2436 2440 2438
f 2433 2434 2438 2437
f 2439 2440 2436 2435
f 2435 2436 2434 2433
f 2437 2438 2440 2439
f 2445 2447 2443 2441
f 2442 2444 2448 2446
f 2441 2442 2446 2445
f 2447 2448 2444 2443
f 2443 2444 2442 2441
f 2445 2446 2448 2447
f 2453 2455 2451 2449
f 2450 2452 2456 2454
f 2449 2450 2454 2453
f 2455 2456 2452 2451
f 2451 2452 2450 2449
f 2453 2454 2456 2455
f 2461 2463 2459 2457
f 2458 2460 2464 2462
f 2457 2458 2462 2461
f 2463 2464 2460 2459
f 2459 2460 2458 2457
f 2461 2462 2464 2463
f 2469 2471 2467 2465
f 2466 2468 2472 2470
f 2465 2466 2470 2469
f 2471 2472 2468 2467
f 2467 2468 2466 2465
f 2469 2470 2472 2471
f 2477 2479 2475 2473
f 2474 2476 2480 2478
f 2473 2474 2478 2477
f 2479 2480 2476 2475
f 2475 2476 2474 2473
f 2477 2478 2480 2479
f 2485 2487 2483 2481
f 2482 2484 2488 2486
f 2481 2482 2486 2485
f 2487 2488 2484 2483
f 2483 2484 2482 2481
f 2485 2486 2488 2487
f 2493 2495 2491 2489
f 2490 2492 2496 2494
f 2489 2490 2494 2493
f 2495 2496 2492 2491
f 2491 2492 2490 2489
f 2493 2494 2496 2495
f 2501 2503 2499 2497
f 2498 2500 2504 2502
f 2497 2498 2502 2501
f 2503 2504 2500 2499
f 2499 2500 2498 2497
f 2501 2502 2504 2503
f 2509 2511 2507 2505
f 2506 2508 2512 2510
f 2505 2506 2510 2509
f 2511 2512 2508 2507
f 2507 2508 2506 2505
f 2509 2510 2512 2511
f 2517 2519 2515 2513
f 2514 2516 2520 2518
f 2513 2514 2518 2517
f 2519 2520 2516 2515
f 2515 2516 2514 2513
f 2517 2518 2520 2519
f 2525 2527 2523 2521
f 2522 2524 2528 2526
f 2521 2522 2526 2525
f 2527 2528 2524 2523
f 2523 2524 2522 2521
f 2525 2526 2528 2527
f 2533 2535 2531 2529
f 2530 2532 2536 2534
f 2529 2530 2534 2533
f 2535 2536 2532 2531
f 2531 2532 2530 2529
f 2533 2534 2536 2535
f 2541 2543 2539 2537
f 2538 2540 2544 2542
f 2537 2538 2542 2541
f 2543 2544 2540 2539
f 2539 2540 2538 2537
f 2541 2542 2544 2543
f 2549 2551 2547 2545
f 2546 2548 2552 2550
f 2545 2546 2550 2549
f 2551 2552 2548 2547
f 2547 2548 2546 2545
f 2549 2550 2552 2551
f 2557 2559 2555 2553
f 2554 2556 2560 2558
f 2553 2554 2558 2557
f 2559 2560 2556 2555
f 2555 2556 2554 2553
f 2557 2558 2560 2559
f 2565 2567 2563 2561
f 2562 2564 2568 2566
f 2561 2562 2566 2565
f 2567 2568 2564 2563
f 2563 2564 2562 2561
f 2565 2566 2568 2567
f 2573 2575 2571 2569
f 2570 2572 2576 2574
f 2569 2570 2574 2573
f 2575 2576 2572 2571
f 2571 2572 2570 2569
f 2573 2574 2576 2575
f 2581 2583 2579 2577
f 2578 2580 2584 2582
f 2577 2578 2582 2581
f 2583 2584 2580 2579
f 2579 2580 2578 2577
f 2581 2582 2584 2583
f 2589 2591 2587 2585
f 2586 2588 2592 2590
f 2585 2586 2590 2589
f 2591 2592 2588 2587
f 2587 2588 2586 2585
f 2589 2590 2592 2591
f 2597 2599 2595 2593
f 2594 2596 2600 2598
f 2593 2594 2598 2597
f 2599 2600 2596 2595
f 2595 2596 2594 2593
f 2597 2598 2600 2599
f 2605 2607 2603 2601
f 2602 2604 2608 2606
f 2601 2602 2606 2605
f 2607 2608 2604 2603
f 2603 2604 2602 2601
f 2605 2606 2608 2607
f 2613 2615 2611 2609
f 2610 2612 2616 2614
f 2609 2610 2614 2613
f 2615 2616 2612 2611
f 2611 2612 2610 2609
f 2613 2614 2616 2615
f 2621 2623 2619 2617
f 2618 2620 2624 2622
f 2617 2618 2622 2621
f 2623 2624 2620 2619
f 2619 2620 2618 2617
f 2621 2622 2624 2623
f 2629 2631 2627 2625
f 2626 2628 2632 2630
f 2625 2626 2630 2629
f 2631 2632 2628 2627
f 2627 2628 2626 2625
f 2629 2630 2632 2631
f 2637 2639 2635 2633
f 2634 2636 2640 2638
f 2633 2634 2638 2637
f 2639 2640 2636 2635
f 2635 2636 2634 2633
f 2637 2638 2640 2639
f 2645 2647 2643 2641
f 2642 2644 2648 2646
f 2641 2642 2646 2645
f 2647 2648 2644 2643
f 2643 2644 2642 2641
f 2645 2646 2648 2647
f 2653 2655 2651 2649
f 2650 2652 2656 2654
f 2649 2650 2654 2653
f 2655 2656 2652 2651
f 2651 2652 2650 2649
f 2653 2654 2656 2655
f 2661 2663 2659 2657
f 2658 2660 2664 2662
f 2657 2658 2662 2661
f 2663 2664 2660 2659
f 2659 2660 2658 2657
f 2661 2662 2664 2663
o SMALL_SUPPORT_Lights
usemtl Lights
v -0.3000 3.6200 13.5000
v 0.3000 3.6200 13.5000
v -0.3000 3.6200 6.5000
v 0.3000 3.6200 6.5000
v -0.3000 3.7000 13.5000
v 0.3000 3.7000 13.5000
v -0.3000 3.7000 6.5000
v 0.3000 3.7000 6.5000
v -0.3000 3.6200 3.5000
v 0.3000 3.6200 3.5000
v -0.3000 3.6200 -3.5000
v 0.3000 3.6200 -3.5000
v -0.3000 3.7000 3.5000
v 0.3000 3.7000 3.5000
v -0.3000 3.7000 -3.5000
v 0.3000 3.7000 -3.5000
v -0.3000 3.6200 -6.5000
v 0.3000 3.6200 -6.5000
v -0.3000 3.6200 -13.5000
v 0.3000 3.6200 -13.5000
v -0.3000 3.7000 -6.5000
v 0.3000 3.7000 -6.5000
v -0.3000 3.7000 -13.5000
v 0.3000 3.7000 -13.5000
v -0.3000 3.6200 -16.5000
v 0.3000 3.6200 -16.5000
v -0.3000 3.6200 -23.5000
v 0.3000 3.6200 -23.5000
v -0.3000 3.7000 -16.5000
v 0.3000 3.7000 -16.5000
v -0.3000 3.7000 -23.5000
v 0.3000 3.7000 -23.5000
v -8.3000 2.7000 -9.0000
v -8.2500 2.7000 -9.0000
v -8.3000 2.7000 -11.0000
v -8.2500 2.7000 -11.0000
v -8.3000 2.9000 -9.0000
v -8.2500 2.9000 -9.0000
v -8.3000 2.9000 -11.0000
v -8.2500 2.9000 -11.0000
v 8.2500 2.7000 -9.0000
v 8.3000 2.7000 -9.0000
v 8.2500 2.7000 -11.0000
v 8.3000 2.7000 -11.0000
v 8.2500 2.9000 -9.0000
v 8.3000 2.9000 -9.0000
v 8.2500 2.9000 -11.0000
v 8.3000 2.9000 -11.0000
v -2.0000 3.6200 -26.5000
v 2.0000 3.6200 -26.5000
v -2.0000 3.6200 -33.5000
v 2.0000 3.6200 -33.5000
v -2.0000 3.7000 -26.5000
v 2.0000 3.7000 -26.5000
v -2.0000 3.7000 -33.5000
v 2.0000 3.7000 -33.5000
v 7.9500 3.7500 23.8000
v 8.0500 3.7500 23.8000
v 7.9500 3.7500 16.2000
v 8.0500 3.7500 16.2000
v 7.9500 3.9000 23.8000
v 8.0500 3.9000 23.8000
v 7.9500 3.9000 16.2000
v 8.0500 3.9000 16.2000
v -3.0000 3.6200 20.3000
v 3.0000 3.6200 20.3000
v -3.0000 3.6200 19.7000
v 3.0000 3.6200 19.7000
v -3.0000 3.7000 20.3000
v 3.0000 3.7000 20.3000
v -3.0000 3.7000 19.7000
v 3.0000 3.7000 19.7000
v 1.3800 1.7000 13.4000
v 1.4000 1.7000 13.4000
v 1.3800 1.7000 12.4000
v 1.4000 1.7000 12.4000
v 1.3800 1.8500 13.4000
v 1.4000 1.8500 13.4000
v 1.3800 1.8500 12.4000
v 1.4000 1.8500 12.4000
v 1.3800 1.7000 -6.6000
v 1.4000 1.7000 -6.6000
v 1.3800 1.7000 -7.6000
v 1.4000 1.7000 -7.6000
v 1.3800 1.8500 -6.6000
v 1.4000 1.8500 -6.6000
v 1.3800 1.8500 -7.6000
v 1.4000 1.8500 -7.6000
v -2.5500 1.2000 7.6000
v -2.5000 1.2000 7.6000
v -2.5500 1.2000 6.6000
v -2.5000 1.2000 6.6000
v -2.5500 1.6000 7.6000
v -2.5000 1.6000 7.6000
v -2.5500 1.6000 6.6000
v -2.5000 1.6000 6.6000
v -2.6610 5.6000 -30.3000
v 2.6610 5.6000 -30.3000
v -2.6610 5.6000 -30.6000
v 2.6610 5.6000 -30.6000
v -2.6610 5.8000 -30.3000
v 2.6610 5.8000 -30.3000
v -2.6610 5.8000 -30.6000
v 2.6610 5.8000 -30.6000
f 2669 2671 2667 2665
f 2666 2668 2672 2670
f 2665 2666 2670 2669
f 2671 2672 2668 2667
f 2667 2668 2666 2665
f 2669 2670 2672 2671
f 2677 2679 2675 2673
f 2674 2676 2680 2678
f 2673 2674 2678 2677
f 2679 2680 2676 2675
f 2675 2676 2674 2673
f 2677 2678 2680 2679
f 2685 2687 2683 2681
f 2682 2684 2688 2686
f 2681 2682 2686 2685
f 2687 2688 2684 2683
f 2683 2684 2682 2681
f 2685 2686 2688 2687
f 2693 2695 2691 2689
f 2690 2692 2696 2694
f 2689 2690 2694 2693
f 2695 2696 2692 2691
f 2691 2692 2690 2689
f 2693 2694 2696 2695
f 2701 2703 2699 2697
f 2698 2700 2704 2702
f 2697 2698 2702 2701
f 2703 2704 2700 2699
f 2699 2700 2698 2697
f 2701 2702 2704 2703
f 2709 2711 2707 2705
f 2706 2708 2712 2710
f 2705 2706 2710 2709
f 2711 2712 2708 2707
f 2707 2708 2706 2705
f 2709 2710 2712 2711
f 2717 2719 2715 2713
f 2714 2716 2720 2718
f 2713 2714 2718 2717
f 2719 2720 2716 2715
f 2715 2716 2714 2713
f 2717 2718 2720 2719
f 2725 2727 2723 2721
f 2722 2724 2728 2726
f 2721 2722 2726 2725
f 2727 2728 2724 2723
f 2723 2724 2722 2721
f 2725 2726 2728 2727
f 2733 2735 2731 2729
f 2730 2732 2736 2734
f 2729 2730 2734 2733
f 2735 2736 2732 2731
f 2731 2732 2730 2729
f 2733 2734 2736 2735
f 2741 2743 2739 2737
f 2738 2740 2744 2742
f 2737 2738 2742 2741
f 2743 2744 2740 2739
f 2739 2740 2738 2737
f 2741 2742 2744 2743
f 2749 2751 2747 2745
f 2746 2748 2752 2750
f 2745 2746 2750 2749
f 2751 2752 2748 2747
f 2747 2748 2746 2745
f 2749 2750 2752 2751
f 2757 2759 2755 2753
f 2754 2756 2760 2758
f 2753 2754 2758 2757
f 2759 2760 2756 2755
f 2755 2756 2754 2753
f 2757 2758 2760 2759
f 2765 2767 2763 2761
f 2762 2764 2768 2766
f 2761 2762 2766 2765
f 2767 2768 2764 2763
f 2763 2764 2762 2761
f 2765 2766 2768 2767
o SMALL_SUPPORT_Glass-col
usemtl Glass
v -4.9500 1.4000 -35.2000
v 4.9500 1.4000 -35.2000
v -4.9500 1.4000 -35.2800
v 4.9500 1.4000 -35.2800
v -4.9500 2.8000 -35.2000
v 4.9500 2.8000 -35.2000
v -4.9500 2.8000 -35.2800
v 4.9500 2.8000 -35.2800
f 2773 2775 2771 2769
f 2770 2772 2776 2774
f 2769 2770 2774 2773
f 2775 2776 2772 2771
f 2771 2772 2770 2769
f 2773 2774 2776 2775
o SMALL_SUPPORT_Cover-col
usemtl Cover
v -4.1000 0.0000 -32.4000
v -1.9000 0.0000 -32.4000
v -4.1000 0.0000 -33.2000
v -1.9000 0.0000 -33.2000
v -4.1000 1.1000 -32.4000
v -1.9000 1.1000 -32.4000
v -4.1000 1.1000 -33.2000
v -1.9000 1.1000 -33.2000
v -1.1000 0.0000 -32.4000
v 1.1000 0.0000 -32.4000
v -1.1000 0.0000 -33.2000
v 1.1000 0.0000 -33.2000
v -1.1000 1.1000 -32.4000
v 1.1000 1.1000 -32.4000
v -1.1000 1.1000 -33.2000
v 1.1000 1.1000 -33.2000
v 1.9000 0.0000 -32.4000
v 4.1000 0.0000 -32.4000
v 1.9000 0.0000 -33.2000
v 4.1000 0.0000 -33.2000
v 1.9000 1.1000 -32.4000
v 4.1000 1.1000 -32.4000
v 1.9000 1.1000 -33.2000
v 4.1000 1.1000 -33.2000
v -2.5000 0.0000 -28.0000
v 2.5000 0.0000 -28.0000
v -2.5000 0.0000 -29.0000
v 2.5000 0.0000 -29.0000
v -2.5000 1.0000 -28.0000
v 2.5000 1.0000 -28.0000
v -2.5000 1.0000 -29.0000
v 2.5000 1.0000 -29.0000
v -6.5506 0.0000 22.3170
v -5.1718 0.0000 22.3170
v -6.5506 0.0000 20.9383
v -5.1718 0.0000 20.9383
v -6.5506 1.3788 22.3170
v -5.1718 1.3788 22.3170
v -6.5506 1.3788 20.9383
v -5.1718 1.3788 20.9383
v -6.4705 0.0000 19.0665
v -5.1432 0.0000 19.0665
v -6.4705 0.0000 17.7392
v -5.1432 0.0000 17.7392
v -6.4705 1.3273 19.0665
v -5.1432 1.3273 19.0665
v -6.4705 1.3273 17.7392
v -5.1432 1.3273 17.7392
f 2781 2783 2779 2777
f 2778 2780 2784 2782
f 2777 2778 2782 2781
f 2783 2784 2780 2779
f 2779 2780 2778 2777
f 2781 2782 2784 2783
f 2789 2791 2787 2785
f 2786 2788 2792 2790
f 2785 2786 2790 2789
f 2791 2792 2788 2787
f 2787 2788 2786 2785
f 2789 2790 2792 2791
f 2797 2799 2795 2793
f 2794 2796 2800 2798
f 2793 2794 2798 2797
f 2799 2800 2796 2795
f 2795 2796 2794 2793
f 2797 2798 2800 2799
f 2805 2807 2803 2801
f 2802 2804 2808 2806
f 2801 2802 2806 2805
f 2807 2808 2804 2803
f 2803 2804 2802 2801
f 2805 2806 2808 2807
f 2813 2815 2811 2809
f 2810 2812 2816 2814
f 2809 2810 2814 2813
f 2815 2816 2812 2811
f 2811 2812 2810 2809
f 2813 2814 2816 2815
f 2821 2823 2819 2817
f 2818 2820 2824 2822
f 2817 2818 2822 2821
f 2823 2824 2820 2819
f 2819 2820 2818 2817
f 2821 2822 2824 2823
o SMALL_SUPPORT_Engines
usemtl Engine
v -1.4000 -1.7050 -43.1000
v 1.4000 -1.7050 -43.1000
v -1.4000 -1.7050 -43.8000
v 1.4000 -1.7050 -43.8000
v -1.4000 0.2550 -43.1000
v 1.4000 0.2550 -43.1000
v -1.4000 0.2550 -43.8000
v 1.4000 0.2550 -43.8000
v -7.1500 -0.7000 38.5000
v 7.1500 -0.7000 38.5000
v -7.1500 -0.7000 35.5000
v 7.1500 -0.7000 35.5000
v -7.1500 4.0000 38.5000
v 7.1500 4.0000 38.5000
v -7.1500 4.0000 35.5000
v 7.1500 4.0000 35.5000
v -2.9807 1.6500 41.0000
v -3.1166 2.3335 41.0000
v -3.5038 2.9129 41.0000
v -4.0832 3.3000 41.0000
v -4.7667 3.4360 41.0000
v -5.4501 3.3000 41.0000
v -6.0296 2.9129 41.0000
v -6.4167 2.3335 41.0000
v -6.5527 1.6500 41.0000
v -6.4167 0.9665 41.0000
v -6.0296 0.3871 41.0000
v -5.4501 -0.0000 41.0000
v -4.7667 -0.1360 41.0000
v -4.0832 -0.0000 41.0000
v -3.5038 0.3871 41.0000
v -3.1166 0.9665 41.0000
v -2.9807 1.6500 38.3000
v -3.1166 2.3335 38.3000
v -3.5038 2.9129 38.3000
v -4.0832 3.3000 38.3000
v -4.7667 3.4360 38.3000
v -5.4501 3.3000 38.3000
v -6.0296 2.9129 38.3000
v -6.4167 2.3335 38.3000
v -6.5527 1.6500 38.3000
v -6.4167 0.9665 38.3000
v -6.0296 0.3871 38.3000
v -5.4501 -0.0000 38.3000
v -4.7667 -0.1360 38.3000
v -4.0832 -0.0000 38.3000
v -3.5038 0.3871 38.3000
v -3.1166 0.9665 38.3000
v -3.1593 1.6500 41.6000
v -3.2816 2.2651 41.6000
v -3.6301 2.7866 41.6000
v -4.1515 3.1350 41.6000
v -4.7667 3.2574 41.6000
v -5.3818 3.1350 41.6000
v -5.9033 2.7866 41.6000
v -6.2517 2.2651 41.6000
v -6.3741 1.6500 41.6000
v -6.2517 1.0349 41.6000
v -5.9033 0.5134 41.6000
v -5.3818 0.1650 41.6000
v -4.7667 0.0426 41.6000
v -4.1515 0.1650 41.6000
v -3.6301 0.5134 41.6000
v -3.2816 1.0349 41.6000
v -3.1593 1.6500 41.0000
v -3.2816 2.2651 41.0000
v -3.6301 2.7866 41.0000
v -4.1515 3.1350 41.0000
v -4.7667 3.2574 41.0000
v -5.3818 3.1350 41.0000
v -5.9033 2.7866 41.0000
v -6.2517 2.2651 41.0000
v -6.3741 1.6500 41.0000
v -6.2517 1.0349 41.0000
v -5.9033 0.5134 41.0000
v -5.3818 0.1650 41.0000
v -4.7667 0.0426 41.0000
v -4.1515 0.1650 41.0000
v -3.6301 0.5134 41.0000
v -3.2816 1.0349 41.0000
v 1.7860 1.6500 41.0000
v 1.6500 2.3335 41.0000
v 1.2629 2.9129 41.0000
v 0.6835 3.3000 41.0000
v 0.0000 3.4360 41.0000
v -0.6835 3.3000 41.0000
v -1.2629 2.9129 41.0000
v -1.6500 2.3335 41.0000
v -1.7860 1.6500 41.0000
v -1.6500 0.9665 41.0000
v -1.2629 0.3871 41.0000
v -0.6835 -0.0000 41.0000
v -0.0000 -0.1360 41.0000
v 0.6835 -0.0000 41.0000
v 1.2629 0.3871 41.0000
v 1.6500 0.9665 41.0000
v 1.7860 1.6500 38.3000
v 1.6500 2.3335 38.3000
v 1.2629 2.9129 38.3000
v 0.6835 3.3000 38.3000
v 0.0000 3.4360 38.3000
v -0.6835 3.3000 38.3000
v -1.2629 2.9129 38.3000
v -1.6500 2.3335 38.3000
v -1.7860 1.6500 38.3000
v -1.6500 0.9665 38.3000
v -1.2629 0.3871 38.3000
v -0.6835 -0.0000 38.3000
v -0.0000 -0.1360 38.3000
v 0.6835 -0.0000 38.3000
v 1.2629 0.3871 38.3000
v 1.6500 0.9665 38.3000
v 1.6074 1.6500 41.6000
v 1.4850 2.2651 41.6000
v 1.1366 2.7866 41.6000
v 0.6151 3.1350 41.6000
v 0.0000 3.2574 41.6000
v -0.6151 3.1350 41.6000
v -1.1366 2.7866 41.6000
v -1.4850 2.2651 41.6000
v -1.6074 1.6500 41.6000
v -1.4850 1.0349 41.6000
v -1.1366 0.5134 41.6000
v -0.6151 0.1650 41.6000
v -0.0000 0.0426 41.6000
v 0.6151 0.1650 41.6000
v 1.1366 0.5134 41.6000
v 1.4850 1.0349 41.6000
v 1.6074 1.6500 41.0000
v 1.4850 2.2651 41.0000
v 1.1366 2.7866 41.0000
v 0.6151 3.1350 41.0000
v 0.0000 3.2574 41.0000
v -0.6151 3.1350 41.0000
v -1.1366 2.7866 41.0000
v -1.4850 2.2651 41.0000
v -1.6074 1.6500 41.0000
v -1.4850 1.0349 41.0000
v -1.1366 0.5134 41.0000
v -0.6151 0.1650 41.0000
v -0.0000 0.0426 41.0000
v 0.6151 0.1650 41.0000
v 1.1366 0.5134 41.0000
v 1.4850 1.0349 41.0000
v 6.5527 1.6500 41.0000
v 6.4167 2.3335 41.0000
v 6.0296 2.9129 41.0000
v 5.4501 3.3000 41.0000
v 4.7667 3.4360 41.0000
v 4.0832 3.3000 41.0000
v 3.5038 2.9129 41.0000
v 3.1166 2.3335 41.0000
v 2.9807 1.6500 41.0000
v 3.1166 0.9665 41.0000
v 3.5038 0.3871 41.0000
v 4.0832 -0.0000 41.0000
v 4.7667 -0.1360 41.0000
v 5.4501 -0.0000 41.0000
v 6.0296 0.3871 41.0000
v 6.4167 0.9665 41.0000
v 6.5527 1.6500 38.3000
v 6.4167 2.3335 38.3000
v 6.0296 2.9129 38.3000
v 5.4501 3.3000 38.3000
v 4.7667 3.4360 38.3000
v 4.0832 3.3000 38.3000
v 3.5038 2.9129 38.3000
v 3.1166 2.3335 38.3000
v 2.9807 1.6500 38.3000
v 3.1166 0.9665 38.3000
v 3.5038 0.3871 38.3000
v 4.0832 -0.0000 38.3000
v 4.7667 -0.1360 38.3000
v 5.4501 -0.0000 38.3000
v 6.0296 0.3871 38.3000
v 6.4167 0.9665 38.3000
v 6.3741 1.6500 41.6000
v 6.2517 2.2651 41.6000
v 5.9033 2.7866 41.6000
v 5.3818 3.1350 41.6000
v 4.7667 3.2574 41.6000
v 4.1515 3.1350 41.6000
v 3.6301 2.7866 41.6000
v 3.2816 2.2651 41.6000
v 3.1593 1.6500 41.6000
v 3.2816 1.0349 41.6000
v 3.6301 0.5134 41.6000
v 4.1515 0.1650 41.6000
v 4.7667 0.0426 41.6000
v 5.3818 0.1650 41.6000
v 5.9033 0.5134 41.6000
v 6.2517 1.0349 41.6000
v 6.3741 1.6500 41.0000
v 6.2517 2.2651 41.0000
v 5.9033 2.7866 41.0000
v 5.3818 3.1350 41.0000
v 4.7667 3.2574 41.0000
v 4.1515 3.1350 41.0000
v 3.6301 2.7866 41.0000
v 3.2816 2.2651 41.0000
v 3.1593 1.6500 41.0000
v 3.2816 1.0349 41.0000
v 3.6301 0.5134 41.0000
v 4.1515 0.1650 41.0000
v 4.7667 0.0426 41.0000
v 5.3818 0.1650 41.0000
v 5.9033 0.5134 41.0000
v 6.2517 1.0349 41.0000
f 2829 2831 2827 2825
f 2826 2828 2832 2830
f 2825 2826 2830 2829
f 2831 2832 2828 2827
f 2827 2828 2826 2825
f 2829 2830 2832 2831
f 2837 2839 2835 2833
f 2834 2836 2840 2838
f 2833 2834 2838 2837
f 2839 2840 2836 2835
f 2835 2836 2834 2833
f 2837 2838 2840 2839
f 2857 2858 2842 2841
f 2858 2859 2843 2842
f 2859 2860 2844 2843
f 2860 2861 2845 2844
f 2861 2862 2846 2845
f 2862 2863 2847 2846
f 2863 2864 2848 2847
f 2864 2865 2849 2848
f 2865 2866 2850 2849
f 2866 2867 2851 2850
f 2867 2868 2852 2851
f 2868 2869 2853 2852
f 2869 2870 2854 2853
f 2870 2871 2855 2854
f 2871 2872 2856 2855
f 2872 2857 2841 2856
f 2841 2842 2843 2844 2845 2846 2847 2848 2849 2850 2851 2852 2853 2854 2855 2856
f 2872 2871 2870 2869 2868 2867 2866 2865 2864 2863 2862 2861 2860 2859 2858 2857
f 2889 2890 2874 2873
f 2890 2891 2875 2874
f 2891 2892 2876 2875
f 2892 2893 2877 2876
f 2893 2894 2878 2877
f 2894 2895 2879 2878
f 2895 2896 2880 2879
f 2896 2897 2881 2880
f 2897 2898 2882 2881
f 2898 2899 2883 2882
f 2899 2900 2884 2883
f 2900 2901 2885 2884
f 2901 2902 2886 2885
f 2902 2903 2887 2886
f 2903 2904 2888 2887
f 2904 2889 2873 2888
f 2873 2874 2875 2876 2877 2878 2879 2880 2881 2882 2883 2884 2885 2886 2887 2888
f 2904 2903 2902 2901 2900 2899 2898 2897 2896 2895 2894 2893 2892 2891 2890 2889
f 2921 2922 2906 2905
f 2922 2923 2907 2906
f 2923 2924 2908 2907
f 2924 2925 2909 2908
f 2925 2926 2910 2909
f 2926 2927 2911 2910
f 2927 2928 2912 2911
f 2928 2929 2913 2912
f 2929 2930 2914 2913
f 2930 2931 2915 2914
f 2931 2932 2916 2915
f 2932 2933 2917 2916
f 2933 2934 2918 2917
f 2934 2935 2919 2918
f 2935 2936 2920 2919
f 2936 2921 2905 2920
f 2905 2906 2907 2908 2909 2910 2911 2912 2913 2914 2915 2916 2917 2918 2919 2920
f 2936 2935 2934 2933 2932 2931 2930 2929 2928 2927 2926 2925 2924 2923 2922 2921
f 2953 2954 2938 2937
f 2954 2955 2939 2938
f 2955 2956 2940 2939
f 2956 2957 2941 2940
f 2957 2958 2942 2941
f 2958 2959 2943 2942
f 2959 2960 2944 2943
f 2960 2961 2945 2944
f 2961 2962 2946 2945
f 2962 2963 2947 2946
f 2963 2964 2948 2947
f 2964 2965 2949 2948
f 2965 2966 2950 2949
f 2966 2967 2951 2950
f 2967 2968 2952 2951
f 2968 2953 2937 2952
f 2937 2938 2939 2940 2941 2942 2943 2944 2945 2946 2947 2948 2949 2950 2951 2952
f 2968 2967 2966 2965 2964 2963 2962 2961 2960 2959 2958 2957 2956 2955 2954 2953
f 2985 2986 2970 2969
f 2986 2987 2971 2970
f 2987 2988 2972 2971
f 2988 2989 2973 2972
f 2989 2990 2974 2973
f 2990 2991 2975 2974
f 2991 2992 2976 2975
f 2992 2993 2977 2976
f 2993 2994 2978 2977
f 2994 2995 2979 2978
f 2995 2996 2980 2979
f 2996 2997 2981 2980
f 2997 2998 2982 2981
f 2998 2999 2983 2982
f 2999 3000 2984 2983
f 3000 2985 2969 2984
f 2969 2970 2971 2972 2973 2974 2975 2976 2977 2978 2979 2980 2981 2982 2983 2984
f 3000 2999 2998 2997 2996 2995 2994 2993 2992 2991 2990 2989 2988 2987 2986 2985
f 3017 3018 3002 3001
f 3018 3019 3003 3002
f 3019 3020 3004 3003
f 3020 3021 3005 3004
f 3021 3022 3006 3005
f 3022 3023 3007 3006
f 3023 3024 3008 3007
f 3024 3025 3009 3008
f 3025 3026 3010 3009
f 3026 3027 3011 3010
f 3027 3028 3012 3011
f 3028 3029 3013 3012
f 3029 3030 3014 3013
f 3030 3031 3015 3014
f 3031 3032 3016 3015
f 3032 3017 3001 3016
f 3001 3002 3003 3004 3005 3006 3007 3008 3009 3010 3011 3012 3013 3014 3015 3016
f 3032 3031 3030 3029 3028 3027 3026 3025 3024 3023 3022 3021 3020 3019 3018 3017
o SMALL_SUPPORT_EngineGlow
usemtl EngineGlow
v -3.4807 1.6500 41.7000
v -3.5786 2.1421 41.7000
v -3.8574 2.5593 41.7000
v -4.2746 2.8380 41.7000
v -4.7667 2.9359 41.7000
v -5.2588 2.8380 41.7000
v -5.6759 2.5593 41.7000
v -5.9547 2.1421 41.7000
v -6.0526 1.6500 41.7000
v -5.9547 1.1579 41.7000
v -5.6759 0.7407 41.7000
v -5.2588 0.4620 41.7000
v -4.7667 0.3641 41.7000
v -4.2746 0.4620 41.7000
v -3.8574 0.7407 41.7000
v -3.5786 1.1579 41.7000
v -3.4807 1.6500 41.6000
v -3.5786 2.1421 41.6000
v -3.8574 2.5593 41.6000
v -4.2746 2.8380 41.6000
v -4.7667 2.9359 41.6000
v -5.2588 2.8380 41.6000
v -5.6759 2.5593 41.6000
v -5.9547 2.1421 41.6000
v -6.0526 1.6500 41.6000
v -5.9547 1.1579 41.6000
v -5.6759 0.7407 41.6000
v -5.2588 0.4620 41.6000
v -4.7667 0.3641 41.6000
v -4.2746 0.4620 41.6000
v -3.8574 0.7407 41.6000
v -3.5786 1.1579 41.6000
v 1.2859 1.6500 41.7000
v 1.1880 2.1421 41.7000
v 0.9093 2.5593 41.7000
v 0.4921 2.8380 41.7000
v 0.0000 2.9359 41.7000
v -0.4921 2.8380 41.7000
v -0.9093 2.5593 41.7000
v -1.1880 2.1421 41.7000
v -1.2859 1.6500 41.7000
v -1.1880 1.1579 41.7000
v -0.9093 0.7407 41.7000
v -0.4921 0.4620 41.7000
v -0.0000 0.3641 41.7000
v 0.4921 0.4620 41.7000
v 0.9093 0.7407 41.7000
v 1.1880 1.1579 41.7000
v 1.2859 1.6500 41.6000
v 1.1880 2.1421 41.6000
v 0.9093 2.5593 41.6000
v 0.4921 2.8380 41.6000
v 0.0000 2.9359 41.6000
v -0.4921 2.8380 41.6000
v -0.9093 2.5593 41.6000
v -1.1880 2.1421 41.6000
v -1.2859 1.6500 41.6000
v -1.1880 1.1579 41.6000
v -0.9093 0.7407 41.6000
v -0.4921 0.4620 41.6000
v -0.0000 0.3641 41.6000
v 0.4921 0.4620 41.6000
v 0.9093 0.7407 41.6000
v 1.1880 1.1579 41.6000
v 6.0526 1.6500 41.7000
v 5.9547 2.1421 41.7000
v 5.6759 2.5593 41.7000
v 5.2588 2.8380 41.7000
v 4.7667 2.9359 41.7000
v 4.2746 2.8380 41.7000
v 3.8574 2.5593 41.7000
v 3.5786 2.1421 41.7000
v 3.4807 1.6500 41.7000
v 3.5786 1.1579 41.7000
v 3.8574 0.7407 41.7000
v 4.2746 0.4620 41.7000
v 4.7667 0.3641 41.7000
v 5.2588 0.4620 41.7000
v 5.6759 0.7407 41.7000
v 5.9547 1.1579 41.7000
v 6.0526 1.6500 41.6000
v 5.9547 2.1421 41.6000
v 5.6759 2.5593 41.6000
v 5.2588 2.8380 41.6000
v 4.7667 2.9359 41.6000
v 4.2746 2.8380 41.6000
v 3.8574 2.5593 41.6000
v 3.5786 2.1421 41.6000
v 3.4807 1.6500 41.6000
v 3.5786 1.1579 41.6000
v 3.8574 0.7407 41.6000
v 4.2746 0.4620 41.6000
v 4.7667 0.3641 41.6000
v 5.2588 0.4620 41.6000
v 5.6759 0.7407 41.6000
v 5.9547 1.1579 41.6000
f 3049 3050 3034 3033
f 3050 3051 3035 3034
f 3051 3052 3036 3035
f 3052 3053 3037 3036
f 3053 3054 3038 3037
f 3054 3055 3039 3038
f 3055 3056 3040 3039
f 3056 3057 3041 3040
f 3057 3058 3042 3041
f 3058 3059 3043 3042
f 3059 3060 3044 3043
f 3060 3061 3045 3044
f 3061 3062 3046 3045
f 3062 3063 3047 3046
f 3063 3064 3048 3047
f 3064 3049 3033 3048
f 3033 3034 3035 3036 3037 3038 3039 3040 3041 3042 3043 3044 3045 3046 3047 3048
f 3064 3063 3062 3061 3060 3059 3058 3057 3056 3055 3054 3053 3052 3051 3050 3049
f 3081 3082 3066 3065
f 3082 3083 3067 3066
f 3083 3084 3068 3067
f 3084 3085 3069 3068
f 3085 3086 3070 3069
f 3086 3087 3071 3070
f 3087 3088 3072 3071
f 3088 3089 3073 3072
f 3089 3090 3074 3073
f 3090 3091 3075 3074
f 3091 3092 3076 3075
f 3092 3093 3077 3076
f 3093 3094 3078 3077
f 3094 3095 3079 3078
f 3095 3096 3080 3079
f 3096 3081 3065 3080
f 3065 3066 3067 3068 3069 3070 3071 3072 3073 3074 3075 3076 3077 3078 3079 3080
f 3096 3095 3094 3093 3092 3091 3090 3089 3088 3087 3086 3085 3084 3083 3082 3081
f 3113 3114 3098 3097
f 3114 3115 3099 3098
f 3115 3116 3100 3099
f 3116 3117 3101 3100
f 3117 3118 3102 3101
f 3118 3119 3103 3102
f 3119 3120 3104 3103
f 3120 3121 3105 3104
f 3121 3122 3106 3105
f 3122 3123 3107 3106
f 3123 3124 3108 3107
f 3124 3125 3109 3108
f 3125 3126 3110 3109
f 3126 3127 3111 3110
f 3127 3128 3112 3111
f 3128 3113 3097 3112
f 3097 3098 3099 3100 3101 3102 3103 3104 3105 3106 3107 3108 3109 3110 3111 3112
f 3128 3127 3126 3125 3124 3123 3122 3121 3120 3119 3118 3117 3116 3115 3114 3113
o SMALL_SUPPORT_Reactor-col
usemtl Reactor
v 1.6000 0.0000 30.0000
v 1.5217 0.0000 29.5056
v 1.2944 0.0000 29.0595
v 0.9405 0.0000 28.7056
v 0.4944 0.0000 28.4783
v 0.0000 0.0000 28.4000
v -0.4944 0.0000 28.4783
v -0.9405 0.0000 28.7056
v -1.2944 0.0000 29.0595
v -1.5217 0.0000 29.5056
v -1.6000 0.0000 30.0000
v -1.5217 0.0000 30.4944
v -1.2944 0.0000 30.9405
v -0.9405 0.0000 31.2944
v -0.4944 0.0000 31.5217
v -0.0000 0.0000 31.6000
v 0.4944 0.0000 31.5217
v 0.9405 0.0000 31.2944
v 1.2944 0.0000 30.9405
v 1.5217 0.0000 30.4944
v 1.6000 3.7000 30.0000
v 1.5217 3.7000 29.5056
v 1.2944 3.7000 29.0595
v 0.9405 3.7000 28.7056
v 0.4944 3.7000 28.4783
v 0.0000 3.7000 28.4000
v -0.4944 3.7000 28.4783
v -0.9405 3.7000 28.7056
v -1.2944 3.7000 29.0595
v -1.5217 3.7000 29.5056
v -1.6000 3.7000 30.0000
v -1.5217 3.7000 30.4944
v -1.2944 3.7000 30.9405
v -0.9405 3.7000 31.2944
v -0.4944 3.7000 31.5217
v -0.0000 3.7000 31.6000
v 0.4944 3.7000 31.5217
v 0.9405 3.7000 31.2944
v 1.2944 3.7000 30.9405
v 1.5217 3.7000 30.4944
f 3129 3130 3150 3149
f 3130 3131 3151 3150
f 3131 3132 3152 3151
f 3132 3133 3153 3152
f 3133 3134 3154 3153
f 3134 3135 3155 3154
f 3135 3136 3156 3155
f 3136 3137 3157 3156
f 3137 3138 3158 3157
f 3138 3139 3159 3158
f 3139 3140 3160 3159
f 3140 3141 3161 3160
f 3141 3142 3162 3161
f 3142 3143 3163 3162
f 3143 3144 3164 3163
f 3144 3145 3165 3164
f 3145 3146 3166 3165
f 3146 3147 3167 3166
f 3147 3148 3168 3167
f 3148 3129 3149 3168
f 3148 3147 3146 3145 3144 3143 3142 3141 3140 3139 3138 3137 3136 3135 3134 3133 3132 3131 3130 3129
f 3149 3150 3151 3152 3153 3154 3155 3156 3157 3158 3159 3160 3161 3162 3163 3164 3165 3166 3167 3168
o SMALL_SUPPORT_Details
usemtl Trim
v 0.1200 6.2000 26.5000
v 0.0849 6.2000 26.4151
v 0.0000 6.2000 26.3800
v -0.0849 6.2000 26.4151
v -0.1200 6.2000 26.5000
v -0.0849 6.2000 26.5849
v -0.0000 6.2000 26.6200
v 0.0849 6.2000 26.5849
v 0.1200 11.0000 26.5000
v 0.0849 11.0000 26.4151
v 0.0000 11.0000 26.3800
v -0.0849 11.0000 26.4151
v -0.1200 11.0000 26.5000
v -0.0849 11.0000 26.5849
v -0.0000 11.0000 26.6200
v 0.0849 11.0000 26.5849
v -1.2000 9.5000 26.6000
v 1.2000 9.5000 26.6000
v -1.2000 9.5000 26.4000
v 1.2000 9.5000 26.4000
v -1.2000 9.7000 26.6000
v 1.2000 9.7000 26.6000
v -1.2000 9.7000 26.4000
v 1.2000 9.7000 26.4000
v 5.7579 4.4000 -8.6735
v 6.9686 4.4000 -8.6735
v 5.7579 4.4000 -10.9554
v 6.9686 4.4000 -10.9554
v 5.7579 4.7553 -8.6735
v 6.9686 4.7553 -8.6735
v 5.7579 4.7553 -10.9554
v 6.9686 4.7553 -10.9554
v -1.7997 4.4000 32.0883
v -0.3042 4.4000 32.0883
v -1.7997 4.4000 29.8713
v -0.3042 4.4000 29.8713
v -1.7997 4.6065 32.0883
v -0.3042 4.6065 32.0883
v -1.7997 4.6065 29.8713
v -0.3042 4.6065 29.8713
v -3.2039 4.4000 33.7185
v -1.5995 4.4000 33.7185
v -3.2039 4.4000 30.7706
v -1.5995 4.4000 30.7706
v -3.2039 4.6256 33.7185
v -1.5995 4.6256 33.7185
v -3.2039 4.6256 30.7706
v -1.5995 4.6256 30.7706
v -6.8962 4.4000 30.1082
v -5.8703 4.4000 30.1082
v -6.8962 4.4000 28.8749
v -5.8703 4.4000 28.8749
v -6.8962 4.7248 30.1082
v -5.8703 4.7248 30.1082
v -6.8962 4.7248 28.8749
v -5.8703 4.7248 28.8749
v 5.2128 4.4000 2.4835
v 6.6377 4.4000 2.4835
v 5.2128 4.4000 1.7838
v 6.6377 4.4000 1.7838
v 5.2128 4.7840 2.4835
v 6.6377 4.7840 2.4835
v 5.2128 4.7840 1.7838
v 6.6377 4.7840 1.7838
v -5.2240 4.4000 31.4103
v -3.8050 4.4000 31.4103
v -5.2240 4.4000 29.3868
v -3.8050 4.4000 29.3868
v -5.2240 4.8975 31.4103
v -3.8050 4.8975 31.4103
v -5.2240 4.8975 29.3868
v -3.8050 4.8975 29.3868
v -5.4949 4.4000 4.8430
v -4.9856 4.4000 4.8430
v -5.4949 4.4000 3.3206
v -4.9856 4.4000 3.3206
v -5.4949 4.6908 4.8430
v -4.9856 4.6908 4.8430
v -5.4949 4.6908 3.3206
v -4.9856 4.6908 3.3206
v -6.3849 4.4000 7.5849
v -5.1611 4.4000 7.5849
v -6.3849 4.4000 6.2556
v -5.1611 4.4000 6.2556
v -6.3849 4.8398 7.5849
v -5.1611 4.8398 7.5849
v -6.3849 4.8398 6.2556
v -5.1611 4.8398 6.2556
v 5.9206 4.4000 -13.8174
v 7.5238 4.4000 -13.8174
v 5.9206 4.4000 -15.0576
v 7.5238 4.4000 -15.0576
v 5.9206 4.6582 -13.8174
v 7.5238 4.6582 -13.8174
v 5.9206 4.6582 -15.0576
v 7.5238 4.6582 -15.0576
v -5.2485 4.4000 28.1303
v -4.5683 4.4000 28.1303
v -5.2485 4.4000 25.7340
v -4.5683 4.4000 25.7340
v -5.2485 4.7773 28.1303
v -4.5683 4.7773 28.1303
v -5.2485 4.7773 25.7340
v -4.5683 4.7773 25.7340
v -5.6946 4.4000 19.5794
v -5.1891 4.4000 19.5794
v -5.6946 4.4000 18.4279
v -5.1891 4.4000 18.4279
v -5.6946 4.6869 19.5794
v -5.1891 4.6869 19.5794
v -5.6946 4.6869 18.4279
v -5.1891 4.6869 18.4279
v -7.2614 4.4000 -18.1863
v -6.2292 4.4000 -18.1863
v -7.2614 4.4000 -20.5235
v -6.2292 4.4000 -20.5235
v -7.2614 4.8610 -18.1863
v -6.2292 4.8610 -18.1863
v -7.2614 4.8610 -20.5235
v -6.2292 4.8610 -20.5235
v 5.8866 4.4000 -9.4671
v 6.7320 4.4000 -9.4671
v 5.8866 4.4000 -11.7594
v 6.7320 4.4000 -11.7594
v 5.8866 4.5676 -9.4671
v 6.7320 4.5676 -9.4671
v 5.8866 4.5676 -11.7594
v 6.7320 4.5676 -11.7594
v 4.9651 4.4000 -28.0284
v 6.6162 4.4000 -28.0284
v 4.9651 4.4000 -30.7928
v 6.6162 4.4000 -30.7928
v 4.9651 4.6162 -28.0284
v 6.6162 4.6162 -28.0284
v 4.9651 4.6162 -30.7928
v 6.6162 4.6162 -30.7928
f 3169 3170 3178 3177
f 3170 3171 3179 3178
f 3171 3172 3180 3179
f 3172 3173 3181 3180
f 3173 3174 3182 3181
f 3174 3175 3183 3182
f 3175 3176 3184 3183
f 3176 3169 3177 3184
f 3176 3175 3174 3173 3172 3171 3170 3169
f 3177 3178 3179 3180 3181 3182 3183 3184
f 3189 3191 3187 3185
f 3186 3188 3192 3190
f 3185 3186 3190 3189
f 3191 3192 3188 3187
f 3187 3188 3186 3185
f 3189 3190 3192 3191
f 3197 3199 3195 3193
f 3194 3196 3200 3198
f 3193 3194 3198 3197
f 3199 3200 3196 3195
f 3195 3196 3194 3193
f 3197 3198 3200 3199
f 3205 3207 3203 3201
f 3202 3204 3208 3206
f 3201 3202 3206 3205
f 3207 3208 3204 3203
f 3203 3204 3202 3201
f 3205 3206 3208 3207
f 3213 3215 3211 3209
f 3210 3212 3216 3214
f 3209 3210 3214 3213
f 3215 3216 3212 3211
f 3211 3212 3210 3209
f 3213 3214 3216 3215
f 3221 3223 3219 3217
f 3218 3220 3224 3222
f 3217 3218 3222 3221
f 3223 3224 3220 3219
f 3219 3220 3218 3217
f 3221 3222 3224 3223
f 3229 3231 3227 3225
f 3226 3228 3232 3230
f 3225 3226 3230 3229
f 3231 3232 3228 3227
f 3227 3228 3226 3225
f 3229 3230 3232 3231
f 3237 3239 3235 3233
f 3234 3236 3240 3238
f 3233 3234 3238 3237
f 3239 3240 3236 3235
f 3235 3236 3234 3233
f 3237 3238 3240 3239
f 3245 3247 3243 3241
f 3242 3244 3248 3246
f 3241 3242 3246 3245
f 3247 3248 3244 3243
f 3243 3244 3242 3241
f 3245 3246 3248 3247
f 3253 3255 3251 3249
f 3250 3252 3256 3254
f 3249 3250 3254 3253
f 3255 3256 3252 3251
f 3251 3252 3250 3249
f 3253 3254 3256 3255
f 3261 3263 3259 3257
f 3258 3260 3264 3262
f 3257 3258 3262 3261
f 3263 3264 3260 3259
f 3259 3260 3258 3257
f 3261 3262 3264 3263
f 3269 3271 3267 3265
f 3266 3268 3272 3270
f 3265 3266 3270 3269
f 3271 3272 3268 3267
f 3267 3268 3266 3265
f 3269 3270 3272 3271
f 3277 3279 3275 3273
f 3274 3276 3280 3278
f 3273 3274 3278 3277
f 3279 3280 3276 3275
f 3275 3276 3274 3273
f 3277 3278 3280 3279
f 3285 3287 3283 3281
f 3282 3284 3288 3286
f 3281 3282 3286 3285
f 3287 3288 3284 3283
f 3283 3284 3282 3281
f 3285 3286 3288 3287
f 3293 3295 3291 3289
f 3290 3292 3296 3294
f 3289 3290 3294 3293
f 3295 3296 3292 3291
f 3291 3292 3290 3289
f 3293 3294 3296 3295
f 3301 3303 3299 3297
f 3298 3300 3304 3302
f 3297 3298 3302 3301
f 3303 3304 3300 3299
f 3299 3300 3298 3297
f 3301 3302 3304 3303
o SMALL_SUPPORT_Furniture-col
usemtl Furniture
v -4.0500 0.0000 -5.1500
v -3.1500 0.0000 -5.1500
v -4.0500 0.0000 -5.7500
v -3.1500 0.0000 -5.7500
v -4.0500 2.1000 -5.1500
v -3.1500 2.1000 -5.1500
v -4.0500 2.1000 -5.7500
v -3.1500 2.1000 -5.7500
v -4.0500 0.0000 -14.2500
v -3.1500 0.0000 -14.2500
v -4.0500 0.0000 -14.8500
v -3.1500 0.0000 -14.8500
v -4.0500 2.1000 -14.2500
v -3.1500 2.1000 -14.2500
v -4.0500 2.1000 -14.8500
v -3.1500 2.1000 -14.8500
v 3.1500 0.0000 -5.1500
v 4.0500 0.0000 -5.1500
v 3.1500 0.0000 -5.7500
v 4.0500 0.0000 -5.7500
v 3.1500 2.1000 -5.1500
v 4.0500 2.1000 -5.1500
v 3.1500 2.1000 -5.7500
v 4.0500 2.1000 -5.7500
v 3.1500 0.0000 -14.2500
v 4.0500 0.0000 -14.2500
v 3.1500 0.0000 -14.8500
v 4.0500 0.0000 -14.8500
v 3.1500 2.1000 -14.2500
v 4.0500 2.1000 -14.2500
v 3.1500 2.1000 -14.8500
v 4.0500 2.1000 -14.8500
v -6.6500 0.0000 24.8500
v -2.0000 0.0000 24.8500
v -6.6500 0.0000 23.9500
v -2.0000 0.0000 23.9500
v -6.6500 3.0000 24.8500
v -2.0000 3.0000 24.8500
v -6.6500 3.0000 23.9500
v -2.0000 3.0000 23.9500
v 0.8000 0.0000 24.8500
v 5.3500 0.0000 24.8500
v 0.8000 0.0000 23.9500
v 5.3500 0.0000 23.9500
v 0.8000 3.0000 24.8500
v 5.3500 3.0000 24.8500
v 0.8000 3.0000 23.9500
v 5.3500 3.0000 23.9500
v -6.6500 0.0000 16.0500
v -2.0000 0.0000 16.0500
v -6.6500 0.0000 15.1500
v -2.0000 0.0000 15.1500
v -6.6500 3.0000 16.0500
v -2.0000 3.0000 16.0500
v -6.6500 3.0000 15.1500
v -2.0000 3.0000 15.1500
v 0.8000 0.0000 16.0500
v 5.3500 0.0000 16.0500
v 0.8000 0.0000 15.1500
v 5.3500 0.0000 15.1500
v 0.8000 3.0000 16.0500
v 5.3500 3.0000 16.0500
v 0.8000 3.0000 15.1500
v 5.3500 3.0000 15.1500
v 5.9500 0.2500 14.2000
v 6.8500 0.2500 14.2000
v 5.9500 0.2500 12.2000
v 6.8500 0.2500 12.2000
v 5.9500 0.5000 14.2000
v 6.8500 0.5000 14.2000
v 5.9500 0.5000 12.2000
v 6.8500 0.5000 12.2000
v 5.9500 1.2000 14.2000
v 6.8500 1.2000 14.2000
v 5.9500 1.2000 12.2000
v 6.8500 1.2000 12.2000
v 5.9500 1.4500 14.2000
v 6.8500 1.4500 14.2000
v 5.9500 1.4500 12.2000
v 6.8500 1.4500 12.2000
v 5.9500 2.1500 14.2000
v 6.8500 2.1500 14.2000
v 5.9500 2.1500 12.2000
v 6.8500 2.1500 12.2000
v 5.9500 2.4000 14.2000
v 6.8500 2.4000 14.2000
v 5.9500 2.4000 12.2000
v 6.8500 2.4000 12.2000
v 5.9500 0.0000 14.2500
v 6.8500 0.0000 14.2500
v 5.9500 0.0000 14.1500
v 6.8500 0.0000 14.1500
v 5.9500 2.6000 14.2500
v 6.8500 2.6000 14.2500
v 5.9500 2.6000 14.1500
v 6.8500 2.6000 14.1500
v 5.9500 0.0000 12.2500
v 6.8500 0.0000 12.2500
v 5.9500 0.0000 12.1500
v 6.8500 0.0000 12.1500
v 5.9500 2.6000 12.2500
v 6.8500 2.6000 12.2500
v 5.9500 2.6000 12.1500
v 6.8500 2.6000 12.1500
v 5.9500 0.2500 11.1000
v 6.8500 0.2500 11.1000
v 5.9500 0.2500 9.1000
v 6.8500 0.2500 9.1000
v 5.9500 0.5000 11.1000
v 6.8500 0.5000 11.1000
v 5.9500 0.5000 9.1000
v 6.8500 0.5000 9.1000
v 5.9500 1.2000 11.1000
v 6.8500 1.2000 11.1000
v 5.9500 1.2000 9.1000
v 6.8500 1.2000 9.1000
v 5.9500 1.4500 11.1000
v 6.8500 1.4500 11.1000
v 5.9500 1.4500 9.1000
v 6.8500 1.4500 9.1000
v 5.9500 2.1500 11.1000
v 6.8500 2.1500 11.1000
v 5.9500 2.1500 9.1000
v 6.8500 2.1500 9.1000
v 5.9500 2.4000 11.1000
v 6.8500 2.4000 11.1000
v 5.9500 2.4000 9.1000
v 6.8500 2.4000 9.1000
v 5.9500 0.0000 11.1500
v 6.8500 0.0000 11.1500
v 5.9500 0.0000 11.0500
v 6.8500 0.0000 11.0500
v 5.9500 2.6000 11.1500
v 6.8500 2.6000 11.1500
v 5.9500 2.6000 11.0500
v 6.8500 2.6000 11.0500
v 5.9500 0.0000 9.1500
v 6.8500 0.0000 9.1500
v 5.9500 0.0000 9.0500
v 6.8500 0.0000 9.0500
v 5.9500 2.6000 9.1500
v 6.8500 2.6000 9.1500
v 5.9500 2.6000 9.0500
v 6.8500 2.6000 9.0500
v 5.9500 0.2500 8.0000
v 6.8500 0.2500 8.0000
v 5.9500 0.2500 6.0000
v 6.8500 0.2500 6.0000
v 5.9500 0.5000 8.0000
v 6.8500 0.5000 8.0000
v 5.9500 0.5000 6.0000
v 6.8500 0.5000 6.0000
v 5.9500 1.2000 8.0000
v 6.8500 1.2000 8.0000
v 5.9500 1.2000 6.0000
v 6.8500 1.2000 6.0000
v 5.9500 1.4500 8.0000
v 6.8500 1.4500 8.0000
v 5.9500 1.4500 6.0000
v 6.8500 1.4500 6.0000
v 5.9500 2.1500 8.0000
v 6.8500 2.1500 8.0000
v 5.9500 2.1500 6.0000
v 6.8500 2.1500 6.0000
v 5.9500 2.4000 8.0000
v 6.8500 2.4000 8.0000
v 5.9500 2.4000 6.0000
v 6.8500 2.4000 6.0000
v 5.9500 0.0000 8.0500
v 6.8500 0.0000 8.0500
v 5.9500 0.0000 7.9500
v 6.8500 0.0000 7.9500
v 5.9500 2.6000 8.0500
v 6.8500 2.6000 8.0500
v 5.9500 2.6000 7.9500
v 6.8500 2.6000 7.9500
v 5.9500 0.0000 6.0500
v 6.8500 0.0000 6.0500
v 5.9500 0.0000 5.9500
v 6.8500 0.0000 5.9500
v 5.9500 2.6000 6.0500
v 6.8500 2.6000 6.0500
v 5.9500 2.6000 5.9500
v 6.8500 2.6000 5.9500
v 1.9500 0.0000 14.4000
v 2.5000 0.0000 14.4000
v 1.9500 0.0000 11.4000
v 2.5000 0.0000 11.4000
v 1.9500 2.0000 14.4000
v 2.5000 2.0000 14.4000
v 1.9500 2.0000 11.4000
v 2.5000 2.0000 11.4000
v -6.8500 0.0000 4.0000
v -6.3500 0.0000 4.0000
v -6.8500 0.0000 -4.0000
v -6.3500 0.0000 -4.0000
v -6.8500 2.0000 4.0000
v -6.3500 2.0000 4.0000
v -6.8500 2.0000 -4.0000
v -6.3500 2.0000 -4.0000
v -5.5500 0.0000 1.5000
v -4.3500 0.0000 1.5000
v -5.5500 0.0000 -1.5000
v -4.3500 0.0000 -1.5000
v -5.5500 0.9500 1.5000
v -4.3500 0.9500 1.5000
v -5.5500 0.9500 -1.5000
v -4.3500 0.9500 -1.5000
v -2.5000 0.0000 -1.4000
v -1.9500 0.0000 -1.4000
v -2.5000 0.0000 -4.4000
v -1.9500 0.0000 -4.4000
v -2.5000 2.0000 -1.4000
v -1.9500 2.0000 -1.4000
v -2.5000 2.0000 -4.4000
v -1.9500 2.0000 -4.4000
v 5.9500 0.2500 4.2000
v 6.8500 0.2500 4.2000
v 5.9500 0.2500 2.2000
v 6.8500 0.2500 2.2000
v 5.9500 0.5000 4.2000
v 6.8500 0.5000 4.2000
v 5.9500 0.5000 2.2000
v 6.8500 0.5000 2.2000
v 5.9500 1.2000 4.2000
v 6.8500 1.2000 4.2000
v 5.9500 1.2000 2.2000
v 6.8500 1.2000 2.2000
v 5.9500 1.4500 4.2000
v 6.8500 1.4500 4.2000
v 5.9500 1.4500 2.2000
v 6.8500 1.4500 2.2000
v 5.9500 2.1500 4.2000
v 6.8500 2.1500 4.2000
v 5.9500 2.1500 2.2000
v 6.8500 2.1500 2.2000
v 5.9500 2.4000 4.2000
v 6.8500 2.4000 4.2000
v 5.9500 2.4000 2.2000
v 6.8500 2.4000 2.2000
v 5.9500 0.0000 4.2500
v 6.8500 0.0000 4.2500
v 5.9500 0.0000 4.1500
v 6.8500 0.0000 4.1500
v 5.9500 2.6000 4.2500
v 6.8500 2.6000 4.2500
v 5.9500 2.6000 4.1500
v 6.8500 2.6000 4.1500
v 5.9500 0.0000 2.2500
v 6.8500 0.0000 2.2500
v 5.9500 0.0000 2.1500
v 6.8500 0.0000 2.1500
v 5.9500 2.6000 2.2500
v 6.8500 2.6000 2.2500
v 5.9500 2.6000 2.1500
v 6.8500 2.6000 2.1500
v 5.9500 0.2500 1.1000
v 6.8500 0.2500 1.1000
v 5.9500 0.2500 -0.9000
v 6.8500 0.2500 -0.9000
v 5.9500 0.5000 1.1000
v 6.8500 0.5000 1.1000
v 5.9500 0.5000 -0.9000
v 6.8500 0.5000 -0.9000
v 5.9500 1.2000 1.1000
v 6.8500 1.2000 1.1000
v 5.9500 1.2000 -0.9000
v 6.8500 1.2000 -0.9000
v 5.9500 1.4500 1.1000
v 6.8500 1.4500 1.1000
v 5.9500 1.4500 -0.9000
v 6.8500 1.4500 -0.9000
v 5.9500 2.1500 1.1000
v 6.8500 2.1500 1.1000
v 5.9500 2.1500 -0.9000
v 6.8500 2.1500 -0.9000
v 5.9500 2.4000 1.1000
v 6.8500 2.4000 1.1000
v 5.9500 2.4000 -0.9000
v 6.8500 2.4000 -0.9000
v 5.9500 0.0000 1.1500
v 6.8500 0.0000 1.1500
v 5.9500 0.0000 1.0500
v 6.8500 0.0000 1.0500
v 5.9500 2.6000 1.1500
v 6.8500 2.6000 1.1500
v 5.9500 2.6000 1.0500
v 6.8500 2.6000 1.0500
v 5.9500 0.0000 -0.8500
v 6.8500 0.0000 -0.8500
v 5.9500 0.0000 -0.9500
v 6.8500 0.0000 -0.9500
v 5.9500 2.6000 -0.8500
v 6.8500 2.6000 -0.8500
v 5.9500 2.6000 -0.9500
v 6.8500 2.6000 -0.9500
v 5.9500 0.2500 -2.0000
v 6.8500 0.2500 -2.0000
v 5.9500 0.2500 -4.0000
v 6.8500 0.2500 -4.0000
v 5.9500 0.5000 -2.0000
v 6.8500 0.5000 -2.0000
v 5.9500 0.5000 -4.0000
v 6.8500 0.5000 -4.0000
v 5.9500 1.2000 -2.0000
v 6.8500 1.2000 -2.0000
v 5.9500 1.2000 -4.0000
v 6.8500 1.2000 -4.0000
v 5.9500 1.4500 -2.0000
v 6.8500 1.4500 -2.0000
v 5.9500 1.4500 -4.0000
v 6.8500 1.4500 -4.0000
v 5.9500 2.1500 -2.0000
v 6.8500 2.1500 -2.0000
v 5.9500 2.1500 -4.0000
v 6.8500 2.1500 -4.0000
v 5.9500 2.4000 -2.0000
v 6.8500 2.4000 -2.0000
v 5.9500 2.4000 -4.0000
v 6.8500 2.4000 -4.0000
v 5.9500 0.0000 -1.9500
v 6.8500 0.0000 -1.9500
v 5.9500 0.0000 -2.0500
v 6.8500 0.0000 -2.0500
v 5.9500 2.6000 -1.9500
v 6.8500 2.6000 -1.9500
v 5.9500 2.6000 -2.0500
v 6.8500 2.6000 -2.0500
v 5.9500 0.0000 -3.9500
v 6.8500 0.0000 -3.9500
v 5.9500 0.0000 -4.0500
v 6.8500 0.0000 -4.0500
v 5.9500 2.6000 -3.9500
v 6.8500 2.6000 -3.9500
v 5.9500 2.6000 -4.0500
v 6.8500 2.6000 -4.0500
v 1.9500 0.0000 4.4000
v 2.5000 0.0000 4.4000
v 1.9500 0.0000 1.4000
v 2.5000 0.0000 1.4000
v 1.9500 2.0000 4.4000
v 2.5000 2.0000 4.4000
v 1.9500 2.0000 1.4000
v 2.5000 2.0000 1.4000
v -6.8500 0.2500 -15.8000
v -5.9500 0.2500 -15.8000
v -6.8500 0.2500 -17.8000
v -5.9500 0.2500 -17.8000
v -6.8500 0.5000 -15.8000
v -5.9500 0.5000 -15.8000
v -6.8500 0.5000 -17.8000
v -5.9500 0.5000 -17.8000
v -6.8500 1.2000 -15.8000
v -5.9500 1.2000 -15.8000
v -6.8500 1.2000 -17.8000
v -5.9500 1.2000 -17.8000
v -6.8500 1.4500 -15.8000
v -5.9500 1.4500 -15.8000
v -6.8500 1.4500 -17.8000
v -5.9500 1.4500 -17.8000
v -6.8500 2.1500 -15.8000
v -5.9500 2.1500 -15.8000
v -6.8500 2.1500 -17.8000
v -5.9500 2.1500 -17.8000
v -6.8500 2.4000 -15.8000
v -5.9500 2.4000 -15.8000
v -6.8500 2.4000 -17.8000
v -5.9500 2.4000 -17.8000
v -6.8500 0.0000 -15.7500
v -5.9500 0.0000 -15.7500
v -6.8500 0.0000 -15.8500
v -5.9500 0.0000 -15.8500
v -6.8500 2.6000 -15.7500
v -5.9500 2.6000 -15.7500
v -6.8500 2.6000 -15.8500
v -5.9500 2.6000 -15.8500
v -6.8500 0.0000 -17.7500
v -5.9500 0.0000 -17.7500
v -6.8500 0.0000 -17.8500
v -5.9500 0.0000 -17.8500
v -6.8500 2.6000 -17.7500
v -5.9500 2.6000 -17.7500
v -6.8500 2.6000 -17.8500
v -5.9500 2.6000 -17.8500
v -6.8500 0.2500 -18.9000
v -5.9500 0.2500 -18.9000
v -6.8500 0.2500 -20.9000
v -5.9500 0.2500 -20.9000
v -6.8500 0.5000 -18.9000
v -5.9500 0.5000 -18.9000
v -6.8500 0.5000 -20.9000
v -5.9500 0.5000 -20.9000
v -6.8500 1.2000 -18.9000
v -5.9500 1.2000 -18.9000
v -6.8500 1.2000 -20.9000
v -5.9500 1.2000 -20.9000
v -6.8500 1.4500 -18.9000
v -5.9500 1.4500 -18.9000
v -6.8500 1.4500 -20.9000
v -5.9500 1.4500 -20.9000
v -6.8500 2.1500 -18.9000
v -5.9500 2.1500 -18.9000
v -6.8500 2.1500 -20.9000
v -5.9500 2.1500 -20.9000
v -6.8500 2.4000 -18.9000
v -5.9500 2.4000 -18.9000
v -6.8500 2.4000 -20.9000
v -5.9500 2.4000 -20.9000
v -6.8500 0.0000 -18.8500
v -5.9500 0.0000 -18.8500
v -6.8500 0.0000 -18.9500
v -5.9500 0.0000 -18.9500
v -6.8500 2.6000 -18.8500
v -5.9500 2.6000 -18.8500
v -6.8500 2.6000 -18.9500
v -5.9500 2.6000 -18.9500
v -6.8500 0.0000 -20.8500
v -5.9500 0.0000 -20.8500
v -6.8500 0.0000 -20.9500
v -5.9500 0.0000 -20.9500
v -6.8500 2.6000 -20.8500
v -5.9500 2.6000 -20.8500
v -6.8500 2.6000 -20.9500
v -5.9500 2.6000 -20.9500
v -6.8500 0.2500 -22.0000
v -5.9500 0.2500 -22.0000
v -6.8500 0.2500 -24.0000
v -5.9500 0.2500 -24.0000
v -6.8500 0.5000 -22.0000
v -5.9500 0.5000 -22.0000
v -6.8500 0.5000 -24.0000
v -5.9500 0.5000 -24.0000
v -6.8500 1.2000 -22.0000
v -5.9500 1.2000 -22.0000
v -6.8500 1.2000 -24.0000
v -5.9500 1.2000 -24.0000
v -6.8500 1.4500 -22.0000
v -5.9500 1.4500 -22.0000
v -6.8500 1.4500 -24.0000
v -5.9500 1.4500 -24.0000
v -6.8500 2.1500 -22.0000
v -5.9500 2.1500 -22.0000
v -6.8500 2.1500 -24.0000
v -5.9500 2.1500 -24.0000
v -6.8500 2.4000 -22.0000
v -5.9500 2.4000 -22.0000
v -6.8500 2.4000 -24.0000
v -5.9500 2.4000 -24.0000
v -6.8500 0.0000 -21.9500
v -5.9500 0.0000 -21.9500
v -6.8500 0.0000 -22.0500
v -5.9500 0.0000 -22.0500
v -6.8500 2.6000 -21.9500
v -5.9500 2.6000 -21.9500
v -6.8500 2.6000 -22.0500
v -5.9500 2.6000 -22.0500
v -6.8500 0.0000 -23.9500
v -5.9500 0.0000 -23.9500
v -6.8500 0.0000 -24.0500
v -5.9500 0.0000 -24.0500
v -6.8500 2.6000 -23.9500
v -5.9500 2.6000 -23.9500
v -6.8500 2.6000 -24.0500
v -5.9500 2.6000 -24.0500
v -2.5000 0.0000 -15.6000
v -1.9500 0.0000 -15.6000
v -2.5000 0.0000 -18.6000
v -1.9500 0.0000 -18.6000
v -2.5000 2.0000 -15.6000
v -1.9500 2.0000 -15.6000
v -2.5000 2.0000 -18.6000
v -1.9500 2.0000 -18.6000
f 3309 3311 3307 3305
f 3306 3308 3312 3310
f 3305 3306 3310 3309
f 3311 3312 3308 3307
f 3307 3308 3306 3305
f 3309 3310 3312 3311
f 3317 3319 3315 3313
f 3314 3316 3320 3318
f 3313 3314 3318 3317
f 3319 3320 3316 3315
f 3315 3316 3314 3313
f 3317 3318 3320 3319
f 3325 3327 3323 3321
f 3322 3324 3328 3326
f 3321 3322 3326 3325
f 3327 3328 3324 3323
f 3323 3324 3322 3321
f 3325 3326 3328 3327
f 3333 3335 3331 3329
f 3330 3332 3336 3334
f 3329 3330 3334 3333
f 3335 3336 3332 3331
f 3331 3332 3330 3329
f 3333 3334 3336 3335
f 3341 3343 3339 3337
f 3338 3340 3344 3342
f 3337 3338 3342 3341
f 3343 3344 3340 3339
f 3339 3340 3338 3337
f 3341 3342 3344 3343
f 3349 3351 3347 3345
f 3346 3348 3352 3350
f 3345 3346 3350 3349
f 3351 3352 3348 3347
f 3347 3348 3346 3345
f 3349 3350 3352 3351
f 3357 3359 3355 3353
f 3354 3356 3360 3358
f 3353 3354 3358 3357
f 3359 3360 3356 3355
f 3355 3356 3354 3353
f 3357 3358 3360 3359
f 3365 3367 3363 3361
f 3362 3364 3368 3366
f 3361 3362 3366 3365
f 3367 3368 3364 3363
f 3363 3364 3362 3361
f 3365 3366 3368 3367
f 3373 3375 3371 3369
f 3370 3372 3376 3374
f 3369 3370 3374 3373
f 3375 3376 3372 3371
f 3371 3372 3370 3369
f 3373 3374 3376 3375
f 3381 3383 3379 3377
f 3378 3380 3384 3382
f 3377 3378 3382 3381
f 3383 3384 3380 3379
f 3379 3380 3378 3377
f 3381 3382 3384 3383
f 3389 3391 3387 3385
f 3386 3388 3392 3390
f 3385 3386 3390 3389
f 3391 3392 3388 3387
f 3387 3388 3386 3385
f 3389 3390 3392 3391
f 3397 3399 3395 3393
f 3394 3396 3400 3398
f 3393 3394 3398 3397
f 3399 3400 3396 3395
f 3395 3396 3394 3393
f 3397 3398 3400 3399
f 3405 3407 3403 3401
f 3402 3404 3408 3406
f 3401 3402 3406 3405
f 3407 3408 3404 3403
f 3403 3404 3402 3401
f 3405 3406 3408 3407
f 3413 3415 3411 3409
f 3410 3412 3416 3414
f 3409 3410 3414 3413
f 3415 3416 3412 3411
f 3411 3412 3410 3409
f 3413 3414 3416 3415
f 3421 3423 3419 3417
f 3418 3420 3424 3422
f 3417 3418 3422 3421
f 3423 3424 3420 3419
f 3419 3420 3418 3417
f 3421 3422 3424 3423
f 3429 3431 3427 3425
f 3426 3428 3432 3430
f 3425 3426 3430 3429
f 3431 3432 3428 3427
f 3427 3428 3426 3425
f 3429 3430 3432 3431
f 3437 3439 3435 3433
f 3434 3436 3440 3438
f 3433 3434 3438 3437
f 3439 3440 3436 3435
f 3435 3436 3434 3433
f 3437 3438 3440 3439
f 3445 3447 3443 3441
f 3442 3444 3448 3446
f 3441 3442 3446 3445
f 3447 3448 3444 3443
f 3443 3444 3442 3441
f 3445 3446 3448 3447
f 3453 3455 3451 3449
f 3450 3452 3456 3454
f 3449 3450 3454 3453
f 3455 3456 3452 3451
f 3451 3452 3450 3449
f 3453 3454 3456 3455
f 3461 3463 3459 3457
f 3458 3460 3464 3462
f 3457 3458 3462 3461
f 3463 3464 3460 3459
f 3459 3460 3458 3457
f 3461 3462 3464 3463
f 3469 3471 3467 3465
f 3466 3468 3472 3470
f 3465 3466 3470 3469
f 3471 3472 3468 3467
f 3467 3468 3466 3465
f 3469 3470 3472 3471
f 3477 3479 3475 3473
f 3474 3476 3480 3478
f 3473 3474 3478 3477
f 3479 3480 3476 3475
f 3475 3476 3474 3473
f 3477 3478 3480 3479
f 3485 3487 3483 3481
f 3482 3484 3488 3486
f 3481 3482 3486 3485
f 3487 3488 3484 3483
f 3483 3484 3482 3481
f 3485 3486 3488 3487
f 3493 3495 3491 3489
f 3490 3492 3496 3494
f 3489 3490 3494 3493
f 3495 3496 3492 3491
f 3491 3492 3490 3489
f 3493 3494 3496 3495
f 3501 3503 3499 3497
f 3498 3500 3504 3502
f 3497 3498 3502 3501
f 3503 3504 3500 3499
f 3499 3500 3498 3497
f 3501 3502 3504 3503
f 3509 3511 3507 3505
f 3506 3508 3512 3510
f 3505 3506 3510 3509
f 3511 3512 3508 3507
f 3507 3508 3506 3505
f 3509 3510 3512 3511
f 3517 3519 3515 3513
f 3514 3516 3520 3518
f 3513 3514 3518 3517
f 3519 3520 3516 3515
f 3515 3516 3514 3513
f 3517 3518 3520 3519
f 3525 3527 3523 3521
f 3522 3524 3528 3526
f 3521 3522 3526 3525
f 3527 3528 3524 3523
f 3523 3524 3522 3521
f 3525 3526 3528 3527
f 3533 3535 3531 3529
f 3530 3532 3536 3534
f 3529 3530 3534 3533
f 3535 3536 3532 3531
f 3531 3532 3530 3529
f 3533 3534 3536 3535
f 3541 3543 3539 3537
f 3538 3540 3544 3542
f 3537 3538 3542 3541
f 3543 3544 3540 3539
f 3539 3540 3538 3537
f 3541 3542 3544 3543
f 3549 3551 3547 3545
f 3546 3548 3552 3550
f 3545 3546 3550 3549
f 3551 3552 3548 3547
f 3547 3548 3546 3545
f 3549 3550 3552 3551
f 3557 3559 3555 3553
f 3554 3556 3560 3558
f 3553 3554 3558 3557
f 3559 3560 3556 3555
f 3555 3556 3554 3553
f 3557 3558 3560 3559
f 3565 3567 3563 3561
f 3562 3564 3568 3566
f 3561 3562 3566 3565
f 3567 3568 3564 3563
f 3563 3564 3562 3561
f 3565 3566 3568 3567
f 3573 3575 3571 3569
f 3570 3572 3576 3574
f 3569 3570 3574 3573
f 3575 3576 3572 3571
f 3571 3572 3570 3569
f 3573 3574 3576 3575
f 3581 3583 3579 3577
f 3578 3580 3584 3582
f 3577 3578 3582 3581
f 3583 3584 3580 3579
f 3579 3580 3578 3577
f 3581 3582 3584 3583
f 3589 3591 3587 3585
f 3586 3588 3592 3590
f 3585 3586 3590 3589
f 3591 3592 3588 3587
f 3587 3588 3586 3585
f 3589 3590 3592 3591
f 3597 3599 3595 3593
f 3594 3596 3600 3598
f 3593 3594 3598 3597
f 3599 3600 3596 3595
f 3595 3596 3594 3593
f 3597 3598 3600 3599
f 3605 3607 3603 3601
f 3602 3604 3608 3606
f 3601 3602 3606 3605
f 3607 3608 3604 3603
f 3603 3604 3602 3601
f 3605 3606 3608 3607
f 3613 3615 3611 3609
f 3610 3612 3616 3614
f 3609 3610 3614 3613
f 3615 3616 3612 3611
f 3611 3612 3610 3609
f 3613 3614 3616 3615
f 3621 3623 3619 3617
f 3618 3620 3624 3622
f 3617 3618 3622 3621
f 3623 3624 3620 3619
f 3619 3620 3618 3617
f 3621 3622 3624 3623
f 3629 3631 3627 3625
f 3626 3628 3632 3630
f 3625 3626 3630 3629
f 3631 3632 3628 3627
f 3627 3628 3626 3625
f 3629 3630 3632 3631
f 3637 3639 3635 3633
f 3634 3636 3640 3638
f 3633 3634 3638 3637
f 3639 3640 3636 3635
f 3635 3636 3634 3633
f 3637 3638 3640 3639
f 3645 3647 3643 3641
f 3642 3644 3648 3646
f 3641 3642 3646 3645
f 3647 3648 3644 3643
f 3643 3644 3642 3641
f 3645 3646 3648 3647
f 3653 3655 3651 3649
f 3650 3652 3656 3654
f 3649 3650 3654 3653
f 3655 3656 3652 3651
f 3651 3652 3650 3649
f 3653 3654 3656 3655
f 3661 3663 3659 3657
f 3658 3660 3664 3662
f 3657 3658 3662 3661
f 3663 3664 3660 3659
f 3659 3660 3658 3657
f 3661 3662 3664 3663
f 3669 3671 3667 3665
f 3666 3668 3672 3670
f 3665 3666 3670 3669
f 3671 3672 3668 3667
f 3667 3668 3666 3665
f 3669 3670 3672 3671
f 3677 3679 3675 3673
f 3674 3676 3680 3678
f 3673 3674 3678 3677
f 3679 3680 3676 3675
f 3675 3676 3674 3673
f 3677 3678 3680 3679
f 3685 3687 3683 3681
f 3682 3684 3688 3686
f 3681 3682 3686 3685
f 3687 3688 3684 3683
f 3683 3684 3682 3681
f 3685 3686 3688 3687
f 3693 3695 3691 3689
f 3690 3692 3696 3694
f 3689 3690 3694 3693
f 3695 3696 3692 3691
f 3691 3692 3690 3689
f 3693 3694 3696 3695
f 3701 3703 3699 3697
f 3698 3700 3704 3702
f 3697 3698 3702 3701
f 3703 3704 3700 3699
f 3699 3700 3698 3697
f 3701 3702 3704 3703
f 3709 3711 3707 3705
f 3706 3708 3712 3710
f 3705 3706 3710 3709
f 3711 3712 3708 3707
f 3707 3708 3706 3705
f 3709 3710 3712 3711
f 3717 3719 3715 3713
f 3714 3716 3720 3718
f 3713 3714 3718 3717
f 3719 3720 3716 3715
f 3715 3716 3714 3713
f 3717 3718 3720 3719
f 3725 3727 3723 3721
f 3722 3724 3728 3726
f 3721 3722 3726 3725
f 3727 3728 3724 3723
f 3723 3724 3722 3721
f 3725 3726 3728 3727
f 3733 3735 3731 3729
f 3730 3732 3736 3734
f 3729 3730 3734 3733
f 3735 3736 3732 3731
f 3731 3732 3730 3729
f 3733 3734 3736 3735
f 3741 3743 3739 3737
f 3738 3740 3744 3742
f 3737 3738 3742 3741
f 3743 3744 3740 3739
f 3739 3740 3738 3737
f 3741 3742 3744 3743
f 3749 3751 3747 3745
f 3746 3748 3752 3750
f 3745 3746 3750 3749
f 3751 3752 3748 3747
f 3747 3748 3746 3745
f 3749 3750 3752 3751
f 3757 3759 3755 3753
f 3754 3756 3760 3758
f 3753 3754 3758 3757
f 3759 3760 3756 3755
f 3755 3756 3754 3753
f 3757 3758 3760 3759
f 3765 3767 3763 3761
f 3762 3764 3768 3766
f 3761 3762 3766 3765
f 3767 3768 3764 3763
f 3763 3764 3762 3761
f 3765 3766 3768 3767
f 3773 3775 3771 3769
f 3770 3772 3776 3774
f 3769 3770 3774 3773
f 3775 3776 3772 3771
f 3771 3772 3770 3769
f 3773 3774 3776 3775
o SMALL_SUPPORT_Medical-col
usemtl Medical
v -6.7500 0.0000 13.7000
v -4.7500 0.0000 13.7000
v -6.7500 0.0000 12.7000
v -4.7500 0.0000 12.7000
v -6.7500 0.7000 13.7000
v -4.7500 0.7000 13.7000
v -6.7500 0.7000 12.7000
v -4.7500 0.7000 12.7000
v -6.7500 0.0000 10.6000
v -4.7500 0.0000 10.6000
v -6.7500 0.0000 9.6000
v -4.7500 0.0000 9.6000
v -6.7500 0.7000 10.6000
v -4.7500 0.7000 10.6000
v -6.7500 0.7000 9.6000
v -4.7500 0.7000 9.6000
v -6.7500 0.0000 7.5000
v -4.7500 0.0000 7.5000
v -6.7500 0.0000 6.5000
v -4.7500 0.0000 6.5000
v -6.7500 0.7000 7.5000
v -4.7500 0.7000 7.5000
v -6.7500 0.7000 6.5000
v -4.7500 0.7000 6.5000
v -2.5000 0.0000 8.6000
v -1.9500 0.0000 8.6000
v -2.5000 0.0000 5.6000
v -1.9500 0.0000 5.6000
v -2.5000 1.9000 8.6000
v -1.9500 1.9000 8.6000
v -2.5000 1.9000 5.6000
v -1.9500 1.9000 5.6000
f 3781 3783 3779 3777
f 3778 3780 3784 3782
f 3777 3778 3782 3781
f 3783 3784 3780 3779
f 3779 3780 3778 3777
f 3781 3782 3784 3783
f 3789 3791 3787 3785
f 3786 3788 3792 3790
f 3785 3786 3790 3789
f 3791 3792 3788 3787
f 3787 3788 3786 3785
f 3789 3790 3792 3791
f 3797 3799 3795 3793
f 3794 3796 3800 3798
f 3793 3794 3798 3797
f 3799 3800 3796 3795
f 3795 3796 3794 3793
f 3797 3798 3800 3799
f 3805 3807 3803 3801
f 3802 3804 3808 3806
f 3801 3802 3806 3805
f 3807 3808 3804 3803
f 3803 3804 3802 3801
f 3805 3806 3808 3807
o SMALL_SUPPORT_EscapeHatches
usemtl Engine
v 6.8700 0.0000 -16.9000
v 6.9500 0.0000 -16.9000
v 6.8700 0.0000 -18.3000
v 6.9500 0.0000 -18.3000
v 6.8700 2.2000 -16.9000
v 6.9500 2.2000 -16.9000
v 6.8700 2.2000 -18.3000
v 6.9500 2.2000 -18.3000
v 6.8700 0.0000 -21.7000
v 6.9500 0.0000 -21.7000
v 6.8700 0.0000 -23.1000
v 6.9500 0.0000 -23.1000
v 6.8700 2.2000 -21.7000
v 6.9500 2.2000 -21.7000
v 6.8700 2.2000 -23.1000
v 6.9500 2.2000 -23.1000
f 3813 3815 3811 3809
f 3810 3812 3816 3814
f 3809 3810 3814 3813
f 3815 3816 3812 3811
f 3811 3812 3810 3809
f 3813 3814 3816 3815
f 3821 3823 3819 3817
f 3818 3820 3824 3822
f 3817 3818 3822 3821
f 3823 3824 3820 3819
f 3819 3820 3818 3817
f 3821 3822 3824 3823
o SMALL_SUPPORT_BlastDoor_C0_C1_D0-col
usemtl Door
v 0.0750 0.0000 24.8900
v 1.7250 0.0000 24.8900
v 0.0750 0.0000 24.8100
v 1.7250 0.0000 24.8100
v 0.0750 2.8000 24.8900
v 1.7250 2.8000 24.8900
v 0.0750 2.8000 24.8100
v 1.7250 2.8000 24.8100
f 3829 3831 3827 3825
f 3826 3828 3832 3830
f 3825 3826 3830 3829
f 3831 3832 3828 3827
f 3827 3828 3826 3825
f 3829 3830 3832 3831
o SMALL_SUPPORT_BlastDoor_C1_C2_D0-col
usemtl Door
v 0.0750 0.0000 14.8900
v 1.7250 0.0000 14.8900
v 0.0750 0.0000 14.8100
v 1.7250 0.0000 14.8100
v 0.0750 2.8000 14.8900
v 1.7250 2.8000 14.8900
v 0.0750 2.8000 14.8100
v 1.7250 2.8000 14.8100
f 3837 3839 3835 3833
f 3834 3836 3840 3838
f 3833 3834 3838 3837
f 3839 3840 3836 3835
f 3835 3836 3834 3833
f 3837 3838 3840 3839
o SMALL_SUPPORT_BreachDoor_1-col
usemtl Door
v -1.9500 0.0000 0.8000
v -1.7500 0.0000 0.8000
v -1.9500 0.0000 -0.8000
v -1.7500 0.0000 -0.8000
v -1.9500 2.6000 0.8000
v -1.7500 2.6000 0.8000
v -1.9500 2.6000 -0.8000
v -1.7500 2.6000 -0.8000
f 3845 3847 3843 3841
f 3842 3844 3848 3846
f 3841 3842 3846 3845
f 3847 3848 3844 3843
f 3843 3844 3842 3841
f 3845 3846 3848 3847
o SMALL_SUPPORT_BreachWall_2-col
usemtl BreachWall
v 1.7500 0.0000 -2.2000
v 1.9500 0.0000 -2.2000
v 1.7500 0.0000 -3.8000
v 1.9500 0.0000 -3.8000
v 1.7500 2.6000 -2.2000
v 1.9500 2.6000 -2.2000
v 1.7500 2.6000 -3.8000
v 1.9500 2.6000 -3.8000
f 3853 3855 3851 3849
f 3850 3852 3856 3854
f 3849 3850 3854 3853
f 3855 3856 3852 3851
f 3851 3852 3850 3849
f 3853 3854 3856 3855
o SMALL_SUPPORT_Airlock_1_InnerDoor-col
usemtl Door
v -1.7300 0.0000 -10.8500
v -1.6500 0.0000 -10.8500
v -1.7300 0.0000 -12.5500
v -1.6500 0.0000 -12.5500
v -1.7300 2.6000 -10.8500
v -1.6500 2.6000 -10.8500
v -1.7300 2.6000 -12.5500
v -1.6500 2.6000 -12.5500
f 3861 3863 3859 3857
f 3858 3860 3864 3862
f 3857 3858 3862 3861
f 3863 3864 3860 3859
f 3859 3860 3858 3857
f 3861 3862 3864 3863
o SMALL_SUPPORT_Airlock_2_InnerDoor-col
usemtl Door
v 1.6500 0.0000 -10.8500
v 1.7300 0.0000 -10.8500
v 1.6500 0.0000 -12.5500
v 1.7300 0.0000 -12.5500
v 1.6500 2.6000 -10.8500
v 1.7300 2.6000 -10.8500
v 1.6500 2.6000 -12.5500
v 1.7300 2.6000 -12.5500
f 3869 3871 3867 3865
f 3866 3868 3872 3870
f 3865 3866 3870 3869
f 3871 3872 3868 3867
f 3867 3868 3866 3865
f 3869 3870 3872 3871
o SMALL_SUPPORT_BlastDoor_C2_C3_D0-col
usemtl Door
v 0.0750 0.0000 -5.1100
v 1.7250 0.0000 -5.1100
v 0.0750 0.0000 -5.1900
v 1.7250 0.0000 -5.1900
v 0.0750 2.8000 -5.1100
v 1.7250 2.8000 -5.1100
v 0.0750 2.8000 -5.1900
v 1.7250 2.8000 -5.1900
f 3877 3879 3875 3873
f 3874 3876 3880 3878
f 3873 3874 3878 3877
f 3879 3880 3876 3875
f 3875 3876 3874 3873
f 3877 3878 3880 3879
o SMALL_SUPPORT_BreachWall_3-col
usemtl BreachWall
v -5.5500 0.0000 -4.9000
v -3.9500 0.0000 -4.9000
v -5.5500 0.0000 -5.1000
v -3.9500 0.0000 -5.1000
v -5.5500 2.4000 -4.9000
v -3.9500 2.4000 -4.9000
v -5.5500 2.4000 -5.1000
v -3.9500 2.4000 -5.1000
f 3885 3887 3883 3881
f 3882 3884 3888 3886
f 3881 3882 3886 3885
f 3887 3888 3884 3883
f 3883 3884 3882 3881
f 3885 3886 3888 3887
o SMALL_SUPPORT_BreachWall_4-col
usemtl BreachWall
v 3.9500 0.0000 -4.9000
v 5.5500 0.0000 -4.9000
v 3.9500 0.0000 -5.1000
v 5.5500 0.0000 -5.1000
v 3.9500 2.4000 -4.9000
v 5.5500 2.4000 -4.9000
v 3.9500 2.4000 -5.1000
v 5.5500 2.4000 -5.1000
f 3893 3895 3891 3889
f 3890 3892 3896 3894
f 3889 3890 3894 3893
f 3895 3896 3892 3891
f 3891 3892 3890 3889
f 3893 3894 3896 3895
o SMALL_SUPPORT_BlastDoor_C3_C4_D0-col
usemtl Door
v 0.0750 0.0000 -25.1100
v 1.7250 0.0000 -25.1100
v 0.0750 0.0000 -25.1900
v 1.7250 0.0000 -25.1900
v 0.0750 2.8000 -25.1100
v 1.7250 2.8000 -25.1100
v 0.0750 2.8000 -25.1900
v 1.7250 2.8000 -25.1900
f 3901 3903 3899 3897
f 3898 3900 3904 3902
f 3897 3898 3902 3901
f 3903 3904 3900 3899
f 3899 3900 3898 3897
f 3901 3902 3904 3903
o SMALL_SUPPORT_Airlock_1_OuterDoor-col
usemtl Door
v -6.9400 0.0000 -8.9500
v -6.8400 0.0000 -8.9500
v -6.9400 0.0000 -11.0500
v -6.8400 0.0000 -11.0500
v -6.9400 2.6000 -8.9500
v -6.8400 2.6000 -8.9500
v -6.9400 2.6000 -11.0500
v -6.8400 2.6000 -11.0500
f 3909 3911 3907 3905
f 3906 3908 3912 3910
f 3905 3906 3910 3909
f 3911 3912 3908 3907
f 3907 3908 3906 3905
f 3909 3910 3912 3911
o SMALL_SUPPORT_Airlock_2_OuterDoor-col
usemtl Door
v 6.8400 0.0000 -8.9500
v 6.9400 0.0000 -8.9500
v 6.8400 0.0000 -11.0500
v 6.9400 0.0000 -11.0500
v 6.8400 2.6000 -8.9500
v 6.9400 2.6000 -8.9500
v 6.8400 2.6000 -11.0500
v 6.9400 2.6000 -11.0500
f 3917 3919 3915 3913
f 3914 3916 3920 3918
f 3913 3914 3918 3917
f 3919 3920 3916 3915
f 3915 3916 3914 3913
f 3917 3918 3920 3919
o SMALL_SUPPORT_CargoBayDoor-col
usemtl Door
v 7.0000 0.2000 24.2000
v 7.1000 0.2000 24.2000
v 7.0000 0.2000 15.8000
v 7.1000 0.2000 15.8000
v 7.0000 3.6000 24.2000
v 7.1000 3.6000 24.2000
v 7.0000 3.6000 15.8000
v 7.1000 3.6000 15.8000
f 3925 3927 3923 3921
f 3922 3924 3928 3926
f 3921 3922 3926 3925
f 3927 3928 3924 3923
f 3923 3924 3922 3921
f 3925 3926 3928 3927
o SMALL_SUPPORT_CargoBayShield
usemtl Shield
v 7.2500 0.2000 24.2000
v 7.3100 0.2000 24.2000
v 7.2500 0.2000 15.8000
v 7.3100 0.2000 15.8000
v 7.2500 3.6000 24.2000
v 7.3100 3.6000 24.2000
v 7.2500 3.6000 15.8000
v 7.3100 3.6000 15.8000
f 3933 3935 3931 3929
f 3930 3932 3936 3934
f 3929 3930 3934 3933
f 3935 3936 3932 3931
f 3931 3932 3930 3929
f 3933 3934 3936 3935
o SMALL_SUPPORT_ReadyLockers-col
usemtl Furniture
v 1.4000 0.0000 13.6000
v 1.7500 0.0000 13.6000
v 1.4000 0.0000 12.2000
v 1.7500 0.0000 12.2000
v 1.4000 2.0000 13.6000
v 1.7500 2.0000 13.6000
v 1.4000 2.0000 12.2000
v 1.7500 2.0000 12.2000
v 1.4000 0.0000 -6.4000
v 1.7500 0.0000 -6.4000
v 1.4000 0.0000 -7.8000
v 1.7500 0.0000 -7.8000
v 1.4000 2.0000 -6.4000
v 1.7500 2.0000 -6.4000
v 1.4000 2.0000 -7.8000
v 1.7500 2.0000 -7.8000
f 3941 3943 3939 3937
f 3938 3940 3944 3942
f 3937 3938 3942 3941
f 3943 3944 3940 3939
f 3939 3940 3938 3937
f 3941 3942 3944 3943
f 3949 3951 3947 3945
f 3946 3948 3952 3950
f 3945 3946 3950 3949
f 3951 3952 3948 3947
f 3947 3948 3946 3945
f 3949 3950 3952 3951
o SMALL_SUPPORT_EscapePod_1
usemtl Armor
v 7.4500 0.3500 -16.7500
v 9.6500 0.3500 -16.7500
v 7.4500 0.3500 -18.4500
v 9.6500 0.3500 -18.4500
v 7.4500 2.0500 -16.7500
v 9.6500 2.0500 -16.7500
v 7.4500 2.0500 -18.4500
v 9.6500 2.0500 -18.4500
v 9.6500 0.6000 -17.0000
v 10.1500 0.6000 -17.0000
v 9.6500 0.6000 -18.2000
v 10.1500 0.6000 -18.2000
v 9.6500 1.8000 -17.0000
v 10.1500 1.8000 -17.0000
v 9.6500 1.8000 -18.2000
v 10.1500 1.8000 -18.2000
f 3957 3959 3955 3953
f 3954 3956 3960 3958
f 3953 3954 3958 3957
f 3959 3960 3956 3955
f 3955 3956 3954 3953
f 3957 3958 3960 3959
f 3965 3967 3963 3961
f 3962 3964 3968 3966
f 3961 3962 3966 3965
f 3967 3968 3964 3963
f 3963 3964 3962 3961
f 3965 3966 3968 3967
o SMALL_SUPPORT_EscapePod_2
usemtl Armor
v 7.4500 0.3500 -21.5500
v 9.6500 0.3500 -21.5500
v 7.4500 0.3500 -23.2500
v 9.6500 0.3500 -23.2500
v 7.4500 2.0500 -21.5500
v 9.6500 2.0500 -21.5500
v 7.4500 2.0500 -23.2500
v 9.6500 2.0500 -23.2500
v 9.6500 0.6000 -21.8000
v 10.1500 0.6000 -21.8000
v 9.6500 0.6000 -23.0000
v 10.1500 0.6000 -23.0000
v 9.6500 1.8000 -21.8000
v 10.1500 1.8000 -21.8000
v 9.6500 1.8000 -23.0000
v 10.1500 1.8000 -23.0000
f 3973 3975 3971 3969
f 3970 3972 3976 3974
f 3969 3970 3974 3973
f 3975 3976 3972 3971
f 3971 3972 3970 3969
f 3973 3974 3976 3975
f 3981 3983 3979 3977
f 3978 3980 3984 3982
f 3977 3978 3982 3981
f 3983 3984 3980 3979
f 3979 3980 3978 3977
f 3981 3982 3984 3983
o SMALL_SUPPORT_Turret_1
usemtl Turret
v 0.8075 7.4000 -17.5000
v 0.7460 7.4000 -17.8090
v 0.5710 7.4000 -18.0710
v 0.3090 7.4000 -18.2460
v 0.0000 7.4000 -18.3075
v -0.3090 7.4000 -18.2460
v -0.5710 7.4000 -18.0710
v -0.7460 7.4000 -17.8090
v -0.8075 7.4000 -17.5000
v -0.7460 7.4000 -17.1910
v -0.5710 7.4000 -16.9290
v -0.3090 7.4000 -16.7540
v -0.0000 7.4000 -16.6925
v 0.3090 7.4000 -16.7540
v 0.5710 7.4000 -16.9290
v 0.7460 7.4000 -17.1910
v 0.8075 7.6975 -17.5000
v 0.7460 7.6975 -17.8090
v 0.5710 7.6975 -18.0710
v 0.3090 7.6975 -18.2460
v 0.0000 7.6975 -18.3075
v -0.3090 7.6975 -18.2460
v -0.5710 7.6975 -18.0710
v -0.7460 7.6975 -17.8090
v -0.8075 7.6975 -17.5000
v -0.7460 7.6975 -17.1910
v -0.5710 7.6975 -16.9290
v -0.3090 7.6975 -16.7540
v -0.0000 7.6975 -16.6925
v 0.3090 7.6975 -16.7540
v 0.5710 7.6975 -16.9290
v 0.7460 7.6975 -17.1910
v -0.6800 7.6975 -16.8200
v 0.6800 7.6975 -16.8200
v -0.6800 7.6975 -18.2650
v 0.6800 7.6975 -18.2650
v -0.4675 8.3775 -16.8200
v 0.4675 8.3775 -16.8200
v -0.4675 8.3775 -18.2650
v 0.4675 8.3775 -18.2650
v -0.3485 7.9525 -18.0100
v -0.1955 7.9525 -18.0100
v -0.3485 7.9525 -20.2200
v -0.1955 7.9525 -20.2200
v -0.3485 8.1055 -18.0100
v -0.1955 8.1055 -18.0100
v -0.3485 8.1055 -20.2200
v -0.1955 8.1055 -20.2200
v 0.1955 7.9525 -18.0100
v 0.3485 7.9525 -18.0100
v 0.1955 7.9525 -20.2200
v 0.3485 7.9525 -20.2200
v 0.1955 8.1055 -18.0100
v 0.3485 8.1055 -18.0100
v 0.1955 8.1055 -20.2200
v 0.3485 8.1055 -20.2200
f 3985 3986 4002 4001
f 3986 3987 4003 4002
f 3987 3988 4004 4003
f 3988 3989 4005 4004
f 3989 3990 4006 4005
f 3990 3991 4007 4006
f 3991 3992 4008 4007
f 3992 3993 4009 4008
f 3993 3994 4010 4009
f 3994 3995 4011 4010
f 3995 3996 4012 4011
f 3996 3997 4013 4012
f 3997 3998 4014 4013
f 3998 3999 4015 4014
f 3999 4000 4016 4015
f 4000 3985 4001 4016
f 4000 3999 3998 3997 3996 3995 3994 3993 3992 3991 3990 3989 3988 3987 3986 3985
f 4001 4002 4003 4004 4005 4006 4007 4008 4009 4010 4011 4012 4013 4014 4015 4016
f 4021 4023 4019 4017
f 4018 4020 4024 4022
f 4017 4018 4022 4021
f 4023 4024 4020 4019
f 4019 4020 4018 4017
f 4021 4022 4024 4023
f 4029 4031 4027 4025
f 4026 4028 4032 4030
f 4025 4026 4030 4029
f 4031 4032 4028 4027
f 4027 4028 4026 4025
f 4029 4030 4032 4031
f 4037 4039 4035 4033
f 4034 4036 4040 4038
f 4033 4034 4038 4037
f 4039 4040 4036 4035
f 4035 4036 4034 4033
f 4037 4038 4040 4039
o SMALL_SUPPORT_Turret_2
usemtl Turret
v -0.8075 7.4000 21.5000
v -0.7460 7.4000 21.8090
v -0.5710 7.4000 22.0710
v -0.3090 7.4000 22.2460
v -0.0000 7.4000 22.3075
v 0.3090 7.4000 22.2460
v 0.5710 7.4000 22.0710
v 0.7460 7.4000 21.8090
v 0.8075 7.4000 21.5000
v 0.7460 7.4000 21.1910
v 0.5710 7.4000 20.9290
v 0.3090 7.4000 20.7540
v 0.0000 7.4000 20.6925
v -0.3090 7.4000 20.7540
v -0.5710 7.4000 20.9290
v -0.7460 7.4000 21.1910
v -0.8075 7.6975 21.5000
v -0.7460 7.6975 21.8090
v -0.5710 7.6975 22.0710
v -0.3090 7.6975 22.2460
v -0.0000 7.6975 22.3075
v 0.3090 7.6975 22.2460
v 0.5710 7.6975 22.0710
v 0.7460 7.6975 21.8090
v 0.8075 7.6975 21.5000
v 0.7460 7.6975 21.1910
v 0.5710 7.6975 20.9290
v 0.3090 7.6975 20.7540
v 0.0000 7.6975 20.6925
v -0.3090 7.6975 20.7540
v -0.5710 7.6975 20.9290
v -0.7460 7.6975 21.1910
v 0.6800 7.6975 20.8200
v -0.6800 7.6975 20.8200
v 0.6800 7.6975 22.2650
v -0.6800 7.6975 22.2650
v 0.4675 8.3775 20.8200
v -0.4675 8.3775 20.8200
v 0.4675 8.3775 22.2650
v -0.4675 8.3775 22.2650
v 0.3485 7.9525 22.0100
v 0.1955 7.9525 22.0100
v 0.3485 7.9525 24.2200
v 0.1955 7.9525 24.2200
v 0.3485 8.1055 22.0100
v 0.1955 8.1055 22.0100
v 0.3485 8.1055 24.2200
v 0.1955 8.1055 24.2200
v -0.1955 7.9525 22.0100
v -0.3485 7.9525 22.0100
v -0.1955 7.9525 24.2200
v -0.3485 7.9525 24.2200
v -0.1955 8.1055 22.0100
v -0.3485 8.1055 22.0100
v -0.1955 8.1055 24.2200
v -0.3485 8.1055 24.2200
f 4041 4042 4058 4057
f 4042 4043 4059 4058
f 4043 4044 4060 4059
f 4044 4045 4061 4060
f 4045 4046 4062 4061
f 4046 4047 4063 4062
f 4047 4048 4064 4063
f 4048 4049 4065 4064
f 4049 4050 4066 4065
f 4050 4051 4067 4066
f 4051 4052 4068 4067
f 4052 4053 4069 4068
f 4053 4054 4070 4069
f 4054 4055 4071 4070
f 4055 4056 4072 4071
f 4056 4041 4057 4072
f 4056 4055 4054 4053 4052 4051 4050 4049 4048 4047 4046 4045 4044 4043 4042 4041
f 4057 4058 4059 4060 4061 4062 4063 4064 4065 4066 4067 4068 4069 4070 4071 4072
f 4077 4079 4075 4073
f 4074 4076 4080 4078
f 4073 4074 4078 4077
f 4079 4080 4076 4075
f 4075 4076 4074 4073
f 4077 4078 4080 4079
f 4085 4087 4083 4081
f 4082 4084 4088 4086
f 4081 4082 4086 4085
f 4087 4088 4084 4083
f 4083 4084 4082 4081
f 4085 4086 4088 4087
f 4093 4095 4091 4089
f 4090 4092 4096 4094
f 4089 4090 4094 4093
f 4095 4096 4092 4091
f 4091 4092 4090 4089
f 4093 4094 4096 4095
o SMALL_SUPPORT_PodTube_Port_1_Hatch-col
usemtl BreachPanel
v -7.4500 -3.9000 10.6000
v -7.0500 -3.9000 10.6000
v -7.4500 -3.9000 7.4000
v -7.0500 -3.9000 7.4000
v -7.4500 -0.7000 10.6000
v -7.0500 -0.7000 10.6000
v -7.4500 -0.7000 7.4000
v -7.0500 -0.7000 7.4000
f 4101 4103 4099 4097
f 4098 4100 4104 4102
f 4097 4098 4102 4101
f 4103 4104 4100 4099
f 4099 4100 4098 4097
f 4101 4102 4104 4103
o SMALL_SUPPORT_PodTube_Starboard_1_Hatch-col
usemtl BreachPanel
v 7.0500 -3.9000 7.0000
v 7.4500 -3.9000 7.0000
v 7.0500 -3.9000 3.8000
v 7.4500 -3.9000 3.8000
v 7.0500 -0.7000 7.0000
v 7.4500 -0.7000 7.0000
v 7.0500 -0.7000 3.8000
v 7.4500 -0.7000 3.8000
f 4109 4111 4107 4105
f 4106 4108 4112 4110
f 4105 4106 4110 4109
f 4111 4112 4108 4107
f 4107 4108 4106 4105
f 4109 4110 4112 4111
o SMALL_SUPPORT_PodTube_Port_2_Hatch-col
usemtl BreachPanel
v -7.4500 -3.9000 3.4000
v -7.0500 -3.9000 3.4000
v -7.4500 -3.9000 0.2000
v -7.0500 -3.9000 0.2000
v -7.4500 -0.7000 3.4000
v -7.0500 -0.7000 3.4000
v -7.4500 -0.7000 0.2000
v -7.0500 -0.7000 0.2000
f 4117 4119 4115 4113
f 4114 4116 4120 4118
f 4113 4114 4118 4117
f 4119 4120 4116 4115
f 4115 4116 4114 4113
f 4117 4118 4120 4119
o SMALL_SUPPORT_PodTube_Starboard_2_Hatch-col
usemtl BreachPanel
v 7.0500 -3.9000 -0.2000
v 7.4500 -3.9000 -0.2000
v 7.0500 -3.9000 -3.4000
v 7.4500 -3.9000 -3.4000
v 7.0500 -0.7000 -0.2000
v 7.4500 -0.7000 -0.2000
v 7.0500 -0.7000 -3.4000
v 7.4500 -0.7000 -3.4000
f 4125 4127 4123 4121
f 4122 4124 4128 4126
f 4121 4122 4126 4125
f 4127 4128 4124 4123
f 4123 4124 4122 4121
f 4125 4126 4128 4127
o SMALL_SUPPORT_PodTube_Port_3_Hatch-col
usemtl BreachPanel
v -7.4500 -3.9000 -3.8000
v -7.0500 -3.9000 -3.8000
v -7.4500 -3.9000 -7.0000
v -7.0500 -3.9000 -7.0000
v -7.4500 -0.7000 -3.8000
v -7.0500 -0.7000 -3.8000
v -7.4500 -0.7000 -7.0000
v -7.0500 -0.7000 -7.0000
f 4133 4135 4131 4129
f 4130 4132 4136 4134
f 4129 4130 4134 4133
f 4135 4136 4132 4131
f 4131 4132 4130 4129
f 4133 4134 4136 4135
o SMALL_SUPPORT_PodTube_Starboard_3_Hatch-col
usemtl BreachPanel
v 7.0500 -3.9000 -7.4000
v 7.4500 -3.9000 -7.4000
v 7.0500 -3.9000 -10.6000
v 7.4500 -3.9000 -10.6000
v 7.0500 -0.7000 -7.4000
v 7.4500 -0.7000 -7.4000
v 7.0500 -0.7000 -10.6000
v 7.4500 -0.7000 -10.6000
f 4141 4143 4139 4137
f 4138 4140 4144 4142
f 4137 4138 4142 4141
f 4143 4144 4140 4139
f 4139 4140 4138 4137
f 4141 4142 4144 4143
