mtllib ship_LARGE.mtl
o LARGE_Decks-col
usemtl Deck
v -8.9500 -0.3000 65.0000
v 8.9500 -0.3000 65.0000
v -8.9500 -0.3000 55.0000
v 8.9500 -0.3000 55.0000
v -8.9500 0.0000 65.0000
v 8.9500 0.0000 65.0000
v -8.9500 0.0000 55.0000
v 8.9500 0.0000 55.0000
v -8.9500 -0.3000 55.0000
v 8.9500 -0.3000 55.0000
v -8.9500 -0.3000 45.0000
v 8.9500 -0.3000 45.0000
v -8.9500 0.0000 55.0000
v 8.9500 0.0000 55.0000
v -8.9500 0.0000 45.0000
v 8.9500 0.0000 45.0000
v -8.9500 -0.3000 45.0000
v 8.9500 -0.3000 45.0000
v -8.9500 -0.3000 35.0000
v 8.9500 -0.3000 35.0000
v -8.9500 0.0000 45.0000
v 8.9500 0.0000 45.0000
v -8.9500 0.0000 35.0000
v 8.9500 0.0000 35.0000
v -8.9500 -0.3000 35.0000
v 8.9500 -0.3000 35.0000
v -8.9500 -0.3000 25.0000
v 8.9500 -0.3000 25.0000
v -8.9500 0.0000 35.0000
v 8.9500 0.0000 35.0000
v -8.9500 0.0000 25.0000
v 8.9500 0.0000 25.0000
v -8.9500 -0.3000 25.0000
v 8.9500 -0.3000 25.0000
v -8.9500 -0.3000 15.0000
v 8.9500 -0.3000 15.0000
v -8.9500 0.0000 25.0000
v 8.9500 0.0000 25.0000
v -8.9500 0.0000 15.0000
v 8.9500 0.0000 15.0000
v -8.9500 -0.3000 15.0000
v 8.9500 -0.3000 15.0000
v -8.9500 -0.3000 5.0000
v 8.9500 -0.3000 5.0000
v -8.9500 0.0000 15.0000
v 8.9500 0.0000 15.0000
v -8.9500 0.0000 5.0000
v 8.9500 0.0000 5.0000
v -8.9500 -0.3000 5.0000
v 8.9500 -0.3000 5.0000
v -8.9500 -0.3000 -5.0000
v 8.9500 -0.3000 -5.0000
v -8.9500 0.0000 5.0000
v 8.9500 0.0000 5.0000
v -8.9500 0.0000 -5.0000
v 8.9500 0.0000 -5.0000
v -8.9500 -0.3000 -5.0000
v 8.9500 -0.3000 -5.0000
v -8.9500 -0.3000 -15.0000
v 8.9500 -0.3000 -15.0000
v -8.9500 0.0000 -5.0000
v 8.9500 0.0000 -5.0000
v -8.9500 0.0000 -15.0000
v 8.9500 0.0000 -15.0000
v -8.9500 -0.3000 -15.0000
v 8.9500 -0.3000 -15.0000
v -8.9500 -0.3000 -25.0000
v 8.9500 -0.3000 -25.0000
v -8.9500 0.0000 -15.0000
v 8.9500 0.0000 -15.0000
v -8.9500 0.0000 -25.0000
v 8.9500 0.0000 -25.0000
v -8.9500 -0.3000 -25.0000
v 8.9500 -0.3000 -25.0000
v -8.9500 -0.3000 -35.0000
v 8.9500 -0.3000 -35.0000
v -8.9500 0.0000 -25.0000
v 8.9500 0.0000 -25.0000
v -8.9500 0.0000 -35.0000
v 8.9500 0.0000 -35.0000
v -8.9500 -0.3000 -35.0000
v 8.9500 -0.3000 -35.0000
v -8.9500 -0.3000 -45.0000
v 8.9500 -0.3000 -45.0000
v -8.9500 0.0000 -35.0000
v 8.9500 0.0000 -35.0000
v -8.9500 0.0000 -45.0000
v 8.9500 0.0000 -45.0000
v -8.9500 -0.3000 -45.0000
v 8.9500 -0.3000 -45.0000
v -8.9500 -0.3000 -55.0000
v 8.9500 -0.3000 -55.0000
v -8.9500 0.0000 -45.0000
v 8.9500 0.0000 -45.0000
v -8.9500 0.0000 -55.0000
v 8.9500 0.0000 -55.0000
v -8.9500 -0.3000 -55.0000
v 8.9500 -0.3000 -55.0000
v -8.9500 -0.3000 -65.0000
v 8.9500 -0.3000 -65.0000
v -8.9500 0.0000 -55.0000
v 8.9500 0.0000 -55.0000
v -8.9500 0.0000 -65.0000
v 8.9500 0.0000 -65.0000
v -8.9500 3.7000 -5.0000
v 8.9500 3.7000 -5.0000
v -8.9500 3.7000 -15.0000
v 8.9500 3.7000 -15.0000
v -8.9500 4.0000 -5.0000
v 8.9500 4.0000 -5.0000
v -8.9500 4.0000 -15.0000
v 8.9500 4.0000 -15.0000
v -6.4500 3.7000 -15.0000
v 8.9500 3.7000 -15.0000
v -6.4500 3.7000 -25.0000
v 8.9500 3.7000 -25.0000
v -6.4500 4.0000 -15.0000
v 8.9500 4.0000 -15.0000
v -6.4500 4.0000 -25.0000
v 8.9500 4.0000 -25.0000
v -8.9500 3.7000 -15.0000
v -6.4500 3.7000 -15.0000
v -8.9500 3.7000 -16.6000
v -6.4500 3.7000 -16.6000
v -8.9500 4.0000 -15.0000
v -6.4500 4.0000 -15.0000
v -8.9500 4.0000 -16.6000
v -6.4500 4.0000 -16.6000
v -8.9500 3.7000 -23.4000
v -6.4500 3.7000 -23.4000
v -8.9500 3.7000 -25.0000
v -6.4500 3.7000 -25.0000
v -8.9500 4.0000 -23.4000
v -6.4500 4.0000 -23.4000
v -8.9500 4.0000 -25.0000
v -6.4500 4.0000 -25.0000
v -8.9500 3.7000 -25.0000
v -4.9500 3.7000 -25.0000
v -8.9500 3.7000 -35.0000
v -4.9500 3.7000 -35.0000
v -8.9500 4.0000 -25.0000
v -4.9500 4.0000 -25.0000
v -8.9500 4.0000 -35.0000
v -4.9500 4.0000 -35.0000
v -1.9500 3.7000 -25.0000
v 8.9500 3.7000 -25.0000
v -1.9500 3.7000 -35.0000
v 8.9500 3.7000 -35.0000
v -1.9500 4.0000 -25.0000
v 8.9500 4.0000 -25.0000
v -1.9500 4.0000 -35.0000
v 8.9500 4.0000 -35.0000
v -4.9500 3.7000 -25.0000
v -1.9500 3.7000 -25.0000
v -4.9500 3.7000 -26.0000
v -1.9500 3.7000 -26.0000
v -4.9500 4.0000 -25.0000
v -1.9500 4.0000 -25.0000
v -4.9500 4.0000 -26.0000
v -1.9500 4.0000 -26.0000
v -4.9500 3.7000 -29.0000
v -1.9500 3.7000 -29.0000
v -4.9500 3.7000 -35.0000
v -1.9500 3.7000 -35.0000
v -4.9500 4.0000 -29.0000
v -1.9500 4.0000 -29.0000
v -4.9500 4.0000 -35.0000
v -1.9500 4.0000 -35.0000
v -8.9500 3.7000 -35.0000
v 8.9500 3.7000 -35.0000
v -8.9500 3.7000 -45.0000
v 8.9500 3.7000 -45.0000
v -8.9500 4.0000 -35.0000
v 8.9500 4.0000 -35.0000
v -8.9500 4.0000 -45.0000
v 8.9500 4.0000 -45.0000
v -8.9500 3.7000 -45.0000
v 8.9500 3.7000 -45.0000
v -8.9500 3.7000 -55.0000
v 8.9500 3.7000 -55.0000
v -8.9500 4.0000 -45.0000
v 8.9500 4.0000 -45.0000
v -8.9500 4.0000 -55.0000
v 8.9500 4.0000 -55.0000
v -8.9500 3.7000 -55.0000
v 8.9500 3.7000 -55.0000
v -8.9500 3.7000 -65.0000
v 8.9500 3.7000 -65.0000
v -8.9500 4.0000 -55.0000
v 8.9500 4.0000 -55.0000
v -8.9500 4.0000 -65.0000
v 8.9500 4.0000 -65.0000
f 5 7 3 1
f 2 4 8 6
f 1 2 6 5
f 7 8 4 3
f 3 4 2 1
f 5 6 8 7
f 13 15 11 9
f 10 12 16 14
f 9 10 14 13
f 15 16 12 11
f 11 12 10 9
f 13 14 16 15
f 21 23 19 17
f 18 20 24 22
f 17 18 22 21
f 23 24 20 19
f 19 20 18 17
f 21 22 24 23
f 29 31 27 25
f 26 28 32 30
f 25 26 30 29
f 31 32 28 27
f 27 28 26 25
f 29 30 32 31
f 37 39 35 33
f 34 36 40 38
f 33 34 38 37
f 39 40 36 35
f 35 36 34 33
f 37 38 40 39
f 45 47 43 41
f 42 44 48 46
f 41 42 46 45
f 47 48 44 43
f 43 44 42 41
f 45 46 48 47
f 53 55 51 49
f 50 52 56 54
f 49 50 54 53
f 55 56 52 51
f 51 52 50 49
f 53 54 56 55
f 61 63 59 57
f 58 60 64 62
f 57 58 62 61
f 63 64 60 59
f 59 60 58 57
f 61 62 64 63
f 69 71 67 65
f 66 68 72 70
f 65 66 70 69
f 71 72 68 67
f 67 68 66 65
f 69 70 72 71
f 77 79 75 73
f 74 76 80 78
f 73 74 78 77
f 79 80 76 75
f 75 76 74 73
f 77 78 80 79
f 85 87 83 81
f 82 84 88 86
f 81 82 86 85
f 87 88 84 83
f 83 84 82 81
f 85 86 88 87
f 93 95 91 89
f 90 92 96 94
f 89 90 94 93
f 95 96 92 91
f 91 92 90 89
f 93 94 96 95
f 101 103 99 97
f 98 100 104 102
f 97 98 102 101
f 103 104 100 99
f 99 100 98 97
f 101 102 104 103
f 109 111 107 105
f 106 108 112 110
f 105 106 110 109
f 111 112 108 107
f 107 108 106 105
f 109 110 112 111
f 117 119 115 113
f 114 116 120 118
f 113 114 118 117
f 119 120 116 115
f 115 116 114 113
f 117 118 120 119
f 125 127 123 121
f 122 124 128 126
f 121 122 126 125
f 127 128 124 123
f 123 124 122 121
f 125 126 128 127
f 133 135 131 129
f 130 132 136 134
f 129 130 134 133
f 135 136 132 131
f 131 132 130 129
f 133 134 136 135
f 141 143 139 137
f 138 140 144 142
f 137 138 142 141
f 143 144 140 139
f 139 140 138 137
f 141 142 144 143
f 149 151 147 145
f 146 148 152 150
f 145 146 150 149
f 151 152 148 147
f 147 148 146 145
f 149 150 152 151
f 157 159 155 153
f 154 156 160 158
f 153 154 158 157
f 159 160 156 155
f 155 156 154 153
f 157 158 160 159
f 165 167 163 161
f 162 164 168 166
f 161 162 166 165
f 167 168 164 163
f 163 164 162 161
f 165 166 168 167
f 173 175 171 169
f 170 172 176 174
f 169 170 174 173
f 175 176 172 171
f 171 172 170 169
f 173 174 176 175
f 181 183 179 177
f 178 180 184 182
f 177 178 182 181
f 183 184 180 179
f 179 180 178 177
f 181 182 184 183
f 189 191 187 185
f 186 188 192 190
f 185 186 190 189
f 191 192 188 187
f 187 188 186 185
f 189 190 192 191
o LARGE_Interior-col
usemtl Interior
v -8.9500 0.0000 55.1000
v -1.5500 0.0000 55.1000
v -8.9500 0.0000 54.9000
v -1.5500 0.0000 54.9000
v -8.9500 4.0000 55.1000
v -1.5500 4.0000 55.1000
v -8.9500 4.0000 54.9000
v -1.5500 4.0000 54.9000
v -1.5500 2.8000 55.1000
v 0.0500 2.8000 55.1000
v -1.5500 2.8000 54.9000
v 0.0500 2.8000 54.9000
v -1.5500 4.0000 55.1000
v 0.0500 4.0000 55.1000
v -1.5500 4.0000 54.9000
v 0.0500 4.0000 54.9000
v 0.0500 0.0000 55.1000
v 8.9500 0.0000 55.1000
v 0.0500 0.0000 54.9000
v 8.9500 0.0000 54.9000
v 0.0500 4.0000 55.1000
v 8.9500 4.0000 55.1000
v 0.0500 4.0000 54.9000
v 8.9500 4.0000 54.9000
v -8.9500 0.0000 25.1000
v -1.5500 0.0000 25.1000
v -8.9500 0.0000 24.9000
v -1.5500 0.0000 24.9000
v -8.9500 4.0000 25.1000
v -1.5500 4.0000 25.1000
v -8.9500 4.0000 24.9000
v -1.5500 4.0000 24.9000
v -1.5500 2.8000 25.1000
v 0.0500 2.8000 25.1000
v -1.5500 2.8000 24.9000
v 0.0500 2.8000 24.9000
v -1.5500 4.0000 25.1000
v 0.0500 4.0000 25.1000
v -1.5500 4.0000 24.9000
v 0.0500 4.0000 24.9000
v 0.0500 0.0000 25.1000
v 8.9500 0.0000 25.1000
v 0.0500 0.0000 24.9000
v 8.9500 0.0000 24.9000
v 0.0500 4.0000 25.1000
v 8.9500 4.0000 25.1000
v 0.0500 4.0000 24.9000
v 8.9500 4.0000 24.9000
v -1.9500 0.0000 -5.0000
v -1.7500 0.0000 -5.0000
v -1.9500 0.0000 -9.2000
v -1.7500 0.0000 -9.2000
v -1.9500 4.0000 -5.0000
v -1.7500 4.0000 -5.0000
v -1.9500 4.0000 -9.2000
v -1.7500 4.0000 -9.2000
v -1.9500 2.6000 -9.2000
v -1.7500 2.6000 -9.2000
v -1.9500 2.6000 -10.8000
v -1.7500 2.6000 -10.8000
v -1.9500 4.0000 -9.2000
v -1.7500 4.0000 -9.2000
v -1.9500 4.0000 -10.8000
v -1.7500 4.0000 -10.8000
v -1.9500 0.0000 -10.8000
v -1.7500 0.0000 -10.8000
v -1.9500 0.0000 -15.0000
v -1.7500 0.0000 -15.0000
v -1.9500 4.0000 -10.8000
v -1.7500 4.0000 -10.8000
v -1.9500 4.0000 -15.0000
v -1.7500 4.0000 -15.0000
v 1.7500 0.0000 -5.0000
v 1.9500 0.0000 -5.0000
v 1.7500 0.0000 -9.2000
v 1.9500 0.0000 -9.2000
v 1.7500 4.0000 -5.0000
v 1.9500 4.0000 -5.0000
v 1.7500 4.0000 -9.2000
v 1.9500 4.0000 -9.2000
v 1.7500 2.6000 -9.2000
v 1.9500 2.6000 -9.2000
v 1.7500 2.6000 -10.8000
v 1.9500 2.6000 -10.8000
v 1.7500 4.0000 -9.2000
v 1.9500 4.0000 -9.2000
v 1.7500 4.0000 -10.8000
v 1.9500 4.0000 -10.8000
v 1.7500 0.0000 -10.8000
v 1.9500 0.0000 -10.8000
v 1.7500 0.0000 -15.0000
v 1.9500 0.0000 -15.0000
v 1.7500 4.0000 -10.8000
v 1.9500 4.0000 -10.8000
v 1.7500 4.0000 -15.0000
v 1.9500 4.0000 -15.0000
v -8.9500 0.0000 -4.9000
v -1.5500 0.0000 -4.9000
v -8.9500 0.0000 -5.1000
v -1.5500 0.0000 -5.1000
v -8.9500 4.0000 -4.9000
v -1.5500 4.0000 -4.9000
v -8.9500 4.0000 -5.1000
v -1.5500 4.0000 -5.1000
v -1.5500 2.8000 -4.9000
v 0.0500 2.8000 -4.9000
v -1.5500 2.8000 -5.1000
v 0.0500 2.8000 -5.1000
v -1.5500 4.0000 -4.9000
v 0.0500 4.0000 -4.9000
v -1.5500 4.0000 -5.1000
v 0.0500 4.0000 -5.1000
v 0.0500 0.0000 -4.9000
v 8.9500 0.0000 -4.9000
v 0.0500 0.0000 -5.1000
v 8.9500 0.0000 -5.1000
v 0.0500 4.0000 -4.9000
v 8.9500 4.0000 -4.9000
v 0.0500 4.0000 -5.1000
v 8.9500 4.0000 -5.1000
v -1.9500 0.0000 -15.0000
v -1.7500 0.0000 -15.0000
v -1.9500 0.0000 -19.2000
v -1.7500 0.0000 -19.2000
v -1.9500 4.0000 -15.0000
v -1.7500 4.0000 -15.0000
v -1.9500 4.0000 -19.2000
v -1.7500 4.0000 -19.2000
v -1.9500 2.6000 -19.2000
v -1.7500 2.6000 -19.2000
v -1.9500 2.6000 -20.8000
v -1.7500 2.6000 -20.8000
v -1.9500 4.0000 -19.2000
v -1.7500 4.0000 -19.2000
v -1.9500 4.0000 -20.8000
v -1.7500 4.0000 -20.8000
v -1.9500 0.0000 -20.8000
v -1.7500 0.0000 -20.8000
v -1.9500 0.0000 -25.0000
v -1.7500 0.0000 -25.0000
v -1.9500 4.0000 -20.8000
v -1.7500 4.0000 -20.8000
v -1.9500 4.0000 -25.0000
v -1.7500 4.0000 -25.0000
v 1.7500 0.0000 -15.0000
v 1.9500 0.0000 -15.0000
v 1.7500 0.0000 -19.2000
v 1.9500 0.0000 -19.2000
v 1.7500 4.0000 -15.0000
v 1.9500 4.0000 -15.0000
v 1.7500 4.0000 -19.2000
v 1.9500 4.0000 -19.2000
v 1.7500 2.6000 -19.2000
v 1.9500 2.6000 -19.2000
v 1.7500 2.6000 -20.8000
v 1.9500 2.6000 -20.8000
v 1.7500 4.0000 -19.2000
v 1.9500 4.0000 -19.2000
v 1.7500 4.0000 -20.8000
v 1.9500 4.0000 -20.8000
v 1.7500 0.0000 -20.8000
v 1.9500 0.0000 -20.8000
v 1.7500 0.0000 -22.2000
v 1.9500 0.0000 -22.2000
v 1.7500 4.0000 -20.8000
v 1.9500 4.0000 -20.8000
v 1.7500 4.0000 -22.2000
v 1.9500 4.0000 -22.2000
v 1.7500 2.6000 -22.2000
v 1.9500 2.6000 -22.2000
v 1.7500 2.6000 -23.8000
v 1.9500 2.6000 -23.8000
v 1.7500 4.0000 -22.2000
v 1.9500 4.0000 -22.2000
v 1.7500 4.0000 -23.8000
v 1.9500 4.0000 -23.8000
v 1.7500 0.0000 -23.8000
v 1.9500 0.0000 -23.8000
v 1.7500 0.0000 -25.0000
v 1.9500 0.0000 -25.0000
v 1.7500 4.0000 -23.8000
v 1.9500 4.0000 -23.8000
v 1.7500 4.0000 -25.0000
v 1.9500 4.0000 -25.0000
v -8.9500 0.0000 -14.9000
v -7.3500 0.0000 -14.9000
v -8.9500 0.0000 -15.1000
v -7.3500 0.0000 -15.1000
v -8.9500 4.0000 -14.9000
v -7.3500 4.0000 -14.9000
v -8.9500 4.0000 -15.1000
v -7.3500 4.0000 -15.1000
v -7.3500 2.4000 -14.9000
v -6.1500 2.4000 -14.9000
v -7.3500 2.4000 -15.1000
v -6.1500 2.4000 -15.1000
v -7.3500 4.0000 -14.9000
v -6.1500 4.0000 -14.9000
v -7.3500 4.0000 -15.1000
v -6.1500 4.0000 -15.1000
v -6.1500 0.0000 -14.9000
v -1.9500 0.0000 -14.9000
v -6.1500 0.0000 -15.1000
v -1.9500 0.0000 -15.1000
v -6.1500 4.0000 -14.9000
v -1.9500 4.0000 -14.9000
v -6.1500 4.0000 -15.1000
v -1.9500 4.0000 -15.1000
v 1.9500 0.0000 -14.9000
v 6.1500 0.0000 -14.9000
v 1.9500 0.0000 -15.1000
v 6.1500 0.0000 -15.1000
v 1.9500 4.0000 -14.9000
v 6.1500 4.0000 -14.9000
v 1.9500 4.0000 -15.1000
v 6.1500 4.0000 -15.1000
v 6.1500 2.4000 -14.9000
v 7.3500 2.4000 -14.9000
v 6.1500 2.4000 -15.1000
v 7.3500 2.4000 -15.1000
v 6.1500 4.0000 -14.9000
v 7.3500 4.0000 -14.9000
v 6.1500 4.0000 -15.1000
v 7.3500 4.0000 -15.1000
v 7.3500 0.0000 -14.9000
v 8.9500 0.0000 -14.9000
v 7.3500 0.0000 -15.1000
v 8.9500 0.0000 -15.1000
v 7.3500 4.0000 -14.9000
v 8.9500 4.0000 -14.9000
v 7.3500 4.0000 -15.1000
v 8.9500 4.0000 -15.1000
v -1.9500 0.0000 -25.0000
v -1.7500 0.0000 -25.0000
v -1.9500 0.0000 -26.6000
v -1.7500 0.0000 -26.6000
v -1.9500 4.0000 -25.0000
v -1.7500 4.0000 -25.0000
v -1.9500 4.0000 -26.6000
v -1.7500 4.0000 -26.6000
v -1.9500 2.6000 -26.6000
v -1.7500 2.6000 -26.6000
v -1.9500 2.6000 -28.4000
v -1.7500 2.6000 -28.4000
v -1.9500 4.0000 -26.6000
v -1.7500 4.0000 -26.6000
v -1.9500 4.0000 -28.4000
v -1.7500 4.0000 -28.4000
v -1.9500 0.0000 -28.4000
v -1.7500 0.0000 -28.4000
v -1.9500 0.0000 -31.4000
v -1.7500 0.0000 -31.4000
v -1.9500 4.0000 -28.4000
v -1.7500 4.0000 -28.4000
v -1.9500 4.0000 -31.4000
v -1.7500 4.0000 -31.4000
v -1.9500 2.6000 -31.4000
v -1.7500 2.6000 -31.4000
v -1.9500 2.6000 -33.0000
v -1.7500 2.6000 -33.0000
v -1.9500 4.0000 -31.4000
v -1.7500 4.0000 -31.4000
v -1.9500 4.0000 -33.0000
v -1.7500 4.0000 -33.0000
v -1.9500 0.0000 -33.0000
v -1.7500 0.0000 -33.0000
v -1.9500 0.0000 -35.0000
v -1.7500 0.0000 -35.0000
v -1.9500 4.0000 -33.0000
v -1.7500 4.0000 -33.0000
v -1.9500 4.0000 -35.0000
v -1.7500 4.0000 -35.0000
v 1.7500 0.0000 -25.0000
v 1.9500 0.0000 -25.0000
v 1.7500 0.0000 -29.2000
v 1.9500 0.0000 -29.2000
v 1.7500 4.0000 -25.0000
v 1.9500 4.0000 -25.0000
v 1.7500 4.0000 -29.2000
v 1.9500 4.0000 -29.2000
v 1.7500 2.6000 -29.2000
v 1.9500 2.6000 -29.2000
v 1.7500 2.6000 -30.8000
v 1.9500 2.6000 -30.8000
v 1.7500 4.0000 -29.2000
v 1.9500 4.0000 -29.2000
v 1.7500 4.0000 -30.8000
v 1.9500 4.0000 -30.8000
v 1.7500 0.0000 -30.8000
v 1.9500 0.0000 -30.8000
v 1.7500 0.0000 -35.0000
v 1.9500 0.0000 -35.0000
v 1.7500 4.0000 -30.8000
v 1.9500 4.0000 -30.8000
v 1.7500 4.0000 -35.0000
v 1.9500 4.0000 -35.0000
v -1.7500 0.0000 -24.9000
v -1.5500 0.0000 -24.9000
v -1.7500 0.0000 -25.1000
v -1.5500 0.0000 -25.1000
v -1.7500 4.0000 -24.9000
v -1.5500 4.0000 -24.9000
v -1.7500 4.0000 -25.1000
v -1.5500 4.0000 -25.1000
v -1.5500 2.8000 -24.9000
v 0.0500 2.8000 -24.9000
v -1.5500 2.8000 -25.1000
v 0.0500 2.8000 -25.1000
v -1.5500 4.0000 -24.9000
v 0.0500 4.0000 -24.9000
v -1.5500 4.0000 -25.1000
v 0.0500 4.0000 -25.1000
v 0.0500 0.0000 -24.9000
v 1.7500 0.0000 -24.9000
v 0.0500 0.0000 -25.1000
v 1.7500 0.0000 -25.1000
v 0.0500 4.0000 -24.9000
v 1.7500 4.0000 -24.9000
v 0.0500 4.0000 -25.1000
v 1.7500 4.0000 -25.1000
v -8.9500 0.0000 -24.9000
v -7.5500 0.0000 -24.9000
v -8.9500 0.0000 -25.1000
v -7.5500 0.0000 -25.1000
v -8.9500 4.0000 -24.9000
v -7.5500 4.0000 -24.9000
v -8.9500 4.0000 -25.1000
v -7.5500 4.0000 -25.1000
v -7.5500 2.4000 -24.9000
v -5.9500 2.4000 -24.9000
v -7.5500 2.4000 -25.1000
v -5.9500 2.4000 -25.1000
v -7.5500 4.0000 -24.9000
v -5.9500 4.0000 -24.9000
v -7.5500 4.0000 -25.1000
v -5.9500 4.0000 -25.1000
v -5.9500 0.0000 -24.9000
v -1.9500 0.0000 -24.9000
v -5.9500 0.0000 -25.1000
v -1.9500 0.0000 -25.1000
v -5.9500 4.0000 -24.9000
v -1.9500 4.0000 -24.9000
v -5.9500 4.0000 -25.1000
v -1.9500 4.0000 -25.1000
v 1.9500 0.0000 -24.9000
v 5.9500 0.0000 -24.9000
v 1.9500 0.0000 -25.1000
v 5.9500 0.0000 -25.1000
v 1.9500 4.0000 -24.9000
v 5.9500 4.0000 -24.9000
v 1.9500 4.0000 -25.1000
v 5.9500 4.0000 -25.1000
v 5.9500 2.4000 -24.9000
v 7.5500 2.4000 -24.9000
v 5.9500 2.4000 -25.1000
v 7.5500 2.4000 -25.1000
v 5.9500 4.0000 -24.9000
v 7.5500 4.0000 -24.9000
v 5.9500 4.0000 -25.1000
v 7.5500 4.0000 -25.1000
v 7.5500 0.0000 -24.9000
v 8.9500 0.0000 -24.9000
v 7.5500 0.0000 -25.1000
v 8.9500 0.0000 -25.1000
v 7.5500 4.0000 -24.9000
v 8.9500 4.0000 -24.9000
v 7.5500 4.0000 -25.1000
v 8.9500 4.0000 -25.1000
v -1.9500 0.0000 -35.0000
v -1.7500 0.0000 -35.0000
v -1.9500 0.0000 -38.7000
v -1.7500 0.0000 -38.7000
v -1.9500 4.0000 -35.0000
v -1.7500 4.0000 -35.0000
v -1.9500 4.0000 -38.7000
v -1.7500 4.0000 -38.7000
v -1.9500 2.6000 -38.7000
v -1.7500 2.6000 -38.7000
v -1.9500 2.6000 -41.3000
v -1.7500 2.6000 -41.3000
v -1.9500 4.0000 -38.7000
v -1.7500 4.0000 -38.7000
v -1.9500 4.0000 -41.3000
v -1.7500 4.0000 -41.3000
v -1.9500 0.0000 -41.3000
v -1.7500 0.0000 -41.3000
v -1.9500 0.0000 -45.0000
v -1.7500 0.0000 -45.0000
v -1.9500 4.0000 -41.3000
v -1.7500 4.0000 -41.3000
v -1.9500 4.0000 -45.0000
v -1.7500 4.0000 -45.0000
v 1.7500 0.0000 -35.0000
v 1.9500 0.0000 -35.0000
v 1.7500 0.0000 -39.2000
v 1.9500 0.0000 -39.2000
v 1.7500 4.0000 -35.0000
v 1.9500 4.0000 -35.0000
v 1.7500 4.0000 -39.2000
v 1.9500 4.0000 -39.2000
v 1.7500 2.6000 -39.2000
v 1.9500 2.6000 -39.2000
v 1.7500 2.6000 -40.8000
v 1.9500 2.6000 -40.8000
v 1.7500 4.0000 -39.2000
v 1.9500 4.0000 -39.2000
v 1.7500 4.0000 -40.8000
v 1.9500 4.0000 -40.8000
v 1.7500 0.0000 -40.8000
v 1.9500 0.0000 -40.8000
v 1.7500 0.0000 -45.0000
v 1.9500 0.0000 -45.0000
v 1.7500 4.0000 -40.8000
v 1.9500 4.0000 -40.8000
v 1.7500 4.0000 -45.0000
v 1.9500 4.0000 -45.0000
v -8.9500 0.0000 -34.9000
v -7.3500 0.0000 -34.9000
v -8.9500 0.0000 -35.1000
v -7.3500 0.0000 -35.1000
v -8.9500 4.0000 -34.9000
v -7.3500 4.0000 -34.9000
v -8.9500 4.0000 -35.1000
v -7.3500 4.0000 -35.1000
v -7.3500 2.4000 -34.9000
v -6.1500 2.4000 -34.9000
v -7.3500 2.4000 -35.1000
v -6.1500 2.4000 -35.1000
v -7.3500 4.0000 -34.9000
v -6.1500 4.0000 -34.9000
v -7.3500 4.0000 -35.1000
v -6.1500 4.0000 -35.1000
v -6.1500 0.0000 -34.9000
v -1.9500 0.0000 -34.9000
v -6.1500 0.0000 -35.1000
v -1.9500 0.0000 -35.1000
v -6.1500 4.0000 -34.9000
v -1.9500 4.0000 -34.9000
v -6.1500 4.0000 -35.1000
v -1.9500 4.0000 -35.1000
v 1.9500 0.0000 -34.9000
v 6.1500 0.0000 -34.9000
v 1.9500 0.0000 -35.1000
v 6.1500 0.0000 -35.1000
v 1.9500 4.0000 -34.9000
v 6.1500 4.0000 -34.9000
v 1.9500 4.0000 -35.1000
v 6.1500 4.0000 -35.1000
v 6.1500 2.4000 -34.9000
v 7.3500 2.4000 -34.9000
v 6.1500 2.4000 -35.1000
v 7.3500 2.4000 -35.1000
v 6.1500 4.0000 -34.9000
v 7.3500 4.0000 -34.9000
v 6.1500 4.0000 -35.1000
v 7.3500 4.0000 -35.1000
v 7.3500 0.0000 -34.9000
v 8.9500 0.0000 -34.9000
v 7.3500 0.0000 -35.1000
v 8.9500 0.0000 -35.1000
v 7.3500 4.0000 -34.9000
v 8.9500 4.0000 -34.9000
v 7.3500 4.0000 -35.1000
v 8.9500 4.0000 -35.1000
v -1.9500 0.0000 -45.0000
v -1.7500 0.0000 -45.0000
v -1.9500 0.0000 -49.2000
v -1.7500 0.0000 -49.2000
v -1.9500 4.0000 -45.0000
v -1.7500 4.0000 -45.0000
v -1.9500 4.0000 -49.2000
v -1.7500 4.0000 -49.2000
v -1.9500 2.6000 -49.2000
v -1.7500 2.6000 -49.2000
v -1.9500 2.6000 -50.8000
v -1.7500 2.6000 -50.8000
v -1.9500 4.0000 -49.2000
v -1.7500 4.0000 -49.2000
v -1.9500 4.0000 -50.8000
v -1.7500 4.0000 -50.8000
v -1.9500 0.0000 -50.8000
v -1.7500 0.0000 -50.8000
v -1.9500 0.0000 -52.2000
v -1.7500 0.0000 -52.2000
v -1.9500 4.0000 -50.8000
v -1.7500 4.0000 -50.8000
v -1.9500 4.0000 -52.2000
v -1.7500 4.0000 -52.2000
v -1.9500 2.6000 -52.2000
v -1.7500 2.6000 -52.2000
v -1.9500 2.6000 -53.8000
v -1.7500 2.6000 -53.8000
v -1.9500 4.0000 -52.2000
v -1.7500 4.0000 -52.2000
v -1.9500 4.0000 -53.8000
v -1.7500 4.0000 -53.8000
v -1.9500 0.0000 -53.8000
v -1.7500 0.0000 -53.8000
v -1.9500 0.0000 -55.0000
v -1.7500 0.0000 -55.0000
v -1.9500 4.0000 -53.8000
v -1.7500 4.0000 -53.8000
v -1.9500 4.0000 -55.0000
v -1.7500 4.0000 -55.0000
v 1.7500 0.0000 -45.0000
v 1.9500 0.0000 -45.0000
v 1.7500 0.0000 -49.2000
v 1.9500 0.0000 -49.2000
v 1.7500 4.0000 -45.0000
v 1.9500 4.0000 -45.0000
v 1.7500 4.0000 -49.2000
v 1.9500 4.0000 -49.2000
v 1.7500 2.6000 -49.2000
v 1.9500 2.6000 -49.2000
v 1.7500 2.6000 -50.8000
v 1.9500 2.6000 -50.8000
v 1.7500 4.0000 -49.2000
v 1.9500 4.0000 -49.2000
v 1.7500 4.0000 -50.8000
v 1.9500 4.0000 -50.8000
v 1.7500 0.0000 -50.8000
v 1.9500 0.0000 -50.8000
v 1.7500 0.0000 -55.0000
v 1.9500 0.0000 -55.0000
v 1.7500 4.0000 -50.8000
v 1.9500 4.0000 -50.8000
v 1.7500 4.0000 -55.0000
v 1.9500 4.0000 -55.0000
v -1.7500 0.0000 -44.9000
v -1.5500 0.0000 -44.9000
v -1.7500 0.0000 -45.1000
v -1.5500 0.0000 -45.1000
v -1.7500 4.0000 -44.9000
v -1.5500 4.0000 -44.9000
v -1.7500 4.0000 -45.1000
v -1.5500 4.0000 -45.1000
v -1.5500 2.8000 -44.9000
v 0.0500 2.8000 -44.9000
v -1.5500 2.8000 -45.1000
v 0.0500 2.8000 -45.1000
v -1.5500 4.0000 -44.9000
v 0.0500 4.0000 -44.9000
v -1.5500 4.0000 -45.1000
v 0.0500 4.0000 -45.1000
v 0.0500 0.0000 -44.9000
v 1.7500 0.0000 -44.9000
v 0.0500 0.0000 -45.1000
v 1.7500 0.0000 -45.1000
v 0.0500 4.0000 -44.9000
v 1.7500 4.0000 -44.9000
v 0.0500 4.0000 -45.1000
v 1.7500 4.0000 -45.1000
v -8.9500 0.0000 -44.9000
v -7.5500 0.0000 -44.9000
v -8.9500 0.0000 -45.1000
v -7.5500 0.0000 -45.1000
v -8.9500 4.0000 -44.9000
v -7.5500 4.0000 -44.9000
v -8.9500 4.0000 -45.1000
v -7.5500 4.0000 -45.1000
v -7.5500 2.4000 -44.9000
v -5.9500 2.4000 -44.9000
v -7.5500 2.4000 -45.1000
v -5.9500 2.4000 -45.1000
v -7.5500 4.0000 -44.9000
v -5.9500 4.0000 -44.9000
v -7.5500 4.0000 -45.1000
v -5.9500 4.0000 -45.1000
v -5.9500 0.0000 -44.9000
v -1.9500 0.0000 -44.9000
v -5.9500 0.0000 -45.1000
v -1.9500 0.0000 -45.1000
v -5.9500 4.0000 -44.9000
v -1.9500 4.0000 -44.9000
v -5.9500 4.0000 -45.1000
v -1.9500 4.0000 -45.1000
v 1.9500 0.0000 -44.9000
v 5.9500 0.0000 -44.9000
v 1.9500 0.0000 -45.1000
v 5.9500 0.0000 -45.1000
v 1.9500 4.0000 -44.9000
v 5.9500 4.0000 -44.9000
v 1.9500 4.0000 -45.1000
v 5.9500 4.0000 -45.1000
v 5.9500 2.4000 -44.9000
v 7.5500 2.4000 -44.9000
v 5.9500 2.4000 -45.1000
v 7.5500 2.4000 -45.1000
v 5.9500 4.0000 -44.9000
v 7.5500 4.0000 -44.9000
v 5.9500 4.0000 -45.1000
v 7.5500 4.0000 -45.1000
v 7.5500 0.0000 -44.9000
v 8.9500 0.0000 -44.9000
v 7.5500 0.0000 -45.1000
v 8.9500 0.0000 -45.1000
v 7.5500 4.0000 -44.9000
v 8.9500 4.0000 -44.9000
v 7.5500 4.0000 -45.1000
v 8.9500 4.0000 -45.1000
v -1.9500 0.0000 -55.0000
v -1.7500 0.0000 -55.0000
v -1.9500 0.0000 -58.7000
v -1.7500 0.0000 -58.7000
v -1.9500 4.0000 -55.0000
v -1.7500 4.0000 -55.0000
v -1.9500 4.0000 -58.7000
v -1.7500 4.0000 -58.7000
v -1.9500 2.6000 -58.7000
v -1.7500 2.6000 -58.7000
v -1.9500 2.6000 -61.3000
v -1.7500 2.6000 -61.3000
v -1.9500 4.0000 -58.7000
v -1.7500 4.0000 -58.7000
v -1.9500 4.0000 -61.3000
v -1.7500 4.0000 -61.3000
v -1.9500 0.0000 -61.3000
v -1.7500 0.0000 -61.3000
v -1.9500 0.0000 -65.0000
v -1.7500 0.0000 -65.0000
v -1.9500 4.0000 -61.3000
v -1.7500 4.0000 -61.3000
v -1.9500 4.0000 -65.0000
v -1.7500 4.0000 -65.0000
v 1.7500 0.0000 -55.0000
v 1.9500 0.0000 -55.0000
v 1.7500 0.0000 -59.2000
v 1.9500 0.0000 -59.2000
v 1.7500 4.0000 -55.0000
v 1.9500 4.0000 -55.0000
v 1.7500 4.0000 -59.2000
v 1.9500 4.0000 -59.2000
v 1.7500 2.6000 -59.2000
v 1.9500 2.6000 -59.2000
v 1.7500 2.6000 -60.8000
v 1.9500 2.6000 -60.8000
v 1.7500 4.0000 -59.2000
v 1.9500 4.0000 -59.2000
v 1.7500 4.0000 -60.8000
v 1.9500 4.0000 -60.8000
v 1.7500 0.0000 -60.8000
v 1.9500 0.0000 -60.8000
v 1.7500 0.0000 -65.0000
v 1.9500 0.0000 -65.0000
v 1.7500 4.0000 -60.8000
v 1.9500 4.0000 -60.8000
v 1.7500 4.0000 -65.0000
v 1.9500 4.0000 -65.0000
v -8.9500 0.0000 -54.9000
v -7.3500 0.0000 -54.9000
v -8.9500 0.0000 -55.1000
v -7.3500 0.0000 -55.1000
v -8.9500 4.0000 -54.9000
v -7.3500 4.0000 -54.9000
v -8.9500 4.0000 -55.1000
v -7.3500 4.0000 -55.1000
v -7.3500 2.4000 -54.9000
v -6.1500 2.4000 -54.9000
v -7.3500 2.4000 -55.1000
v -6.1500 2.4000 -55.1000
v -7.3500 4.0000 -54.9000
v -6.1500 4.0000 -54.9000
v -7.3500 4.0000 -55.1000
v -6.1500 4.0000 -55.1000
v -6.1500 0.0000 -54.9000
v -1.9500 0.0000 -54.9000
v -6.1500 0.0000 -55.1000
v -1.9500 0.0000 -55.1000
v -6.1500 4.0000 -54.9000
v -1.9500 4.0000 -54.9000
v -6.1500 4.0000 -55.1000
v -1.9500 4.0000 -55.1000
v 1.9500 0.0000 -54.9000
v 6.1500 0.0000 -54.9000
v 1.9500 0.0000 -55.1000
v 6.1500 0.0000 -55.1000
v 1.9500 4.0000 -54.9000
v 6.1500 4.0000 -54.9000
v 1.9500 4.0000 -55.1000
v 6.1500 4.0000 -55.1000
v 6.1500 2.4000 -54.9000
v 7.3500 2.4000 -54.9000
v 6.1500 2.4000 -55.1000
v 7.3500 2.4000 -55.1000
v 6.1500 4.0000 -54.9000
v 7.3500 4.0000 -54.9000
v 6.1500 4.0000 -55.1000
v 7.3500 4.0000 -55.1000
v 7.3500 0.0000 -54.9000
v 8.9500 0.0000 -54.9000
v 7.3500 0.0000 -55.1000
v 8.9500 0.0000 -55.1000
v 7.3500 4.0000 -54.9000
v 8.9500 4.0000 -54.9000
v 7.3500 4.0000 -55.1000
v 8.9500 4.0000 -55.1000
v -8.9500 4.0000 55.1000
v 8.9500 4.0000 55.1000
v -8.9500 4.0000 54.9000
v 8.9500 4.0000 54.9000
v -8.9500 8.0000 55.1000
v 8.9500 8.0000 55.1000
v -8.9500 8.0000 54.9000
v 8.9500 8.0000 54.9000
v -8.9500 4.0000 25.1000
v 8.9500 4.0000 25.1000
v -8.9500 4.0000 24.9000
v 8.9500 4.0000 24.9000
v -8.9500 8.0000 25.1000
v 8.9500 8.0000 25.1000
v -8.9500 8.0000 24.9000
v 8.9500 8.0000 24.9000
v -1.9500 4.0000 -5.0000
v -1.7500 4.0000 -5.0000
v -1.9500 4.0000 -9.2000
v -1.7500 4.0000 -9.2000
v -1.9500 8.0000 -5.0000
v -1.7500 8.0000 -5.0000
v -1.9500 8.0000 -9.2000
v -1.7500 8.0000 -9.2000
v -1.9500 6.6000 -9.2000
v -1.7500 6.6000 -9.2000
v -1.9500 6.6000 -10.8000
v -1.7500 6.6000 -10.8000
v -1.9500 8.0000 -9.2000
v -1.7500 8.0000 -9.2000
v -1.9500 8.0000 -10.8000
v -1.7500 8.0000 -10.8000
v -1.9500 4.0000 -10.8000
v -1.7500 4.0000 -10.8000
v -1.9500 4.0000 -15.0000
v -1.7500 4.0000 -15.0000
v -1.9500 8.0000 -10.8000
v -1.7500 8.0000 -10.8000
v -1.9500 8.0000 -15.0000
v -1.7500 8.0000 -15.0000
v 1.7500 4.0000 -5.0000
v 1.9500 4.0000 -5.0000
v 1.7500 4.0000 -8.7000
v 1.9500 4.0000 -8.7000
v 1.7500 8.0000 -5.0000
v 1.9500 8.0000 -5.0000
v 1.7500 8.0000 -8.7000
v 1.9500 8.0000 -8.7000
v 1.7500 6.6000 -8.7000
v 1.9500 6.6000 -8.7000
v 1.7500 6.6000 -11.3000
v 1.9500 6.6000 -11.3000
v 1.7500 8.0000 -8.7000
v 1.9500 8.0000 -8.7000
v 1.7500 8.0000 -11.3000
v 1.9500 8.0000 -11.3000
v 1.7500 4.0000 -11.3000
v 1.9500 4.0000 -11.3000
v 1.7500 4.0000 -15.0000
v 1.9500 4.0000 -15.0000
v 1.7500 8.0000 -11.3000
v 1.9500 8.0000 -11.3000
v 1.7500 8.0000 -15.0000
v 1.9500 8.0000 -15.0000
v -8.9500 4.0000 -4.9000
v 8.9500 4.0000 -4.9000
v -8.9500 4.0000 -5.1000
v 8.9500 4.0000 -5.1000
v -8.9500 8.0000 -4.9000
v 8.9500 8.0000 -4.9000
v -8.9500 8.0000 -5.1000
v 8.9500 8.0000 -5.1000
v -1.9500 4.0000 -15.0000
v -1.7500 4.0000 -15.0000
v -1.9500 4.0000 -19.2000
v -1.7500 4.0000 -19.2000
v -1.9500 8.0000 -15.0000
v -1.7500 8.0000 -15.0000
v -1.9500 8.0000 -19.2000
v -1.7500 8.0000 -19.2000
v -1.9500 6.6000 -19.2000
v -1.7500 6.6000 -19.2000
v -1.9500 6.6000 -20.8000
v -1.7500 6.6000 -20.8000
v -1.9500 8.0000 -19.2000
v -1.7500 8.0000 -19.2000
v -1.9500 8.0000 -20.8000
v -1.7500 8.0000 -20.8000
v -1.9500 4.0000 -20.8000
v -1.7500 4.0000 -20.8000
v -1.9500 4.0000 -25.0000
v -1.7500 4.0000 -25.0000
v -1.9500 8.0000 -20.8000
v -1.7500 8.0000 -20.8000
v -1.9500 8.0000 -25.0000
v -1.7500 8.0000 -25.0000
v 1.7500 4.0000 -15.0000
v 1.9500 4.0000 -15.0000
v 1.7500 4.0000 -19.2000
v 1.9500 4.0000 -19.2000
v 1.7500 8.0000 -15.0000
v 1.9500 8.0000 -15.0000
v 1.7500 8.0000 -19.2000
v 1.9500 8.0000 -19.2000
v 1.7500 6.6000 -19.2000
v 1.9500 6.6000 -19.2000
v 1.7500 6.6000 -20.8000
v 1.9500 6.6000 -20.8000
v 1.7500 8.0000 -19.2000
v 1.9500 8.0000 -19.2000
v 1.7500 8.0000 -20.8000
v 1.9500 8.0000 -20.8000
v 1.7500 4.0000 -20.8000
v 1.9500 4.0000 -20.8000
v 1.7500 4.0000 -25.0000
v 1.9500 4.0000 -25.0000
v 1.7500 8.0000 -20.8000
v 1.9500 8.0000 -20.8000
v 1.7500 8.0000 -25.0000
v 1.9500 8.0000 -25.0000
v -8.9500 4.0000 -14.9000
v -7.3500 4.0000 -14.9000
v -8.9500 4.0000 -15.1000
v -7.3500 4.0000 -15.1000
v -8.9500 8.0000 -14.9000
v -7.3500 8.0000 -14.9000
v -8.9500 8.0000 -15.1000
v -7.3500 8.0000 -15.1000
v -7.3500 6.4000 -14.9000
v -6.1500 6.4000 -14.9000
v -7.3500 6.4000 -15.1000
v -6.1500 6.4000 -15.1000
v -7.3500 8.0000 -14.9000
v -6.1500 8.0000 -14.9000
v -7.3500 8.0000 -15.1000
v -6.1500 8.0000 -15.1000
v -6.1500 4.0000 -14.9000
v -1.9500 4.0000 -14.9000
v -6.1500 4.0000 -15.1000
v -1.9500 4.0000 -15.1000
v -6.1500 8.0000 -14.9000
v -1.9500 8.0000 -14.9000
v -6.1500 8.0000 -15.1000
v -1.9500 8.0000 -15.1000
v 1.9500 4.0000 -14.9000
v 6.1500 4.0000 -14.9000
v 1.9500 4.0000 -15.1000
v 6.1500 4.0000 -15.1000
v 1.9500 8.0000 -14.9000
v 6.1500 8.0000 -14.9000
v 1.9500 8.0000 -15.1000
v 6.1500 8.0000 -15.1000
v 6.1500 6.4000 -14.9000
v 7.3500 6.4000 -14.9000
v 6.1500 6.4000 -15.1000
v 7.3500 6.4000 -15.1000
v 6.1500 8.0000 -14.9000
v 7.3500 8.0000 -14.9000
v 6.1500 8.0000 -15.1000
v 7.3500 8.0000 -15.1000
v 7.3500 4.0000 -14.9000
v 8.9500 4.0000 -14.9000
v 7.3500 4.0000 -15.1000
v 8.9500 4.0000 -15.1000
v 7.3500 8.0000 -14.9000
v 8.9500 8.0000 -14.9000
v 7.3500 8.0000 -15.1000
v 8.9500 8.0000 -15.1000
v -1.9500 4.0000 -25.0000
v -1.7500 4.0000 -25.0000
v -1.9500 4.0000 -26.6000
v -1.7500 4.0000 -26.6000
v -1.9500 8.0000 -25.0000
v -1.7500 8.0000 -25.0000
v -1.9500 8.0000 -26.6000
v -1.7500 8.0000 -26.6000
v -1.9500 6.6000 -26.6000
v -1.7500 6.6000 -26.6000
v -1.9500 6.6000 -28.4000
v -1.7500 6.6000 -28.4000
v -1.9500 8.0000 -26.6000
v -1.7500 8.0000 -26.6000
v -1.9500 8.0000 -28.4000
v -1.7500 8.0000 -28.4000
v -1.9500 4.0000 -28.4000
v -1.7500 4.0000 -28.4000
v -1.9500 4.0000 -31.4000
v -1.7500 4.0000 -31.4000
v -1.9500 8.0000 -28.4000
v -1.7500 8.0000 -28.4000
v -1.9500 8.0000 -31.4000
v -1.7500 8.0000 -31.4000
v -1.9500 6.6000 -31.4000
v -1.7500 6.6000 -31.4000
v -1.9500 6.6000 -33.0000
v -1.7500 6.6000 -33.0000
v -1.9500 8.0000 -31.4000
v -1.7500 8.0000 -31.4000
v -1.9500 8.0000 -33.0000
v -1.7500 8.0000 -33.0000
v -1.9500 4.0000 -33.0000
v -1.7500 4.0000 -33.0000
v -1.9500 4.0000 -35.0000
v -1.7500 4.0000 -35.0000
v -1.9500 8.0000 -33.0000
v -1.7500 8.0000 -33.0000
v -1.9500 8.0000 -35.0000
v -1.7500 8.0000 -35.0000
v 1.7500 4.0000 -25.0000
v 1.9500 4.0000 -25.0000
v 1.7500 4.0000 -29.2000
v 1.9500 4.0000 -29.2000
v 1.7500 8.0000 -25.0000
v 1.9500 8.0000 -25.0000
v 1.7500 8.0000 -29.2000
v 1.9500 8.0000 -29.2000
v 1.7500 6.6000 -29.2000
v 1.9500 6.6000 -29.2000
v 1.7500 6.6000 -30.8000
v 1.9500 6.6000 -30.8000
v 1.7500 8.0000 -29.2000
v 1.9500 8.0000 -29.2000
v 1.7500 8.0000 -30.8000
v 1.9500 8.0000 -30.8000
v 1.7500 4.0000 -30.8000
v 1.9500 4.0000 -30.8000
v 1.7500 4.0000 -35.0000
v 1.9500 4.0000 -35.0000
v 1.7500 8.0000 -30.8000
v 1.9500 8.0000 -30.8000
v 1.7500 8.0000 -35.0000
v 1.9500 8.0000 -35.0000
v -1.7500 4.0000 -24.9000
v -1.5500 4.0000 -24.9000
v -1.7500 4.0000 -25.1000
v -1.5500 4.0000 -25.1000
v -1.7500 8.0000 -24.9000
v -1.5500 8.0000 -24.9000
v -1.7500 8.0000 -25.1000
v -1.5500 8.0000 -25.1000
v -1.5500 6.8000 -24.9000
v 0.0500 6.8000 -24.9000
v -1.5500 6.8000 -25.1000
v 0.0500 6.8000 -25.1000
v -1.5500 8.0000 -24.9000
v 0.0500 8.0000 -24.9000
v -1.5500 8.0000 -25.1000
v 0.0500 8.0000 -25.1000
v 0.0500 4.0000 -24.9000
v 1.7500 4.0000 -24.9000
v 0.0500 4.0000 -25.1000
v 1.7500 4.0000 -25.1000
v 0.0500 8.0000 -24.9000
v 1.7500 8.0000 -24.9000
v 0.0500 8.0000 -25.1000
v 1.7500 8.0000 -25.1000
v -8.9500 4.0000 -24.9000
v -7.5500 4.0000 -24.9000
v -8.9500 4.0000 -25.1000
v -7.5500 4.0000 -25.1000
v -8.9500 8.0000 -24.9000
v -7.5500 8.0000 -24.9000
v -8.9500 8.0000 -25.1000
v -7.5500 8.0000 -25.1000
v -7.5500 6.4000 -24.9000
v -5.9500 6.4000 -24.9000
v -7.5500 6.4000 -25.1000
v -5.9500 6.4000 -25.1000
v -7.5500 8.0000 -24.9000
v -5.9500 8.0000 -24.9000
v -7.5500 8.0000 -25.1000
v -5.9500 8.0000 -25.1000
v -5.9500 4.0000 -24.9000
v -1.9500 4.0000 -24.9000
v -5.9500 4.0000 -25.1000
v -1.9500 4.0000 -25.1000
v -5.9500 8.0000 -24.9000
v -1.9500 8.0000 -24.9000
v -5.9500 8.0000 -25.1000
v -1.9500 8.0000 -25.1000
v 1.9500 4.0000 -24.9000
v 5.9500 4.0000 -24.9000
v 1.9500 4.0000 -25.1000
v 5.9500 4.0000 -25.1000
v 1.9500 8.0000 -24.9000
v 5.9500 8.0000 -24.9000
v 1.9500 8.0000 -25.1000
v 5.9500 8.0000 -25.1000
v 5.9500 6.4000 -24.9000
v 7.5500 6.4000 -24.9000
v 5.9500 6.4000 -25.1000
v 7.5500 6.4000 -25.1000
v 5.9500 8.0000 -24.9000
v 7.5500 8.0000 -24.9000
v 5.9500 8.0000 -25.1000
v 7.5500 8.0000 -25.1000
v 7.5500 4.0000 -24.9000
v 8.9500 4.0000 -24.9000
v 7.5500 4.0000 -25.1000
v 8.9500 4.0000 -25.1000
v 7.5500 8.0000 -24.9000
v 8.9500 8.0000 -24.9000
v 7.5500 8.0000 -25.1000
v 8.9500 8.0000 -25.1000
v -1.9500 4.0000 -35.0000
v -1.7500 4.0000 -35.0000
v -1.9500 4.0000 -38.7000
v -1.7500 4.0000 -38.7000
v -1.9500 8.0000 -35.0000
v -1.7500 8.0000 -35.0000
v -1.9500 8.0000 -38.7000
v -1.7500 8.0000 -38.7000
v -1.9500 6.6000 -38.7000
v -1.7500 6.6000 -38.7000
v -1.9500 6.6000 -41.3000
v -1.7500 6.6000 -41.3000
v -1.9500 8.0000 -38.7000
v -1.7500 8.0000 -38.7000
v -1.9500 8.0000 -41.3000
v -1.7500 8.0000 -41.3000
v -1.9500 4.0000 -41.3000
v -1.7500 4.0000 -41.3000
v -1.9500 4.0000 -45.0000
v -1.7500 4.0000 -45.0000
v -1.9500 8.0000 -41.3000
v -1.7500 8.0000 -41.3000
v -1.9500 8.0000 -45.0000
v -1.7500 8.0000 -45.0000
v 1.7500 4.0000 -35.0000
v 1.9500 4.0000 -35.0000
v 1.7500 4.0000 -39.2000
v 1.9500 4.0000 -39.2000
v 1.7500 8.0000 -35.0000
v 1.9500 8.0000 -35.0000
v 1.7500 8.0000 -39.2000
v 1.9500 8.0000 -39.2000
v 1.7500 6.6000 -39.2000
v 1.9500 6.6000 -39.2000
v 1.7500 6.6000 -40.8000
v 1.9500 6.6000 -40.8000
v 1.7500 8.0000 -39.2000
v 1.9500 8.0000 -39.2000
v 1.7500 8.0000 -40.8000
v 1.9500 8.0000 -40.8000
v 1.7500 4.0000 -40.8000
v 1.9500 4.0000 -40.8000
v 1.7500 4.0000 -45.0000
v 1.9500 4.0000 -45.0000
v 1.7500 8.0000 -40.8000
v 1.9500 8.0000 -40.8000
v 1.7500 8.0000 -45.0000
v 1.9500 8.0000 -45.0000
v -8.9500 4.0000 -34.9000
v -7.3500 4.0000 -34.9000
v -8.9500 4.0000 -35.1000
v -7.3500 4.0000 -35.1000
v -8.9500 8.0000 -34.9000
v -7.3500 8.0000 -34.9000
v -8.9500 8.0000 -35.1000
v -7.3500 8.0000 -35.1000
v -7.3500 6.4000 -34.9000
v -6.1500 6.4000 -34.9000
v -7.3500 6.4000 -35.1000
v -6.1500 6.4000 -35.1000
v -7.3500 8.0000 -34.9000
v -6.1500 8.0000 -34.9000
v -7.3500 8.0000 -35.1000
v -6.1500 8.0000 -35.1000
v -6.1500 4.0000 -34.9000
v -1.9500 4.0000 -34.9000
v -6.1500 4.0000 -35.1000
v -1.9500 4.0000 -35.1000
v -6.1500 8.0000 -34.9000
v -1.9500 8.0000 -34.9000
v -6.1500 8.0000 -35.1000
v -1.9500 8.0000 -35.1000
v 1.9500 4.0000 -34.9000
v 6.1500 4.0000 -34.9000
v 1.9500 4.0000 -35.1000
v 6.1500 4.0000 -35.1000
v 1.9500 8.0000 -34.9000
v 6.1500 8.0000 -34.9000
v 1.9500 8.0000 -35.1000
v 6.1500 8.0000 -35.1000
v 6.1500 6.4000 -34.9000
v 7.3500 6.4000 -34.9000
v 6.1500 6.4000 -35.1000
v 7.3500 6.4000 -35.1000
v 6.1500 8.0000 -34.9000
v 7.3500 8.0000 -34.9000
v 6.1500 8.0000 -35.1000
v 7.3500 8.0000 -35.1000
v 7.3500 4.0000 -34.9000
v 8.9500 4.0000 -34.9000
v 7.3500 4.0000 -35.1000
v 8.9500 4.0000 -35.1000
v 7.3500 8.0000 -34.9000
v 8.9500 8.0000 -34.9000
v 7.3500 8.0000 -35.1000
v 8.9500 8.0000 -35.1000
v -1.9500 4.0000 -45.0000
v -1.7500 4.0000 -45.0000
v -1.9500 4.0000 -49.2000
v -1.7500 4.0000 -49.2000
v -1.9500 8.0000 -45.0000
v -1.7500 8.0000 -45.0000
v -1.9500 8.0000 -49.2000
v -1.7500 8.0000 -49.2000
v -1.9500 6.6000 -49.2000
v -1.7500 6.6000 -49.2000
v -1.9500 6.6000 -50.8000
v -1.7500 6.6000 -50.8000
v -1.9500 8.0000 -49.2000
v -1.7500 8.0000 -49.2000
v -1.9500 8.0000 -50.8000
v -1.7500 8.0000 -50.8000
v -1.9500 4.0000 -50.8000
v -1.7500 4.0000 -50.8000
v -1.9500 4.0000 -55.0000
v -1.7500 4.0000 -55.0000
v -1.9500 8.0000 -50.8000
v -1.7500 8.0000 -50.8000
v -1.9500 8.0000 -55.0000
v -1.7500 8.0000 -55.0000
v 1.7500 4.0000 -45.0000
v 1.9500 4.0000 -45.0000
v 1.7500 4.0000 -49.2000
v 1.9500 4.0000 -49.2000
v 1.7500 8.0000 -45.0000
v 1.9500 8.0000 -45.0000
v 1.7500 8.0000 -49.2000
v 1.9500 8.0000 -49.2000
v 1.7500 6.6000 -49.2000
v 1.9500 6.6000 -49.2000
v 1.7500 6.6000 -50.8000
v 1.9500 6.6000 -50.8000
v 1.7500 8.0000 -49.2000
v 1.9500 8.0000 -49.2000
v 1.7500 8.0000 -50.8000
v 1.9500 8.0000 -50.8000
v 1.7500 4.0000 -50.8000
v 1.9500 4.0000 -50.8000
v 1.7500 4.0000 -55.0000
v 1.9500 4.0000 -55.0000
v 1.7500 8.0000 -50.8000
v 1.9500 8.0000 -50.8000
v 1.7500 8.0000 -55.0000
v 1.9500 8.0000 -55.0000
v -1.7500 4.0000 -44.9000
v -1.5500 4.0000 -44.9000
v -1.7500 4.0000 -45.1000
v -1.5500 4.0000 -45.1000
v -1.7500 8.0000 -44.9000
v -1.5500 8.0000 -44.9000
v -1.7500 8.0000 -45.1000
v -1.5500 8.0000 -45.1000
v -1.5500 6.8000 -44.9000
v 0.0500 6.8000 -44.9000
v -1.5500 6.8000 -45.1000
v 0.0500 6.8000 -45.1000
v -1.5500 8.0000 -44.9000
v 0.0500 8.0000 -44.9000
v -1.5500 8.0000 -45.1000
v 0.0500 8.0000 -45.1000
v 0.0500 4.0000 -44.9000
v 1.7500 4.0000 -44.9000
v 0.0500 4.0000 -45.1000
v 1.7500 4.0000 -45.1000
v 0.0500 8.0000 -44.9000
v 1.7500 8.0000 -44.9000
v 0.0500 8.0000 -45.1000
v 1.7500 8.0000 -45.1000
v -8.9500 4.0000 -44.9000
v -7.5500 4.0000 -44.9000
v -8.9500 4.0000 -45.1000
v -7.5500 4.0000 -45.1000
v -8.9500 8.0000 -44.9000
v -7.5500 8.0000 -44.9000
v -8.9500 8.0000 -45.1000
v -7.5500 8.0000 -45.1000
v -7.5500 6.4000 -44.9000
v -5.9500 6.4000 -44.9000
v -7.5500 6.4000 -45.1000
v -5.9500 6.4000 -45.1000
v -7.5500 8.0000 -44.9000
v -5.9500 8.0000 -44.9000
v -7.5500 8.0000 -45.1000
v -5.9500 8.0000 -45.1000
v -5.9500 4.0000 -44.9000
v -1.9500 4.0000 -44.9000
v -5.9500 4.0000 -45.1000
v -1.9500 4.0000 -45.1000
v -5.9500 8.0000 -44.9000
v -1.9500 8.0000 -44.9000
v -5.9500 8.0000 -45.1000
v -1.9500 8.0000 -45.1000
v 1.9500 4.0000 -44.9000
v 5.9500 4.0000 -44.9000
v 1.9500 4.0000 -45.1000
v 5.9500 4.0000 -45.1000
v 1.9500 8.0000 -44.9000
v 5.9500 8.0000 -44.9000
v 1.9500 8.0000 -45.1000
v 5.9500 8.0000 -45.1000
v 5.9500 6.4000 -44.9000
v 7.5500 6.4000 -44.9000
v 5.9500 6.4000 -45.1000
v 7.5500 6.4000 -45.1000
v 5.9500 8.0000 -44.9000
v 7.5500 8.0000 -44.9000
v 5.9500 8.0000 -45.1000
v 7.5500 8.0000 -45.1000
v 7.5500 4.0000 -44.9000
v 8.9500 4.0000 -44.9000
v 7.5500 4.0000 -45.1000
v 8.9500 4.0000 -45.1000
v 7.5500 8.0000 -44.9000
v 8.9500 8.0000 -44.9000
v 7.5500 8.0000 -45.1000
v 8.9500 8.0000 -45.1000
v -8.9500 4.0000 -54.9000
v -1.5500 4.0000 -54.9000
v -8.9500 4.0000 -55.1000
v -1.5500 4.0000 -55.1000
v -8.9500 8.0000 -54.9000
v -1.5500 8.0000 -54.9000
v -8.9500 8.0000 -55.1000
v -1.5500 8.0000 -55.1000
v -1.5500 6.8000 -54.9000
v 0.0500 6.8000 -54.9000
v -1.5500 6.8000 -55.1000
v 0.0500 6.8000 -55.1000
v -1.5500 8.0000 -54.9000
v 0.0500 8.0000 -54.9000
v -1.5500 8.0000 -55.1000
v 0.0500 8.0000 -55.1000
v 0.0500 4.0000 -54.9000
v 8.9500 4.0000 -54.9000
v 0.0500 4.0000 -55.1000
v 8.9500 4.0000 -55.1000
v 0.0500 8.0000 -54.9000
v 8.9500 8.0000 -54.9000
v 0.0500 8.0000 -55.1000
v 8.9500 8.0000 -55.1000
v -5.1500 0.0000 -25.8000
v -4.9500 0.0000 -25.8000
v -5.1500 0.0000 -29.2000
v -4.9500 0.0000 -29.2000
v -5.1500 8.0000 -25.8000
v -4.9500 8.0000 -25.8000
v -5.1500 8.0000 -29.2000
v -4.9500 8.0000 -29.2000
v -4.9500 0.0000 -25.8000
v -1.9500 0.0000 -25.8000
v -4.9500 0.0000 -26.0000
v -1.9500 0.0000 -26.0000
v -4.9500 8.0000 -25.8000
v -1.9500 8.0000 -25.8000
v -4.9500 8.0000 -26.0000
v -1.9500 8.0000 -26.0000
v -4.9500 0.0000 -29.0000
v -1.9500 0.0000 -29.0000
v -4.9500 0.0000 -29.2000
v -1.9500 0.0000 -29.2000
v -4.9500 8.0000 -29.0000
v -1.9500 8.0000 -29.0000
v -4.9500 8.0000 -29.2000
v -1.9500 8.0000 -29.2000
v -8.6500 0.0000 -16.6000
v -6.4500 0.0000 -16.6000
v -8.6500 0.0000 -23.4000
v -6.4500 0.0000 -23.4000
v -8.6500 0.0200 -16.6000
v -6.4500 0.0200 -16.6000
v -8.6500 4.0000 -23.4000
v -6.4500 4.0000 -23.4000
f 197 199 195 193
f 194 196 200 198
f 193 194 198 197
f 199 200 196 195
f 195 196 194 193
f 197 198 200 199
f 205 207 203 201
f 202 204 208 206
f 201 202 206 205
f 207 208 204 203
f 203 204 202 201
f 205 206 208 207
f 213 215 211 209
f 210 212 216 214
f 209 210 214 213
f 215 216 212 211
f 211 212 210 209
f 213 214 216 215
f 221 223 219 217
f 218 220 224 222
f 217 218 222 221
f 223 224 220 219
f 219 220 218 217
f 221 222 224 223
f 229 231 227 225
f 226 228 232 230
f 225 226 230 229
f 231 232 228 227
f 227 228 226 225
f 229 230 232 231
f 237 239 235 233
f 234 236 240 238
f 233 234 238 237
f 239 240 236 235
f 235 236 234 233
f 237 238 240 239
f 245 247 243 241
f 242 244 248 246
f 241 242 246 245
f 247 248 244 243
f 243 244 242 241
f 245 246 248 247
f 253 255 251 249
f 250 252 256 254
f 249 250 254 253
f 255 256 252 251
f 251 252 250 249
f 253 254 256 255
f 261 263 259 257
f 258 260 264 262
f 257 258 262 261
f 263 264 260 259
f 259 260 258 257
f 261 262 264 263
f 269 271 267 265
f 266 268 272 270
f 265 266 270 269
f 271 272 268 267
f 267 268 266 265
f 269 270 272 271
f 277 279 275 273
f 274 276 280 278
f 273 274 278 277
f 279 280 276 275
f 275 276 274 273
f 277 278 280 279
f 285 287 283 281
f 282 284 288 286
f 281 282 286 285
f 287 288 284 283
f 283 284 282 281
f 285 286 288 287
f 293 295 291 289
f 290 292 296 294
f 289 290 294 293
f 295 296 292 291
f 291 292 290 289
f 293 294 296 295
f 301 303 299 297
f 298 300 304 302
f 297 298 302 301
f 303 304 300 299
f 299 300 298 297
f 301 302 304 303
f 309 311 307 305
f 306 308 312 310
f 305 306 310 309
f 311 312 308 307
f 307 308 306 305
f 309 310 312 311
f 317 319 315 313
f 314 316 320 318
f 313 314 318 317
f 319 320 316 315
f 315 316 314 313
f 317 318 320 319
f 325 327 323 321
f 322 324 328 326
f 321 322 326 325
f 327 328 324 323
f 323 324 322 321
f 325 326 328 327
f 333 335 331 329
f 330 332 336 334
f 329 330 334 333
f 335 336 332 331
f 331 332 330 329
f 333 334 336 335
f 341 343 339 337
f 338 340 344 342
f 337 338 342 341
f 343 344 340 339
f 339 340 338 337
f 341 342 344 343
f 349 351 347 345
f 346 348 352 350
f 345 346 350 349
f 351 352 348 347
f 347 348 346 345
f 349 350 352 351
f 357 359 355 353
f 354 356 360 358
f 353 354 358 357
f 359 360 356 355
f 355 356 354 353
f 357 358 360 359
f 365 367 363 361
f 362 364 368 366
f 361 362 366 365
f 367 368 364 363
f 363 364 362 361
f 365 366 368 367
f 373 375 371 369
f 370 372 376 374
f 369 370 374 373
f 375 376 372 371
f 371 372 370 369
f 373 374 376 375
f 381 383 379 377
f 378 380 384 382
f 377 378 382 381
f 383 384 380 379
f 379 380 378 377
f 381 382 384 383
f 389 391 387 385
f 386 388 392 390
f 385 386 390 389
f 391 392 388 387
f 387 388 386 385
f 389 390 392 391
f 397 399 395 393
f 394 396 400 398
f 393 394 398 397
f 399 400 396 395
f 395 396 394 393
f 397 398 400 399
f 405 407 403 401
f 402 404 408 406
f 401 402 406 405
f 407 408 404 403
f 403 404 402 401
f 405 406 408 407
f 413 415 411 409
f 410 412 416 414
f 409 410 414 413
f 415 416 412 411
f 411 412 410 409
f 413 414 416 415
f 421 423 419 417
f 418 420 424 422
f 417 418 422 421
f 423 424 420 419
f 419 420 418 417
f 421 422 424 423
f 429 431 427 425
f 426 428 432 430
f 425 426 430 429
f 431 432 428 427
f 427 428 426 425
f 429 430 432 431
f 437 439 435 433
f 434 436 440 438
f 433 434 438 437
f 439 440 436 435
f 435 436 434 433
f 437 438 440 439
f 445 447 443 441
f 442 444 448 446
f 441 442 446 445
f 447 448 444 443
f 443 444 442 441
f 445 446 448 447
f 453 455 451 449
f 450 452 456 454
f 449 450 454 453
f 455 456 452 451
f 451 452 450 449
f 453 454 456 455
f 461 463 459 457
f 458 460 464 462
f 457 458 462 461
f 463 464 460 459
f 459 460 458 457
f 461 462 464 463
f 469 471 467 465
f 466 468 472 470
f 465 466 470 469
f 471 472 468 467
f 467 468 466 465
f 469 470 472 471
f 477 479 475 473
f 474 476 480 478
f 473 474 478 477
f 479 480 476 475
f 475 476 474 473
f 477 478 480 479
f 485 487 483 481
f 482 484 488 486
f 481 482 486 485
f 487 488 484 483
f 483 484 482 481
f 485 486 488 487
f 493 495 491 489
f 490 492 496 494
f 489 490 494 493
f 495 496 492 491
f 491 492 490 489
f 493 494 496 495
f 501 503 499 497
f 498 500 504 502
f 497 498 502 501
f 503 504 500 499
f 499 500 498 497
f 501 502 504 503
f 509 511 507 505
f 506 508 512 510
f 505 506 510 509
f 511 512 508 507
f 507 508 506 505
f 509 510 512 511
f 517 519 515 513
f 514 516 520 518
f 513 514 518 517
f 519 520 516 515
f 515 516 514 513
f 517 518 520 519
f 525 527 523 521
f 522 524 528 526
f 521 522 526 525
f 527 528 524 523
f 523 524 522 521
f 525 526 528 527
f 533 535 531 529
f 530 532 536 534
f 529 530 534 533
f 535 536 532 531
f 531 532 530 529
f 533 534 536 535
f 541 543 539 537
f 538 540 544 542
f 537 538 542 541
f 543 544 540 539
f 539 540 538 537
f 541 542 544 543
f 549 551 547 545
f 546 548 552 550
f 545 546 550 549
f 551 552 548 547
f 547 548 546 545
f 549 550 552 551
f 557 559 555 553
f 554 556 560 558
f 553 554 558 557
f 559 560 556 555
f 555 556 554 553
f 557 558 560 559
f 565 567 563 561
f 562 564 568 566
f 561 562 566 565
f 567 568 564 563
f 563 564 562 561
f 565 566 568 567
f 573 575 571 569
f 570 572 576 574
f 569 570 574 573
f 575 576 572 571
f 571 572 570 569
f 573 574 576 575
f 581 583 579 577
f 578 580 584 582
f 577 578 582 581
f 583 584 580 579
f 579 580 578 577
f 581 582 584 583
f 589 591 587 585
f 586 588 592 590
f 585 586 590 589
f 591 592 588 587
f 587 588 586 585
f 589 590 592 591
f 597 599 595 593
f 594 596 600 598
f 593 594 598 597
f 599 600 596 595
f 595 596 594 593
f 597 598 600 599
f 605 607 603 601
f 602 604 608 606
f 601 602 606 605
f 607 608 604 603
f 603 604 602 601
f 605 606 608 607
f 613 615 611 609
f 610 612 616 614
f 609 610 614 613
f 615 616 612 611
f 611 612 610 609
f 613 614 616 615
f 621 623 619 617
f 618 620 624 622
f 617 618 622 621
f 623 624 620 619
f 619 620 618 617
f 621 622 624 623
f 629 631 627 625
f 626 628 632 630
f 625 626 630 629
f 631 632 628 627
f 627 628 626 625
f 629 630 632 631
f 637 639 635 633
f 634 636 640 638
f 633 634 638 637
f 639 640 636 635
f 635 636 634 633
f 637 638 640 639
f 645 647 643 641
f 642 644 648 646
f 641 642 646 645
f 647 648 644 643
f 643 644 642 641
f 645 646 648 647
f 653 655 651 649
f 650 652 656 654
f 649 650 654 653
f 655 656 652 651
f 651 652 650 649
f 653 654 656 655
f 661 663 659 657
f 658 660 664 662
f 657 658 662 661
f 663 664 660 659
f 659 660 658 657
f 661 662 664 663
f 669 671 667 665
f 666 668 672 670
f 665 666 670 669
f 671 672 668 667
f 667 668 666 665
f 669 670 672 671
f 677 679 675 673
f 674 676 680 678
f 673 674 678 677
f 679 680 676 675
f 675 676 674 673
f 677 678 680 679
f 685 687 683 681
f 682 684 688 686
f 681 682 686 685
f 687 688 684 683
f 683 684 682 681
f 685 686 688 687
f 693 695 691 689
f 690 692 696 694
f 689 690 694 693
f 695 696 692 691
f 691 692 690 689
f 693 694 696 695
f 701 703 699 697
f 698 700 704 702
f 697 698 702 701
f 703 704 700 699
f 699 700 698 697
f 701 702 704 703
f 709 711 707 705
f 706 708 712 710
f 705 706 710 709
f 711 712 708 707
f 707 708 706 705
f 709 710 712 711
f 717 719 715 713
f 714 716 720 718
f 713 714 718 717
f 719 720 716 715
f 715 716 714 713
f 717 718 720 719
f 725 727 723 721
f 722 724 728 726
f 721 722 726 725
f 727 728 724 723
f 723 724 722 721
f 725 726 728 727
f 733 735 731 729
f 730 732 736 734
f 729 730 734 733
f 735 736 732 731
f 731 732 730 729
f 733 734 736 735
f 741 743 739 737
f 738 740 744 742
f 737 738 742 741
f 743 744 740 739
f 739 740 738 737
f 741 742 744 743
f 749 751 747 745
f 746 748 752 750
f 745 746 750 749
f 751 752 748 747
f 747 748 746 745
f 749 750 752 751
f 757 759 755 753
f 754 756 760 758
f 753 754 758 757
f 759 760 756 755
f 755 756 754 753
f 757 758 760 759
f 765 767 763 761
f 762 764 768 766
f 761 762 766 765
f 767 768 764 763
f 763 764 762 761
f 765 766 768 767
f 773 775 771 769
f 770 772 776 774
f 769 770 774 773
f 775 776 772 771
f 771 772 770 769
f 773 774 776 775
f 781 783 779 777
f 778 780 784 782
f 777 778 782 781
f 783 784 780 779
f 779 780 778 777
f 781 782 784 783
f 789 791 787 785
f 786 788 792 790
f 785 786 790 789
f 791 792 788 787
f 787 788 786 785
f 789 790 792 791
f 797 799 795 793
f 794 796 800 798
f 793 794 798 797
f 799 800 796 795
f 795 796 794 793
f 797 798 800 799
f 805 807 803 801
f 802 804 808 806
f 801 802 806 805
f 807 808 804 803
f 803 804 802 801
f 805 806 808 807
f 813 815 811 809
f 810 812 816 814
f 809 810 814 813
f 815 816 812 811
f 811 812 810 809
f 813 814 816 815
f 821 823 819 817
f 818 820 824 822
f 817 818 822 821
f 823 824 820 819
f 819 820 818 817
f 821 822 824 823
f 829 831 827 825
f 826 828 832 830
f 825 826 830 829
f 831 832 828 827
f 827 828 826 825
f 829 830 832 831
f 837 839 835 833
f 834 836 840 838
f 833 834 838 837
f 839 840 836 835
f 835 836 834 833
f 837 838 840 839
f 845 847 843 841
f 842 844 848 846
f 841 842 846 845
f 847 848 844 843
f 843 844 842 841
f 845 846 848 847
f 853 855 851 849
f 850 852 856 854
f 849 850 854 853
f 855 856 852 851
f 851 852 850 849
f 853 854 856 855
f 861 863 859 857
f 858 860 864 862
f 857 858 862 861
f 863 864 860 859
f 859 860 858 857
f 861 862 864 863
f 869 871 867 865
f 866 868 872 870
f 865 866 870 869
f 871 872 868 867
f 867 868 866 865
f 869 870 872 871
f 877 879 875 873
f 874 876 880 878
f 873 874 878 877
f 879 880 876 875
f 875 876 874 873
f 877 878 880 879
f 885 887 883 881
f 882 884 888 886
f 881 882 886 885
f 887 888 884 883
f 883 884 882 881
f 885 886 888 887
f 893 895 891 889
f 890 892 896 894
f 889 890 894 893
f 895 896 892 891
f 891 892 890 889
f 893 894 896 895
f 901 903 899 897
f 898 900 904 902
f 897 898 902 901
f 903 904 900 899
f 899 900 898 897
f 901 902 904 903
f 909 911 907 905
f 906 908 912 910
f 905 906 910 909
f 911 912 908 907
f 907 908 906 905
f 909 910 912 911
f 917 919 915 913
f 914 916 920 918
f 913 914 918 917
f 919 920 916 915
f 915 916 914 913
f 917 918 920 919
f 925 927 923 921
f 922 924 928 926
f 921 922 926 925
f 927 928 924 923
f 923 924 922 921
f 925 926 928 927
f 933 935 931 929
f 930 932 936 934
f 929 930 934 933
f 935 936 932 931
f 931 932 930 929
f 933 934 936 935
f 941 943 939 937
f 938 940 944 942
f 937 938 942 941
f 943 944 940 939
f 939 940 938 937
f 941 942 944 943
f 949 951 947 945
f 946 948 952 950
f 945 946 950 949
f 951 952 948 947
f 947 948 946 945
f 949 950 952 951
f 957 959 955 953
f 954 956 960 958
f 953 954 958 957
f 959 960 956 955
f 955 956 954 953
f 957 958 960 959
f 965 967 963 961
f 962 964 968 966
f 961 962 966 965
f 967 968 964 963
f 963 964 962 961
f 965 966 968 967
f 973 975 971 969
f 970 972 976 974
f 969 970 974 973
f 975 976 972 971
f 971 972 970 969
f 973 974 976 975
f 981 983 979 977
f 978 980 984 982
f 977 978 982 981
f 983 984 980 979
f 979 980 978 977
f 981 982 984 983
f 989 991 987 985
f 986 988 992 990
f 985 986 990 989
f 991 992 988 987
f 987 988 986 985
f 989 990 992 991
f 997 999 995 993
f 994 996 1000 998
f 993 994 998 997
f 999 1000 996 995
f 995 996 994 993
f 997 998 1000 999
f 1005 1007 1003 1001
f 1002 1004 1008 1006
f 1001 1002 1006 1005
f 1007 1008 1004 1003
f 1003 1004 1002 1001
f 1005 1006 1008 1007
f 1013 1015 1011 1009
f 1010 1012 1016 1014
f 1009 1010 1014 1013
f 1015 1016 1012 1011
f 1011 1012 1010 1009
f 1013 1014 1016 1015
f 1021 1023 1019 1017
f 1018 1020 1024 1022
f 1017 1018 1022 1021
f 1023 1024 1020 1019
f 1019 1020 1018 1017
f 1021 1022 1024 1023
f 1029 1031 1027 1025
f 1026 1028 1032 1030
f 1025 1026 1030 1029
f 1031 1032 1028 1027
f 1027 1028 1026 1025
f 1029 1030 1032 1031
f 1037 1039 1035 1033
f 1034 1036 1040 1038
f 1033 1034 1038 1037
f 1039 1040 1036 1035
f 1035 1036 1034 1033
f 1037 1038 1040 1039
f 1045 1047 1043 1041
f 1042 1044 1048 1046
f 1041 1042 1046 1045
f 1047 1048 1044 1043
f 1043 1044 1042 1041
f 1045 1046 1048 1047
f 1053 1055 1051 1049
f 1050 1052 1056 1054
f 1049 1050 1054 1053
f 1055 1056 1052 1051
f 1051 1052 1050 1049
f 1053 1054 1056 1055
f 1061 1063 1059 1057
f 1058 1060 1064 1062
f 1057 1058 1062 1061
f 1063 1064 1060 1059
f 1059 1060 1058 1057
f 1061 1062 1064 1063
f 1069 1071 1067 1065
f 1066 1068 1072 1070
f 1065 1066 1070 1069
f 1071 1072 1068 1067
f 1067 1068 1066 1065
f 1069 1070 1072 1071
f 1077 1079 1075 1073
f 1074 1076 1080 1078
f 1073 1074 1078 1077
f 1079 1080 1076 1075
f 1075 1076 1074 1073
f 1077 1078 1080 1079
f 1085 1087 1083 1081
f 1082 1084 1088 1086
f 1081 1082 1086 1085
f 1087 1088 1084 1083
f 1083 1084 1082 1081
f 1085 1086 1088 1087
f 1093 1095 1091 1089
f 1090 1092 1096 1094
f 1089 1090 1094 1093
f 1095 1096 1092 1091
f 1091 1092 1090 1089
f 1093 1094 1096 1095
f 1101 1103 1099 1097
f 1098 1100 1104 1102
f 1097 1098 1102 1101
f 1103 1104 1100 1099
f 1099 1100 1098 1097
f 1101 1102 1104 1103
f 1109 1111 1107 1105
f 1106 1108 1112 1110
f 1105 1106 1110 1109
f 1111 1112 1108 1107
f 1107 1108 1106 1105
f 1109 1110 1112 1111
f 1117 1119 1115 1113
f 1114 1116 1120 1118
f 1113 1114 1118 1117
f 1119 1120 1116 1115
f 1115 1116 1114 1113
f 1117 1118 1120 1119
f 1125 1127 1123 1121
f 1122 1124 1128 1126
f 1121 1122 1126 1125
f 1127 1128 1124 1123
f 1123 1124 1122 1121
f 1125 1126 1128 1127
f 1133 1135 1131 1129
f 1130 1132 1136 1134
f 1129 1130 1134 1133
f 1135 1136 1132 1131
f 1131 1132 1130 1129
f 1133 1134 1136 1135
f 1141 1143 1139 1137
f 1138 1140 1144 1142
f 1137 1138 1142 1141
f 1143 1144 1140 1139
f 1139 1140 1138 1137
f 1141 1142 1144 1143
f 1149 1151 1147 1145
f 1146 1148 1152 1150
f 1145 1146 1150 1149
f 1151 1152 1148 1147
f 1147 1148 1146 1145
f 1149 1150 1152 1151
f 1157 1159 1155 1153
f 1154 1156 1160 1158
f 1153 1154 1158 1157
f 1159 1160 1156 1155
f 1155 1156 1154 1153
f 1157 1158 1160 1159
f 1165 1167 1163 1161
f 1162 1164 1168 1166
f 1161 1162 1166 1165
f 1167 1168 1164 1163
f 1163 1164 1162 1161
f 1165 1166 1168 1167
f 1173 1175 1171 1169
f 1170 1172 1176 1174
f 1169 1170 1174 1173
f 1175 1176 1172 1171
f 1171 1172 1170 1169
f 1173 1174 1176 1175
f 1181 1183 1179 1177
f 1178 1180 1184 1182
f 1177 1178 1182 1181
f 1183 1184 1180 1179
f 1179 1180 1178 1177
f 1181 1182 1184 1183
f 1189 1191 1187 1185
f 1186 1188 1192 1190
f 1185 1186 1190 1189
f 1191 1192 1188 1187
f 1187 1188 1186 1185
f 1189 1190 1192 1191
f 1197 1199 1195 1193
f 1194 1196 1200 1198
f 1193 1194 1198 1197
f 1199 1200 1196 1195
f 1195 1196 1194 1193
f 1197 1198 1200 1199
f 1205 1207 1203 1201
f 1202 1204 1208 1206
f 1201 1202 1206 1205
f 1207 1208 1204 1203
f 1203 1204 1202 1201
f 1205 1206 1208 1207
f 1213 1215 1211 1209
f 1210 1212 1216 1214
f 1209 1210 1214 1213
f 1215 1216 1212 1211
f 1211 1212 1210 1209
f 1213 1214 1216 1215
f 1221 1223 1219 1217
f 1218 1220 1224 1222
f 1217 1218 1222 1221
f 1223 1224 1220 1219
f 1219 1220 1218 1217
f 1221 1222 1224 1223
f 1229 1231 1227 1225
f 1226 1228 1232 1230
f 1225 1226 1230 1229
f 1231 1232 1228 1227
f 1227 1228 1226 1225
f 1229 1230 1232 1231
f 1237 1239 1235 1233
f 1234 1236 1240 1238
f 1233 1234 1238 1237
f 1239 1240 1236 1235
f 1235 1236 1234 1233
f 1237 1238 1240 1239
f 1245 1247 1243 1241
f 1242 1244 1248 1246
f 1241 1242 1246 1245
f 1247 1248 1244 1243
f 1243 1244 1242 1241
f 1245 1246 1248 1247
f 1253 1255 1251 1249
f 1250 1252 1256 1254
f 1249 1250 1254 1253
f 1255 1256 1252 1251
f 1251 1252 1250 1249
f 1253 1254 1256 1255
f 1261 1263 1259 1257
f 1258 1260 1264 1262
f 1257 1258 1262 1261
f 1263 1264 1260 1259
f 1259 1260 1258 1257
f 1261 1262 1264 1263
f 1269 1271 1267 1265
f 1266 1268 1272 1270
f 1265 1266 1270 1269
f 1271 1272 1268 1267
f 1267 1268 1266 1265
f 1269 1270 1272 1271
f 1277 1279 1275 1273
f 1274 1276 1280 1278
f 1273 1274 1278 1277
f 1279 1280 1276 1275
f 1275 1276 1274 1273
f 1277 1278 1280 1279
f 1285 1287 1283 1281
f 1282 1284 1288 1286
f 1281 1282 1286 1285
f 1287 1288 1284 1283
f 1283 1284 1282 1281
f 1285 1286 1288 1287
f 1293 1295 1291 1289
f 1290 1292 1296 1294
f 1289 1290 1294 1293
f 1295 1296 1292 1291
f 1291 1292 1290 1289
f 1293 1294 1296 1295
f 1301 1303 1299 1297
f 1298 1300 1304 1302
f 1297 1298 1302 1301
f 1303 1304 1300 1299
f 1299 1300 1298 1297
f 1301 1302 1304 1303
f 1309 1311 1307 1305
f 1306 1308 1312 1310
f 1305 1306 1310 1309
f 1311 1312 1308 1307
f 1307 1308 1306 1305
f 1309 1310 1312 1311
f 1317 1319 1315 1313
f 1314 1316 1320 1318
f 1313 1314 1318 1317
f 1319 1320 1316 1315
f 1315 1316 1314 1313
f 1317 1318 1320 1319
f 1325 1327 1323 1321
f 1322 1324 1328 1326
f 1321 1322 1326 1325
f 1327 1328 1324 1323
f 1323 1324 1322 1321
f 1325 1326 1328 1327
f 1333 1335 1331 1329
f 1330 1332 1336 1334
f 1329 1330 1334 1333
f 1335 1336 1332 1331
f 1331 1332 1330 1329
f 1333 1334 1336 1335
f 1341 1343 1339 1337
f 1338 1340 1344 1342
f 1337 1338 1342 1341
f 1343 1344 1340 1339
f 1339 1340 1338 1337
f 1341 1342 1344 1343
f 1349 1351 1347 1345
f 1346 1348 1352 1350
f 1345 1346 1350 1349
f 1351 1352 1348 1347
f 1347 1348 1346 1345
f 1349 1350 1352 1351
f 1357 1359 1355 1353
f 1354 1356 1360 1358
f 1353 1354 1358 1357
f 1359 1360 1356 1355
f 1355 1356 1354 1353
f 1357 1358 1360 1359
f 1365 1367 1363 1361
f 1362 1364 1368 1366
f 1361 1362 1366 1365
f 1367 1368 1364 1363
f 1363 1364 1362 1361
f 1365 1366 1368 1367
f 1373 1375 1371 1369
f 1370 1372 1376 1374
f 1369 1370 1374 1373
f 1375 1376 1372 1371
f 1371 1372 1370 1369
f 1373 1374 1376 1375
f 1381 1383 1379 1377
f 1378 1380 1384 1382
f 1377 1378 1382 1381
f 1383 1384 1380 1379
f 1379 1380 1378 1377
f 1381 1382 1384 1383
f 1389 1391 1387 1385
f 1386 1388 1392 1390
f 1385 1386 1390 1389
f 1391 1392 1388 1387
f 1387 1388 1386 1385
f 1389 1390 1392 1391
f 1397 1399 1395 1393
f 1394 1396 1400 1398
f 1393 1394 1398 1397
f 1399 1400 1396 1395
f 1395 1396 1394 1393
f 1397 1398 1400 1399
f 1405 1407 1403 1401
f 1402 1404 1408 1406
f 1401 1402 1406 1405
f 1407 1408 1404 1403
f 1403 1404 1402 1401
f 1405 1406 1408 1407
f 1413 1415 1411 1409
f 1410 1412 1416 1414
f 1409 1410 1414 1413
f 1415 1416 1412 1411
f 1411 1412 1410 1409
f 1413 1414 1416 1415
f 1421 1423 1419 1417
f 1418 1420 1424 1422
f 1417 1418 1422 1421
f 1423 1424 1420 1419
f 1419 1420 1418 1417
f 1421 1422 1424 1423
f 1429 1431 1427 1425
f 1426 1428 1432 1430
f 1425 1426 1430 1429
f 1431 1432 1428 1427
f 1427 1428 1426 1425
f 1429 1430 1432 1431
f 1437 1439 1435 1433
f 1434 1436 1440 1438
f 1433 1434 1438 1437
f 1439 1440 1436 1435
f 1435 1436 1434 1433
f 1437 1438 1440 1439
f 1445 1447 1443 1441
f 1442 1444 1448 1446
f 1441 1442 1446 1445
f 1447 1448 1444 1443
f 1443 1444 1442 1441
f 1445 1446 1448 1447
f 1453 1455 1451 1449
f 1450 1452 1456 1454
f 1449 1450 1454 1453
f 1455 1456 1452 1451
f 1451 1452 1450 1449
f 1453 1454 1456 1455
f 1461 1463 1459 1457
f 1458 1460 1464 1462
f 1457 1458 1462 1461
f 1463 1464 1460 1459
f 1459 1460 1458 1457
f 1461 1462 1464 1463
o LARGE_Hull-col
usemtl Hull
v -8.9500 7.7000 65.0000
v 8.9500 7.7000 65.0000
v -8.9500 7.7000 55.0000
v 8.9500 7.7000 55.0000
v -8.9500 8.0000 65.0000
v 8.9500 8.0000 65.0000
v -8.9500 8.0000 55.0000
v 8.9500 8.0000 55.0000
v -8.9500 7.7000 55.0000
v 8.9500 7.7000 55.0000
v -8.9500 7.7000 45.0000
v 8.9500 7.7000 45.0000
v -8.9500 8.0000 55.0000
v 8.9500 8.0000 55.0000
v -8.9500 8.0000 45.0000
v 8.9500 8.0000 45.0000
v -8.9500 7.7000 45.0000
v 8.9500 7.7000 45.0000
v -8.9500 7.7000 35.0000
v 8.9500 7.7000 35.0000
v -8.9500 8.0000 45.0000
v 8.9500 8.0000 45.0000
v -8.9500 8.0000 35.0000
v 8.9500 8.0000 35.0000
v -8.9500 7.7000 35.0000
v 8.9500 7.7000 35.0000
v -8.9500 7.7000 25.0000
v 8.9500 7.7000 25.0000
v -8.9500 8.0000 35.0000
v 8.9500 8.0000 35.0000
v -8.9500 8.0000 25.0000
v 8.9500 8.0000 25.0000
v -8.9500 7.7000 25.0000
v 8.9500 7.7000 25.0000
v -8.9500 7.7000 15.0000
v 8.9500 7.7000 15.0000
v -8.9500 8.0000 25.0000
v 8.9500 8.0000 25.0000
v -8.9500 8.0000 15.0000
v 8.9500 8.0000 15.0000
v -8.9500 7.7000 15.0000
v 8.9500 7.7000 15.0000
v -8.9500 7.7000 5.0000
v 8.9500 7.7000 5.0000
v -8.9500 8.0000 15.0000
v 8.9500 8.0000 15.0000
v -8.9500 8.0000 5.0000
v 8.9500 8.0000 5.0000
v -8.9500 7.7000 5.0000
v 8.9500 7.7000 5.0000
v -8.9500 7.7000 -5.0000
v 8.9500 7.7000 -5.0000
v -8.9500 8.0000 5.0000
v 8.9500 8.0000 5.0000
v -8.9500 8.0000 -5.0000
v 8.9500 8.0000 -5.0000
v -8.9500 7.7000 -5.0000
v 8.9500 7.7000 -5.0000
v -8.9500 7.7000 -15.0000
v 8.9500 7.7000 -15.0000
v -8.9500 8.0000 -5.0000
v 8.9500 8.0000 -5.0000
v -8.9500 8.0000 -15.0000
v 8.9500 8.0000 -15.0000
v -8.9500 7.7000 -15.0000
v 8.9500 7.7000 -15.0000
v -8.9500 7.7000 -25.0000
v 8.9500 7.7000 -25.0000
v -8.9500 8.0000 -15.0000
v 8.9500 8.0000 -15.0000
v -8.9500 8.0000 -25.0000
v 8.9500 8.0000 -25.0000
v -8.9500 7.7000 -25.0000
v 8.9500 7.7000 -25.0000
v -8.9500 7.7000 -35.0000
v 8.9500 7.7000 -35.0000
v -8.9500 8.0000 -25.0000
v 8.9500 8.0000 -25.0000
v -8.9500 8.0000 -35.0000
v 8.9500 8.0000 -35.0000
v -8.9500 7.7000 -35.0000
v 8.9500 7.7000 -35.0000
v -8.9500 7.7000 -45.0000
v 8.9500 7.7000 -45.0000
v -8.9500 8.0000 -35.0000
v 8.9500 8.0000 -35.0000
v -8.9500 8.0000 -45.0000
v 8.9500 8.0000 -45.0000
v -8.9500 7.7000 -45.0000
v 8.9500 7.7000 -45.0000
v -8.9500 7.7000 -55.0000
v 8.9500 7.7000 -55.0000
v -8.9500 8.0000 -45.0000
v 8.9500 8.0000 -45.0000
v -8.9500 8.0000 -55.0000
v 8.9500 8.0000 -55.0000
v -8.9500 7.7000 -55.0000
v 8.9500 7.7000 -55.0000
v -8.9500 7.7000 -65.0000
v 8.9500 7.7000 -65.0000
v -8.9500 8.0000 -55.0000
v 8.9500 8.0000 -55.0000
v -8.9500 8.0000 -65.0000
v 8.9500 8.0000 -65.0000
v -9.4500 -0.3000 -65.0000
v -5.0000 -0.3000 -65.0000
v -9.4500 -0.3000 -65.5000
v -5.0000 -0.3000 -65.5000
v -9.4500 8.0000 -65.0000
v -5.0000 8.0000 -65.0000
v -9.4500 8.0000 -65.5000
v -5.0000 8.0000 -65.5000
v -5.0000 -0.3000 -65.0000
v 5.0000 -0.3000 -65.0000
v -5.0000 -0.3000 -65.5000
v 5.0000 -0.3000 -65.5000
v -5.0000 5.4000 -65.0000
v 5.0000 5.4000 -65.0000
v -5.0000 5.4000 -65.5000
v 5.0000 5.4000 -65.5000
v -5.0000 6.8000 -65.0000
v 5.0000 6.8000 -65.0000
v -5.0000 6.8000 -65.5000
v 5.0000 6.8000 -65.5000
v -5.0000 8.0000 -65.0000
v 5.0000 8.0000 -65.0000
v -5.0000 8.0000 -65.5000
v 5.0000 8.0000 -65.5000
v 5.0000 -0.3000 -65.0000
v 9.4500 -0.3000 -65.0000
v 5.0000 -0.3000 -65.5000
v 9.4500 -0.3000 -65.5000
v 5.0000 8.0000 -65.0000
v 9.4500 8.0000 -65.0000
v 5.0000 8.0000 -65.5000
v 9.4500 8.0000 -65.5000
v -9.4500 -0.3000 65.5000
v 9.4500 -0.3000 65.5000
v -9.4500 -0.3000 65.0000
v 9.4500 -0.3000 65.0000
v -9.4500 8.0000 65.5000
v 9.4500 8.0000 65.5000
v -9.4500 8.0000 65.0000
v 9.4500 8.0000 65.0000
v -9.4500 -0.3000 65.0000
v -8.9500 -0.3000 65.0000
v -9.4500 -0.3000 54.0000
v -8.9500 -0.3000 54.0000
v -9.4500 8.0000 65.0000
v -8.9500 8.0000 65.0000
v -9.4500 8.0000 54.0000
v -8.9500 8.0000 54.0000
v -9.4500 -0.3000 54.0000
v -8.9500 -0.3000 54.0000
v -9.4500 -0.3000 26.0000
v -8.9500 -0.3000 26.0000
v -9.4500 0.5000 54.0000
v -8.9500 0.5000 54.0000
v -9.4500 0.5000 26.0000
v -8.9500 0.5000 26.0000
v -9.4500 6.8000 54.0000
v -8.9500 6.8000 54.0000
v -9.4500 6.8000 26.0000
v -8.9500 6.8000 26.0000
v -9.4500 8.0000 54.0000
v -8.9500 8.0000 54.0000
v -9.4500 8.0000 26.0000
v -8.9500 8.0000 26.0000
v -9.4500 -0.3000 26.0000
v -8.9500 -0.3000 26.0000
v -9.4500 -0.3000 -5.0000
v -8.9500 -0.3000 -5.0000
v -9.4500 8.0000 26.0000
v -8.9500 8.0000 26.0000
v -9.4500 8.0000 -5.0000
v -8.9500 8.0000 -5.0000
v -9.4500 -0.3000 -5.0000
v -8.9500 -0.3000 -5.0000
v -9.4500 -0.3000 -38.4000
v -8.9500 -0.3000 -38.4000
v -9.4500 4.0000 -5.0000
v -8.9500 4.0000 -5.0000
v -9.4500 4.0000 -38.4000
v -8.9500 4.0000 -38.4000
v -9.4500 -0.3000 -38.4000
v -8.9500 -0.3000 -38.4000
v -9.4500 -0.3000 -41.6000
v -8.9500 -0.3000 -41.6000
v -9.4500 0.3000 -38.4000
v -8.9500 0.3000 -38.4000
v -9.4500 0.3000 -41.6000
v -8.9500 0.3000 -41.6000
v -9.4500 3.3000 -38.4000
v -8.9500 3.3000 -38.4000
v -9.4500 3.3000 -41.6000
v -8.9500 3.3000 -41.6000
v -9.4500 4.0000 -38.4000
v -8.9500 4.0000 -38.4000
v -9.4500 4.0000 -41.6000
v -8.9500 4.0000 -41.6000
v -9.4500 -0.3000 -41.6000
v -8.9500 -0.3000 -41.6000
v -9.4500 -0.3000 -58.4000
v -8.9500 -0.3000 -58.4000
v -9.4500 4.0000 -41.6000
v -8.9500 4.0000 -41.6000
v -9.4500 4.0000 -58.4000
v -8.9500 4.0000 -58.4000
v -9.4500 -0.3000 -58.4000
v -8.9500 -0.3000 -58.4000
v -9.4500 -0.3000 -61.6000
v -8.9500 -0.3000 -61.6000
v -9.4500 0.3000 -58.4000
v -8.9500 0.3000 -58.4000
v -9.4500 0.3000 -61.6000
v -8.9500 0.3000 -61.6000
v -9.4500 3.3000 -58.4000
v -8.9500 3.3000 -58.4000
v -9.4500 3.3000 -61.6000
v -8.9500 3.3000 -61.6000
v -9.4500 4.0000 -58.4000
v -8.9500 4.0000 -58.4000
v -9.4500 4.0000 -61.6000
v -8.9500 4.0000 -61.6000
v -9.4500 -0.3000 -61.6000
v -8.9500 -0.3000 -61.6000
v -9.4500 -0.3000 -65.0000
v -8.9500 -0.3000 -65.0000
v -9.4500 4.0000 -61.6000
v -8.9500 4.0000 -61.6000
v -9.4500 4.0000 -65.0000
v -8.9500 4.0000 -65.0000
v -9.4500 4.0000 -5.0000
v -8.9500 4.0000 -5.0000
v -9.4500 4.0000 -38.4000
v -8.9500 4.0000 -38.4000
v -9.4500 8.0000 -5.0000
v -8.9500 8.0000 -5.0000
v -9.4500 8.0000 -38.4000
v -8.9500 8.0000 -38.4000
v -9.4500 4.0000 -38.4000
v -8.9500 4.0000 -38.4000
v -9.4500 4.0000 -41.6000
v -8.9500 4.0000 -41.6000
v -9.4500 4.3000 -38.4000
v -8.9500 4.3000 -38.4000
v -9.4500 4.3000 -41.6000
v -8.9500 4.3000 -41.6000
v -9.4500 7.3000 -38.4000
v -8.9500 7.3000 -38.4000
v -9.4500 7.3000 -41.6000
v -8.9500 7.3000 -41.6000
v -9.4500 8.0000 -38.4000
v -8.9500 8.0000 -38.4000
v -9.4500 8.0000 -41.6000
v -8.9500 8.0000 -41.6000
v -9.4500 4.0000 -41.6000
v -8.9500 4.0000 -41.6000
v -9.4500 4.0000 -65.0000
v -8.9500 4.0000 -65.0000
v -9.4500 8.0000 -41.6000
v -8.9500 8.0000 -41.6000
v -9.4500 8.0000 -65.0000
v -8.9500 8.0000 -65.0000
v 8.9500 -0.3000 65.0000
v 9.4500 -0.3000 65.0000
v 8.9500 -0.3000 54.0000
v 9.4500 -0.3000 54.0000
v 8.9500 8.0000 65.0000
v 9.4500 8.0000 65.0000
v 8.9500 8.0000 54.0000
v 9.4500 8.0000 54.0000
v 8.9500 -0.3000 54.0000
v 9.4500 -0.3000 54.0000
v 8.9500 -0.3000 26.0000
v 9.4500 -0.3000 26.0000
v 8.9500 0.5000 54.0000
v 9.4500 0.5000 54.0000
v 8.9500 0.5000 26.0000
v 9.4500 0.5000 26.0000
v 8.9500 6.8000 54.0000
v 9.4500 6.8000 54.0000
v 8.9500 6.8000 26.0000
v 9.4500 6.8000 26.0000
v 8.9500 8.0000 54.0000
v 9.4500 8.0000 54.0000
v 8.9500 8.0000 26.0000
v 9.4500 8.0000 26.0000
v 8.9500 -0.3000 26.0000
v 9.4500 -0.3000 26.0000
v 8.9500 -0.3000 24.2000
v 9.4500 -0.3000 24.2000
v 8.9500 8.0000 26.0000
v 9.4500 8.0000 26.0000
v 8.9500 8.0000 24.2000
v 9.4500 8.0000 24.2000
v 8.9500 -0.3000 24.2000
v 9.4500 -0.3000 24.2000
v 8.9500 -0.3000 -4.2000
v 9.4500 -0.3000 -4.2000
v 8.9500 0.2000 24.2000
v 9.4500 0.2000 24.2000
v 8.9500 0.2000 -4.2000
v 9.4500 0.2000 -4.2000
v 8.9500 6.8000 24.2000
v 9.4500 6.8000 24.2000
v 8.9500 6.8000 -4.2000
v 9.4500 6.8000 -4.2000
v 8.9500 8.0000 24.2000
v 9.4500 8.0000 24.2000
v 8.9500 8.0000 -4.2000
v 9.4500 8.0000 -4.2000
v 8.9500 -0.3000 -4.2000
v 9.4500 -0.3000 -4.2000
v 8.9500 -0.3000 -5.0000
v 9.4500 -0.3000 -5.0000
v 8.9500 8.0000 -4.2000
v 9.4500 8.0000 -4.2000
v 8.9500 8.0000 -5.0000
v 9.4500 8.0000 -5.0000
v 8.9500 -0.3000 -5.0000
v 9.4500 -0.3000 -5.0000
v 8.9500 -0.3000 -65.0000
v 9.4500 -0.3000 -65.0000
v 8.9500 4.0000 -5.0000
v 9.4500 4.0000 -5.0000
v 8.9500 4.0000 -65.0000
v 9.4500 4.0000 -65.0000
v 8.9500 4.0000 -5.0000
v 9.4500 4.0000 -5.0000
v 8.9500 4.0000 -8.4000
v 9.4500 4.0000 -8.4000
v 8.9500 8.0000 -5.0000
v 9.4500 8.0000 -5.0000
v 8.9500 8.0000 -8.4000
v 9.4500 8.0000 -8.4000
v 8.9500 4.0000 -8.4000
v 9.4500 4.0000 -8.4000
v 8.9500 4.0000 -11.6000
v 9.4500 4.0000 -11.6000
v 8.9500 4.3000 -8.4000
v 9.4500 4.3000 -8.4000
v 8.9500 4.3000 -11.6000
v 9.4500 4.3000 -11.6000
v 8.9500 7.3000 -8.4000
v 9.4500 7.3000 -8.4000
v 8.9500 7.3000 -11.6000
v 9.4500 7.3000 -11.6000
v 8.9500 8.0000 -8.4000
v 9.4500 8.0000 -8.4000
v 8.9500 8.0000 -11.6000
v 9.4500 8.0000 -11.6000
v 8.9500 4.0000 -11.6000
v 9.4500 4.0000 -11.6000
v 8.9500 4.0000 -65.0000
v 9.4500 4.0000 -65.0000
v 8.9500 8.0000 -11.6000
v 9.4500 8.0000 -11.6000
v 8.9500 8.0000 -65.0000
v 9.4500 8.0000 -65.0000
v -9.4500 8.0000 65.5000
v 9.4500 8.0000 65.5000
v -9.4500 8.0000 -65.5000
v 9.4500 8.0000 -65.5000
v -9.4500 8.4000 65.5000
v 9.4500 8.4000 65.5000
v -9.4500 8.4000 -65.5000
v 9.4500 8.4000 -65.5000
v -9.4500 -0.7000 65.5000
v 9.4500 -0.7000 65.5000
v -9.4500 -0.7000 -65.5000
v 9.4500 -0.7000 -65.5000
v -9.4500 -0.3000 65.5000
v 9.4500 -0.3000 65.5000
v -9.4500 -0.3000 -65.5000
v 9.4500 -0.3000 -65.5000
v -9.7500 -2.4000 -65.5000
v 9.7500 -2.4000 -65.5000
v -3.9690 -1.6000 -81.5000
v 3.9690 -1.6000 -81.5000
v -9.7500 5.0000 -65.5000
v 9.7500 5.0000 -65.5000
v -3.9690 3.1500 -81.5000
v 3.9690 3.1500 -81.5000
v -9.7500 7.2000 -63.5000
v 9.7500 7.2000 -63.5000
v -5.3865 7.8800 -75.1000
v 5.3865 7.8800 -75.1000
v -9.7500 8.9000 -63.5000
v 9.7500 8.9000 -63.5000
v -5.3865 8.5000 -75.1000
v 5.3865 8.5000 -75.1000
v -2.6850 -2.4000 61.5000
v 2.6850 -2.4000 61.5000
v -2.6850 -2.4000 26.0000
v 2.6850 -2.4000 26.0000
v -5.3700 -0.7000 61.5000
v 5.3700 -0.7000 61.5000
v -5.3700 -0.7000 26.0000
v 5.3700 -0.7000 26.0000
v -2.6850 -2.4000 -26.0000
v 2.6850 -2.4000 -26.0000
v -2.6850 -2.4000 -67.5000
v 2.6850 -2.4000 -67.5000
v -5.3700 -0.7000 -26.0000
v 5.3700 -0.7000 -26.0000
v -5.3700 -0.7000 -67.5000
v 5.3700 -0.7000 -67.5000
v -9.4500 -1.0000 62.5000
v -11.6500 -0.8000 62.5000
v -9.4500 -1.0000 26.0000
v -11.6500 -0.8000 26.0000
v -9.4500 0.0000 62.5000
v -11.6500 -0.4000 62.5000
v -9.4500 0.0000 26.0000
v -11.6500 -0.4000 26.0000
v -9.4500 -1.0000 -26.0000
v -11.6500 -0.8000 -26.0000
v -9.4500 -1.0000 -71.9000
v -11.6500 -0.8000 -71.9000
v -9.4500 0.0000 -26.0000
v -11.6500 -0.4000 -26.0000
v -9.4500 0.0000 -71.9000
v -11.6500 -0.4000 -71.9000
v 9.4500 -1.0000 62.5000
v 11.6500 -0.8000 62.5000
v 9.4500 -1.0000 26.0000
v 11.6500 -0.8000 26.0000
v 9.4500 0.0000 62.5000
v 11.6500 -0.4000 62.5000
v 9.4500 0.0000 26.0000
v 11.6500 -0.4000 26.0000
v 9.4500 -1.0000 -26.0000
v 11.6500 -0.8000 -26.0000
v 9.4500 -1.0000 -71.9000
v 11.6500 -0.8000 -71.9000
v 9.4500 0.0000 -26.0000
v 11.6500 -0.4000 -26.0000
v 9.4500 0.0000 -71.9000
v 11.6500 -0.4000 -71.9000
v -4.9225 8.4000 59.5000
v 4.9225 8.4000 59.5000
v -4.9225 8.4000 -61.5000
v 4.9225 8.4000 -61.5000
v -3.4010 10.2000 59.5000
v 3.4010 10.2000 59.5000
v -3.4010 10.2000 -61.5000
v 3.4010 10.2000 -61.5000
v -2.9535 10.2000 53.5000
v 2.9535 10.2000 53.5000
v -2.9535 10.2000 -49.5000
v 2.9535 10.2000 -49.5000
v -2.1480 11.4000 53.5000
v 2.1480 11.4000 53.5000
v -2.1480 11.4000 -49.5000
v 2.1480 11.4000 -49.5000
v -9.4500 -4.3000 25.4000
v 9.4500 -4.3000 25.4000
v -9.4500 -4.3000 -25.4000
v 9.4500 -4.3000 -25.4000
v -9.4500 -3.9000 25.4000
v 9.4500 -3.9000 25.4000
v -9.4500 -3.9000 -25.4000
v 9.4500 -3.9000 -25.4000
v -9.0500 -3.9000 25.4000
v 9.0500 -3.9000 25.4000
v -9.0500 -3.9000 25.0000
v 9.0500 -3.9000 25.0000
v -9.0500 -0.7000 25.4000
v 9.0500 -0.7000 25.4000
v -9.0500 -0.7000 25.0000
v 9.0500 -0.7000 25.0000
v -9.0500 -3.9000 21.8000
v 9.0500 -3.9000 21.8000
v -9.0500 -3.9000 21.4000
v 9.0500 -3.9000 21.4000
v -9.0500 -0.7000 21.8000
v 9.0500 -0.7000 21.8000
v -9.0500 -0.7000 21.4000
v 9.0500 -0.7000 21.4000
v -9.0500 -3.9000 18.2000
v 9.0500 -3.9000 18.2000
v -9.0500 -3.9000 17.8000
v 9.0500 -3.9000 17.8000
v -9.0500 -0.7000 18.2000
v 9.0500 -0.7000 18.2000
v -9.0500 -0.7000 17.8000
v 9.0500 -0.7000 17.8000
v -9.0500 -3.9000 14.6000
v 9.0500 -3.9000 14.6000
v -9.0500 -3.9000 14.2000
v 9.0500 -3.9000 14.2000
v -9.0500 -0.7000 14.6000
v 9.0500 -0.7000 14.6000
v -9.0500 -0.7000 14.2000
v 9.0500 -0.7000 14.2000
v -9.0500 -3.9000 11.0000
v 9.0500 -3.9000 11.0000
v -9.0500 -3.9000 10.6000
v 9.0500 -3.9000 10.6000
v -9.0500 -0.7000 11.0000
v 9.0500 -0.7000 11.0000
v -9.0500 -0.7000 10.6000
v 9.0500 -0.7000 10.6000
v -9.0500 -3.9000 7.4000
v 9.0500 -3.9000 7.4000
v -9.0500 -3.9000 7.0000
v 9.0500 -3.9000 7.0000
v -9.0500 -0.7000 7.4000
v 9.0500 -0.7000 7.4000
v -9.0500 -0.7000 7.0000
v 9.0500 -0.7000 7.0000
v -9.0500 -3.9000 3.8000
v 9.0500 -3.9000 3.8000
v -9.0500 -3.9000 3.4000
v 9.0500 -3.9000 3.4000
v -9.0500 -0.7000 3.8000
v 9.0500 -0.7000 3.8000
v -9.0500 -0.7000 3.4000
v 9.0500 -0.7000 3.4000
v -9.0500 -3.9000 0.2000
v 9.0500 -3.9000 0.2000
v -9.0500 -3.9000 -0.2000
v 9.0500 -3.9000 -0.2000
v -9.0500 -0.7000 0.2000
v 9.0500 -0.7000 0.2000
v -9.0500 -0.7000 -0.2000
v 9.0500 -0.7000 -0.2000
v -9.0500 -3.9000 -3.4000
v 9.0500 -3.9000 -3.4000
v -9.0500 -3.9000 -3.8000
v 9.0500 -3.9000 -3.8000
v -9.0500 -0.7000 -3.4000
v 9.0500 -0.7000 -3.4000
v -9.0500 -0.7000 -3.8000
v 9.0500 -0.7000 -3.8000
v -9.0500 -3.9000 -7.0000
v 9.0500 -3.9000 -7.0000
v -9.0500 -3.9000 -7.4000
v 9.0500 -3.9000 -7.4000
v -9.0500 -0.7000 -7.0000
v 9.0500 -0.7000 -7.0000
v -9.0500 -0.7000 -7.4000
v 9.0500 -0.7000 -7.4000
v -9.0500 -3.9000 -10.6000
v 9.0500 -3.9000 -10.6000
v -9.0500 -3.9000 -11.0000
v 9.0500 -3.9000 -11.0000
v -9.0500 -0.7000 -10.6000
v 9.0500 -0.7000 -10.6000
v -9.0500 -0.7000 -11.0000
v 9.0500 -0.7000 -11.0000
v -9.0500 -3.9000 -14.2000
v 9.0500 -3.9000 -14.2000
v -9.0500 -3.9000 -14.6000
v 9.0500 -3.9000 -14.6000
v -9.0500 -0.7000 -14.2000
v 9.0500 -0.7000 -14.2000
v -9.0500 -0.7000 -14.6000
v 9.0500 -0.7000 -14.6000
v -9.0500 -3.9000 -17.8000
v 9.0500 -3.9000 -17.8000
v -9.0500 -3.9000 -18.2000
v 9.0500 -3.9000 -18.2000
v -9.0500 -0.7000 -17.8000
v 9.0500 -0.7000 -17.8000
v -9.0500 -0.7000 -18.2000
v 9.0500 -0.7000 -18.2000
v -9.0500 -3.9000 -21.4000
v 9.0500 -3.9000 -21.4000
v -9.0500 -3.9000 -21.8000
v 9.0500 -3.9000 -21.8000
v -9.0500 -0.7000 -21.4000
v 9.0500 -0.7000 -21.4000
v -9.0500 -0.7000 -21.8000
v 9.0500 -0.7000 -21.8000
v -9.0500 -3.9000 -25.0000
v 9.0500 -3.9000 -25.0000
v -9.0500 -3.9000 -25.4000
v 9.0500 -3.9000 -25.4000
v -9.0500 -0.7000 -25.0000
v 9.0500 -0.7000 -25.0000
v -9.0500 -0.7000 -25.4000
v 9.0500 -0.7000 -25.4000
v -0.8500 -3.9000 25.0000
v -0.4500 -3.9000 25.0000
v -0.8500 -3.9000 21.8000
v -0.4500 -3.9000 21.8000
v -0.8500 -0.7000 25.0000
v -0.4500 -0.7000 25.0000
v -0.8500 -0.7000 21.8000
v -0.4500 -0.7000 21.8000
v 0.4500 -3.9000 21.4000
v 0.8500 -3.9000 21.4000
v 0.4500 -3.9000 18.2000
v 0.8500 -3.9000 18.2000
v 0.4500 -0.7000 21.4000
v 0.8500 -0.7000 21.4000
v 0.4500 -0.7000 18.2000
v 0.8500 -0.7000 18.2000
v -0.8500 -3.9000 17.8000
v -0.4500 -3.9000 17.8000
v -0.8500 -3.9000 14.6000
v -0.4500 -3.9000 14.6000
v -0.8500 -0.7000 17.8000
v -0.4500 -0.7000 17.8000
v -0.8500 -0.7000 14.6000
v -0.4500 -0.7000 14.6000
v 0.4500 -3.9000 14.2000
v 0.8500 -3.9000 14.2000
v 0.4500 -3.9000 11.0000
v 0.8500 -3.9000 11.0000
v 0.4500 -0.7000 14.2000
v 0.8500 -0.7000 14.2000
v 0.4500 -0.7000 11.0000
v 0.8500 -0.7000 11.0000
v -0.8500 -3.9000 10.6000
v -0.4500 -3.9000 10.6000
v -0.8500 -3.9000 7.4000
v -0.4500 -3.9000 7.4000
v -0.8500 -0.7000 10.6000
v -0.4500 -0.7000 10.6000
v -0.8500 -0.7000 7.4000
v -0.4500 -0.7000 7.4000
v 0.4500 -3.9000 7.0000
v 0.8500 -3.9000 7.0000
v 0.4500 -3.9000 3.8000
v 0.8500 -3.9000 3.8000
v 0.4500 -0.7000 7.0000
v 0.8500 -0.7000 7.0000
v 0.4500 -0.7000 3.8000
v 0.8500 -0.7000 3.8000
v -0.8500 -3.9000 3.4000
v -0.4500 -3.9000 3.4000
v -0.8500 -3.9000 0.2000
v -0.4500 -3.9000 0.2000
v -0.8500 -0.7000 3.4000
v -0.4500 -0.7000 3.4000
v -0.8500 -0.7000 0.2000
v -0.4500 -0.7000 0.2000
v 0.4500 -3.9000 -0.2000
v 0.8500 -3.9000 -0.2000
v 0.4500 -3.9000 -3.4000
v 0.8500 -3.9000 -3.4000
v 0.4500 -0.7000 -0.2000
v 0.8500 -0.7000 -0.2000
v 0.4500 -0.7000 -3.4000
v 0.8500 -0.7000 -3.4000
v -0.8500 -3.9000 -3.8000
v -0.4500 -3.9000 -3.8000
v -0.8500 -3.9000 -7.0000
v -0.4500 -3.9000 -7.0000
v -0.8500 -0.7000 -3.8000
v -0.4500 -0.7000 -3.8000
v -0.8500 -0.7000 -7.0000
v -0.4500 -0.7000 -7.0000
v 0.4500 -3.9000 -7.4000
v 0.8500 -3.9000 -7.4000
v 0.4500 -3.9000 -10.6000
v 0.8500 -3.9000 -10.6000
v 0.4500 -0.7000 -7.4000
v 0.8500 -0.7000 -7.4000
v 0.4500 -0.7000 -10.6000
v 0.8500 -0.7000 -10.6000
v -0.8500 -3.9000 -11.0000
v -0.4500 -3.9000 -11.0000
v -0.8500 -3.9000 -14.2000
v -0.4500 -3.9000 -14.2000
v -0.8500 -0.7000 -11.0000
v -0.4500 -0.7000 -11.0000
v -0.8500 -0.7000 -14.2000
v -0.4500 -0.7000 -14.2000
v 0.4500 -3.9000 -14.6000
v 0.8500 -3.9000 -14.6000
v 0.4500 -3.9000 -17.8000
v 0.8500 -3.9000 -17.8000
v 0.4500 -0.7000 -14.6000
v 0.8500 -0.7000 -14.6000
v 0.4500 -0.7000 -17.8000
v 0.8500 -0.7000 -17.8000
v -0.8500 -3.9000 -18.2000
v -0.4500 -3.9000 -18.2000
v -0.8500 -3.9000 -21.4000
v -0.4500 -3.9000 -21.4000
v -0.8500 -0.7000 -18.2000
v -0.4500 -0.7000 -18.2000
v -0.8500 -0.7000 -21.4000
v -0.4500 -0.7000 -21.4000
v 0.4500 -3.9000 -21.8000
v 0.8500 -3.9000 -21.8000
v 0.4500 -3.9000 -25.0000
v 0.8500 -3.9000 -25.0000
v 0.4500 -0.7000 -21.8000
v 0.8500 -0.7000 -21.8000
v 0.4500 -0.7000 -25.0000
v 0.8500 -0.7000 -25.0000
v -9.4500 -3.9000 25.4000
v -9.0500 -3.9000 25.4000
v -9.4500 -3.9000 25.0000
v -9.0500 -3.9000 25.0000
v -9.4500 -0.7000 25.4000
v -9.0500 -0.7000 25.4000
v -9.4500 -0.7000 25.0000
v -9.0500 -0.7000 25.0000
v -9.4500 -3.9000 21.8000
v -9.0500 -3.9000 21.8000
v -9.4500 -3.9000 17.8000
v -9.0500 -3.9000 17.8000
v -9.4500 -0.7000 21.8000
v -9.0500 -0.7000 21.8000
v -9.4500 -0.7000 17.8000
v -9.0500 -0.7000 17.8000
v -9.4500 -3.9000 14.6000
v -9.0500 -3.9000 14.6000
v -9.4500 -3.9000 10.6000
v -9.0500 -3.9000 10.6000
v -9.4500 -0.7000 14.6000
v -9.0500 -0.7000 14.6000
v -9.4500 -0.7000 10.6000
v -9.0500 -0.7000 10.6000
v -9.4500 -3.9000 7.4000
v -9.0500 -3.9000 7.4000
v -9.4500 -3.9000 3.4000
v -9.0500 -3.9000 3.4000
v -9.4500 -0.7000 7.4000
v -9.0500 -0.7000 7.4000
v -9.4500 -0.7000 3.4000
v -9.0500 -0.7000 3.4000
v -9.4500 -3.9000 0.2000
v -9.0500 -3.9000 0.2000
v -9.4500 -3.9000 -3.8000
v -9.0500 -3.9000 -3.8000
v -9.4500 -0.7000 0.2000
v -9.0500 -0.7000 0.2000
v -9.4500 -0.7000 -3.8000
v -9.0500 -0.7000 -3.8000
v -9.4500 -3.9000 -7.0000
v -9.0500 -3.9000 -7.0000
v -9.4500 -3.9000 -11.0000
v -9.0500 -3.9000 -11.0000
v -9.4500 -0.7000 -7.0000
v -9.0500 -0.7000 -7.0000
v -9.4500 -0.7000 -11.0000
v -9.0500 -0.7000 -11.0000
v -9.4500 -3.9000 -14.2000
v -9.0500 -3.9000 -14.2000
v -9.4500 -3.9000 -18.2000
v -9.0500 -3.9000 -18.2000
v -9.4500 -0.7000 -14.2000
v -9.0500 -0.7000 -14.2000
v -9.4500 -0.7000 -18.2000
v -9.0500 -0.7000 -18.2000
v -9.4500 -3.9000 -21.4000
v -9.0500 -3.9000 -21.4000
v -9.4500 -3.9000 -25.4000
v -9.0500 -3.9000 -25.4000
v -9.4500 -0.7000 -21.4000
v -9.0500 -0.7000 -21.4000
v -9.4500 -0.7000 -25.4000
v -9.0500 -0.7000 -25.4000
v 9.0500 -3.9000 25.4000
v 9.4500 -3.9000 25.4000
v 9.0500 -3.9000 21.4000
v 9.4500 -3.9000 21.4000
v 9.0500 -0.7000 25.4000
v 9.4500 -0.7000 25.4000
v 9.0500 -0.7000 21.4000
v 9.4500 -0.7000 21.4000
v 9.0500 -3.9000 18.2000
v 9.4500 -3.9000 18.2000
v 9.0500 -3.9000 14.2000
v 9.4500 -3.9000 14.2000
v 9.0500 -0.7000 18.2000
v 9.4500 -0.7000 18.2000
v 9.0500 -0.7000 14.2000
v 9.4500 -0.7000 14.2000
v 9.0500 -3.9000 11.0000
v 9.4500 -3.9000 11.0000
v 9.0500 -3.9000 7.0000
v 9.4500 -3.9000 7.0000
v 9.0500 -0.7000 11.0000
v 9.4500 -0.7000 11.0000
v 9.0500 -0.7000 7.0000
v 9.4500 -0.7000 7.0000
v 9.0500 -3.9000 3.8000
v 9.4500 -3.9000 3.8000
v 9.0500 -3.9000 -0.2000
v 9.4500 -3.9000 -0.2000
v 9.0500 -0.7000 3.8000
v 9.4500 -0.7000 3.8000
v 9.0500 -0.7000 -0.2000
v 9.4500 -0.7000 -0.2000
v 9.0500 -3.9000 -3.4000
v 9.4500 -3.9000 -3.4000
v 9.0500 -3.9000 -7.4000
v 9.4500 -3.9000 -7.4000
v 9.0500 -0.7000 -3.4000
v 9.4500 -0.7000 -3.4000
v 9.0500 -0.7000 -7.4000
v 9.4500 -0.7000 -7.4000
v 9.0500 -3.9000 -10.6000
v 9.4500 -3.9000 -10.6000
v 9.0500 -3.9000 -14.6000
v 9.4500 -3.9000 -14.6000
v 9.0500 -0.7000 -10.6000
v 9.4500 -0.7000 -10.6000
v 9.0500 -0.7000 -14.6000
v 9.4500 -0.7000 -14.6000
v 9.0500 -3.9000 -17.8000
v 9.4500 -3.9000 -17.8000
v 9.0500 -3.9000 -21.8000
v 9.4500 -3.9000 -21.8000
v 9.0500 -0.7000 -17.8000
v 9.4500 -0.7000 -17.8000
v 9.0500 -0.7000 -21.8000
v 9.4500 -0.7000 -21.8000
v 9.0500 -3.9000 -25.0000
v 9.4500 -3.9000 -25.0000
v 9.0500 -3.9000 -25.4000
v 9.4500 -3.9000 -25.4000
v 9.0500 -0.7000 -25.0000
v 9.4500 -0.7000 -25.0000
v 9.0500 -0.7000 -25.4000
v 9.4500 -0.7000 -25.4000
f 1469 1471 1467 1465
f 1466 1468 1472 1470
f 1465 1466 1470 1469
f 1471 1472 1468 1467
f 1467 1468 1466 1465
f 1469 1470 1472 1471
f 1477 1479 1475 1473
f 1474 1476 1480 1478
f 1473 1474 1478 1477
f 1479 1480 1476 1475
f 1475 1476 1474 1473
f 1477 1478 1480 1479
f 1485 1487 1483 1481
f 1482 1484 1488 1486
f 1481 1482 1486 1485
f 1487 1488 1484 1483
f 1483 1484 1482 1481
f 1485 1486 1488 1487
f 1493 1495 1491 1489
f 1490 1492 1496 1494
f 1489 1490 1494 1493
f 1495 1496 1492 1491
f 1491 1492 1490 1489
f 1493 1494 1496 1495
f 1501 1503 1499 1497
f 1498 1500 1504 1502
f 1497 1498 1502 1501
f 1503 1504 1500 1499
f 1499 1500 1498 1497
f 1501 1502 1504 1503
f 1509 1511 1507 1505
f 1506 1508 1512 1510
f 1505 1506 1510 1509
f 1511 1512 1508 1507
f 1507 1508 1506 1505
f 1509 1510 1512 1511
f 1517 1519 1515 1513
f 1514 1516 1520 1518
f 1513 1514 1518 1517
f 1519 1520 1516 1515
f 1515 1516 1514 1513
f 1517 1518 1520 1519
f 1525 1527 1523 1521
f 1522 1524 1528 1526
f 1521 1522 1526 1525
f 1527 1528 1524 1523
f 1523 1524 1522 1521
f 1525 1526 1528 1527
f 1533 1535 1531 1529
f 1530 1532 1536 1534
f 1529 1530 1534 1533
f 1535 1536 1532 1531
f 1531 1532 1530 1529
f 1533 1534 1536 1535
f 1541 1543 1539 1537
f 1538 1540 1544 1542
f 1537 1538 1542 1541
f 1543 1544 1540 1539
f 1539 1540 1538 1537
f 1541 1542 1544 1543
f 1549 1551 1547 1545
f 1546 1548 1552 1550
f 1545 1546 1550 1549
f 1551 1552 1548 1547
f 1547 1548 1546 1545
f 1549 1550 1552 1551
f 1557 1559 1555 1553
f 1554 1556 1560 1558
f 1553 1554 1558 1557
f 1559 1560 1556 1555
f 1555 1556 1554 1553
f 1557 1558 1560 1559
f 1565 1567 1563 1561
f 1562 1564 1568 1566
f 1561 1562 1566 1565
f 1567 1568 1564 1563
f 1563 1564 1562 1561
f 1565 1566 1568 1567
f 1573 1575 1571 1569
f 1570 1572 1576 1574
f 1569 1570 1574 1573
f 1575 1576 1572 1571
f 1571 1572 1570 1569
f 1573 1574 1576 1575
f 1581 1583 1579 1577
f 1578 1580 1584 1582
f 1577 1578 1582 1581
f 1583 1584 1580 1579
f 1579 1580 1578 1577
f 1581 1582 1584 1583
f 1589 1591 1587 1585
f 1586 1588 1592 1590
f 1585 1586 1590 1589
f 1591 1592 1588 1587
f 1587 1588 1586 1585
f 1589 1590 1592 1591
f 1597 1599 1595 1593
f 1594 1596 1600 1598
f 1593 1594 1598 1597
f 1599 1600 1596 1595
f 1595 1596 1594 1593
f 1597 1598 1600 1599
f 1605 1607 1603 1601
f 1602 1604 1608 1606
f 1601 1602 1606 1605
f 1607 1608 1604 1603
f 1603 1604 1602 1601
f 1605 1606 1608 1607
f 1613 1615 1611 1609
f 1610 1612 1616 1614
f 1609 1610 1614 1613
f 1615 1616 1612 1611
f 1611 1612 1610 1609
f 1613 1614 1616 1615
f 1621 1623 1619 1617
f 1618 1620 1624 1622
f 1617 1618 1622 1621
f 1623 1624 1620 1619
f 1619 1620 1618 1617
f 1621 1622 1624 1623
f 1629 1631 1627 1625
f 1626 1628 1632 1630
f 1625 1626 1630 1629
f 1631 1632 1628 1627
f 1627 1628 1626 1625
f 1629 1630 1632 1631
f 1637 1639 1635 1633
f 1634 1636 1640 1638
f 1633 1634 1638 1637
f 1639 1640 1636 1635
f 1635 1636 1634 1633
f 1637 1638 1640 1639
f 1645 1647 1643 1641
f 1642 1644 1648 1646
f 1641 1642 1646 1645
f 1647 1648 1644 1643
f 1643 1644 1642 1641
f 1645 1646 1648 1647
f 1653 1655 1651 1649
f 1650 1652 1656 1654
f 1649 1650 1654 1653
f 1655 1656 1652 1651
f 1651 1652 1650 1649
f 1653 1654 1656 1655
f 1661 1663 1659 1657
f 1658 1660 1664 1662
f 1657 1658 1662 1661
f 1663 1664 1660 1659
f 1659 1660 1658 1657
f 1661 1662 1664 1663
f 1669 1671 1667 1665
f 1666 1668 1672 1670
f 1665 1666 1670 1669
f 1671 1672 1668 1667
f 1667 1668 1666 1665
f 1669 1670 1672 1671
f 1677 1679 1675 1673
f 1674 1676 1680 1678
f 1673 1674 1678 1677
f 1679 1680 1676 1675
f 1675 1676 1674 1673
f 1677 1678 1680 1679
f 1685 1687 1683 1681
f 1682 1684 1688 1686
f 1681 1682 1686 1685
f 1687 1688 1684 1683
f 1683 1684 1682 1681
f 1685 1686 1688 1687
f 1693 1695 1691 1689
f 1690 1692 1696 1694
f 1689 1690 1694 1693
f 1695 1696 1692 1691
f 1691 1692 1690 1689
f 1693 1694 1696 1695
f 1701 1703 1699 1697
f 1698 1700 1704 1702
f 1697 1698 1702 1701
f 1703 1704 1700 1699
f 1699 1700 1698 1697
f 1701 1702 1704 1703
f 1709 1711 1707 1705
f 1706 1708 1712 1710
f 1705 1706 1710 1709
f 1711 1712 1708 1707
f 1707 1708 1706 1705
f 1709 1710 1712 1711
f 1717 1719 1715 1713
f 1714 1716 1720 1718
f 1713 1714 1718 1717
f 1719 1720 1716 1715
f 1715 1716 1714 1713
f 1717 1718 1720 1719
f 1725 1727 1723 1721
f 1722 1724 1728 1726
f 1721 1722 1726 1725
f 1727 1728 1724 1723
f 1723 1724 1722 1721
f 1725 1726 1728 1727
f 1733 1735 1731 1729
f 1730 1732 1736 1734
f 1729 1730 1734 1733
f 1735 1736 1732 1731
f 1731 1732 1730 1729
f 1733 1734 1736 1735
f 1741 1743 1739 1737
f 1738 1740 1744 1742
f 1737 1738 1742 1741
f 1743 1744 1740 1739
f 1739 1740 1738 1737
f 1741 1742 1744 1743
f 1749 1751 1747 1745
f 1746 1748 1752 1750
f 1745 1746 1750 1749
f 1751 1752 1748 1747
f 1747 1748 1746 1745
f 1749 1750 1752 1751
f 1757 1759 1755 1753
f 1754 1756 1760 1758
f 1753 1754 1758 1757
f 1759 1760 1756 1755
f 1755 1756 1754 1753
f 1757 1758 1760 1759
f 1765 1767 1763 1761
f 1762 1764 1768 1766
f 1761 1762 1766 1765
f 1767 1768 1764 1763
f 1763 1764 1762 1761
f 1765 1766 1768 1767
f 1773 1775 1771 1769
f 1770 1772 1776 1774
f 1769 1770 1774 1773
f 1775 1776 1772 1771
f 1771 1772 1770 1769
f 1773 1774 1776 1775
f 1781 1783 1779 1777
f 1778 1780 1784 1782
f 1777 1778 1782 1781
f 1783 1784 1780 1779
f 1779 1780 1778 1777
f 1781 1782 1784 1783
f 1789 1791 1787 1785
f 1786 1788 1792 1790
f 1785 1786 1790 1789
f 1791 1792 1788 1787
f 1787 1788 1786 1785
f 1789 1790 1792 1791
f 1797 1799 1795 1793
f 1794 1796 1800 1798
f 1793 1794 1798 1797
f 1799 1800 1796 1795
f 1795 1796 1794 1793
f 1797 1798 1800 1799
f 1805 1807 1803 1801
f 1802 1804 1808 1806
f 1801 1802 1806 1805
f 1807 1808 1804 1803
f 1803 1804 1802 1801
f 1805 1806 1808 1807
f 1813 1815 1811 1809
f 1810 1812 1816 1814
f 1809 1810 1814 1813
f 1815 1816 1812 1811
f 1811 1812 1810 1809
f 1813 1814 1816 1815
f 1821 1823 1819 1817
f 1818 1820 1824 1822
f 1817 1818 1822 1821
f 1823 1824 1820 1819
f 1819 1820 1818 1817
f 1821 1822 1824 1823
f 1829 1831 1827 1825
f 1826 1828 1832 1830
f 1825 1826 1830 1829
f 1831 1832 1828 1827
f 1827 1828 1826 1825
f 1829 1830 1832 1831
f 1837 1839 1835 1833
f 1834 1836 1840 1838
f 1833 1834 1838 1837
f 1839 1840 1836 1835
f 1835 1836 1834 1833
f 1837 1838 1840 1839
f 1845 1847 1843 1841
f 1842 1844 1848 1846
f 1841 1842 1846 1845
f 1847 1848 1844 1843
f 1843 1844 1842 1841
f 1845 1846 1848 1847
f 1853 1855 1851 1849
f 1850 1852 1856 1854
f 1849 1850 1854 1853
f 1855 1856 1852 1851
f 1851 1852 1850 1849
f 1853 1854 1856 1855
f 1861 1863 1859 1857
f 1858 1860 1864 1862
f 1857 1858 1862 1861
f 1863 1864 1860 1859
f 1859 1860 1858 1857
f 1861 1862 1864 1863
f 1869 1871 1867 1865
f 1866 1868 1872 1870
f 1865 1866 1870 1869
f 1871 1872 1868 1867
f 1867 1868 1866 1865
f 1869 1870 1872 1871
f 1873 1875 1879 1877
f 1878 1880 1876 1874
f 1877 1878 1874 1873
f 1875 1876 1880 1879
f 1873 1874 1876 1875
f 1879 1880 1878 1877
f 1881 1883 1887 1885
f 1886 1888 1884 1882
f 1885 1886 1882 1881
f 1883 1884 1888 1887
f 1881 1882 1884 1883
f 1887 1888 1886 1885
f 1893 1895 1891 1889
f 1890 1892 1896 1894
f 1889 1890 1894 1893
f 1895 1896 1892 1891
f 1891 1892 1890 1889
f 1893 1894 1896 1895
f 1901 1903 1899 1897
f 1898 1900 1904 1902
f 1897 1898 1902 1901
f 1903 1904 1900 1899
f 1899 1900 1898 1897
f 1901 1902 1904 1903
f 1909 1911 1907 1905
f 1906 1908 1912 1910
f 1905 1906 1910 1909
f 1911 1912 1908 1907
f 1907 1908 1906 1905
f 1909 1910 1912 1911
f 1917 1919 1915 1913
f 1914 1916 1920 1918
f 1913 1914 1918 1917
f 1919 1920 1916 1915
f 1915 1916 1914 1913
f 1917 1918 1920 1919
f 1925 1927 1923 1921
f 1922 1924 1928 1926
f 1921 1922 1926 1925
f 1927 1928 1924 1923
f 1923 1924 1922 1921
f 1925 1926 1928 1927
f 1933 1935 1931 1929
f 1930 1932 1936 1934
f 1929 1930 1934 1933
f 1935 1936 1932 1931
f 1931 1932 1930 1929
f 1933 1934 1936 1935
f 1941 1943 1939 1937
f 1938 1940 1944 1942
f 1937 1938 1942 1941
f 1943 1944 1940 1939
f 1939 1940 1938 1937
f 1941 1942 1944 1943
f 1949 1951 1947 1945
f 1946 1948 1952 1950
f 1945 1946 1950 1949
f 1951 1952 1948 1947
f 1947 1948 1946 1945
f 1949 1950 1952 1951
f 1957 1959 1955 1953
f 1954 1956 1960 1958
f 1953 1954 1958 1957
f 1959 1960 1956 1955
f 1955 1956 1954 1953
f 1957 1958 1960 1959
f 1965 1967 1963 1961
f 1962 1964 1968 1966
f 1961 1962 1966 1965
f 1967 1968 1964 1963
f 1963 1964 1962 1961
f 1965 1966 1968 1967
f 1973 1975 1971 1969
f 1970 1972 1976 1974
f 1969 1970 1974 1973
f 1975 1976 1972 1971
f 1971 1972 1970 1969
f 1973 1974 1976 1975
f 1981 1983 1979 1977
f 1978 1980 1984 1982
f 1977 1978 1982 1981
f 1983 1984 1980 1979
f 1979 1980 1978 1977
f 1981 1982 1984 1983
f 1989 1991 1987 1985
f 1986 1988 1992 1990
f 1985 1986 1990 1989
f 1991 1992 1988 1987
f 1987 1988 1986 1985
f 1989 1990 1992 1991
f 1997 1999 1995 1993
f 1994 1996 2000 1998
f 1993 1994 1998 1997
f 1999 2000 1996 1995
f 1995 1996 1994 1993
f 1997 1998 2000 1999
f 2005 2007 2003 2001
f 2002 2004 2008 2006
f 2001 2002 2006 2005
f 2007 2008 2004 2003
f 2003 2004 2002 2001
f 2005 2006 2008 2007
f 2013 2015 2011 2009
f 2010 2012 2016 2014
f 2009 2010 2014 2013
f 2015 2016 2012 2011
f 2011 2012 2010 2009
f 2013 2014 2016 2015
f 2021 2023 2019 2017
f 2018 2020 2024 2022
f 2017 2018 2022 2021
f 2023 2024 2020 2019
f 2019 2020 2018 2017
f 2021 2022 2024 2023
f 2029 2031 2027 2025
f 2026 2028 2032 2030
f 2025 2026 2030 2029
f 2031 2032 2028 2027
f 2027 2028 2026 2025
f 2029 2030 2032 2031
f 2037 2039 2035 2033
f 2034 2036 2040 2038
f 2033 2034 2038 2037
f 2039 2040 2036 2035
f 2035 2036 2034 2033
f 2037 2038 2040 2039
f 2045 2047 2043 2041
f 2042 2044 2048 2046
f 2041 2042 2046 2045
f 2047 2048 2044 2043
f 2043 2044 2042 2041
f 2045 2046 2048 2047
f 2053 2055 2051 2049
f 2050 2052 2056 2054
f 2049 2050 2054 2053
f 2055 2056 2052 2051
f 2051 2052 2050 2049
f 2053 2054 2056 2055
f 2061 2063 2059 2057
f 2058 2060 2064 2062
f 2057 2058 2062 2061
f 2063 2064 2060 2059
f 2059 2060 2058 2057
f 2061 2062 2064 2063
f 2069 2071 2067 2065
f 2066 2068 2072 2070
f 2065 2066 2070 2069
f 2071 2072 2068 2067
f 2067 2068 2066 2065
f 2069 2070 2072 2071
f 2077 2079 2075 2073
f 2074 2076 2080 2078
f 2073 2074 2078 2077
f 2079 2080 2076 2075
f 2075 2076 2074 2073
f 2077 2078 2080 2079
f 2085 2087 2083 2081
f 2082 2084 2088 2086
f 2081 2082 2086 2085
f 2087 2088 2084 2083
f 2083 2084 2082 2081
f 2085 2086 2088 2087
f 2093 2095 2091 2089
f 2090 2092 2096 2094
f 2089 2090 2094 2093
f 2095 2096 2092 2091
f 2091 2092 2090 2089
f 2093 2094 2096 2095
f 2101 2103 2099 2097
f 2098 2100 2104 2102
f 2097 2098 2102 2101
f 2103 2104 2100 2099
f 2099 2100 2098 2097
f 2101 2102 2104 2103
f 2109 2111 2107 2105
f 2106 2108 2112 2110
f 2105 2106 2110 2109
f 2111 2112 2108 2107
f 2107 2108 2106 2105
f 2109 2110 2112 2111
f 2117 2119 2115 2113
f 2114 2116 2120 2118
f 2113 2114 2118 2117
f 2119 2120 2116 2115
f 2115 2116 2114 2113
f 2117 2118 2120 2119
f 2125 2127 2123 2121
f 2122 2124 2128 2126
f 2121 2122 2126 2125
f 2127 2128 2124 2123
f 2123 2124 2122 2121
f 2125 2126 2128 2127
f 2133 2135 2131 2129
f 2130 2132 2136 2134
f 2129 2130 2134 2133
f 2135 2136 2132 2131
f 2131 2132 2130 2129
f 2133 2134 2136 2135
f 2141 2143 2139 2137
f 2138 2140 2144 2142
f 2137 2138 2142 2141
f 2143 2144 2140 2139
f 2139 2140 2138 2137
f 2141 2142 2144 2143
f 2149 2151 2147 2145
f 2146 2148 2152 2150
f 2145 2146 2150 2149
f 2151 2152 2148 2147
f 2147 2148 2146 2145
f 2149 2150 2152 2151
f 2157 2159 2155 2153
f 2154 2156 2160 2158
f 2153 2154 2158 2157
f 2159 2160 2156 2155
f 2155 2156 2154 2153
f 2157 2158 2160 2159
f 2165 2167 2163 2161
f 2162 2164 2168 2166
f 2161 2162 2166 2165
f 2167 2168 2164 2163
f 2163 2164 2162 2161
f 2165 2166 2168 2167
f 2173 2175 2171 2169
f 2170 2172 2176 2174
f 2169 2170 2174 2173
f 2175 2176 2172 2171
f 2171 2172 2170 2169
f 2173 2174 2176 2175
f 2181 2183 2179 2177
f 2178 2180 2184 2182
f 2177 2178 2182 2181
f 2183 2184 2180 2179
f 2179 2180 2178 2177
f 2181 2182 2184 2183
f 2189 2191 2187 2185
f 2186 2188 2192 2190
f 2185 2186 2190 2189
f 2191 2192 2188 2187
f 2187 2188 2186 2185
f 2189 2190 2192 2191
f 2197 2199 2195 2193
f 2194 2196 2200 2198
f 2193 2194 2198 2197
f 2199 2200 2196 2195
f 2195 2196 2194 2193
f 2197 2198 2200 2199
f 2205 2207 2203 2201
f 2202 2204 2208 2206
f 2201 2202 2206 2205
f 2207 2208 2204 2203
f 2203 2204 2202 2201
f 2205 2206 2208 2207
f 2213 2215 2211 2209
f 2210 2212 2216 2214
f 2209 2210 2214 2213
f 2215 2216 2212 2211
f 2211 2212 2210 2209
f 2213 2214 2216 2215
f 2221 2223 2219 2217
f 2218 2220 2224 2222
f 2217 2218 2222 2221
f 2223 2224 2220 2219
f 2219 2220 2218 2217
f 2221 2222 2224 2223
f 2229 2231 2227 2225
f 2226 2228 2232 2230
f 2225 2226 2230 2229
f 2231 2232 2228 2227
f 2227 2228 2226 2225
f 2229 2230 2232 2231
f 2237 2239 2235 2233
f 2234 2236 2240 2238
f 2233 2234 2238 2237
f 2239 2240 2236 2235
f 2235 2236 2234 2233
f 2237 2238 2240 2239
f 2245 2247 2243 2241
f 2242 2244 2248 2246
f 2241 2242 2246 2245
f 2247 2248 2244 2243
f 2243 2244 2242 2241
f 2245 2246 2248 2247
f 2253 2255 2251 2249
f 2250 2252 2256 2254
f 2249 2250 2254 2253
f 2255 2256 2252 2251
f 2251 2252 2250 2249
f 2253 2254 2256 2255
f 2261 2263 2259 2257
f 2258 2260 2264 2262
f 2257 2258 2262 2261
f 2263 2264 2260 2259
f 2259 2260 2258 2257
f 2261 2262 2264 2263
f 2269 2271 2267 2265
f 2266 2268 2272 2270
f 2265 2266 2270 2269
f 2271 2272 2268 2267
f 2267 2268 2266 2265
f 2269 2270 2272 2271
f 2277 2279 2275 2273
f 2274 2276 2280 2278
f 2273 2274 2278 2277
f 2279 2280 2276 2275
f 2275 2276 2274 2273
f 2277 2278 2280 2279
f 2285 2287 2283 2281
f 2282 2284 2288 2286
f 2281 2282 2286 2285
f 2287 2288 2284 2283
f 2283 2284 2282 2281
f 2285 2286 2288 2287
o LARGE_Armor
usemtl Armor
v -9.8000 0.5000 65.0000
v -9.4500 0.5000 65.0000
v -9.8000 0.5000 56.7865
v -9.4500 0.5000 56.7865
v -9.8000 3.5500 65.0000
v -9.4500 3.5500 65.0000
v -9.8000 3.5500 56.7865
v -9.4500 3.5500 56.7865
v -9.8000 0.5000 23.5519
v -9.4500 0.5000 23.5519
v -9.8000 0.5000 11.1751
v -9.4500 0.5000 11.1751
v -9.8000 3.5500 23.5519
v -9.4500 3.5500 23.5519
v -9.8000 3.5500 11.1751
v -9.4500 3.5500 11.1751
v -10.0500 1.0000 22.3256
v -9.8000 1.0000 22.3256
v -10.0500 1.0000 12.4014
v -9.8000 1.0000 12.4014
v -10.0500 3.0500 22.3256
v -9.8000 3.0500 22.3256
v -10.0500 3.0500 12.4014
v -9.8000 3.0500 12.4014
v -9.8000 0.5000 10.8251
v -9.4500 0.5000 10.8251
v -9.8000 0.5000 4.1932
v -9.4500 0.5000 4.1932
v -9.8000 3.5500 10.8251
v -9.4500 3.5500 10.8251
v -9.8000 3.5500 4.1932
v -9.4500 3.5500 4.1932
v -10.0500 1.0000 9.6855
v -9.8000 1.0000 9.6855
v -10.0500 1.0000 5.3328
v -9.8000 1.0000 5.3328
v -10.0500 3.0500 9.6855
v -9.8000 3.0500 9.6855
v -10.0500 3.0500 5.3328
v -9.8000 3.0500 5.3328
v -9.8000 0.5000 3.8432
v -9.4500 0.5000 3.8432
v -9.8000 0.5000 -5.5027
v -9.4500 0.5000 -5.5027
v -9.8000 3.5500 3.8432
v -9.4500 3.5500 3.8432
v -9.8000 3.5500 -5.5027
v -9.4500 3.5500 -5.5027
v -9.8000 0.5000 -5.8527
v -9.4500 0.5000 -5.8527
v -9.8000 0.5000 -17.3506
v -9.4500 0.5000 -17.3506
v -9.8000 3.5500 -5.8527
v -9.4500 3.5500 -5.8527
v -9.8000 3.5500 -17.3506
v -9.4500 3.5500 -17.3506
v -9.8000 0.5000 -17.7006
v -9.4500 0.5000 -17.7006
v -9.8000 0.5000 -24.0364
v -9.4500 0.5000 -24.0364
v -9.8000 3.5500 -17.7006
v -9.4500 3.5500 -17.7006
v -9.8000 3.5500 -24.0364
v -9.4500 3.5500 -24.0364
v -9.8000 0.5000 -24.3864
v -9.4500 0.5000 -24.3864
v -9.8000 0.5000 -29.8366
v -9.4500 0.5000 -29.8366
v -9.8000 3.5500 -24.3864
v -9.4500 3.5500 -24.3864
v -9.8000 3.5500 -29.8366
v -9.4500 3.5500 -29.8366
v -10.0500 1.0000 -25.5036
v -9.8000 1.0000 -25.5036
v -10.0500 1.0000 -28.7194
v -9.8000 1.0000 -28.7194
v -10.0500 3.0500 -25.5036
v -9.8000 3.0500 -25.5036
v -10.0500 3.0500 -28.7194
v -9.8000 3.0500 -28.7194
v -9.8000 0.5000 -42.5182
v -9.4500 0.5000 -42.5182
v -9.8000 0.5000 -53.9002
v -9.4500 0.5000 -53.9002
v -9.8000 3.5500 -42.5182
v -9.4500 3.5500 -42.5182
v -9.8000 3.5500 -53.9002
v -9.4500 3.5500 -53.9002
v -9.8000 0.5000 -64.2833
v -9.4500 0.5000 -64.2833
v -9.8000 0.5000 -65.0000
v -9.4500 0.5000 -65.0000
v -9.8000 3.5500 -64.2833
v -9.4500 3.5500 -64.2833
v -9.8000 3.5500 -65.0000
v -9.4500 3.5500 -65.0000
v -9.8000 4.5000 65.0000
v -9.4500 4.5000 65.0000
v -9.8000 4.5000 59.2776
v -9.4500 4.5000 59.2776
v -9.8000 7.5500 65.0000
v -9.4500 7.5500 65.0000
v -9.8000 7.5500 59.2776
v -9.4500 7.5500 59.2776
v -10.0500 5.0000 63.6689
v -9.8000 5.0000 63.6689
v -10.0500 5.0000 60.6087
v -9.8000 5.0000 60.6087
v -10.0500 7.0500 63.6689
v -9.8000 7.0500 63.6689
v -10.0500 7.0500 60.6087
v -9.8000 7.0500 60.6087
v -9.8000 4.5000 19.0018
v -9.4500 4.5000 19.0018
v -9.8000 4.5000 13.4713
v -9.4500 4.5000 13.4713
v -9.8000 7.5500 19.0018
v -9.4500 7.5500 19.0018
v -9.8000 7.5500 13.4713
v -9.4500 7.5500 13.4713
v -10.0500 5.0000 18.3460
v -9.8000 5.0000 18.3460
v -10.0500 5.0000 14.1271
v -9.8000 5.0000 14.1271
v -10.0500 7.0500 18.3460
v -9.8000 7.0500 18.3460
v -10.0500 7.0500 14.1271
v -9.8000 7.0500 14.1271
v -9.8000 4.5000 13.1213
v -9.4500 4.5000 13.1213
v -9.8000 4.5000 6.6484
v -9.4500 4.5000 6.6484
v -9.8000 7.5500 13.1213
v -9.4500 7.5500 13.1213
v -9.8000 7.5500 6.6484
v -9.4500 7.5500 6.6484
v -10.0500 5.0000 12.3955
v -9.8000 5.0000 12.3955
v -10.0500 5.0000 7.3741
v -9.8000 5.0000 7.3741
v -10.0500 7.0500 12.3955
v -9.8000 7.0500 12.3955
v -10.0500 7.0500 7.3741
v -9.8000 7.0500 7.3741
v -9.8000 4.5000 6.2984
v -9.4500 4.5000 6.2984
v -9.8000 4.5000 -3.1138
v -9.4500 4.5000 -3.1138
v -9.8000 7.5500 6.2984
v -9.4500 7.5500 6.2984
v -9.8000 7.5500 -3.1138
v -9.4500 7.5500 -3.1138
v -9.8000 4.5000 -3.4638
v -9.4500 4.5000 -3.4638
v -9.8000 4.5000 -11.0510
v -9.4500 4.5000 -11.0510
v -9.8000 7.5500 -3.4638
v -9.4500 7.5500 -3.4638
v -9.8000 7.5500 -11.0510
v -9.4500 7.5500 -11.0510
v -10.0500 5.0000 -4.3192
v -9.8000 5.0000 -4.3192
v -10.0500 5.0000 -10.1955
v -9.8000 5.0000 -10.1955
v -10.0500 7.0500 -4.3192
v -9.8000 7.0500 -4.3192
v -10.0500 7.0500 -10.1955
v -9.8000 7.0500 -10.1955
v -9.8000 4.5000 -11.4010
v -9.4500 4.5000 -11.4010
v -9.8000 4.5000 -24.1531
v -9.4500 4.5000 -24.1531
v -9.8000 7.5500 -11.4010
v -9.4500 7.5500 -11.4010
v -9.8000 7.5500 -24.1531
v -9.4500 7.5500 -24.1531
v -10.0500 5.0000 -12.3509
v -9.8000 5.0000 -12.3509
v -10.0500 5.0000 -23.2032
v -9.8000 5.0000 -23.2032
v -10.0500 7.0500 -12.3509
v -9.8000 7.0500 -12.3509
v -10.0500 7.0500 -23.2032
v -9.8000 7.0500 -23.2032
v -9.8000 4.5000 -24.5031
v -9.4500 4.5000 -24.5031
v -9.8000 4.5000 -36.4943
v -9.4500 4.5000 -36.4943
v -9.8000 7.5500 -24.5031
v -9.4500 7.5500 -24.5031
v -9.8000 7.5500 -36.4943
v -9.4500 7.5500 -36.4943
v -9.8000 4.5000 -49.1355
v -9.4500 4.5000 -49.1355
v -9.8000 4.5000 -57.2973
v -9.4500 4.5000 -57.2973
v -9.8000 7.5500 -49.1355
v -9.4500 7.5500 -49.1355
v -9.8000 7.5500 -57.2973
v -9.4500 7.5500 -57.2973
v -10.0500 5.0000 -50.3306
v -9.8000 5.0000 -50.3306
v -10.0500 5.0000 -56.1022
v -9.8000 5.0000 -56.1022
v -10.0500 7.0500 -50.3306
v -9.8000 7.0500 -50.3306
v -10.0500 7.0500 -56.1022
v -9.8000 7.0500 -56.1022
v -9.8000 4.5000 -57.6473
v -9.4500 4.5000 -57.6473
v -9.8000 4.5000 -65.0000
v -9.4500 4.5000 -65.0000
v -9.8000 7.5500 -57.6473
v -9.4500 7.5500 -57.6473
v -9.8000 7.5500 -65.0000
v -9.4500 7.5500 -65.0000
v -10.0500 5.0000 -58.9709
v -9.8000 5.0000 -58.9709
v -10.0500 5.0000 -63.6764
v -9.8000 5.0000 -63.6764
v -10.0500 7.0500 -58.9709
v -9.8000 7.0500 -58.9709
v -10.0500 7.0500 -63.6764
v -9.8000 7.0500 -63.6764
v 9.4500 0.5000 -9.6974
v 9.8000 0.5000 -9.6974
v 9.4500 0.5000 -19.5601
v 9.8000 0.5000 -19.5601
v 9.4500 3.5500 -9.6974
v 9.8000 3.5500 -9.6974
v 9.4500 3.5500 -19.5601
v 9.8000 3.5500 -19.5601
v 9.4500 0.5000 -39.6299
v 9.8000 0.5000 -39.6299
v 9.4500 0.5000 -51.4476
v 9.8000 0.5000 -51.4476
v 9.4500 3.5500 -39.6299
v 9.8000 3.5500 -39.6299
v 9.4500 3.5500 -51.4476
v 9.8000 3.5500 -51.4476
v 9.8000 1.0000 -40.9495
v 10.0500 1.0000 -40.9495
v 9.8000 1.0000 -50.1280
v 10.0500 1.0000 -50.1280
v 9.8000 3.0500 -40.9495
v 10.0500 3.0500 -40.9495
v 9.8000 3.0500 -50.1280
v 10.0500 3.0500 -50.1280
v 9.4500 0.5000 -51.7976
v 9.8000 0.5000 -51.7976
v 9.4500 0.5000 -61.7216
v 9.8000 0.5000 -61.7216
v 9.4500 3.5500 -51.7976
v 9.8000 3.5500 -51.7976
v 9.4500 3.5500 -61.7216
v 9.8000 3.5500 -61.7216
v 9.8000 1.0000 -52.9049
v 10.0500 1.0000 -52.9049
v 9.8000 1.0000 -60.6143
v 10.0500 1.0000 -60.6143
v 9.8000 3.0500 -52.9049
v 10.0500 3.0500 -52.9049
v 9.8000 3.0500 -60.6143
v 10.0500 3.0500 -60.6143
v 9.4500 0.5000 -62.0716
v 9.8000 0.5000 -62.0716
v 9.4500 0.5000 -65.0000
v 9.8000 0.5000 -65.0000
v 9.4500 3.5500 -62.0716
v 9.8000 3.5500 -62.0716
v 9.4500 3.5500 -65.0000
v 9.8000 3.5500 -65.0000
v 9.4500 4.5000 -38.8330
v 9.8000 4.5000 -38.8330
v 9.4500 4.5000 -51.7320
v 9.8000 4.5000 -51.7320
v 9.4500 7.5500 -38.8330
v 9.8000 7.5500 -38.8330
v 9.4500 7.5500 -51.7320
v 9.8000 7.5500 -51.7320
v 9.4500 4.5000 -52.0820
v 9.8000 4.5000 -52.0820
v 9.4500 4.5000 -62.1330
v 9.8000 4.5000 -62.1330
v 9.4500 7.5500 -52.0820
v 9.8000 7.5500 -52.0820
v 9.4500 7.5500 -62.1330
v 9.8000 7.5500 -62.1330
v 9.8000 5.0000 -53.3164
v 10.0500 5.0000 -53.3164
v 9.8000 5.0000 -60.8987
v 10.0500 5.0000 -60.8987
v 9.8000 7.0500 -53.3164
v 10.0500 7.0500 -53.3164
v 9.8000 7.0500 -60.8987
v 10.0500 7.0500 -60.8987
v 9.4500 4.5000 -62.4830
v 9.8000 4.5000 -62.4830
v 9.4500 4.5000 -65.0000
v 9.8000 4.5000 -65.0000
v 9.4500 7.5500 -62.4830
v 9.8000 7.5500 -62.4830
v 9.4500 7.5500 -65.0000
v 9.8000 7.5500 -65.0000
f 2293 2295 2291 2289
f 2290 2292 2296 2294
f 2289 2290 2294 2293
f 2295 2296 2292 2291
f 2291 2292 2290 2289
f 2293 2294 2296 2295
f 2301 2303 2299 2297
f 2298 2300 2304 2302
f 2297 2298 2302 2301
f 2303 2304 2300 2299
f 2299 2300 2298 2297
f 2301 2302 2304 2303
f 2309 2311 2307 2305
f 2306 2308 2312 2310
f 2305 2306 2310 2309
f 2311 2312 2308 2307
f 2307 2308 2306 2305
f 2309 2310 2312 2311
f 2317 2319 2315 2313
f 2314 2316 2320 2318
f 2313 2314 2318 2317
f 2319 2320 2316 2315
f 2315 2316 2314 2313
f 2317 2318 2320 2319
f 2325 2327 2323 2321
f 2322 2324 2328 2326
f 2321 2322 2326 2325
f 2327 2328 2324 2323
f 2323 2324 2322 2321
f 2325 2326 2328 2327
f 2333 2335 2331 2329
f 2330 2332 2336 2334
f 2329 2330 2334 2333
f 2335 2336 2332 2331
f 2331 2332 2330 2329
f 2333 2334 2336 2335
f 2341 2343 2339 2337
f 2338 2340 2344 2342
f 2337 2338 2342 2341
f 2343 2344 2340 2339
f 2339 2340 2338 2337
f 2341 2342 2344 2343
f 2349 2351 2347 2345
f 2346 2348 2352 2350
f 2345 2346 2350 2349
f 2351 2352 2348 2347
f 2347 2348 2346 2345
f 2349 2350 2352 2351
f 2357 2359 2355 2353
f 2354 2356 2360 2358
f 2353 2354 2358 2357
f 2359 2360 2356 2355
f 2355 2356 2354 2353
f 2357 2358 2360 2359
f 2365 2367 2363 2361
f 2362 2364 2368 2366
f 2361 2362 2366 2365
f 2367 2368 2364 2363
f 2363 2364 2362 2361
f 2365 2366 2368 2367
f 2373 2375 2371 2369
f 2370 2372 2376 2374
f 2369 2370 2374 2373
f 2375 2376 2372 2371
f 2371 2372 2370 2369
f 2373 2374 2376 2375
f 2381 2383 2379 2377
f 2378 2380 2384 2382
f 2377 2378 2382 2381
f 2383 2384 2380 2379
f 2379 2380 2378 2377
f 2381 2382 2384 2383
f 2389 2391 2387 2385
f 2386 2388 2392 2390
f 2385 2386 2390 2389
f 2391 2392 2388 2387
f 2387 2388 2386 2385
f 2389 2390 2392 2391
f 2397 2399 2395 2393
f 2394 2396 2400 2398
f 2393 2394 2398 2397
f 2399 2400 2396 2395
f 2395 2396 2394 2393
f 2397 2398 2400 2399
f 2405 2407 2403 2401
f 2402 2404 2408 2406
f 2401 2402 2406 2405
f 2407 2408 2404 2403
f 2403 2404 2402 2401
f 2405 2406 2408 2407
f 2413 2415 2411 2409
f 2410 2412 2416 2414
f 2409 2410 2414 2413
f 2415 2416 2412 2411
f 2411 2412 2410 2409
f 2413 2414 2416 2415
f 2421 2423 2419 2417
f 2418 2420 2424 2422
f 2417 2418 2422 2421
f 2423 2424 2420 2419
f 2419 2420 2418 2417
f 2421 2422 2424 2423
f 2429 2431 2427 2425
f 2426 2428 2432 2430
f 2425 2426 2430 2429
f 2431 2432 2428 2427
f 2427 2428 2426 2425
f 2429 2430 2432 2431
f 2437 2439 2435 2433
f 2434 2436 2440 2438
f 2433 2434 2438 2437
f 2439 2440 2436 2435
f 2435 2436 2434 2433
f 2437 2438 2440 2439
f 2445 2447 2443 2441
f 2442 2444 2448 2446
f 2441 2442 2446 2445
f 2447 2448 2444 2443
f 2443 2444 2442 2441
f 2445 2446 2448 2447
f 2453 2455 2451 2449
f 2450 2452 2456 2454
f 2449 2450 2454 2453
f 2455 2456 2452 2451
f 2451 2452 2450 2449
f 2453 2454 2456 2455
f 2461 2463 2459 2457
f 2458 2460 2464 2462
f 2457 2458 2462 2461
f 2463 2464 2460 2459
f 2459 2460 2458 2457
f 2461 2462 2464 2463
f 2469 2471 2467 2465
f 2466 2468 2472 2470
f 2465 2466 2470 2469
f 2471 2472 2468 2467
f 2467 2468 2466 2465
f 2469 2470 2472 2471
f 2477 2479 2475 2473
f 2474 2476 2480 2478
f 2473 2474 2478 2477
f 2479 2480 2476 2475
f 2475 2476 2474 2473
f 2477 2478 2480 2479
f 2485 2487 2483 2481
f 2482 2484 2488 2486
f 2481 2482 2486 2485
f 2487 2488 2484 2483
f 2483 2484 2482 2481
f 2485 2486 2488 2487
f 2493 2495 2491 2489
f 2490 2492 2496 2494
f 2489 2490 2494 2493
f 2495 2496 2492 2491
f 2491 2492 2490 2489
f 2493 2494 2496 2495
f 2501 2503 2499 2497
f 2498 2500 2504 2502
f 2497 2498 2502 2501
f 2503 2504 2500 2499
f 2499 2500 2498 2497
f 2501 2502 2504 2503
f 2509 2511 2507 2505
f 2506 2508 2512 2510
f 2505 2506 2510 2509
f 2511 2512 2508 2507
f 2507 2508 2506 2505
f 2509 2510 2512 2511
f 2517 2519 2515 2513
f 2514 2516 2520 2518
f 2513 2514 2518 2517
f 2519 2520 2516 2515
f 2515 2516 2514 2513
f 2517 2518 2520 2519
f 2525 2527 2523 2521
f 2522 2524 2528 2526
f 2521 2522 2526 2525
f 2527 2528 2524 2523
f 2523 2524 2522 2521
f 2525 2526 2528 2527
f 2533 2535 2531 2529
f 2530 2532 2536 2534
f 2529 2530 2534 2533
f 2535 2536 2532 2531
f 2531 2532 2530 2529
f 2533 2534 2536 2535
f 2541 2543 2539 2537
f 2538 2540 2544 2542
f 2537 2538 2542 2541
f 2543 2544 2540 2539
f 2539 2540 2538 2537
f 2541 2542 2544 2543
f 2549 2551 2547 2545
f 2546 2548 2552 2550
f 2545 2546 2550 2549
f 2551 2552 2548 2547
f 2547 2548 2546 2545
f 2549 2550 2552 2551
f 2557 2559 2555 2553
f 2554 2556 2560 2558
f 2553 2554 2558 2557
f 2559 2560 2556 2555
f 2555 2556 2554 2553
f 2557 2558 2560 2559
f 2565 2567 2563 2561
f 2562 2564 2568 2566
f 2561 2562 2566 2565
f 2567 2568 2564 2563
f 2563 2564 2562 2561
f 2565 2566 2568 2567
f 2573 2575 2571 2569
f 2570 2572 2576 2574
f 2569 2570 2574 2573
f 2575 2576 2572 2571
f 2571 2572 2570 2569
f 2573 2574 2576 2575
f 2581 2583 2579 2577
f 2578 2580 2584 2582
f 2577 2578 2582 2581
f 2583 2584 2580 2579
f 2579 2580 2578 2577
f 2581 2582 2584 2583
f 2589 2591 2587 2585
f 2586 2588 2592 2590
f 2585 2586 2590 2589
f 2591 2592 2588 2587
f 2587 2588 2586 2585
f 2589 2590 2592 2591
o LARGE_Trim
usemtl Trim
v -10.0500 -0.1000 54.6000
v -9.4500 -0.1000 54.6000
v -10.0500 -0.1000 54.0000
v -9.4500 -0.1000 54.0000
v -10.0500 7.4000 54.6000
v -9.4500 7.4000 54.6000
v -10.0500 7.4000 54.0000
v -9.4500 7.4000 54.0000
v -10.0500 -0.1000 26.0000
v -9.4500 -0.1000 26.0000
v -10.0500 -0.1000 25.4000
v -9.4500 -0.1000 25.4000
v -10.0500 7.4000 26.0000
v -9.4500 7.4000 26.0000
v -10.0500 7.4000 25.4000
v -9.4500 7.4000 25.4000
v -10.0500 6.8000 54.0000
v -9.4500 6.8000 54.0000
v -10.0500 6.8000 26.0000
v -9.4500 6.8000 26.0000
v -10.0500 7.4000 54.0000
v -9.4500 7.4000 54.0000
v -10.0500 7.4000 26.0000
v -9.4500 7.4000 26.0000
v -10.0500 -0.1000 54.0000
v -9.4500 -0.1000 54.0000
v -10.0500 -0.1000 26.0000
v -9.4500 -0.1000 26.0000
v -10.0500 0.5000 54.0000
v -9.4500 0.5000 54.0000
v -10.0500 0.5000 26.0000
v -9.4500 0.5000 26.0000
v 9.4500 -0.1000 54.6000
v 10.0500 -0.1000 54.6000
v 9.4500 -0.1000 54.0000
v 10.0500 -0.1000 54.0000
v 9.4500 7.4000 54.6000
v 10.0500 7.4000 54.6000
v 9.4500 7.4000 54.0000
v 10.0500 7.4000 54.0000
v 9.4500 -0.1000 26.0000
v 10.0500 -0.1000 26.0000
v 9.4500 -0.1000 25.4000
v 10.0500 -0.1000 25.4000
v 9.4500 7.4000 26.0000
v 10.0500 7.4000 26.0000
v 9.4500 7.4000 25.4000
v 10.0500 7.4000 25.4000
v 9.4500 6.8000 54.0000
v 10.0500 6.8000 54.0000
v 9.4500 6.8000 26.0000
v 10.0500 6.8000 26.0000
v 9.4500 7.4000 54.0000
v 10.0500 7.4000 54.0000
v 9.4500 7.4000 26.0000
v 10.0500 7.4000 26.0000
v 9.4500 -0.1000 54.0000
v 10.0500 -0.1000 54.0000
v 9.4500 -0.1000 26.0000
v 10.0500 -0.1000 26.0000
v 9.4500 0.5000 54.0000
v 10.0500 0.5000 54.0000
v 9.4500 0.5000 26.0000
v 10.0500 0.5000 26.0000
v 2.4000 0.0000 60.0000
v 2.2825 0.0000 59.2584
v 1.9416 0.0000 58.5893
v 1.4107 0.0000 58.0584
v 0.7416 0.0000 57.7175
v 0.0000 0.0000 57.6000
v -0.7416 0.0000 57.7175
v -1.4107 0.0000 58.0584
v -1.9416 0.0000 58.5893
v -2.2825 0.0000 59.2584
v -2.4000 0.0000 60.0000
v -2.2825 0.0000 60.7416
v -1.9416 0.0000 61.4107
v -1.4107 0.0000 61.9416
v -0.7416 0.0000 62.2825
v -0.0000 0.0000 62.4000
v 0.7416 0.0000 62.2825
v 1.4107 0.0000 61.9416
v 1.9416 0.0000 61.4107
v 2.2825 0.0000 60.7416
v 2.4000 0.6000 60.0000
v 2.2825 0.6000 59.2584
v 1.9416 0.6000 58.5893
v 1.4107 0.6000 58.0584
v 0.7416 0.6000 57.7175
v 0.0000 0.6000 57.6000
v -0.7416 0.6000 57.7175
v -1.4107 0.6000 58.0584
v -1.9416 0.6000 58.5893
v -2.2825 0.6000 59.2584
v -2.4000 0.6000 60.0000
v -2.2825 0.6000 60.7416
v -1.9416 0.6000 61.4107
v -1.4107 0.6000 61.9416
v -0.7416 0.6000 62.2825
v -0.0000 0.6000 62.4000
v 0.7416 0.6000 62.2825
v 1.4107 0.6000 61.9416
v 1.9416 0.6000 61.4107
v 2.2825 0.6000 60.7416
v 2.4000 7.1000 60.0000
v 2.2825 7.1000 59.2584
v 1.9416 7.1000 58.5893
v 1.4107 7.1000 58.0584
v 0.7416 7.1000 57.7175
v 0.0000 7.1000 57.6000
v -0.7416 7.1000 57.7175
v -1.4107 7.1000 58.0584
v -1.9416 7.1000 58.5893
v -2.2825 7.1000 59.2584
v -2.4000 7.1000 60.0000
v -2.2825 7.1000 60.7416
v -1.9416 7.1000 61.4107
v -1.4107 7.1000 61.9416
v -0.7416 7.1000 62.2825
v -0.0000 7.1000 62.4000
v 0.7416 7.1000 62.2825
v 1.4107 7.1000 61.9416
v 1.9416 7.1000 61.4107
v 2.2825 7.1000 60.7416
v 2.4000 7.7000 60.0000
v 2.2825 7.7000 59.2584
v 1.9416 7.7000 58.5893
v 1.4107 7.7000 58.0584
v 0.7416 7.7000 57.7175
v 0.0000 7.7000 57.6000
v -0.7416 7.7000 57.7175
v -1.4107 7.7000 58.0584
v -1.9416 7.7000 58.5893
v -2.2825 7.7000 59.2584
v -2.4000 7.7000 60.0000
v -2.2825 7.7000 60.7416
v -1.9416 7.7000 61.4107
v -1.4107 7.7000 61.9416
v -0.7416 7.7000 62.2825
v -0.0000 7.7000 62.4000
v 0.7416 7.7000 62.2825
v 1.4107 7.7000 61.9416
v 1.9416 7.7000 61.4107
v 2.2825 7.7000 60.7416
v 9.4500 -0.3000 24.7000
v 9.9500 -0.3000 24.7000
v 9.4500 -0.3000 24.2000
v 9.9500 -0.3000 24.2000
v 9.4500 7.3000 24.7000
v 9.9500 7.3000 24.7000
v 9.4500 7.3000 24.2000
v 9.9500 7.3000 24.2000
v 9.4500 -0.3000 -4.2000
v 9.9500 -0.3000 -4.2000
v 9.4500 -0.3000 -4.7000
v 9.9500 -0.3000 -4.7000
v 9.4500 7.3000 -4.2000
v 9.9500 7.3000 -4.2000
v 9.4500 7.3000 -4.7000
v 9.9500 7.3000 -4.7000
v 9.4500 6.8000 24.2000
v 9.9500 6.8000 24.2000
v 9.4500 6.8000 -4.2000
v 9.9500 6.8000 -4.2000
v 9.4500 7.3000 24.2000
v 9.9500 7.3000 24.2000
v 9.4500 7.3000 -4.2000
v 9.9500 7.3000 -4.2000
v -2.9700 4.0000 -5.4500
v -3.0227 4.0000 -5.5773
v -3.1500 4.0000 -5.6300
v -3.2773 4.0000 -5.5773
v -3.3300 4.0000 -5.4500
v -3.2773 4.0000 -5.3227
v -3.1500 4.0000 -5.2700
v -3.0227 4.0000 -5.3227
v -2.9700 7.7000 -5.4500
v -3.0227 7.7000 -5.5773
v -3.1500 7.7000 -5.6300
v -3.2773 7.7000 -5.5773
v -3.3300 7.7000 -5.4500
v -3.2773 7.7000 -5.3227
v -3.1500 7.7000 -5.2700
v -3.0227 7.7000 -5.3227
v -3.6700 4.0000 -5.4500
v -3.7227 4.0000 -5.5773
v -3.8500 4.0000 -5.6300
v -3.9773 4.0000 -5.5773
v -4.0300 4.0000 -5.4500
v -3.9773 4.0000 -5.3227
v -3.8500 4.0000 -5.2700
v -3.7227 4.0000 -5.3227
v -3.6700 7.7000 -5.4500
v -3.7227 7.7000 -5.5773
v -3.8500 7.7000 -5.6300
v -3.9773 7.7000 -5.5773
v -4.0300 7.7000 -5.4500
v -3.9773 7.7000 -5.3227
v -3.8500 7.7000 -5.2700
v -3.7227 7.7000 -5.3227
v -4.3700 4.0000 -5.4500
v -4.4227 4.0000 -5.5773
v -4.5500 4.0000 -5.6300
v -4.6773 4.0000 -5.5773
v -4.7300 4.0000 -5.4500
v -4.6773 4.0000 -5.3227
v -4.5500 4.0000 -5.2700
v -4.4227 4.0000 -5.3227
v -4.3700 7.7000 -5.4500
v -4.4227 7.7000 -5.5773
v -4.5500 7.7000 -5.6300
v -4.6773 7.7000 -5.5773
v -4.7300 7.7000 -5.4500
v -4.6773 7.7000 -5.3227
v -4.5500 7.7000 -5.2700
v -4.4227 7.7000 -5.3227
v -9.9500 3.6500 65.5000
v -9.4500 3.6500 65.5000
v -9.9500 3.6500 54.8000
v -9.4500 3.6500 54.8000
v -9.9500 4.1000 65.5000
v -9.4500 4.1000 65.5000
v -9.9500 4.1000 54.8000
v -9.4500 4.1000 54.8000
v -9.9500 3.6500 25.2000
v -9.4500 3.6500 25.2000
v -9.9500 3.6500 -65.5000
v -9.4500 3.6500 -65.5000
v -9.9500 4.1000 25.2000
v -9.4500 4.1000 25.2000
v -9.9500 4.1000 -65.5000
v -9.4500 4.1000 -65.5000
v 9.4500 3.6500 65.5000
v 9.9500 3.6500 65.5000
v 9.4500 3.6500 54.8000
v 9.9500 3.6500 54.8000
v 9.4500 4.1000 65.5000
v 9.9500 4.1000 65.5000
v 9.4500 4.1000 54.8000
v 9.9500 4.1000 54.8000
v 9.4500 3.6500 -5.0000
v 9.9500 3.6500 -5.0000
v 9.4500 3.6500 -65.5000
v 9.9500 3.6500 -65.5000
v 9.4500 4.1000 -5.0000
v 9.9500 4.1000 -5.0000
v 9.4500 4.1000 -65.5000
v 9.9500 4.1000 -65.5000
f 2597 2599 2595 2593
f 2594 2596 2600 2598
f 2593 2594 2598 2597
f 2599 2600 2596 2595
f 2595 2596 2594 2593
f 2597 2598 2600 2599
f 2605 2607 2603 2601
f 2602 2604 2608 2606
f 2601 2602 2606 2605
f 2607 2608 2604 2603
f 2603 2604 2602 2601
f 2605 2606 2608 2607
f 2613 2615 2611 2609
f 2610 2612 2616 2614
f 2609 2610 2614 2613
f 2615 2616 2612 2611
f 2611 2612 2610 2609
f 2613 2614 2616 2615
f 2621 2623 2619 2617
f 2618 2620 2624 2622
f 2617 2618 2622 2621
f 2623 2624 2620 2619
f 2619 2620 2618 2617
f 2621 2622 2624 2623
f 2629 2631 2627 2625
f 2626 2628 2632 2630
f 2625 2626 2630 2629
f 2631 2632 2628 2627
f 2627 2628 2626 2625
f 2629 2630 2632 2631
f 2637 2639 2635 2633
f 2634 2636 2640 2638
f 2633 2634 2638 2637
f 2639 2640 2636 2635
f 2635 2636 2634 2633
f 2637 2638 2640 2639
f 2645 2647 2643 2641
f 2642 2644 2648 2646
f 2641 2642 2646 2645
f 2647 2648 2644 2643
f 2643 2644 2642 2641
f 2645 2646 2648 2647
f 2653 2655 2651 2649
f 2650 2652 2656 2654
f 2649 2650 2654 2653
f 2655 2656 2652 2651
f 2651 2652 2650 2649
f 2653 2654 2656 2655
f 2657 2658 2678 2677
f 2658 2659 2679 2678
f 2659 2660 2680 2679
f 2660 2661 2681 2680
f 2661 2662 2682 2681
f 2662 2663 2683 2682
f 2663 2664 2684 2683
f 2664 2665 2685 2684
f 2665 2666 2686 2685
f 2666 2667 2687 2686
f 2667 2668 2688 2687
f 2668 2669 2689 2688
f 2669 2670 2690 2689
f 2670 2671 2691 2690
f 2671 2672 2692 2691
f 2672 2673 2693 2692
f 2673 2674 2694 2693
f 2674 2675 2695 2694
f 2675 2676 2696 2695
f 2676 2657 2677 2696
f 2676 2675 2674 2673 2672 2671 2670 2669 2668 2667 2666 2665 2664 2663 2662 2661 2660 2659 2658 2657
f 2677 2678 2679 2680 2681 2682 2683 2684 2685 2686 2687 2688 2689 2690 2691 2692 2693 2694 2695 2696
f 2697 2698 2718 2717
f 2698 2699 2719 2718
f 2699 2700 2720 2719
f 2700 2701 2721 2720
f 2701 2702 2722 2721
f 2702 2703 2723 2722
f 2703 2704 2724 2723
f 2704 2705 2725 2724
f 2705 2706 2726 2725
f 2706 2707 2727 2726
f 2707 2708 2728 2727
f 2708 2709 2729 2728
f 2709 2710 2730 2729
f 2710 2711 2731 2730
f 2711 2712 2732 2731
f 2712 2713 2733 2732
f 2713 2714 2734 2733
f 2714 2715 2735 2734
f 2715 2716 2736 2735
f 2716 2697 2717 2736
f 2716 2715 2714 2713 2712 2711 2710 2709 2708 2707 2706 2705 2704 2703 2702 2701 2700 2699 2698 2697
f 2717 2718 2719 2720 2721 2722 2723 2724 2725 2726 2727 2728 2729 2730 2731 2732 2733 2734 2735 2736
f 2741 2743 2739 2737
f 2738 2740 2744 2742
f 2737 2738 2742 2741
f 2743 2744 2740 2739
f 2739 2740 2738 2737
f 2741 2742 2744 2743
f 2749 2751 2747 2745
f 2746 2748 2752 2750
f 2745 2746 2750 2749
f 2751 2752 2748 2747
f 2747 2748 2746 2745
f 2749 2750 2752 2751
f 2757 2759 2755 2753
f 2754 2756 2760 2758
f 2753 2754 2758 2757
f 2759 2760 2756 2755
f 2755 2756 2754 2753
f 2757 2758 2760 2759
f 2761 2762 2770 2769
f 2762 2763 2771 2770
f 2763 2764 2772 2771
f 2764 2765 2773 2772
f 2765 2766 2774 2773
f 2766 2767 2775 2774
f 2767 2768 2776 2775
f 2768 2761 2769 2776
f 2768 2767 2766 2765 2764 2763 2762 2761
f 2769 2770 2771 2772 2773 2774 2775 2776
f 2777 2778 2786 2785
f 2778 2779 2787 2786
f 2779 2780 2788 2787
f 2780 2781 2789 2788
f 2781 2782 2790 2789
f 2782 2783 2791 2790
f 2783 2784 2792 2791
f 2784 2777 2785 2792
f 2784 2783 2782 2781 2780 2779 2778 2777
f 2785 2786 2787 2788 2789 2790 2791 2792
f 2793 2794 2802 2801
f 2794 2795 2803 2802
f 2795 2796 2804 2803
f 2796 2797 2805 2804
f 2797 2798 2806 2805
f 2798 2799 2807 2806
f 2799 2800 2808 2807
f 2800 2793 2801 2808
f 2800 2799 2798 2797 2796 2795 2794 2793
f 2801 2802 2803 2804 2805 2806 2807 2808
f 2813 2815 2811 2809
f 2810 2812 2816 2814
f 2809 2810 2814 2813
f 2815 2816 2812 2811
f 2811 2812 2810 2809
f 2813 2814 2816 2815
f 2821 2823 2819 2817
f 2818 2820 2824 2822
f 2817 2818 2822 2821
f 2823 2824 2820 2819
f 2819 2820 2818 2817
f 2821 2822 2824 2823
f 2829 2831 2827 2825
f 2826 2828 2832 2830
f 2825 2826 2830 2829
f 2831 2832 2828 2827
f 2827 2828 2826 2825
f 2829 2830 2832 2831
f 2837 2839 2835 2833
f 2834 2836 2840 2838
f 2833 2834 2838 2837
f 2839 2840 2836 2835
f 2835 2836 2834 2833
f 2837 2838 2840 2839
o LARGE_Hazard
usemtl Hazard
v 1.7300 2.4500 -22.2000
v 1.7500 2.4500 -22.2000
v 1.7300 2.4500 -23.8000
v 1.7500 2.4500 -23.8000
v 1.7300 2.6000 -22.2000
v 1.7500 2.6000 -22.2000
v 1.7300 2.6000 -23.8000
v 1.7500 2.6000 -23.8000
v 1.7300 0.0000 -22.2000
v 1.7500 0.0000 -22.2000
v 1.7300 0.0000 -23.8000
v 1.7500 0.0000 -23.8000
v 1.7300 0.1500 -22.2000
v 1.7500 0.1500 -22.2000
v 1.7300 0.1500 -23.8000
v 1.7500 0.1500 -23.8000
v 1.9500 2.4500 -22.2000
v 1.9700 2.4500 -22.2000
v 1.9500 2.4500 -23.8000
v 1.9700 2.4500 -23.8000
v 1.9500 2.6000 -22.2000
v 1.9700 2.6000 -22.2000
v 1.9500 2.6000 -23.8000
v 1.9700 2.6000 -23.8000
v 1.9500 0.0000 -22.2000
v 1.9700 0.0000 -22.2000
v 1.9500 0.0000 -23.8000
v 1.9700 0.0000 -23.8000
v 1.9500 0.1500 -22.2000
v 1.9700 0.1500 -22.2000
v 1.9500 0.1500 -23.8000
v 1.9700 0.1500 -23.8000
v -7.5500 2.2500 -24.8800
v -5.9500 2.2500 -24.8800
v -7.5500 2.2500 -24.9000
v -5.9500 2.2500 -24.9000
v -7.5500 2.4000 -24.8800
v -5.9500 2.4000 -24.8800
v -7.5500 2.4000 -24.9000
v -5.9500 2.4000 -24.9000
v -7.5500 0.0000 -24.8800
v -5.9500 0.0000 -24.8800
v -7.5500 0.0000 -24.9000
v -5.9500 0.0000 -24.9000
v -7.5500 0.1500 -24.8800
v -5.9500 0.1500 -24.8800
v -7.5500 0.1500 -24.9000
v -5.9500 0.1500 -24.9000
v -7.5500 2.2500 -25.1000
v -5.9500 2.2500 -25.1000
v -7.5500 2.2500 -25.1200
v -5.9500 2.2500 -25.1200
v -7.5500 2.4000 -25.1000
v -5.9500 2.4000 -25.1000
v -7.5500 2.4000 -25.1200
v -5.9500 2.4000 -25.1200
v -7.5500 0.0000 -25.1000
v -5.9500 0.0000 -25.1000
v -7.5500 0.0000 -25.1200
v -5.9500 0.0000 -25.1200
v -7.5500 0.1500 -25.1000
v -5.9500 0.1500 -25.1000
v -7.5500 0.1500 -25.1200
v -5.9500 0.1500 -25.1200
v 5.9500 2.2500 -24.8800
v 7.5500 2.2500 -24.8800
v 5.9500 2.2500 -24.9000
v 7.5500 2.2500 -24.9000
v 5.9500 2.4000 -24.8800
v 7.5500 2.4000 -24.8800
v 5.9500 2.4000 -24.9000
v 7.5500 2.4000 -24.9000
v 5.9500 0.0000 -24.8800
v 7.5500 0.0000 -24.8800
v 5.9500 0.0000 -24.9000
v 7.5500 0.0000 -24.9000
v 5.9500 0.1500 -24.8800
v 7.5500 0.1500 -24.8800
v 5.9500 0.1500 -24.9000
v 7.5500 0.1500 -24.9000
v 5.9500 2.2500 -25.1000
v 7.5500 2.2500 -25.1000
v 5.9500 2.2500 -25.1200
v 7.5500 2.2500 -25.1200
v 5.9500 2.4000 -25.1000
v 7.5500 2.4000 -25.1000
v 5.9500 2.4000 -25.1200
v 7.5500 2.4000 -25.1200
v 5.9500 0.0000 -25.1000
v 7.5500 0.0000 -25.1000
v 5.9500 0.0000 -25.1200
v 7.5500 0.0000 -25.1200
v 5.9500 0.1500 -25.1000
v 7.5500 0.1500 -25.1000
v 5.9500 0.1500 -25.1200
v 7.5500 0.1500 -25.1200
v 1.7300 2.4500 -39.2000
v 1.7500 2.4500 -39.2000
v 1.7300 2.4500 -40.8000
v 1.7500 2.4500 -40.8000
v 1.7300 2.6000 -39.2000
v 1.7500 2.6000 -39.2000
v 1.7300 2.6000 -40.8000
v 1.7500 2.6000 -40.8000
v 1.7300 0.0000 -39.2000
v 1.7500 0.0000 -39.2000
v 1.7300 0.0000 -40.8000
v 1.7500 0.0000 -40.8000
v 1.7300 0.1500 -39.2000
v 1.7500 0.1500 -39.2000
v 1.7300 0.1500 -40.8000
v 1.7500 0.1500 -40.8000
v 1.9500 2.4500 -39.2000
v 1.9700 2.4500 -39.2000
v 1.9500 2.4500 -40.8000
v 1.9700 2.4500 -40.8000
v 1.9500 2.6000 -39.2000
v 1.9700 2.6000 -39.2000
v 1.9500 2.6000 -40.8000
v 1.9700 2.6000 -40.8000
v 1.9500 0.0000 -39.2000
v 1.9700 0.0000 -39.2000
v 1.9500 0.0000 -40.8000
v 1.9700 0.0000 -40.8000
v 1.9500 0.1500 -39.2000
v 1.9700 0.1500 -39.2000
v 1.9500 0.1500 -40.8000
v 1.9700 0.1500 -40.8000
v -1.9700 2.4500 -52.2000
v -1.9500 2.4500 -52.2000
v -1.9700 2.4500 -53.8000
v -1.9500 2.4500 -53.8000
v -1.9700 2.6000 -52.2000
v -1.9500 2.6000 -52.2000
v -1.9700 2.6000 -53.8000
v -1.9500 2.6000 -53.8000
v -1.9700 0.0000 -52.2000
v -1.9500 0.0000 -52.2000
v -1.9700 0.0000 -53.8000
v -1.9500 0.0000 -53.8000
v -1.9700 0.1500 -52.2000
v -1.9500 0.1500 -52.2000
v -1.9700 0.1500 -53.8000
v -1.9500 0.1500 -53.8000
v -1.7500 2.4500 -52.2000
v -1.7300 2.4500 -52.2000
v -1.7500 2.4500 -53.8000
v -1.7300 2.4500 -53.8000
v -1.7500 2.6000 -52.2000
v -1.7300 2.6000 -52.2000
v -1.7500 2.6000 -53.8000
v -1.7300 2.6000 -53.8000
v -1.7500 0.0000 -52.2000
v -1.7300 0.0000 -52.2000
v -1.7500 0.0000 -53.8000
v -1.7300 0.0000 -53.8000
v -1.7500 0.1500 -52.2000
v -1.7300 0.1500 -52.2000
v -1.7500 0.1500 -53.8000
v -1.7300 0.1500 -53.8000
v -7.5500 2.2500 -44.8800
v -5.9500 2.2500 -44.8800
v -7.5500 2.2500 -44.9000
v -5.9500 2.2500 -44.9000
v -7.5500 2.4000 -44.8800
v -5.9500 2.4000 -44.8800
v -7.5500 2.4000 -44.9000
v -5.9500 2.4000 -44.9000
v -7.5500 0.0000 -44.8800
v -5.9500 0.0000 -44.8800
v -7.5500 0.0000 -44.9000
v -5.9500 0.0000 -44.9000
v -7.5500 0.1500 -44.8800
v -5.9500 0.1500 -44.8800
v -7.5500 0.1500 -44.9000
v -5.9500 0.1500 -44.9000
v -7.5500 2.2500 -45.1000
v -5.9500 2.2500 -45.1000
v -7.5500 2.2500 -45.1200
v -5.9500 2.2500 -45.1200
v -7.5500 2.4000 -45.1000
v -5.9500 2.4000 -45.1000
v -7.5500 2.4000 -45.1200
v -5.9500 2.4000 -45.1200
v -7.5500 0.0000 -45.1000
v -5.9500 0.0000 -45.1000
v -7.5500 0.0000 -45.1200
v -5.9500 0.0000 -45.1200
v -7.5500 0.1500 -45.1000
v -5.9500 0.1500 -45.1000
v -7.5500 0.1500 -45.1200
v -5.9500 0.1500 -45.1200
v 5.9500 2.2500 -44.8800
v 7.5500 2.2500 -44.8800
v 5.9500 2.2500 -44.9000
v 7.5500 2.2500 -44.9000
v 5.9500 2.4000 -44.8800
v 7.5500 2.4000 -44.8800
v 5.9500 2.4000 -44.9000
v 7.5500 2.4000 -44.9000
v 5.9500 0.0000 -44.8800
v 7.5500 0.0000 -44.8800
v 5.9500 0.0000 -44.9000
v 7.5500 0.0000 -44.9000
v 5.9500 0.1500 -44.8800
v 7.5500 0.1500 -44.8800
v 5.9500 0.1500 -44.9000
v 7.5500 0.1500 -44.9000
v 5.9500 2.2500 -45.1000
v 7.5500 2.2500 -45.1000
v 5.9500 2.2500 -45.1200
v 7.5500 2.2500 -45.1200
v 5.9500 2.4000 -45.1000
v 7.5500 2.4000 -45.1000
v 5.9500 2.4000 -45.1200
v 7.5500 2.4000 -45.1200
v 5.9500 0.0000 -45.1000
v 7.5500 0.0000 -45.1000
v 5.9500 0.0000 -45.1200
v 7.5500 0.0000 -45.1200
v 5.9500 0.1500 -45.1000
v 7.5500 0.1500 -45.1000
v 5.9500 0.1500 -45.1200
v 7.5500 0.1500 -45.1200
v -1.9700 6.4500 -9.2000
v -1.9500 6.4500 -9.2000
v -1.9700 6.4500 -10.8000
v -1.9500 6.4500 -10.8000
v -1.9700 6.6000 -9.2000
v -1.9500 6.6000 -9.2000
v -1.9700 6.6000 -10.8000
v -1.9500 6.6000 -10.8000
v -1.9700 4.0000 -9.2000
v -1.9500 4.0000 -9.2000
v -1.9700 4.0000 -10.8000
v -1.9500 4.0000 -10.8000
v -1.9700 4.1500 -9.2000
v -1.9500 4.1500 -9.2000
v -1.9700 4.1500 -10.8000
v -1.9500 4.1500 -10.8000
v -1.7500 6.4500 -9.2000
v -1.7300 6.4500 -9.2000
v -1.7500 6.4500 -10.8000
v -1.7300 6.4500 -10.8000
v -1.7500 6.6000 -9.2000
v -1.7300 6.6000 -9.2000
v -1.7500 6.6000 -10.8000
v -1.7300 6.6000 -10.8000
v -1.7500 4.0000 -9.2000
v -1.7300 4.0000 -9.2000
v -1.7500 4.0000 -10.8000
v -1.7300 4.0000 -10.8000
v -1.7500 4.1500 -9.2000
v -1.7300 4.1500 -9.2000
v -1.7500 4.1500 -10.8000
v -1.7300 4.1500 -10.8000
v -7.5500 6.2500 -24.8800
v -5.9500 6.2500 -24.8800
v -7.5500 6.2500 -24.9000
v -5.9500 6.2500 -24.9000
v -7.5500 6.4000 -24.8800
v -5.9500 6.4000 -24.8800
v -7.5500 6.4000 -24.9000
v -5.9500 6.4000 -24.9000
v -7.5500 4.0000 -24.8800
v -5.9500 4.0000 -24.8800
v -7.5500 4.0000 -24.9000
v -5.9500 4.0000 -24.9000
v -7.5500 4.1500 -24.8800
v -5.9500 4.1500 -24.8800
v -7.5500 4.1500 -24.9000
v -5.9500 4.1500 -24.9000
v -7.5500 6.2500 -25.1000
v -5.9500 6.2500 -25.1000
v -7.5500 6.2500 -25.1200
v -5.9500 6.2500 -25.1200
v -7.5500 6.4000 -25.1000
v -5.9500 6.4000 -25.1000
v -7.5500 6.4000 -25.1200
v -5.9500 6.4000 -25.1200
v -7.5500 4.0000 -25.1000
v -5.9500 4.0000 -25.1000
v -7.5500 4.0000 -25.1200
v -5.9500 4.0000 -25.1200
v -7.5500 4.1500 -25.1000
v -5.9500 4.1500 -25.1000
v -7.5500 4.1500 -25.1200
v -5.9500 4.1500 -25.1200
v 5.9500 6.2500 -24.8800
v 7.5500 6.2500 -24.8800
v 5.9500 6.2500 -24.9000
v 7.5500 6.2500 -24.9000
v 5.9500 6.4000 -24.8800
v 7.5500 6.4000 -24.8800
v 5.9500 6.4000 -24.9000
v 7.5500 6.4000 -24.9000
v 5.9500 4.0000 -24.8800
v 7.5500 4.0000 -24.8800
v 5.9500 4.0000 -24.9000
v 7.5500 4.0000 -24.9000
v 5.9500 4.1500 -24.8800
v 7.5500 4.1500 -24.8800
v 5.9500 4.1500 -24.9000
v 7.5500 4.1500 -24.9000
v 5.9500 6.2500 -25.1000
v 7.5500 6.2500 -25.1000
v 5.9500 6.2500 -25.1200
v 7.5500 6.2500 -25.1200
v 5.9500 6.4000 -25.1000
v 7.5500 6.4000 -25.1000
v 5.9500 6.4000 -25.1200
v 7.5500 6.4000 -25.1200
v 5.9500 4.0000 -25.1000
v 7.5500 4.0000 -25.1000
v 5.9500 4.0000 -25.1200
v 7.5500 4.0000 -25.1200
v 5.9500 4.1500 -25.1000
v 7.5500 4.1500 -25.1000
v 5.9500 4.1500 -25.1200
v 7.5500 4.1500 -25.1200
v 1.7300 6.4500 -39.2000
v 1.7500 6.4500 -39.2000
v 1.7300 6.4500 -40.8000
v 1.7500 6.4500 -40.8000
v 1.7300 6.6000 -39.2000
v 1.7500 6.6000 -39.2000
v 1.7300 6.6000 -40.8000
v 1.7500 6.6000 -40.8000
v 1.7300 4.0000 -39.2000
v 1.7500 4.0000 -39.2000
v 1.7300 4.0000 -40.8000
v 1.7500 4.0000 -40.8000
v 1.7300 4.1500 -39.2000
v 1.7500 4.1500 -39.2000
v 1.7300 4.1500 -40.8000
v 1.7500 4.1500 -40.8000
v 1.9500 6.4500 -39.2000
v 1.9700 6.4500 -39.2000
v 1.9500 6.4500 -40.8000
v 1.9700 6.4500 -40.8000
v 1.9500 6.6000 -39.2000
v 1.9700 6.6000 -39.2000
v 1.9500 6.6000 -40.8000
v 1.9700 6.6000 -40.8000
v 1.9500 4.0000 -39.2000
v 1.9700 4.0000 -39.2000
v 1.9500 4.0000 -40.8000
v 1.9700 4.0000 -40.8000
v 1.9500 4.1500 -39.2000
v 1.9700 4.1500 -39.2000
v 1.9500 4.1500 -40.8000
v 1.9700 4.1500 -40.8000
v 1.7300 6.4500 -49.2000
v 1.7500 6.4500 -49.2000
v 1.7300 6.4500 -50.8000
v 1.7500 6.4500 -50.8000
v 1.7300 6.6000 -49.2000
v 1.7500 6.6000 -49.2000
v 1.7300 6.6000 -50.8000
v 1.7500 6.6000 -50.8000
v 1.7300 4.0000 -49.2000
v 1.7500 4.0000 -49.2000
v 1.7300 4.0000 -50.8000
v 1.7500 4.0000 -50.8000
v 1.7300 4.1500 -49.2000
v 1.7500 4.1500 -49.2000
v 1.7300 4.1500 -50.8000
v 1.7500 4.1500 -50.8000
v 1.9500 6.4500 -49.2000
v 1.9700 6.4500 -49.2000
v 1.9500 6.4500 -50.8000
v 1.9700 6.4500 -50.8000
v 1.9500 6.6000 -49.2000
v 1.9700 6.6000 -49.2000
v 1.9500 6.6000 -50.8000
v 1.9700 6.6000 -50.8000
v 1.9500 4.0000 -49.2000
v 1.9700 4.0000 -49.2000
v 1.9500 4.0000 -50.8000
v 1.9700 4.0000 -50.8000
v 1.9500 4.1500 -49.2000
v 1.9700 4.1500 -49.2000
v 1.9500 4.1500 -50.8000
v 1.9700 4.1500 -50.8000
v -7.5500 6.2500 -44.8800
v -5.9500 6.2500 -44.8800
v -7.5500 6.2500 -44.9000
v -5.9500 6.2500 -44.9000
v -7.5500 6.4000 -44.8800
v -5.9500 6.4000 -44.8800
v -7.5500 6.4000 -44.9000
v -5.9500 6.4000 -44.9000
v -7.5500 4.0000 -44.8800
v -5.9500 4.0000 -44.8800
v -7.5500 4.0000 -44.9000
v -5.9500 4.0000 -44.9000
v -7.5500 4.1500 -44.8800
v -5.9500 4.1500 -44.8800
v -7.5500 4.1500 -44.9000
v -5.9500 4.1500 -44.9000
v -7.5500 6.2500 -45.1000
v -5.9500 6.2500 -45.1000
v -7.5500 6.2500 -45.1200
v -5.9500 6.2500 -45.1200
v -7.5500 6.4000 -45.1000
v -5.9500 6.4000 -45.1000
v -7.5500 6.4000 -45.1200
v -5.9500 6.4000 -45.1200
v -7.5500 4.0000 -45.1000
v -5.9500 4.0000 -45.1000
v -7.5500 4.0000 -45.1200
v -5.9500 4.0000 -45.1200
v -7.5500 4.1500 -45.1000
v -5.9500 4.1500 -45.1000
v -7.5500 4.1500 -45.1200
v -5.9500 4.1500 -45.1200
v 5.9500 6.2500 -44.8800
v 7.5500 6.2500 -44.8800
v 5.9500 6.2500 -44.9000
v 7.5500 6.2500 -44.9000
v 5.9500 6.4000 -44.8800
v 7.5500 6.4000 -44.8800
v 5.9500 6.4000 -44.9000
v 7.5500 6.4000 -44.9000
v 5.9500 4.0000 -44.8800
v 7.5500 4.0000 -44.8800
v 5.9500 4.0000 -44.9000
v 7.5500 4.0000 -44.9000
v 5.9500 4.1500 -44.8800
v 7.5500 4.1500 -44.8800
v 5.9500 4.1500 -44.9000
v 7.5500 4.1500 -44.9000
v 5.9500 6.2500 -45.1000
v 7.5500 6.2500 -45.1000
v 5.9500 6.2500 -45.1200
v 7.5500 6.2500 -45.1200
v 5.9500 6.4000 -45.1000
v 7.5500 6.4000 -45.1000
v 5.9500 6.4000 -45.1200
v 7.5500 6.4000 -45.1200
v 5.9500 4.0000 -45.1000
v 7.5500 4.0000 -45.1000
v 5.9500 4.0000 -45.1200
v 7.5500 4.0000 -45.1200
v 5.9500 4.1500 -45.1000
v 7.5500 4.1500 -45.1000
v 5.9500 4.1500 -45.1200
v 7.5500 4.1500 -45.1200
v -1.7500 0.0000 -26.4500
v -1.6300 0.0000 -26.4500
v -1.7500 0.0000 -26.6000
v -1.6300 0.0000 -26.6000
v -1.7500 2.7000 -26.4500
v -1.6300 2.7000 -26.4500
v -1.7500 2.7000 -26.6000
v -1.6300 2.7000 -26.6000
v -1.7500 0.0000 -28.4000
v -1.6300 0.0000 -28.4000
v -1.7500 0.0000 -28.5500
v -1.6300 0.0000 -28.5500
v -1.7500 2.7000 -28.4000
v -1.6300 2.7000 -28.4000
v -1.7500 2.7000 -28.5500
v -1.6300 2.7000 -28.5500
v -1.7500 4.0000 -26.4500
v -1.6300 4.0000 -26.4500
v -1.7500 4.0000 -26.6000
v -1.6300 4.0000 -26.6000
v -1.7500 6.7000 -26.4500
v -1.6300 6.7000 -26.4500
v -1.7500 6.7000 -26.6000
v -1.6300 6.7000 -26.6000
v -1.7500 4.0000 -28.4000
v -1.6300 4.0000 -28.4000
v -1.7500 4.0000 -28.5500
v -1.6300 4.0000 -28.5500
v -1.7500 6.7000 -28.4000
v -1.6300 6.7000 -28.4000
v -1.7500 6.7000 -28.5500
v -1.6300 6.7000 -28.5500
v -9.9000 -0.0500 -38.0500
v -9.4500 -0.0500 -38.0500
v -9.9000 -0.0500 -38.4000
v -9.4500 -0.0500 -38.4000
v -9.9000 3.6500 -38.0500
v -9.4500 3.6500 -38.0500
v -9.9000 3.6500 -38.4000
v -9.4500 3.6500 -38.4000
v -9.9000 -0.0500 -41.6000
v -9.4500 -0.0500 -41.6000
v -9.9000 -0.0500 -41.9500
v -9.4500 -0.0500 -41.9500
v -9.9000 3.6500 -41.6000
v -9.4500 3.6500 -41.6000
v -9.9000 3.6500 -41.9500
v -9.4500 3.6500 -41.9500
v -9.9000 3.3000 -38.4000
v -9.4500 3.3000 -38.4000
v -9.9000 3.3000 -41.6000
v -9.4500 3.3000 -41.6000
v -9.9000 3.6500 -38.4000
v -9.4500 3.6500 -38.4000
v -9.9000 3.6500 -41.6000
v -9.4500 3.6500 -41.6000
v -9.9000 -0.0500 -38.4000
v -9.4500 -0.0500 -38.4000
v -9.9000 -0.0500 -41.6000
v -9.4500 -0.0500 -41.6000
v -9.9000 0.3000 -38.4000
v -9.4500 0.3000 -38.4000
v -9.9000 0.3000 -41.6000
v -9.4500 0.3000 -41.6000
v -9.9000 -0.0500 -58.0500
v -9.4500 -0.0500 -58.0500
v -9.9000 -0.0500 -58.4000
v -9.4500 -0.0500 -58.4000
v -9.9000 3.6500 -58.0500
v -9.4500 3.6500 -58.0500
v -9.9000 3.6500 -58.4000
v -9.4500 3.6500 -58.4000
v -9.9000 -0.0500 -61.6000
v -9.4500 -0.0500 -61.6000
v -9.9000 -0.0500 -61.9500
v -9.4500 -0.0500 -61.9500
v -9.9000 3.6500 -61.6000
v -9.4500 3.6500 -61.6000
v -9.9000 3.6500 -61.9500
v -9.4500 3.6500 -61.9500
v -9.9000 3.3000 -58.4000
v -9.4500 3.3000 -58.4000
v -9.9000 3.3000 -61.6000
v -9.4500 3.3000 -61.6000
v -9.9000 3.6500 -58.4000
v -9.4500 3.6500 -58.4000
v -9.9000 3.6500 -61.6000
v -9.4500 3.6500 -61.6000
v -9.9000 -0.0500 -58.4000
v -9.4500 -0.0500 -58.4000
v -9.9000 -0.0500 -61.6000
v -9.4500 -0.0500 -61.6000
v -9.9000 0.3000 -58.4000
v -9.4500 0.3000 -58.4000
v -9.9000 0.3000 -61.6000
v -9.4500 0.3000 -61.6000
v 9.4500 3.9500 -8.0500
v 9.9000 3.9500 -8.0500
v 9.4500 3.9500 -8.4000
v 9.9000 3.9500 -8.4000
v 9.4500 7.6500 -8.0500
v 9.9000 7.6500 -8.0500
v 9.4500 7.6500 -8.4000
v 9.9000 7.6500 -8.4000
v 9.4500 3.9500 -11.6000
v 9.9000 3.9500 -11.6000
v 9.4500 3.9500 -11.9500
v 9.9000 3.9500 -11.9500
v 9.4500 7.6500 -11.6000
v 9.9000 7.6500 -11.6000
v 9.4500 7.6500 -11.9500
v 9.9000 7.6500 -11.9500
v 9.4500 7.3000 -8.4000
v 9.9000 7.3000 -8.4000
v 9.4500 7.3000 -11.6000
v 9.9000 7.3000 -11.6000
v 9.4500 7.6500 -8.4000
v 9.9000 7.6500 -8.4000
v 9.4500 7.6500 -11.6000
v 9.9000 7.6500 -11.6000
v 9.4500 3.9500 -8.4000
v 9.9000 3.9500 -8.4000
v 9.4500 3.9500 -11.6000
v 9.9000 3.9500 -11.6000
v 9.4500 4.3000 -8.4000
v 9.9000 4.3000 -8.4000
v 9.4500 4.3000 -11.6000
v 9.9000 4.3000 -11.6000
v -9.9000 3.9500 -38.0500
v -9.4500 3.9500 -38.0500
v -9.9000 3.9500 -38.4000
v -9.4500 3.9500 -38.4000
v -9.9000 7.6500 -38.0500
v -9.4500 7.6500 -38.0500
v -9.9000 7.6500 -38.4000
v -9.4500 7.6500 -38.4000
v -9.9000 3.9500 -41.6000
v -9.4500 3.9500 -41.6000
v -9.9000 3.9500 -41.9500
v -9.4500 3.9500 -41.9500
v -9.9000 7.6500 -41.6000
v -9.4500 7.6500 -41.6000
v -9.9000 7.6500 -41.9500
v -9.4500 7.6500 -41.9500
v -9.9000 7.3000 -38.4000
v -9.4500 7.3000 -38.4000
v -9.9000 7.3000 -41.6000
v -9.4500 7.3000 -41.6000
v -9.9000 7.6500 -38.4000
v -9.4500 7.6500 -38.4000
v -9.9000 7.6500 -41.6000
v -9.4500 7.6500 -41.6000
v -9.9000 3.9500 -38.4000
v -9.4500 3.9500 -38.4000
v -9.9000 3.9500 -41.6000
v -9.4500 3.9500 -41.6000
v -9.9000 4.3000 -38.4000
v -9.4500 4.3000 -38.4000
v -9.9000 4.3000 -41.6000
v -9.4500 4.3000 -41.6000
v -3.0000 0.0000 53.0000
v 3.0000 0.0000 53.0000
v -3.0000 0.0000 52.8000
v 3.0000 0.0000 52.8000
v -3.0000 0.0200 53.0000
v 3.0000 0.0200 53.0000
v -3.0000 0.0200 52.8000
v 3.0000 0.0200 52.8000
v -3.0000 0.0000 47.2000
v 3.0000 0.0000 47.2000
v -3.0000 0.0000 47.0000
v 3.0000 0.0000 47.0000
v -3.0000 0.0200 47.2000
v 3.0000 0.0200 47.2000
v -3.0000 0.0200 47.0000
v 3.0000 0.0200 47.0000
v -3.0000 0.0000 52.8000
v -2.8000 0.0000 52.8000
v -3.0000 0.0000 47.2000
v -2.8000 0.0000 47.2000
v -3.0000 0.0200 52.8000
v -2.8000 0.0200 52.8000
v -3.0000 0.0200 47.2000
v -2.8000 0.0200 47.2000
v 2.8000 0.0000 52.8000
v 3.0000 0.0000 52.8000
v 2.8000 0.0000 47.2000
v 3.0000 0.0000 47.2000
v 2.8000 0.0200 52.8000
v 3.0000 0.0200 52.8000
v 2.8000 0.0200 47.2000
v 3.0000 0.0200 47.2000
v -3.0000 0.0000 43.0000
v 3.0000 0.0000 43.0000
v -3.0000 0.0000 42.8000
v 3.0000 0.0000 42.8000
v -3.0000 0.0200 43.0000
v 3.0000 0.0200 43.0000
v -3.0000 0.0200 42.8000
v 3.0000 0.0200 42.8000
v -3.0000 0.0000 37.2000
v 3.0000 0.0000 37.2000
v -3.0000 0.0000 37.0000
v 3.0000 0.0000 37.0000
v -3.0000 0.0200 37.2000
v 3.0000 0.0200 37.2000
v -3.0000 0.0200 37.0000
v 3.0000 0.0200 37.0000
v -3.0000 0.0000 42.8000
v -2.8000 0.0000 42.8000
v -3.0000 0.0000 37.2000
v -2.8000 0.0000 37.2000
v -3.0000 0.0200 42.8000
v -2.8000 0.0200 42.8000
v -3.0000 0.0200 37.2000
v -2.8000 0.0200 37.2000
v 2.8000 0.0000 42.8000
v 3.0000 0.0000 42.8000
v 2.8000 0.0000 37.2000
v 3.0000 0.0000 37.2000
v 2.8000 0.0200 42.8000
v 3.0000 0.0200 42.8000
v 2.8000 0.0200 37.2000
v 3.0000 0.0200 37.2000
v -3.0000 0.0000 33.0000
v 3.0000 0.0000 33.0000
v -3.0000 0.0000 32.8000
v 3.0000 0.0000 32.8000
v -3.0000 0.0200 33.0000
v 3.0000 0.0200 33.0000
v -3.0000 0.0200 32.8000
v 3.0000 0.0200 32.8000
v -3.0000 0.0000 27.2000
v 3.0000 0.0000 27.2000
v -3.0000 0.0000 27.0000
v 3.0000 0.0000 27.0000
v -3.0000 0.0200 27.2000
v 3.0000 0.0200 27.2000
v -3.0000 0.0200 27.0000
v 3.0000 0.0200 27.0000
v -3.0000 0.0000 32.8000
v -2.8000 0.0000 32.8000
v -3.0000 0.0000 27.2000
v -2.8000 0.0000 27.2000
v -3.0000 0.0200 32.8000
v -2.8000 0.0200 32.8000
v -3.0000 0.0200 27.2000
v -2.8000 0.0200 27.2000
v 2.8000 0.0000 32.8000
v 3.0000 0.0000 32.8000
v 2.8000 0.0000 27.2000
v 3.0000 0.0000 27.2000
v 2.8000 0.0200 32.8000
v 3.0000 0.0200 32.8000
v 2.8000 0.0200 27.2000
v 3.0000 0.0200 27.2000
v 9.4500 -0.3000 24.2000
v 10.0000 -0.3000 24.2000
v 9.4500 -0.3000 -4.2000
v 10.0000 -0.3000 -4.2000
v 9.4500 0.2000 24.2000
v 10.0000 0.2000 24.2000
v 9.4500 0.2000 -4.2000
v 10.0000 0.2000 -4.2000
v -5.2000 0.0000 23.2000
v 5.2000 0.0000 23.2000
v -5.2000 0.0000 23.0000
v 5.2000 0.0000 23.0000
v -5.2000 0.0200 23.2000
v 5.2000 0.0200 23.2000
v -5.2000 0.0200 23.0000
v 5.2000 0.0200 23.0000
v -5.2000 0.0000 17.0000
v 5.2000 0.0000 17.0000
v -5.2000 0.0000 16.8000
v 5.2000 0.0000 16.8000
v -5.2000 0.0200 17.0000
v 5.2000 0.0200 17.0000
v -5.2000 0.0200 16.8000
v 5.2000 0.0200 16.8000
v -5.2000 0.0000 23.2000
v -5.0000 0.0000 23.2000
v -5.2000 0.0000 16.8000
v -5.0000 0.0000 16.8000
v -5.2000 0.0200 23.2000
v -5.0000 0.0200 23.2000
v -5.2000 0.0200 16.8000
v -5.0000 0.0200 16.8000
v 5.0000 0.0000 23.2000
v 5.2000 0.0000 23.2000
v 5.0000 0.0000 16.8000
v 5.2000 0.0000 16.8000
v 5.0000 0.0200 23.2000
v 5.2000 0.0200 23.2000
v 5.0000 0.0200 16.8000
v 5.2000 0.0200 16.8000
v -5.2000 0.0000 13.2000
v 5.2000 0.0000 13.2000
v -5.2000 0.0000 13.0000
v 5.2000 0.0000 13.0000
v -5.2000 0.0200 13.2000
v 5.2000 0.0200 13.2000
v -5.2000 0.0200 13.0000
v 5.2000 0.0200 13.0000
v -5.2000 0.0000 7.0000
v 5.2000 0.0000 7.0000
v -5.2000 0.0000 6.8000
v 5.2000 0.0000 6.8000
v -5.2000 0.0200 7.0000
v 5.2000 0.0200 7.0000
v -5.2000 0.0200 6.8000
v 5.2000 0.0200 6.8000
v -5.2000 0.0000 13.2000
v -5.0000 0.0000 13.2000
v -5.2000 0.0000 6.8000
v -5.0000 0.0000 6.8000
v -5.2000 0.0200 13.2000
v -5.0000 0.0200 13.2000
v -5.2000 0.0200 6.8000
v -5.0000 0.0200 6.8000
v 5.0000 0.0000 13.2000
v 5.2000 0.0000 13.2000
v 5.0000 0.0000 6.8000
v 5.2000 0.0000 6.8000
v 5.0000 0.0200 13.2000
v 5.2000 0.0200 13.2000
v 5.0000 0.0200 6.8000
v 5.2000 0.0200 6.8000
v -5.2000 0.0000 3.2000
v 5.2000 0.0000 3.2000
v -5.2000 0.0000 3.0000
v 5.2000 0.0000 3.0000
v -5.2000 0.0200 3.2000
v 5.2000 0.0200 3.2000
v -5.2000 0.0200 3.0000
v 5.2000 0.0200 3.0000
v -5.2000 0.0000 -3.0000
v 5.2000 0.0000 -3.0000
v -5.2000 0.0000 -3.2000
v 5.2000 0.0000 -3.2000
v -5.2000 0.0200 -3.0000
v 5.2000 0.0200 -3.0000
v -5.2000 0.0200 -3.2000
v 5.2000 0.0200 -3.2000
v -5.2000 0.0000 3.2000
v -5.0000 0.0000 3.2000
v -5.2000 0.0000 -3.2000
v -5.0000 0.0000 -3.2000
v -5.2000 0.0200 3.2000
v -5.0000 0.0200 3.2000
v -5.2000 0.0200 -3.2000
v -5.0000 0.0200 -3.2000
v 5.0000 0.0000 3.2000
v 5.2000 0.0000 3.2000
v 5.0000 0.0000 -3.2000
v 5.2000 0.0000 -3.2000
v 5.0000 0.0200 3.2000
v 5.2000 0.0200 3.2000
v 5.0000 0.0200 -3.2000
v 5.2000 0.0200 -3.2000
v 8.8000 0.0000 -26.7000
v 8.9500 0.0000 -26.7000
v 8.8000 0.0000 -26.9000
v 8.9500 0.0000 -26.9000
v 8.8000 2.4000 -26.7000
v 8.9500 2.4000 -26.7000
v 8.8000 2.4000 -26.9000
v 8.9500 2.4000 -26.9000
v 8.8000 0.0000 -28.3000
v 8.9500 0.0000 -28.3000
v 8.8000 0.0000 -28.5000
v 8.9500 0.0000 -28.5000
v 8.8000 2.4000 -28.3000
v 8.9500 2.4000 -28.3000
v 8.8000 2.4000 -28.5000
v 8.9500 2.4000 -28.5000
v 8.8000 2.2000 -26.7000
v 8.9500 2.2000 -26.7000
v 8.8000 2.2000 -28.5000
v 8.9500 2.2000 -28.5000
v 8.8000 2.4000 -26.7000
v 8.9500 2.4000 -26.7000
v 8.8000 2.4000 -28.5000
v 8.9500 2.4000 -28.5000
v 8.8000 0.0000 -31.5000
v 8.9500 0.0000 -31.5000
v 8.8000 0.0000 -31.7000
v 8.9500 0.0000 -31.7000
v 8.8000 2.4000 -31.5000
v 8.9500 2.4000 -31.5000
v 8.8000 2.4000 -31.7000
v 8.9500 2.4000 -31.7000
v 8.8000 0.0000 -33.1000
v 8.9500 0.0000 -33.1000
v 8.8000 0.0000 -33.3000
v 8.9500 0.0000 -33.3000
v 8.8000 2.4000 -33.1000
v 8.9500 2.4000 -33.1000
v 8.8000 2.4000 -33.3000
v 8.9500 2.4000 -33.3000
v 8.8000 2.2000 -31.5000
v 8.9500 2.2000 -31.5000
v 8.8000 2.2000 -33.3000
v 8.9500 2.2000 -33.3000
v 8.8000 2.4000 -31.5000
v 8.9500 2.4000 -31.5000
v 8.8000 2.4000 -33.3000
v 8.9500 2.4000 -33.3000
v 8.8000 4.0000 -26.7000
v 8.9500 4.0000 -26.7000
v 8.8000 4.0000 -26.9000
v 8.9500 4.0000 -26.9000
v 8.8000 6.4000 -26.7000
v 8.9500 6.4000 -26.7000
v 8.8000 6.4000 -26.9000
v 8.9500 6.4000 -26.9000
v 8.8000 4.0000 -28.3000
v 8.9500 4.0000 -28.3000
v 8.8000 4.0000 -28.5000
v 8.9500 4.0000 -28.5000
v 8.8000 6.4000 -28.3000
v 8.9500 6.4000 -28.3000
v 8.8000 6.4000 -28.5000
v 8.9500 6.4000 -28.5000
v 8.8000 6.2000 -26.7000
v 8.9500 6.2000 -26.7000
v 8.8000 6.2000 -28.5000
v 8.9500 6.2000 -28.5000
v 8.8000 6.4000 -26.7000
v 8.9500 6.4000 -26.7000
v 8.8000 6.4000 -28.5000
v 8.9500 6.4000 -28.5000
v 8.8000 4.0000 -31.5000
v 8.9500 4.0000 -31.5000
v 8.8000 4.0000 -31.7000
v 8.9500 4.0000 -31.7000
v 8.8000 6.4000 -31.5000
v 8.9500 6.4000 -31.5000
v 8.8000 6.4000 -31.7000
v 8.9500 6.4000 -31.7000
v 8.8000 4.0000 -33.1000
v 8.9500 4.0000 -33.1000
v 8.8000 4.0000 -33.3000
v 8.9500 4.0000 -33.3000
v 8.8000 6.4000 -33.1000
v 8.9500 6.4000 -33.1000
v 8.8000 6.4000 -33.3000
v 8.9500 6.4000 -33.3000
v 8.8000 6.2000 -31.5000
v 8.9500 6.2000 -31.5000
v 8.8000 6.2000 -33.3000
v 8.9500 6.2000 -33.3000
v 8.8000 6.4000 -31.5000
v 8.9500 6.4000 -31.5000
v 8.8000 6.4000 -33.3000
v 8.9500 6.4000 -33.3000
v -9.6000 -4.1500 25.2500
v -9.4500 -4.1500 25.2500
v -9.6000 -4.1500 25.0000
v -9.4500 -4.1500 25.0000
v -9.6000 -0.7000 25.2500
v -9.4500 -0.7000 25.2500
v -9.6000 -0.7000 25.0000
v -9.4500 -0.7000 25.0000
v -9.6000 -4.1500 21.8000
v -9.4500 -4.1500 21.8000
v -9.6000 -4.1500 21.5500
v -9.4500 -4.1500 21.5500
v -9.6000 -0.7000 21.8000
v -9.4500 -0.7000 21.8000
v -9.6000 -0.7000 21.5500
v -9.4500 -0.7000 21.5500
v -9.6000 -4.1500 25.0000
v -9.4500 -4.1500 25.0000
v -9.6000 -4.1500 21.8000
v -9.4500 -4.1500 21.8000
v -9.6000 -3.9000 25.0000
v -9.4500 -3.9000 25.0000
v -9.6000 -3.9000 21.8000
v -9.4500 -3.9000 21.8000
v 9.4500 -4.1500 21.6500
v 9.6000 -4.1500 21.6500
v 9.4500 -4.1500 21.4000
v 9.6000 -4.1500 21.4000
v 9.4500 -0.7000 21.6500
v 9.6000 -0.7000 21.6500
v 9.4500 -0.7000 21.4000
v 9.6000 -0.7000 21.4000
v 9.4500 -4.1500 18.2000
v 9.6000 -4.1500 18.2000
v 9.4500 -4.1500 17.9500
v 9.6000 -4.1500 17.9500
v 9.4500 -0.7000 18.2000
v 9.6000 -0.7000 18.2000
v 9.4500 -0.7000 17.9500
v 9.6000 -0.7000 17.9500
v 9.4500 -4.1500 21.4000
v 9.6000 -4.1500 21.4000
v 9.4500 -4.1500 18.2000
v 9.6000 -4.1500 18.2000
v 9.4500 -3.9000 21.4000
v 9.6000 -3.9000 21.4000
v 9.4500 -3.9000 18.2000
v 9.6000 -3.9000 18.2000
v -9.6000 -4.1500 18.0500
v -9.4500 -4.1500 18.0500
v -9.6000 -4.1500 17.8000
v -9.4500 -4.1500 17.8000
v -9.6000 -0.7000 18.0500
v -9.4500 -0.7000 18.0500
v -9.6000 -0.7000 17.8000
v -9.4500 -0.7000 17.8000
v -9.6000 -4.1500 14.6000
v -9.4500 -4.1500 14.6000
v -9.6000 -4.1500 14.3500
v -9.4500 -4.1500 14.3500
v -9.6000 -0.7000 14.6000
v -9.4500 -0.7000 14.6000
v -9.6000 -0.7000 14.3500
v -9.4500 -0.7000 14.3500
v -9.6000 -4.1500 17.8000
v -9.4500 -4.1500 17.8000
v -9.6000 -4.1500 14.6000
v -9.4500 -4.1500 14.6000
v -9.6000 -3.9000 17.8000
v -9.4500 -3.9000 17.8000
v -9.6000 -3.9000 14.6000
v -9.4500 -3.9000 14.6000
v 9.4500 -4.1500 14.4500
v 9.6000 -4.1500 14.4500
v 9.4500 -4.1500 14.2000
v 9.6000 -4.1500 14.2000
v 9.4500 -0.7000 14.4500
v 9.6000 -0.7000 14.4500
v 9.4500 -0.7000 14.2000
v 9.6000 -0.7000 14.2000
v 9.4500 -4.1500 11.0000
v 9.6000 -4.1500 11.0000
v 9.4500 -4.1500 10.7500
v 9.6000 -4.1500 10.7500
v 9.4500 -0.7000 11.0000
v 9.6000 -0.7000 11.0000
v 9.4500 -0.7000 10.7500
v 9.6000 -0.7000 10.7500
v 9.4500 -4.1500 14.2000
v 9.6000 -4.1500 14.2000
v 9.4500 -4.1500 11.0000
v 9.6000 -4.1500 11.0000
v 9.4500 -3.9000 14.2000
v 9.6000 -3.9000 14.2000
v 9.4500 -3.9000 11.0000
v 9.6000 -3.9000 11.0000
v -9.6000 -4.1500 10.8500
v -9.4500 -4.1500 10.8500
v -9.6000 -4.1500 10.6000
v -9.4500 -4.1500 10.6000
v -9.6000 -0.7000 10.8500
v -9.4500 -0.7000 10.8500
v -9.6000 -0.7000 10.6000
v -9.4500 -0.7000 10.6000
v -9.6000 -4.1500 7.4000
v -9.4500 -4.1500 7.4000
v -9.6000 -4.1500 7.1500
v -9.4500 -4.1500 7.1500
v -9.6000 -0.7000 7.4000
v -9.4500 -0.7000 7.4000
v -9.6000 -0.7000 7.1500
v -9.4500 -0.7000 7.1500
v -9.6000 -4.1500 10.6000
v -9.4500 -4.1500 10.6000
v -9.6000 -4.1500 7.4000
v -9.4500 -4.1500 7.4000
v -9.6000 -3.9000 10.6000
v -9.4500 -3.9000 10.6000
v -9.6000 -3.9000 7.4000
v -9.4500 -3.9000 7.4000
v 9.4500 -4.1500 7.2500
v 9.6000 -4.1500 7.2500
v 9.4500 -4.1500 7.0000
v 9.6000 -4.1500 7.0000
v 9.4500 -0.7000 7.2500
v 9.6000 -0.7000 7.2500
v 9.4500 -0.7000 7.0000
v 9.6000 -0.7000 7.0000
v 9.4500 -4.1500 3.8000
v 9.6000 -4.1500 3.8000
v 9.4500 -4.1500 3.5500
v 9.6000 -4.1500 3.5500
v 9.4500 -0.7000 3.8000
v 9.6000 -0.7000 3.8000
v 9.4500 -0.7000 3.5500
v 9.6000 -0.7000 3.5500
v 9.4500 -4.1500 7.0000
v 9.6000 -4.1500 7.0000
v 9.4500 -4.1500 3.8000
v 9.6000 -4.1500 3.8000
v 9.4500 -3.9000 7.0000
v 9.6000 -3.9000 7.0000
v 9.4500 -3.9000 3.8000
v 9.6000 -3.9000 3.8000
v -9.6000 -4.1500 3.6500
v -9.4500 -4.1500 3.6500
v -9.6000 -4.1500 3.4000
v -9.4500 -4.1500 3.4000
v -9.6000 -0.7000 3.6500
v -9.4500 -0.7000 3.6500
v -9.6000 -0.7000 3.4000
v -9.4500 -0.7000 3.4000
v -9.6000 -4.1500 0.2000
v -9.4500 -4.1500 0.2000
v -9.6000 -4.1500 -0.0500
v -9.4500 -4.1500 -0.0500
v -9.6000 -0.7000 0.2000
v -9.4500 -0.7000 0.2000
v -9.6000 -0.7000 -0.0500
v -9.4500 -0.7000 -0.0500
v -9.6000 -4.1500 3.4000
v -9.4500 -4.1500 3.4000
v -9.6000 -4.1500 0.2000
v -9.4500 -4.1500 0.2000
v -9.6000 -3.9000 3.4000
v -9.4500 -3.9000 3.4000
v -9.6000 -3.9000 0.2000
v -9.4500 -3.9000 0.2000
v 9.4500 -4.1500 0.0500
v 9.6000 -4.1500 0.0500
v 9.4500 -4.1500 -0.2000
v 9.6000 -4.1500 -0.2000
v 9.4500 -0.7000 0.0500
v 9.6000 -0.7000 0.0500
v 9.4500 -0.7000 -0.2000
v 9.6000 -0.7000 -0.2000
v 9.4500 -4.1500 -3.4000
v 9.6000 -4.1500 -3.4000
v 9.4500 -4.1500 -3.6500
v 9.6000 -4.1500 -3.6500
v 9.4500 -0.7000 -3.4000
v 9.6000 -0.7000 -3.4000
v 9.4500 -0.7000 -3.6500
v 9.6000 -0.7000 -3.6500
v 9.4500 -4.1500 -0.2000
v 9.6000 -4.1500 -0.2000
v 9.4500 -4.1500 -3.4000
v 9.6000 -4.1500 -3.4000
v 9.4500 -3.9000 -0.2000
v 9.6000 -3.9000 -0.2000
v 9.4500 -3.9000 -3.4000
v 9.6000 -3.9000 -3.4000
v -9.6000 -4.1500 -3.5500
v -9.4500 -4.1500 -3.5500
v -9.6000 -4.1500 -3.8000
v -9.4500 -4.1500 -3.8000
v -9.6000 -0.7000 -3.5500
v -9.4500 -0.7000 -3.5500
v -9.6000 -0.7000 -3.8000
v -9.4500 -0.7000 -3.8000
v -9.6000 -4.1500 -7.0000
v -9.4500 -4.1500 -7.0000
v -9.6000 -4.1500 -7.2500
v -9.4500 -4.1500 -7.2500
v -9.6000 -0.7000 -7.0000
v -9.4500 -0.7000 -7.0000
v -9.6000 -0.7000 -7.2500
v -9.4500 -0.7000 -7.2500
v -9.6000 -4.1500 -3.8000
v -9.4500 -4.1500 -3.8000
v -9.6000 -4.1500 -7.0000
v -9.4500 -4.1500 -7.0000
v -9.6000 -3.9000 -3.8000
v -9.4500 -3.9000 -3.8000
v -9.6000 -3.9000 -7.0000
v -9.4500 -3.9000 -7.0000
v 9.4500 -4.1500 -7.1500
v 9.6000 -4.1500 -7.1500
v 9.4500 -4.1500 -7.4000
v 9.6000 -4.1500 -7.4000
v 9.4500 -0.7000 -7.1500
v 9.6000 -0.7000 -7.1500
v 9.4500 -0.7000 -7.4000
v 9.6000 -0.7000 -7.4000
v 9.4500 -4.1500 -10.6000
v 9.6000 -4.1500 -10.6000
v 9.4500 -4.1500 -10.8500
v 9.6000 -4.1500 -10.8500
v 9.4500 -0.7000 -10.6000
v 9.6000 -0.7000 -10.6000
v 9.4500 -0.7000 -10.8500
v 9.6000 -0.7000 -10.8500
v 9.4500 -4.1500 -7.4000
v 9.6000 -4.1500 -7.4000
v 9.4500 -4.1500 -10.6000
v 9.6000 -4.1500 -10.6000
v 9.4500 -3.9000 -7.4000
v 9.6000 -3.9000 -7.4000
v 9.4500 -3.9000 -10.6000
v 9.6000 -3.9000 -10.6000
v -9.6000 -4.1500 -10.7500
v -9.4500 -4.1500 -10.7500
v -9.6000 -4.1500 -11.0000
v -9.4500 -4.1500 -11.0000
v -9.6000 -0.7000 -10.7500
v -9.4500 -0.7000 -10.7500
v -9.6000 -0.7000 -11.0000
v -9.4500 -0.7000 -11.0000
v -9.6000 -4.1500 -14.2000
v -9.4500 -4.1500 -14.2000
v -9.6000 -4.1500 -14.4500
v -9.4500 -4.1500 -14.4500
v -9.6000 -0.7000 -14.2000
v -9.4500 -0.7000 -14.2000
v -9.6000 -0.7000 -14.4500
v -9.4500 -0.7000 -14.4500
v -9.6000 -4.1500 -11.0000
v -9.4500 -4.1500 -11.0000
v -9.6000 -4.1500 -14.2000
v -9.4500 -4.1500 -14.2000
v -9.6000 -3.9000 -11.0000
v -9.4500 -3.9000 -11.0000
v -9.6000 -3.9000 -14.2000
v -9.4500 -3.9000 -14.2000
v 9.4500 -4.1500 -14.3500
v 9.6000 -4.1500 -14.3500
v 9.4500 -4.1500 -14.6000
v 9.6000 -4.1500 -14.6000
v 9.4500 -0.7000 -14.3500
v 9.6000 -0.7000 -14.3500
v 9.4500 -0.7000 -14.6000
v 9.6000 -0.7000 -14.6000
v 9.4500 -4.1500 -17.8000
v 9.6000 -4.1500 -17.8000
v 9.4500 -4.1500 -18.0500
v 9.6000 -4.1500 -18.0500
v 9.4500 -0.7000 -17.8000
v 9.6000 -0.7000 -17.8000
v 9.4500 -0.7000 -18.0500
v 9.6000 -0.7000 -18.0500
v 9.4500 -4.1500 -14.6000
v 9.6000 -4.1500 -14.6000
v 9.4500 -4.1500 -17.8000
v 9.6000 -4.1500 -17.8000
v 9.4500 -3.9000 -14.6000
v 9.6000 -3.9000 -14.6000
v 9.4500 -3.9000 -17.8000
v 9.6000 -3.9000 -17.8000
v -9.6000 -4.1500 -17.9500
v -9.4500 -4.1500 -17.9500
v -9.6000 -4.1500 -18.2000
v -9.4500 -4.1500 -18.2000
v -9.6000 -0.7000 -17.9500
v -9.4500 -0.7000 -17.9500
v -9.6000 -0.7000 -18.2000
v -9.4500 -0.7000 -18.2000
v -9.6000 -4.1500 -21.4000
v -9.4500 -4.1500 -21.4000
v -9.6000 -4.1500 -21.6500
v -9.4500 -4.1500 -21.6500
v -9.6000 -0.7000 -21.4000
v -9.4500 -0.7000 -21.4000
v -9.6000 -0.7000 -21.6500
v -9.4500 -0.7000 -21.6500
v -9.6000 -4.1500 -18.2000
v -9.4500 -4.1500 -18.2000
v -9.6000 -4.1500 -21.4000
v -9.4500 -4.1500 -21.4000
v -9.6000 -3.9000 -18.2000
v -9.4500 -3.9000 -18.2000
v -9.6000 -3.9000 -21.4000
v -9.4500 -3.9000 -21.4000
v 9.4500 -4.1500 -21.5500
v 9.6000 -4.1500 -21.5500
v 9.4500 -4.1500 -21.8000
v 9.6000 -4.1500 -21.8000
v 9.4500 -0.7000 -21.5500
v 9.6000 -0.7000 -21.5500
v 9.4500 -0.7000 -21.8000
v 9.6000 -0.7000 -21.8000
v 9.4500 -4.1500 -25.0000
v 9.6000 -4.1500 -25.0000
v 9.4500 -4.1500 -25.2500
v 9.6000 -4.1500 -25.2500
v 9.4500 -0.7000 -25.0000
v 9.6000 -0.7000 -25.0000
v 9.4500 -0.7000 -25.2500
v 9.6000 -0.7000 -25.2500
v 9.4500 -4.1500 -21.8000
v 9.6000 -4.1500 -21.8000
v 9.4500 -4.1500 -25.0000
v 9.6000 -4.1500 -25.0000
v 9.4500 -3.9000 -21.8000
v 9.6000 -3.9000 -21.8000
v 9.4500 -3.9000 -25.0000
v 9.6000 -3.9000 -25.0000
f 2845 2847 2843 2841
f 2842 2844 2848 2846
f 2841 2842 2846 2845
f 2847 2848 2844 2843
f 2843 2844 2842 2841
f 2845 2846 2848 2847
f 2853 2855 2851 2849
f 2850 2852 2856 2854
f 2849 2850 2854 2853
f 2855 2856 2852 2851
f 2851 2852 2850 2849
f 2853 2854 2856 2855
f 2861 2863 2859 2857
f 2858 2860 2864 2862
f 2857 2858 2862 2861
f 2863 2864 2860 2859
f 2859 2860 2858 2857
f 2861 2862 2864 2863
f 2869 2871 2867 2865
f 2866 2868 2872 2870
f 2865 2866 2870 2869
f 2871 2872 2868 2867
f 2867 2868 2866 2865
f 2869 2870 2872 2871
f 2877 2879 2875 2873
f 2874 2876 2880 2878
f 2873 2874 2878 2877
f 2879 2880 2876 2875
f 2875 2876 2874 2873
f 2877 2878 2880 2879
f 2885 2887 2883 2881
f 2882 2884 2888 2886
f 2881 2882 2886 2885
f 2887 2888 2884 2883
f 2883 2884 2882 2881
f 2885 2886 2888 2887
f 2893 2895 2891 2889
f 2890 2892 2896 2894
f 2889 2890 2894 2893
f 2895 2896 2892 2891
f 2891 2892 2890 2889
f 2893 2894 2896 2895
f 2901 2903 2899 2897
f 2898 2900 2904 2902
f 2897 2898 2902 2901
f 2903 2904 2900 2899
f 2899 2900 2898 2897
f 2901 2902 2904 2903
f 2909 2911 2907 2905
f 2906 2908 2912 2910
f 2905 2906 2910 2909
f 2911 2912 2908 2907
f 2907 2908 2906 2905
f 2909 2910 2912 2911
f 2917 2919 2915 2913
f 2914 2916 2920 2918
f 2913 2914 2918 2917
f 2919 2920 2916 2915
f 2915 2916 2914 2913
f 2917 2918 2920 2919
f 2925 2927 2923 2921
f 2922 2924 2928 2926
f 2921 2922 2926 2925
f 2927 2928 2924 2923
f 2923 2924 2922 2921
f 2925 2926 2928 2927
f 2933 2935 2931 2929
f 2930 2932 2936 2934
f 2929 2930 2934 2933
f 2935 2936 2932 2931
f 2931 2932 2930 2929
f 2933 2934 2936 2935
f 2941 2943 2939 2937
f 2938 2940 2944 2942
f 2937 2938 2942 2941
f 2943 2944 2940 2939
f 2939 2940 2938 2937
f 2941 2942 2944 2943
f 2949 2951 2947 2945
f 2946 2948 2952 2950
f 2945 2946 2950 2949
f 2951 2952 2948 2947
f 2947 2948 2946 2945
f 2949 2950 2952 2951
f 2957 2959 2955 2953
f 2954 2956 2960 2958
f 2953 2954 2958 2957
f 2959 2960 2956 2955
f 2955 2956 2954 2953
f 2957 2958 2960 2959
f 2965 2967 2963 2961
f 2962 2964 2968 2966
f 2961 2962 2966 2965
f 2967 2968 2964 2963
f 2963 2964 2962 2961
f 2965 2966 2968 2967
f 2973 2975 2971 2969
f 2970 2972 2976 2974
f 2969 2970 2974 2973
f 2975 2976 2972 2971
f 2971 2972 2970 2969
f 2973 2974 2976 2975
f 2981 2983 2979 2977
f 2978 2980 2984 2982
f 2977 2978 2982 2981
f 2983 2984 2980 2979
f 2979 2980 2978 2977
f 2981 2982 2984 2983
f 2989 2991 2987 2985
f 2986 2988 2992 2990
f 2985 2986 2990 2989
f 2991 2992 2988 2987
f 2987 2988 2986 2985
f 2989 2990 2992 2991
f 2997 2999 2995 2993
f 2994 2996 3000 2998
f 2993 2994 2998 2997
f 2999 3000 2996 2995
f 2995 2996 2994 2993
f 2997 2998 3000 2999
f 3005 3007 3003 3001
f 3002 3004 3008 3006
f 3001 3002 3006 3005
f 3007 3008 3004 3003
f 3003 3004 3002 3001
f 3005 3006 3008 3007
f 3013 3015 3011 3009
f 3010 3012 3016 3014
f 3009 3010 3014 3013
f 3015 3016 3012 3011
f 3011 3012 3010 3009
f 3013 3014 3016 3015
f 3021 3023 3019 3017
f 3018 3020 3024 3022
f 3017 3018 3022 3021
f 3023 3024 3020 3019
f 3019 3020 3018 3017
f 3021 3022 3024 3023
f 3029 3031 3027 3025
f 3026 3028 3032 3030
f 3025 3026 3030 3029
f 3031 3032 3028 3027
f 3027 3028 3026 3025
f 3029 3030 3032 3031
f 3037 3039 3035 3033
f 3034 3036 3040 3038
f 3033 3034 3038 3037
f 3039 3040 3036 3035
f 3035 3036 3034 3033
f 3037 3038 3040 3039
f 3045 3047 3043 3041
f 3042 3044 3048 3046
f 3041 3042 3046 3045
f 3047 3048 3044 3043
f 3043 3044 3042 3041
f 3045 3046 3048 3047
f 3053 3055 3051 3049
f 3050 3052 3056 3054
f 3049 3050 3054 3053
f 3055 3056 3052 3051
f 3051 3052 3050 3049
f 3053 3054 3056 3055
f 3061 3063 3059 3057
f 3058 3060 3064 3062
f 3057 3058 3062 3061
f 3063 3064 3060 3059
f 3059 3060 3058 3057
f 3061 3062 3064 3063
f 3069 3071 3067 3065
f 3066 3068 3072 3070
f 3065 3066 3070 3069
f 3071 3072 3068 3067
f 3067 3068 3066 3065
f 3069 3070 3072 3071
f 3077 3079 3075 3073
f 3074 3076 3080 3078
f 3073 3074 3078 3077
f 3079 3080 3076 3075
f 3075 3076 3074 3073
f 3077 3078 3080 3079
f 3085 3087 3083 3081
f 3082 3084 3088 3086
f 3081 3082 3086 3085
f 3087 3088 3084 3083
f 3083 3084 3082 3081
f 3085 3086 3088 3087
f 3093 3095 3091 3089
f 3090 3092 3096 3094
f 3089 3090 3094 3093
f 3095 3096 3092 3091
f 3091 3092 3090 3089
f 3093 3094 3096 3095
f 3101 3103 3099 3097
f 3098 3100 3104 3102
f 3097 3098 3102 3101
f 3103 3104 3100 3099
f 3099 3100 3098 3097
f 3101 3102 3104 3103
f 3109 3111 3107 3105
f 3106 3108 3112 3110
f 3105 3106 3110 3109
f 3111 3112 3108 3107
f 3107 3108 3106 3105
f 3109 3110 3112 3111
f 3117 3119 3115 3113
f 3114 3116 3120 3118
f 3113 3114 3118 3117
f 3119 3120 3116 3115
f 3115 3116 3114 3113
f 3117 3118 3120 3119
f 3125 3127 3123 3121
f 3122 3124 3128 3126
f 3121 3122 3126 3125
f 3127 3128 3124 3123
f 3123 3124 3122 3121
f 3125 3126 3128 3127
f 3133 3135 3131 3129
f 3130 3132 3136 3134
f 3129 3130 3134 3133
f 3135 3136 3132 3131
f 3131 3132 3130 3129
f 3133 3134 3136 3135
f 3141 3143 3139 3137
f 3138 3140 3144 3142
f 3137 3138 3142 3141
f 3143 3144 3140 3139
f 3139 3140 3138 3137
f 3141 3142 3144 3143
f 3149 3151 3147 3145
f 3146 3148 3152 3150
f 3145 3146 3150 3149
f 3151 3152 3148 3147
f 3147 3148 3146 3145
f 3149 3150 3152 3151
f 3157 3159 3155 3153
f 3154 3156 3160 3158
f 3153 3154 3158 3157
f 3159 3160 3156 3155
f 3155 3156 3154 3153
f 3157 3158 3160 3159
f 3165 3167 3163 3161
f 3162 3164 3168 3166
f 3161 3162 3166 3165
f 3167 3168 3164 3163
f 3163 3164 3162 3161
f 3165 3166 3168 3167
f 3173 3175 3171 3169
f 3170 3172 3176 3174
f 3169 3170 3174 3173
f 3175 3176 3172 3171
f 3171 3172 3170 3169
f 3173 3174 3176 3175
f 3181 3183 3179 3177
f 3178 3180 3184 3182
f 3177 3178 3182 3181
f 3183 3184 3180 3179
f 3179 3180 3178 3177
f 3181 3182 3184 3183
f 3189 3191 3187 3185
f 3186 3188 3192 3190
f 3185 3186 3190 3189
f 3191 3192 3188 3187
f 3187 3188 3186 3185
f 3189 3190 3192 3191
f 3197 3199 3195 3193
f 3194 3196 3200 3198
f 3193 3194 3198 3197
f 3199 3200 3196 3195
f 3195 3196 3194 3193
f 3197 3198 3200 3199
f 3205 3207 3203 3201
f 3202 3204 3208 3206
f 3201 3202 3206 3205
f 3207 3208 3204 3203
f 3203 3204 3202 3201
f 3205 3206 3208 3207
f 3213 3215 3211 3209
f 3210 3212 3216 3214
f 3209 3210 3214 3213
f 3215 3216 3212 3211
f 3211 3212 3210 3209
f 3213 3214 3216 3215
f 3221 3223 3219 3217
f 3218 3220 3224 3222
f 3217 3218 3222 3221
f 3223 3224 3220 3219
f 3219 3220 3218 3217
f 3221 3222 3224 3223
f 3229 3231 3227 3225
f 3226 3228 3232 3230
f 3225 3226 3230 3229
f 3231 3232 3228 3227
f 3227 3228 3226 3225
f 3229 3230 3232 3231
f 3237 3239 3235 3233
f 3234 3236 3240 3238
f 3233 3234 3238 3237
f 3239 3240 3236 3235
f 3235 3236 3234 3233
f 3237 3238 3240 3239
f 3245 3247 3243 3241
f 3242 3244 3248 3246
f 3241 3242 3246 3245
f 3247 3248 3244 3243
f 3243 3244 3242 3241
f 3245 3246 3248 3247
f 3253 3255 3251 3249
f 3250 3252 3256 3254
f 3249 3250 3254 3253
f 3255 3256 3252 3251
f 3251 3252 3250 3249
f 3253 3254 3256 3255
f 3261 3263 3259 3257
f 3258 3260 3264 3262
f 3257 3258 3262 3261
f 3263 3264 3260 3259
f 3259 3260 3258 3257
f 3261 3262 3264 3263
f 3269 3271 3267 3265
f 3266 3268 3272 3270
f 3265 3266 3270 3269
f 3271 3272 3268 3267
f 3267 3268 3266 3265
f 3269 3270 3272 3271
f 3277 3279 3275 3273
f 3274 3276 3280 3278
f 3273 3274 3278 3277
f 3279 3280 3276 3275
f 3275 3276 3274 3273
f 3277 3278 3280 3279
f 3285 3287 3283 3281
f 3282 3284 3288 3286
f 3281 3282 3286 3285
f 3287 3288 3284 3283
f 3283 3284 3282 3281
f 3285 3286 3288 3287
f 3293 3295 3291 3289
f 3290 3292 3296 3294
f 3289 3290 3294 3293
f 3295 3296 3292 3291
f 3291 3292 3290 3289
f 3293 3294 3296 3295
f 3301 3303 3299 3297
f 3298 3300 3304 3302
f 3297 3298 3302 3301
f 3303 3304 3300 3299
f 3299 3300 3298 3297
f 3301 3302 3304 3303
f 3309 3311 3307 3305
f 3306 3308 3312 3310
f 3305 3306 3310 3309
f 3311 3312 3308 3307
f 3307 3308 3306 3305
f 3309 3310 3312 3311
f 3317 3319 3315 3313
f 3314 3316 3320 3318
f 3313 3314 3318 3317
f 3319 3320 3316 3315
f 3315 3316 3314 3313
f 3317 3318 3320 3319
f 3325 3327 3323 3321
f 3322 3324 3328 3326
f 3321 3322 3326 3325
f 3327 3328 3324 3323
f 3323 3324 3322 3321
f 3325 3326 3328 3327
f 3333 3335 3331 3329
f 3330 3332 3336 3334
f 3329 3330 3334 3333
f 3335 3336 3332 3331
f 3331 3332 3330 3329
f 3333 3334 3336 3335
f 3341 3343 3339 3337
f 3338 3340 3344 3342
f 3337 3338 3342 3341
f 3343 3344 3340 3339
f 3339 3340 3338 3337
f 3341 3342 3344 3343
f 3349 3351 3347 3345
f 3346 3348 3352 3350
f 3345 3346 3350 3349
f 3351 3352 3348 3347
f 3347 3348 3346 3345
f 3349 3350 3352 3351
f 3357 3359 3355 3353
f 3354 3356 3360 3358
f 3353 3354 3358 3357
f 3359 3360 3356 3355
f 3355 3356 3354 3353
f 3357 3358 3360 3359
f 3365 3367 3363 3361
f 3362 3364 3368 3366
f 3361 3362 3366 3365
f 3367 3368 3364 3363
f 3363 3364 3362 3361
f 3365 3366 3368 3367
f 3373 3375 3371 3369
f 3370 3372 3376 3374
f 3369 3370 3374 3373
f 3375 3376 3372 3371
f 3371 3372 3370 3369
f 3373 3374 3376 3375
f 3381 3383 3379 3377
f 3378 3380 3384 3382
f 3377 3378 3382 3381
f 3383 3384 3380 3379
f 3379 3380 3378 3377
f 3381 3382 3384 3383
f 3389 3391 3387 3385
f 3386 3388 3392 3390
f 3385 3386 3390 3389
f 3391 3392 3388 3387
f 3387 3388 3386 3385
f 3389 3390 3392 3391
f 3397 3399 3395 3393
f 3394 3396 3400 3398
f 3393 3394 3398 3397
f 3399 3400 3396 3395
f 3395 3396 3394 3393
f 3397 3398 3400 3399
f 3405 3407 3403 3401
f 3402 3404 3408 3406
f 3401 3402 3406 3405
f 3407 3408 3404 3403
f 3403 3404 3402 3401
f 3405 3406 3408 3407
f 3413 3415 3411 3409
f 3410 3412 3416 3414
f 3409 3410 3414 3413
f 3415 3416 3412 3411
f 3411 3412 3410 3409
f 3413 3414 3416 3415
f 3421 3423 3419 3417
f 3418 3420 3424 3422
f 3417 3418 3422 3421
f 3423 3424 3420 3419
f 3419 3420 3418 3417
f 3421 3422 3424 3423
f 3429 3431 3427 3425
f 3426 3428 3432 3430
f 3425 3426 3430 3429
f 3431 3432 3428 3427
f 3427 3428 3426 3425
f 3429 3430 3432 3431
f 3437 3439 3435 3433
f 3434 3436 3440 3438
f 3433 3434 3438 3437
f 3439 3440 3436 3435
f 3435 3436 3434 3433
f 3437 3438 3440 3439
f 3445 3447 3443 3441
f 3442 3444 3448 3446
f 3441 3442 3446 3445
f 3447 3448 3444 3443
f 3443 3444 3442 3441
f 3445 3446 3448 3447
f 3453 3455 3451 3449
f 3450 3452 3456 3454
f 3449 3450 3454 3453
f 3455 3456 3452 3451
f 3451 3452 3450 3449
f 3453 3454 3456 3455
f 3461 3463 3459 3457
f 3458 3460 3464 3462
f 3457 3458 3462 3461
f 3463 3464 3460 3459
f 3459 3460 3458 3457
f 3461 3462 3464 3463
f 3469 3471 3467 3465
f 3466 3468 3472 3470
f 3465 3466 3470 3469
f 3471 3472 3468 3467
f 3467 3468 3466 3465
f 3469 3470 3472 3471
f 3477 3479 3475 3473
f 3474 3476 3480 3478
f 3473 3474 3478 3477
f 3479 3480 3476 3475
f 3475 3476 3474 3473
f 3477 3478 3480 3479
f 3485 3487 3483 3481
f 3482 3484 3488 3486
f 3481 3482 3486 3485
f 3487 3488 3484 3483
f 3483 3484 3482 3481
f 3485 3486 3488 3487
f 3493 3495 3491 3489
f 3490 3492 3496 3494
f 3489 3490 3494 3493
f 3495 3496 3492 3491
f 3491 3492 3490 3489
f 3493 3494 3496 3495
f 3501 3503 3499 3497
f 3498 3500 3504 3502
f 3497 3498 3502 3501
f 3503 3504 3500 3499
f 3499 3500 3498 3497
f 3501 3502 3504 3503
f 3509 3511 3507 3505
f 3506 3508 3512 3510
f 3505 3506 3510 3509
f 3511 3512 3508 3507
f 3507 3508 3506 3505
f 3509 3510 3512 3511
f 3517 3519 3515 3513
f 3514 3516 3520 3518
f 3513 3514 3518 3517
f 3519 3520 3516 3515
f 3515 3516 3514 3513
f 3517 3518 3520 3519
f 3525 3527 3523 3521
f 3522 3524 3528 3526
f 3521 3522 3526 3525
f 3527 3528 3524 3523
f 3523 3524 3522 3521
f 3525 3526 3528 3527
f 3533 3535 3531 3529
f 3530 3532 3536 3534
f 3529 3530 3534 3533
f 3535 3536 3532 3531
f 3531 3532 3530 3529
f 3533 3534 3536 3535
f 3541 3543 3539 3537
f 3538 3540 3544 3542
f 3537 3538 3542 3541
f 3543 3544 3540 3539
f 3539 3540 3538 3537
f 3541 3542 3544 3543
f 3549 3551 3547 3545
f 3546 3548 3552 3550
f 3545 3546 3550 3549
f 3551 3552 3548 3547
f 3547 3548 3546 3545
f 3549 3550 3552 3551
f 3557 3559 3555 3553
f 3554 3556 3560 3558
f 3553 3554 3558 3557
f 3559 3560 3556 3555
f 3555 3556 3554 3553
f 3557 3558 3560 3559
f 3565 3567 3563 3561
f 3562 3564 3568 3566
f 3561 3562 3566 3565
f 3567 3568 3564 3563
f 3563 3564 3562 3561
f 3565 3566 3568 3567
f 3573 3575 3571 3569
f 3570 3572 3576 3574
f 3569 3570 3574 3573
f 3575 3576 3572 3571
f 3571 3572 3570 3569
f 3573 3574 3576 3575
f 3581 3583 3579 3577
f 3578 3580 3584 3582
f 3577 3578 3582 3581
f 3583 3584 3580 3579
f 3579 3580 3578 3577
f 3581 3582 3584 3583
f 3589 3591 3587 3585
f 3586 3588 3592 3590
f 3585 3586 3590 3589
f 3591 3592 3588 3587
f 3587 3588 3586 3585
f 3589 3590 3592 3591
f 3597 3599 3595 3593
f 3594 3596 3600 3598
f 3593 3594 3598 3597
f 3599 3600 3596 3595
f 3595 3596 3594 3593
f 3597 3598 3600 3599
f 3605 3607 3603 3601
f 3602 3604 3608 3606
f 3601 3602 3606 3605
f 3607 3608 3604 3603
f 3603 3604 3602 3601
f 3605 3606 3608 3607
f 3613 3615 3611 3609
f 3610 3612 3616 3614
f 3609 3610 3614 3613
f 3615 3616 3612 3611
f 3611 3612 3610 3609
f 3613 3614 3616 3615
f 3621 3623 3619 3617
f 3618 3620 3624 3622
f 3617 3618 3622 3621
f 3623 3624 3620 3619
f 3619 3620 3618 3617
f 3621 3622 3624 3623
f 3629 3631 3627 3625
f 3626 3628 3632 3630
f 3625 3626 3630 3629
f 3631 3632 3628 3627
f 3627 3628 3626 3625
f 3629 3630 3632 3631
f 3637 3639 3635 3633
f 3634 3636 3640 3638
f 3633 3634 3638 3637
f 3639 3640 3636 3635
f 3635 3636 3634 3633
f 3637 3638 3640 3639
f 3645 3647 3643 3641
f 3642 3644 3648 3646
f 3641 3642 3646 3645
f 3647 3648 3644 3643
f 3643 3644 3642 3641
f 3645 3646 3648 3647
f 3653 3655 3651 3649
f 3650 3652 3656 3654
f 3649 3650 3654 3653
f 3655 3656 3652 3651
f 3651 3652 3650 3649
f 3653 3654 3656 3655
f 3661 3663 3659 3657
f 3658 3660 3664 3662
f 3657 3658 3662 3661
f 3663 3664 3660 3659
f 3659 3660 3658 3657
f 3661 3662 3664 3663
f 3669 3671 3667 3665
f 3666 3668 3672 3670
f 3665 3666 3670 3669
f 3671 3672 3668 3667
f 3667 3668 3666 3665
f 3669 3670 3672 3671
f 3677 3679 3675 3673
f 3674 3676 3680 3678
f 3673 3674 3678 3677
f 3679 3680 3676 3675
f 3675 3676 3674 3673
f 3677 3678 3680 3679
f 3685 3687 3683 3681
f 3682 3684 3688 3686
f 3681 3682 3686 3685
f 3687 3688 3684 3683
f 3683 3684 3682 3681
f 3685 3686 3688 3687
f 3693 3695 3691 3689
f 3690 3692 3696 3694
f 3689 3690 3694 3693
f 3695 3696 3692 3691
f 3691 3692 3690 3689
f 3693 3694 3696 3695
f 3701 3703 3699 3697
f 3698 3700 3704 3702
f 3697 3698 3702 3701
f 3703 3704 3700 3699
f 3699 3700 3698 3697
f 3701 3702 3704 3703
f 3709 3711 3707 3705
f 3706 3708 3712 3710
f 3705 3706 3710 3709
f 3711 3712 3708 3707
f 3707 3708 3706 3705
f 3709 3710 3712 3711
f 3717 3719 3715 3713
f 3714 3716 3720 3718
f 3713 3714 3718 3717
f 3719 3720 3716 3715
f 3715 3716 3714 3713
f 3717 3718 3720 3719
f 3725 3727 3723 3721
f 3722 3724 3728 3726
f 3721 3722 3726 3725
f 3727 3728 3724 3723
f 3723 3724 3722 3721
f 3725 3726 3728 3727
f 3733 3735 3731 3729
f 3730 3732 3736 3734
f 3729 3730 3734 3733
f 3735 3736 3732 3731
f 3731 3732 3730 3729
f 3733 3734 3736 3735
f 3741 3743 3739 3737
f 3738 3740 3744 3742
f 3737 3738 3742 3741
f 3743 3744 3740 3739
f 3739 3740 3738 3737
f 3741 3742 3744 3743
f 3749 3751 3747 3745
f 3746 3748 3752 3750
f 3745 3746 3750 3749
f 3751 3752 3748 3747
f 3747 3748 3746 3745
f 3749 3750 3752 3751
f 3757 3759 3755 3753
f 3754 3756 3760 3758
f 3753 3754 3758 3757
f 3759 3760 3756 3755
f 3755 3756 3754 3753
f 3757 3758 3760 3759
f 3765 3767 3763 3761
f 3762 3764 3768 3766
f 3761 3762 3766 3765
f 3767 3768 3764 3763
f 3763 3764 3762 3761
f 3765 3766 3768 3767
f 3773 3775 3771 3769
f 3770 3772 3776 3774
f 3769 3770 3774 3773
f 3775 3776 3772 3771
f 3771 3772 3770 3769
f 3773 3774 3776 3775
f 3781 3783 3779 3777
f 3778 3780 3784 3782
f 3777 3778 3782 3781
f 3783 3784 3780 3779
f 3779 3780 3778 3777
f 3781 3782 3784 3783
f 3789 3791 3787 3785
f 3786 3788 3792 3790
f 3785 3786 3790 3789
f 3791 3792 3788 3787
f 3787 3788 3786 3785
f 3789 3790 3792 3791
f 3797 3799 3795 3793
f 3794 3796 3800 3798
f 3793 3794 3798 3797
f 3799 3800 3796 3795
f 3795 3796 3794 3793
f 3797 3798 3800 3799
f 3805 3807 3803 3801
f 3802 3804 3808 3806
f 3801 3802 3806 3805
f 3807 3808 3804 3803
f 3803 3804 3802 3801
f 3805 3806 3808 3807
f 3813 3815 3811 3809
f 3810 3812 3816 3814
f 3809 3810 3814 3813
f 3815 3816 3812 3811
f 3811 3812 3810 3809
f 3813 3814 3816 3815
f 3821 3823 3819 3817
f 3818 3820 3824 3822
f 3817 3818 3822 3821
f 3823 3824 3820 3819
f 3819 3820 3818 3817
f 3821 3822 3824 3823
f 3829 3831 3827 3825
f 3826 3828 3832 3830
f 3825 3826 3830 3829
f 3831 3832 3828 3827
f 3827 3828 3826 3825
f 3829 3830 3832 3831
f 3837 3839 3835 3833
f 3834 3836 3840 3838
f 3833 3834 3838 3837
f 3839 3840 3836 3835
f 3835 3836 3834 3833
f 3837 3838 3840 3839
f 3845 3847 3843 3841
f 3842 3844 3848 3846
f 3841 3842 3846 3845
f 3847 3848 3844 3843
f 3843 3844 3842 3841
f 3845 3846 3848 3847
f 3853 3855 3851 3849
f 3850 3852 3856 3854
f 3849 3850 3854 3853
f 3855 3856 3852 3851
f 3851 3852 3850 3849
f 3853 3854 3856 3855
f 3861 3863 3859 3857
f 3858 3860 3864 3862
f 3857 3858 3862 3861
f 3863 3864 3860 3859
f 3859 3860 3858 3857
f 3861 3862 3864 3863
f 3869 3871 3867 3865
f 3866 3868 3872 3870
f 3865 3866 3870 3869
f 3871 3872 3868 3867
f 3867 3868 3866 3865
f 3869 3870 3872 3871
f 3877 3879 3875 3873
f 3874 3876 3880 3878
f 3873 3874 3878 3877
f 3879 3880 3876 3875
f 3875 3876 3874 3873
f 3877 3878 3880 3879
f 3885 3887 3883 3881
f 3882 3884 3888 3886
f 3881 3882 3886 3885
f 3887 3888 3884 3883
f 3883 3884 3882 3881
f 3885 3886 3888 3887
f 3893 3895 3891 3889
f 3890 3892 3896 3894
f 3889 3890 3894 3893
f 3895 3896 3892 3891
f 3891 3892 3890 3889
f 3893 3894 3896 3895
f 3901 3903 3899 3897
f 3898 3900 3904 3902
f 3897 3898 3902 3901
f 3903 3904 3900 3899
f 3899 3900 3898 3897
f 3901 3902 3904 3903
f 3909 3911 3907 3905
f 3906 3908 3912 3910
f 3905 3906 3910 3909
f 3911 3912 3908 3907
f 3907 3908 3906 3905
f 3909 3910 3912 3911
f 3917 3919 3915 3913
f 3914 3916 3920 3918
f 3913 3914 3918 3917
f 3919 3920 3916 3915
f 3915 3916 3914 3913
f 3917 3918 3920 3919
f 3925 3927 3923 3921
f 3922 3924 3928 3926
f 3921 3922 3926 3925
f 3927 3928 3924 3923
f 3923 3924 3922 3921
f 3925 3926 3928 3927
f 3933 3935 3931 3929
f 3930 3932 3936 3934
f 3929 3930 3934 3933
f 3935 3936 3932 3931
f 3931 3932 3930 3929
f 3933 3934 3936 3935
f 3941 3943 3939 3937
f 3938 3940 3944 3942
f 3937 3938 3942 3941
f 3943 3944 3940 3939
f 3939 3940 3938 3937
f 3941 3942 3944 3943
f 3949 3951 3947 3945
f 3946 3948 3952 3950
f 3945 3946 3950 3949
f 3951 3952 3948 3947
f 3947 3948 3946 3945
f 3949 3950 3952 3951
f 3957 3959 3955 3953
f 3954 3956 3960 3958
f 3953 3954 3958 3957
f 3959 3960 3956 3955
f 3955 3956 3954 3953
f 3957 3958 3960 3959
f 3965 3967 3963 3961
f 3962 3964 3968 3966
f 3961 3962 3966 3965
f 3967 3968 3964 3963
f 3963 3964 3962 3961
f 3965 3966 3968 3967
f 3973 3975 3971 3969
f 3970 3972 3976 3974
f 3969 3970 3974 3973
f 3975 3976 3972 3971
f 3971 3972 3970 3969
f 3973 3974 3976 3975
f 3981 3983 3979 3977
f 3978 3980 3984 3982
f 3977 3978 3982 3981
f 3983 3984 3980 3979
f 3979 3980 3978 3977
f 3981 3982 3984 3983
f 3989 3991 3987 3985
f 3986 3988 3992 3990
f 3985 3986 3990 3989
f 3991 3992 3988 3987
f 3987 3988 3986 3985
f 3989 3990 3992 3991
f 3997 3999 3995 3993
f 3994 3996 4000 3998
f 3993 3994 3998 3997
f 3999 4000 3996 3995
f 3995 3996 3994 3993
f 3997 3998 4000 3999
f 4005 4007 4003 4001
f 4002 4004 4008 4006
f 4001 4002 4006 4005
f 4007 4008 4004 4003
f 4003 4004 4002 4001
f 4005 4006 4008 4007
f 4013 4015 4011 4009
f 4010 4012 4016 4014
f 4009 4010 4014 4013
f 4015 4016 4012 4011
f 4011 4012 4010 4009
f 4013 4014 4016 4015
f 4021 4023 4019 4017
f 4018 4020 4024 4022
f 4017 4018 4022 4021
f 4023 4024 4020 4019
f 4019 4020 4018 4017
f 4021 4022 4024 4023
f 4029 4031 4027 4025
f 4026 4028 4032 4030
f 4025 4026 4030 4029
f 4031 4032 4028 4027
f 4027 4028 4026 4025
f 4029 4030 4032 4031
f 4037 4039 4035 4033
f 4034 4036 4040 4038
f 4033 4034 4038 4037
f 4039 4040 4036 4035
f 4035 4036 4034 4033
f 4037 4038 4040 4039
f 4045 4047 4043 4041
f 4042 4044 4048 4046
f 4041 4042 4046 4045
f 4047 4048 4044 4043
f 4043 4044 4042 4041
f 4045 4046 4048 4047
f 4053 4055 4051 4049
f 4050 4052 4056 4054
f 4049 4050 4054 4053
f 4055 4056 4052 4051
f 4051 4052 4050 4049
f 4053 4054 4056 4055
f 4061 4063 4059 4057
f 4058 4060 4064 4062
f 4057 4058 4062 4061
f 4063 4064 4060 4059
f 4059 4060 4058 4057
f 4061 4062 4064 4063
f 4069 4071 4067 4065
f 4066 4068 4072 4070
f 4065 4066 4070 4069
f 4071 4072 4068 4067
f 4067 4068 4066 4065
f 4069 4070 4072 4071
f 4077 4079 4075 4073
f 4074 4076 4080 4078
f 4073 4074 4078 4077
f 4079 4080 4076 4075
f 4075 4076 4074 4073
f 4077 4078 4080 4079
o LARGE_Lights
usemtl Lights
v -0.3000 3.6200 -6.5000
v 0.3000 3.6200 -6.5000
v -0.3000 3.6200 -13.5000
v 0.3000 3.6200 -13.5000
v -0.3000 3.7000 -6.5000
v 0.3000 3.7000 -6.5000
v -0.3000 3.7000 -13.5000
v 0.3000 3.7000 -13.5000
v -0.3000 3.6200 -16.5000
v 0.3000 3.6200 -16.5000
v -0.3000 3.6200 -23.5000
v 0.3000 3.6200 -23.5000
v -0.3000 3.7000 -16.5000
v 0.3000 3.7000 -16.5000
v -0.3000 3.7000 -23.5000
v 0.3000 3.7000 -23.5000
v -0.3000 3.6200 -26.5000
v 0.3000 3.6200 -26.5000
v -0.3000 3.6200 -33.5000
v 0.3000 3.6200 -33.5000
v -0.3000 3.7000 -26.5000
v 0.3000 3.7000 -26.5000
v -0.3000 3.7000 -33.5000
v 0.3000 3.7000 -33.5000
v -0.3000 3.6200 -36.5000
v 0.3000 3.6200 -36.5000
v -0.3000 3.6200 -43.5000
v 0.3000 3.6200 -43.5000
v -0.3000 3.7000 -36.5000
v 0.3000 3.7000 -36.5000
v -0.3000 3.7000 -43.5000
v 0.3000 3.7000 -43.5000
v -0.3000 3.6200 -46.5000
v 0.3000 3.6200 -46.5000
v -0.3000 3.6200 -53.5000
v 0.3000 3.6200 -53.5000
v -0.3000 3.7000 -46.5000
v 0.3000 3.7000 -46.5000
v -0.3000 3.7000 -53.5000
v 0.3000 3.7000 -53.5000
v -0.3000 3.6200 -56.5000
v 0.3000 3.6200 -56.5000
v -0.3000 3.6200 -63.5000
v 0.3000 3.6200 -63.5000
v -0.3000 3.7000 -56.5000
v 0.3000 3.7000 -56.5000
v -0.3000 3.7000 -63.5000
v 0.3000 3.7000 -63.5000
v -0.3000 7.6200 -6.5000
v 0.3000 7.6200 -6.5000
v -0.3000 7.6200 -13.5000
v 0.3000 7.6200 -13.5000
v -0.3000 7.7000 -6.5000
v 0.3000 7.7000 -6.5000
v -0.3000 7.7000 -13.5000
v 0.3000 7.7000 -13.5000
v -0.3000 7.6200 -16.5000
v 0.3000 7.6200 -16.5000
v -0.3000 7.6200 -23.5000
v 0.3000 7.6200 -23.5000
v -0.3000 7.7000 -16.5000
v 0.3000 7.7000 -16.5000
v -0.3000 7.7000 -23.5000
v 0.3000 7.7000 -23.5000
v -0.3000 7.6200 -26.5000
v 0.3000 7.6200 -26.5000
v -0.3000 7.6200 -33.5000
v 0.3000 7.6200 -33.5000
v -0.3000 7.7000 -26.5000
v 0.3000 7.7000 -26.5000
v -0.3000 7.7000 -33.5000
v 0.3000 7.7000 -33.5000
v -0.3000 7.6200 -36.5000
v 0.3000 7.6200 -36.5000
v -0.3000 7.6200 -43.5000
v 0.3000 7.6200 -43.5000
v -0.3000 7.7000 -36.5000
v 0.3000 7.7000 -36.5000
v -0.3000 7.7000 -43.5000
v 0.3000 7.7000 -43.5000
v -0.3000 7.6200 -46.5000
v 0.3000 7.6200 -46.5000
v -0.3000 7.6200 -53.5000
v 0.3000 7.6200 -53.5000
v -0.3000 7.7000 -46.5000
v 0.3000 7.7000 -46.5000
v -0.3000 7.7000 -53.5000
v 0.3000 7.7000 -53.5000
v -10.1500 7.0000 53.5000
v -10.0500 7.0000 53.5000
v -10.1500 7.0000 26.5000
v -10.0500 7.0000 26.5000
v -10.1500 7.1500 53.5000
v -10.0500 7.1500 53.5000
v -10.1500 7.1500 26.5000
v -10.0500 7.1500 26.5000
v 10.0500 7.0000 53.5000
v 10.1500 7.0000 53.5000
v 10.0500 7.0000 26.5000
v 10.1500 7.0000 26.5000
v 10.0500 7.1500 53.5000
v 10.1500 7.1500 53.5000
v 10.0500 7.1500 26.5000
v 10.1500 7.1500 26.5000
v -0.4000 7.6200 53.5000
v 0.4000 7.6200 53.5000
v -0.4000 7.6200 46.5000
v 0.4000 7.6200 46.5000
v -0.4000 7.7000 53.5000
v 0.4000 7.7000 53.5000
v -0.4000 7.7000 46.5000
v 0.4000 7.7000 46.5000
v -0.4000 7.6200 43.5000
v 0.4000 7.6200 43.5000
v -0.4000 7.6200 36.5000
v 0.4000 7.6200 36.5000
v -0.4000 7.7000 43.5000
v 0.4000 7.7000 43.5000
v -0.4000 7.7000 36.5000
v 0.4000 7.7000 36.5000
v -0.4000 7.6200 33.5000
v 0.4000 7.6200 33.5000
v -0.4000 7.6200 26.5000
v 0.4000 7.6200 26.5000
v -0.4000 7.7000 33.5000
v 0.4000 7.7000 33.5000
v -0.4000 7.7000 26.5000
v 0.4000 7.7000 26.5000
v -2.0000 7.6200 -56.5000
v 2.0000 7.6200 -56.5000
v -2.0000 7.6200 -63.5000
v 2.0000 7.6200 -63.5000
v -2.0000 7.7000 -56.5000
v 2.0000 7.7000 -56.5000
v -2.0000 7.7000 -63.5000
v 2.0000 7.7000 -63.5000
v 9.9500 6.9500 23.8000
v 10.0500 6.9500 23.8000
v 9.9500 6.9500 -3.8000
v 10.0500 6.9500 -3.8000
v 9.9500 7.1000 23.8000
v 10.0500 7.1000 23.8000
v 9.9500 7.1000 -3.8000
v 10.0500 7.1000 -3.8000
v -3.0000 7.6200 20.3000
v 3.0000 7.6200 20.3000
v -3.0000 7.6200 19.7000
v 3.0000 7.6200 19.7000
v -3.0000 7.7000 20.3000
v 3.0000 7.7000 20.3000
v -3.0000 7.7000 19.7000
v 3.0000 7.7000 19.7000
v -3.0000 7.6200 10.3000
v 3.0000 7.6200 10.3000
v -3.0000 7.6200 9.7000
v 3.0000 7.6200 9.7000
v -3.0000 7.7000 10.3000
v 3.0000 7.7000 10.3000
v -3.0000 7.7000 9.7000
v 3.0000 7.7000 9.7000
v -3.0000 7.6200 0.3000
v 3.0000 7.6200 0.3000
v -3.0000 7.6200 -0.3000
v 3.0000 7.6200 -0.3000
v -3.0000 7.7000 0.3000
v 3.0000 7.7000 0.3000
v -3.0000 7.7000 -0.3000
v 3.0000 7.7000 -0.3000
v 1.3800 1.7000 -6.6000
v 1.4000 1.7000 -6.6000
v 1.3800 1.7000 -7.6000
v 1.4000 1.7000 -7.6000
v 1.3800 1.8500 -6.6000
v 1.4000 1.8500 -6.6000
v 1.3800 1.8500 -7.6000
v 1.4000 1.8500 -7.6000
v 1.3800 1.7000 -26.6000
v 1.4000 1.7000 -26.6000
v 1.3800 1.7000 -27.6000
v 1.4000 1.7000 -27.6000
v 1.3800 1.8500 -26.6000
v 1.4000 1.8500 -26.6000
v 1.3800 1.8500 -27.6000
v 1.4000 1.8500 -27.6000
v 1.3800 1.7000 -46.6000
v 1.4000 1.7000 -46.6000
v 1.3800 1.7000 -47.6000
v 1.4000 1.7000 -47.6000
v 1.3800 1.8500 -46.6000
v 1.4000 1.8500 -46.6000
v 1.3800 1.8500 -47.6000
v 1.4000 1.8500 -47.6000
v 1.3800 5.7000 -6.6000
v 1.4000 5.7000 -6.6000
v 1.3800 5.7000 -7.6000
v 1.4000 5.7000 -7.6000
v 1.3800 5.8500 -6.6000
v 1.4000 5.8500 -6.6000
v 1.3800 5.8500 -7.6000
v 1.4000 5.8500 -7.6000
v 1.3800 5.7000 -26.6000
v 1.4000 5.7000 -26.6000
v 1.3800 5.7000 -27.6000
v 1.4000 5.7000 -27.6000
v 1.3800 5.8500 -26.6000
v 1.4000 5.8500 -26.6000
v 1.3800 5.8500 -27.6000
v 1.4000 5.8500 -27.6000
v 1.3800 5.7000 -46.6000
v 1.4000 5.7000 -46.6000
v 1.3800 5.7000 -47.6000
v 1.4000 5.7000 -47.6000
v 1.3800 5.8500 -46.6000
v 1.4000 5.8500 -46.6000
v 1.3800 5.8500 -47.6000
v 1.4000 5.8500 -47.6000
v -2.5500 1.2000 -12.4000
v -2.5000 1.2000 -12.4000
v -2.5500 1.2000 -13.4000
v -2.5000 1.2000 -13.4000
v -2.5500 1.6000 -12.4000
v -2.5000 1.6000 -12.4000
v -2.5500 1.6000 -13.4000
v -2.5000 1.6000 -13.4000
v -2.5500 5.2000 -52.4000
v -2.5000 5.2000 -52.4000
v -2.5500 5.2000 -53.4000
v -2.5000 5.2000 -53.4000
v -2.5500 5.6000 -52.4000
v -2.5000 5.6000 -52.4000
v -2.5500 5.6000 -53.4000
v -2.5000 5.6000 -53.4000
v 4.5500 4.9000 -49.1000
v 5.8500 4.9000 -49.1000
v 4.5500 4.9000 -50.9000
v 5.8500 4.9000 -50.9000
v 4.5500 4.9300 -49.1000
v 5.8500 4.9300 -49.1000
v 4.5500 4.9300 -50.9000
v 5.8500 4.9300 -50.9000
v -3.4210 9.6000 -60.3000
v 3.4210 9.6000 -60.3000
v -3.4210 9.6000 -60.6000
v 3.4210 9.6000 -60.6000
v -3.4210 9.8000 -60.3000
v 3.4210 9.8000 -60.3000
v -3.4210 9.8000 -60.6000
v 3.4210 9.8000 -60.6000
f 4085 4087 4083 4081
f 4082 4084 4088 4086
f 4081 4082 4086 4085
f 4087 4088 4084 4083
f 4083 4084 4082 4081
f 4085 4086 4088 4087
f 4093 4095 4091 4089
f 4090 4092 4096 4094
f 4089 4090 4094 4093
f 4095 4096 4092 4091
f 4091 4092 4090 4089
f 4093 4094 4096 4095
f 4101 4103 4099 4097
f 4098 4100 4104 4102
f 4097 4098 4102 4101
f 4103 4104 4100 4099
f 4099 4100 4098 4097
f 4101 4102 4104 4103
f 4109 4111 4107 4105
f 4106 4108 4112 4110
f 4105 4106 4110 4109
f 4111 4112 4108 4107
f 4107 4108 4106 4105
f 4109 4110 4112 4111
f 4117 4119 4115 4113
f 4114 4116 4120 4118
f 4113 4114 4118 4117
f 4119 4120 4116 4115
f 4115 4116 4114 4113
f 4117 4118 4120 4119
f 4125 4127 4123 4121
f 4122 4124 4128 4126
f 4121 4122 4126 4125
f 4127 4128 4124 4123
f 4123 4124 4122 4121
f 4125 4126 4128 4127
f 4133 4135 4131 4129
f 4130 4132 4136 4134
f 4129 4130 4134 4133
f 4135 4136 4132 4131
f 4131 4132 4130 4129
f 4133 4134 4136 4135
f 4141 4143 4139 4137
f 4138 4140 4144 4142
f 4137 4138 4142 4141
f 4143 4144 4140 4139
f 4139 4140 4138 4137
f 4141 4142 4144 4143
f 4149 4151 4147 4145
f 4146 4148 4152 4150
f 4145 4146 4150 4149
f 4151 4152 4148 4147
f 4147 4148 4146 4145
f 4149 4150 4152 4151
f 4157 4159 4155 4153
f 4154 4156 4160 4158
f 4153 4154 4158 4157
f 4159 4160 4156 4155
f 4155 4156 4154 4153
f 4157 4158 4160 4159
f 4165 4167 4163 4161
f 4162 4164 4168 4166
f 4161 4162 4166 4165
f 4167 4168 4164 4163
f 4163 4164 4162 4161
f 4165 4166 4168 4167
f 4173 4175 4171 4169
f 4170 4172 4176 4174
f 4169 4170 4174 4173
f 4175 4176 4172 4171
f 4171 4172 4170 4169
f 4173 4174 4176 4175
f 4181 4183 4179 4177
f 4178 4180 4184 4182
f 4177 4178 4182 4181
f 4183 4184 4180 4179
f 4179 4180 4178 4177
f 4181 4182 4184 4183
f 4189 4191 4187 4185
f 4186 4188 4192 4190
f 4185 4186 4190 4189
f 4191 4192 4188 4187
f 4187 4188 4186 4185
f 4189 4190 4192 4191
f 4197 4199 4195 4193
f 4194 4196 4200 4198
f 4193 4194 4198 4197
f 4199 4200 4196 4195
f 4195 4196 4194 4193
f 4197 4198 4200 4199
f 4205 4207 4203 4201
f 4202 4204 4208 4206
f 4201 4202 4206 4205
f 4207 4208 4204 4203
f 4203 4204 4202 4201
f 4205 4206 4208 4207
f 4213 4215 4211 4209
f 4210 4212 4216 4214
f 4209 4210 4214 4213
f 4215 4216 4212 4211
f 4211 4212 4210 4209
f 4213 4214 4216 4215
f 4221 4223 4219 4217
f 4218 4220 4224 4222
f 4217 4218 4222 4221
f 4223 4224 4220 4219
f 4219 4220 4218 4217
f 4221 4222 4224 4223
f 4229 4231 4227 4225
f 4226 4228 4232 4230
f 4225 4226 4230 4229
f 4231 4232 4228 4227
f 4227 4228 4226 4225
f 4229 4230 4232 4231
f 4237 4239 4235 4233
f 4234 4236 4240 4238
f 4233 4234 4238 4237
f 4239 4240 4236 4235
f 4235 4236 4234 4233
f 4237 4238 4240 4239
f 4245 4247 4243 4241
f 4242 4244 4248 4246
f 4241 4242 4246 4245
f 4247 4248 4244 4243
f 4243 4244 4242 4241
f 4245 4246 4248 4247
f 4253 4255 4251 4249
f 4250 4252 4256 4254
f 4249 4250 4254 4253
f 4255 4256 4252 4251
f 4251 4252 4250 4249
f 4253 4254 4256 4255
f 4261 4263 4259 4257
f 4258 4260 4264 4262
f 4257 4258 4262 4261
f 4263 4264 4260 4259
f 4259 4260 4258 4257
f 4261 4262 4264 4263
f 4269 4271 4267 4265
f 4266 4268 4272 4270
f 4265 4266 4270 4269
f 4271 4272 4268 4267
f 4267 4268 4266 4265
f 4269 4270 4272 4271
f 4277 4279 4275 4273
f 4274 4276 4280 4278
f 4273 4274 4278 4277
f 4279 4280 4276 4275
f 4275 4276 4274 4273
f 4277 4278 4280 4279
f 4285 4287 4283 4281
f 4282 4284 4288 4286
f 4281 4282 4286 4285
f 4287 4288 4284 4283
f 4283 4284 4282 4281
f 4285 4286 4288 4287
f 4293 4295 4291 4289
f 4290 4292 4296 4294
f 4289 4290 4294 4293
f 4295 4296 4292 4291
f 4291 4292 4290 4289
f 4293 4294 4296 4295
f 4301 4303 4299 4297
f 4298 4300 4304 4302
f 4297 4298 4302 4301
f 4303 4304 4300 4299
f 4299 4300 4298 4297
f 4301 4302 4304 4303
f 4309 4311 4307 4305
f 4306 4308 4312 4310
f 4305 4306 4310 4309
f 4311 4312 4308 4307
f 4307 4308 4306 4305
f 4309 4310 4312 4311
f 4317 4319 4315 4313
f 4314 4316 4320 4318
f 4313 4314 4318 4317
f 4319 4320 4316 4315
f 4315 4316 4314 4313
f 4317 4318 4320 4319
f 4325 4327 4323 4321
f 4322 4324 4328 4326
f 4321 4322 4326 4325
f 4327 4328 4324 4323
f 4323 4324 4322 4321
f 4325 4326 4328 4327
o LARGE_Glass-col
usemtl Glass
v -5.0000 5.4000 -65.2000
v 5.0000 5.4000 -65.2000
v -5.0000 5.4000 -65.2800
v 5.0000 5.4000 -65.2800
v -5.0000 6.8000 -65.2000
v 5.0000 6.8000 -65.2000
v -5.0000 6.8000 -65.2800
v 5.0000 6.8000 -65.2800
f 4333 4335 4331 4329
f 4330 4332 4336 4334
f 4329 4330 4334 4333
f 4335 4336 4332 4331
f 4331 4332 4330 4329
f 4333 4334 4336 4335
o LARGE_Cover-col
usemtl Cover
v -6.2500 0.0000 -36.3000
v -5.8500 0.0000 -36.3000
v -6.2500 0.0000 -38.9000
v -5.8500 0.0000 -38.9000
v -6.2500 1.1500 -36.3000
v -5.8500 1.1500 -36.3000
v -6.2500 1.1500 -38.9000
v -5.8500 1.1500 -38.9000
v -5.0500 0.0000 -41.1000
v -4.6500 0.0000 -41.1000
v -5.0500 0.0000 -43.7000
v -4.6500 0.0000 -43.7000
v -5.0500 1.1500 -41.1000
v -4.6500 1.1500 -41.1000
v -5.0500 1.1500 -43.7000
v -4.6500 1.1500 -43.7000
v -3.4500 0.0000 -35.6000
v -2.2500 0.0000 -35.6000
v -3.4500 0.0000 -36.8000
v -2.2500 0.0000 -36.8000
v -3.4500 1.2000 -35.6000
v -2.2500 1.2000 -35.6000
v -3.4500 1.2000 -36.8000
v -2.2500 1.2000 -36.8000
v -3.4500 0.0000 -43.2000
v -2.2500 0.0000 -43.2000
v -3.4500 0.0000 -44.4000
v -2.2500 0.0000 -44.4000
v -3.4500 1.2000 -43.2000
v -2.2500 1.2000 -43.2000
v -3.4500 1.2000 -44.4000
v -2.2500 1.2000 -44.4000
v -6.2500 0.0000 -56.3000
v -5.8500 0.0000 -56.3000
v -6.2500 0.0000 -58.9000
v -5.8500 0.0000 -58.9000
v -6.2500 1.1500 -56.3000
v -5.8500 1.1500 -56.3000
v -6.2500 1.1500 -58.9000
v -5.8500 1.1500 -58.9000
v -5.0500 0.0000 -61.1000
v -4.6500 0.0000 -61.1000
v -5.0500 0.0000 -63.7000
v -4.6500 0.0000 -63.7000
v -5.0500 1.1500 -61.1000
v -4.6500 1.1500 -61.1000
v -5.0500 1.1500 -63.7000
v -4.6500 1.1500 -63.7000
v -3.4500 0.0000 -55.6000
v -2.2500 0.0000 -55.6000
v -3.4500 0.0000 -56.8000
v -2.2500 0.0000 -56.8000
v -3.4500 1.2000 -55.6000
v -2.2500 1.2000 -55.6000
v -3.4500 1.2000 -56.8000
v -2.2500 1.2000 -56.8000
v -3.4500 0.0000 -63.2000
v -2.2500 0.0000 -63.2000
v -3.4500 0.0000 -64.4000
v -2.2500 0.0000 -64.4000
v -3.4500 1.2000 -63.2000
v -2.2500 1.2000 -63.2000
v -3.4500 1.2000 -64.4000
v -2.2500 1.2000 -64.4000
v 5.8500 4.0000 -6.3000
v 6.2500 4.0000 -6.3000
v 5.8500 4.0000 -8.9000
v 6.2500 4.0000 -8.9000
v 5.8500 5.1500 -6.3000
v 6.2500 5.1500 -6.3000
v 5.8500 5.1500 -8.9000
v 6.2500 5.1500 -8.9000
v 4.6500 4.0000 -11.1000
v 5.0500 4.0000 -11.1000
v 4.6500 4.0000 -13.7000
v 5.0500 4.0000 -13.7000
v 4.6500 5.1500 -11.1000
v 5.0500 5.1500 -11.1000
v 4.6500 5.1500 -13.7000
v 5.0500 5.1500 -13.7000
v 2.2500 4.0000 -5.6000
v 3.4500 4.0000 -5.6000
v 2.2500 4.0000 -6.8000
v 3.4500 4.0000 -6.8000
v 2.2500 5.2000 -5.6000
v 3.4500 5.2000 -5.6000
v 2.2500 5.2000 -6.8000
v 3.4500 5.2000 -6.8000
v 2.2500 4.0000 -13.2000
v 3.4500 4.0000 -13.2000
v 2.2500 4.0000 -14.4000
v 3.4500 4.0000 -14.4000
v 2.2500 5.2000 -13.2000
v 3.4500 5.2000 -13.2000
v 2.2500 5.2000 -14.4000
v 3.4500 5.2000 -14.4000
v -6.2500 4.0000 -36.3000
v -5.8500 4.0000 -36.3000
v -6.2500 4.0000 -38.9000
v -5.8500 4.0000 -38.9000
v -6.2500 5.1500 -36.3000
v -5.8500 5.1500 -36.3000
v -6.2500 5.1500 -38.9000
v -5.8500 5.1500 -38.9000
v -5.0500 4.0000 -41.1000
v -4.6500 4.0000 -41.1000
v -5.0500 4.0000 -43.7000
v -4.6500 4.0000 -43.7000
v -5.0500 5.1500 -41.1000
v -4.6500 5.1500 -41.1000
v -5.0500 5.1500 -43.7000
v -4.6500 5.1500 -43.7000
v -3.4500 4.0000 -35.6000
v -2.2500 4.0000 -35.6000
v -3.4500 4.0000 -36.8000
v -2.2500 4.0000 -36.8000
v -3.4500 5.2000 -35.6000
v -2.2500 5.2000 -35.6000
v -3.4500 5.2000 -36.8000
v -2.2500 5.2000 -36.8000
v -3.4500 4.0000 -43.2000
v -2.2500 4.0000 -43.2000
v -3.4500 4.0000 -44.4000
v -2.2500 4.0000 -44.4000
v -3.4500 5.2000 -43.2000
v -2.2500 5.2000 -43.2000
v -3.4500 5.2000 -44.4000
v -2.2500 5.2000 -44.4000
v 3.2644 0.0000 45.2423
v 4.7762 0.0000 45.2423
v 3.2644 0.0000 43.7304
v 4.7762 0.0000 43.7304
v 3.2644 1.5118 45.2423
v 4.7762 1.5118 45.2423
v 3.2644 1.5118 43.7304
v 4.7762 1.5118 43.7304
v 4.1569 0.0000 53.6506
v 5.7471 0.0000 53.6506
v 4.1569 0.0000 52.0604
v 5.7471 0.0000 52.0604
v 4.1569 1.5902 53.6506
v 5.7471 1.5902 53.6506
v 4.1569 1.5902 52.0604
v 5.7471 1.5902 52.0604
v 4.2982 0.0000 31.4880
v 5.3603 0.0000 31.4880
v 4.2982 0.0000 30.4259
v 5.3603 0.0000 30.4259
v 4.2982 1.0621 31.4880
v 5.3603 1.0621 31.4880
v 4.2982 1.0621 30.4259
v 5.3603 1.0621 30.4259
v -5.1242 0.0000 43.9521
v -3.5930 0.0000 43.9521
v -5.1242 0.0000 42.4209
v -3.5930 0.0000 42.4209
v -5.1242 1.5312 43.9521
v -3.5930 1.5312 43.9521
v -5.1242 1.5312 42.4209
v -3.5930 1.5312 42.4209
v -4.7405 0.0000 41.5108
v -3.6880 0.0000 41.5108
v -4.7405 0.0000 40.4583
v -3.6880 0.0000 40.4583
v -4.7405 1.0525 41.5108
v -3.6880 1.0525 41.5108
v -4.7405 1.0525 40.4583
v -3.6880 1.0525 40.4583
v 3.3793 0.0000 29.3389
v 4.9300 0.0000 29.3389
v 3.3793 0.0000 27.7882
v 4.9300 0.0000 27.7882
v 3.3793 1.5507 29.3389
v 4.9300 1.5507 29.3389
v 3.3793 1.5507 27.7882
v 4.9300 1.5507 27.7882
v 4.3991 0.0000 48.6029
v 5.6981 0.0000 48.6029
v 4.3991 0.0000 47.3040
v 5.6981 0.0000 47.3040
v 4.3991 1.2990 48.6029
v 5.6981 1.2990 48.6029
v 4.3991 1.2990 47.3040
v 5.6981 1.2990 47.3040
v 4.6957 0.0000 30.9979
v 6.2083 0.0000 30.9979
v 4.6957 0.0000 29.4852
v 6.2083 0.0000 29.4852
v 4.6957 1.5126 30.9979
v 6.2083 1.5126 30.9979
v 4.6957 1.5126 29.4852
v 6.2083 1.5126 29.4852
v 4.8470 1.5126 30.8466
v 6.0571 1.5126 30.8466
v 4.8470 1.5126 29.6365
v 6.0571 1.5126 29.6365
v 4.8470 2.7227 30.8466
v 6.0571 2.7227 30.8466
v 4.8470 2.7227 29.6365
v 6.0571 2.7227 29.6365
v 3.5776 0.0000 30.8368
v 5.1120 0.0000 30.8368
v 3.5776 0.0000 29.3024
v 5.1120 0.0000 29.3024
v 3.5776 1.5343 30.8368
v 5.1120 1.5343 30.8368
v 3.5776 1.5343 29.3024
v 5.1120 1.5343 29.3024
v 3.7311 1.5343 30.6833
v 4.9585 1.5343 30.6833
v 3.7311 1.5343 29.4559
v 4.9585 1.5343 29.4559
v 3.7311 2.7618 30.6833
v 4.9585 2.7618 30.6833
v 3.7311 2.7618 29.4559
v 4.9585 2.7618 29.4559
v 3.4547 0.0000 30.6342
v 5.0422 0.0000 30.6342
v 3.4547 0.0000 29.0467
v 5.0422 0.0000 29.0467
v 3.4547 1.5875 30.6342
v 5.0422 1.5875 30.6342
v 3.4547 1.5875 29.0467
v 5.0422 1.5875 29.0467
v -4.8956 0.0000 37.4078
v -3.7689 0.0000 37.4078
v -4.8956 0.0000 36.2811
v -3.7689 0.0000 36.2811
v -4.8956 1.1267 37.4078
v -3.7689 1.1267 37.4078
v -4.8956 1.1267 36.2811
v -3.7689 1.1267 36.2811
v -4.5865 0.0000 49.2824
v -3.4346 0.0000 49.2824
v -4.5865 0.0000 48.1305
v -3.4346 0.0000 48.1305
v -4.5865 1.1519 49.2824
v -3.4346 1.1519 49.2824
v -4.5865 1.1519 48.1305
v -3.4346 1.1519 48.1305
v -4.1000 4.0000 -62.4000
v -1.9000 4.0000 -62.4000
v -4.1000 4.0000 -63.2000
v -1.9000 4.0000 -63.2000
v -4.1000 5.1000 -62.4000
v -1.9000 5.1000 -62.4000
v -4.1000 5.1000 -63.2000
v -1.9000 5.1000 -63.2000
v -1.1000 4.0000 -62.4000
v 1.1000 4.0000 -62.4000
v -1.1000 4.0000 -63.2000
v 1.1000 4.0000 -63.2000
v -1.1000 5.1000 -62.4000
v 1.1000 5.1000 -62.4000
v -1.1000 5.1000 -63.2000
v 1.1000 5.1000 -63.2000
v 1.9000 4.0000 -62.4000
v 4.1000 4.0000 -62.4000
v 1.9000 4.0000 -63.2000
v 4.1000 4.0000 -63.2000
v 1.9000 5.1000 -62.4000
v 4.1000 5.1000 -62.4000
v 1.9000 5.1000 -63.2000
v 4.1000 5.1000 -63.2000
v -2.5000 4.0000 -58.0000
v 2.5000 4.0000 -58.0000
v -2.5000 4.0000 -59.0000
v 2.5000 4.0000 -59.0000
v -2.5000 5.0000 -58.0000
v 2.5000 5.0000 -58.0000
v -2.5000 5.0000 -59.0000
v 2.5000 5.0000 -59.0000
v -6.9901 0.0000 14.4668
v -5.9768 0.0000 14.4668
v -6.9901 0.0000 13.4535
v -5.9768 0.0000 13.4535
v -6.9901 1.0133 14.4668
v -5.9768 1.0133 14.4668
v -6.9901 1.0133 13.4535
v -5.9768 1.0133 13.4535
v -7.4753 0.0000 19.1542
v -6.3450 0.0000 19.1542
v -7.4753 0.0000 18.0239
v -6.3450 0.0000 18.0239
v -7.4753 1.1303 19.1542
v -6.3450 1.1303 19.1542
v -7.4753 1.1303 18.0239
v -6.3450 1.1303 18.0239
v -8.1508 0.0000 16.7229
v -6.8215 0.0000 16.7229
v -8.1508 0.0000 15.3937
v -6.8215 0.0000 15.3937
v -8.1508 1.3292 16.7229
v -6.8215 1.3292 16.7229
v -8.1508 1.3292 15.3937
v -6.8215 1.3292 15.3937
v -6.6082 0.0000 0.0866
v -5.3976 0.0000 0.0866
v -6.6082 0.0000 -1.1239
v -5.3976 0.0000 -1.1239
v -6.6082 1.2105 0.0866
v -5.3976 1.2105 0.0866
v -6.6082 1.2105 -1.1239
v -5.3976 1.2105 -1.1239
v -7.7282 0.0000 4.6913
v -6.3965 0.0000 4.6913
v -7.7282 0.0000 3.3597
v -6.3965 0.0000 3.3597
v -7.7282 1.3317 4.6913
v -6.3965 1.3317 4.6913
v -7.7282 1.3317 3.3597
v -6.3965 1.3317 3.3597
v -7.7359 0.0000 8.1311
v -6.3558 0.0000 8.1311
v -7.7359 0.0000 6.7510
v -6.3558 0.0000 6.7510
v -7.7359 1.3801 8.1311
v -6.3558 1.3801 8.1311
v -7.7359 1.3801 6.7510
v -6.3558 1.3801 6.7510
v -7.4319 0.0000 6.2356
v -6.4847 0.0000 6.2356
v -7.4319 0.0000 5.2884
v -6.4847 0.0000 5.2884
v -7.4319 0.9472 6.2356
v -6.4847 0.9472 6.2356
v -7.4319 0.9472 5.2884
v -6.4847 0.9472 5.2884
v -8.3625 0.0000 21.7534
v -7.3900 0.0000 21.7534
v -8.3625 0.0000 20.7809
v -7.3900 0.0000 20.7809
v -8.3625 0.9725 21.7534
v -7.3900 0.9725 21.7534
v -8.3625 0.9725 20.7809
v -7.3900 0.9725 20.7809
v -8.2230 0.0000 13.4173
v -7.2267 0.0000 13.4173
v -8.2230 0.0000 12.4211
v -7.2267 0.0000 12.4211
v -8.2230 0.9963 13.4173
v -7.2267 0.9963 13.4173
v -8.2230 0.9963 12.4211
v -7.2267 0.9963 12.4211
v 3.6320 0.0000 -20.9039
v 4.7741 0.0000 -20.9039
v 3.6320 0.0000 -22.0460
v 4.7741 0.0000 -22.0460
v 3.6320 1.1421 -20.9039
v 4.7741 1.1421 -20.9039
v 3.6320 1.1421 -22.0460
v 4.7741 1.1421 -22.0460
v 5.8643 0.0000 -21.3040
v 7.2586 0.0000 -21.3040
v 5.8643 0.0000 -22.6983
v 7.2586 0.0000 -22.6983
v 5.8643 1.3943 -21.3040
v 7.2586 1.3943 -21.3040
v 5.8643 1.3943 -22.6983
v 7.2586 1.3943 -22.6983
v -7.1277 0.0000 -28.8776
v -5.7752 0.0000 -28.8776
v -7.1277 0.0000 -30.2300
v -5.7752 0.0000 -30.2300
v -7.1277 1.3525 -28.8776
v -5.7752 1.3525 -28.8776
v -7.1277 1.3525 -30.2300
v -5.7752 1.3525 -30.2300
v -6.4517 0.0000 -27.2902
v -5.1636 0.0000 -27.2902
v -6.4517 0.0000 -28.5783
v -5.1636 0.0000 -28.5783
v -6.4517 1.2881 -27.2902
v -5.1636 1.2881 -27.2902
v -6.4517 1.2881 -28.5783
v -5.1636 1.2881 -28.5783
v -7.1572 0.0000 -29.3082
v -6.1599 0.0000 -29.3082
v -7.1572 0.0000 -30.3055
v -6.1599 0.0000 -30.3055
v -7.1572 0.9973 -29.3082
v -6.1599 0.9973 -29.3082
v -7.1572 0.9973 -30.3055
v -6.1599 0.9973 -30.3055
v -8.1637 0.0000 -25.9726
v -6.8658 0.0000 -25.9726
v -8.1637 0.0000 -27.2705
v -6.8658 0.0000 -27.2705
v -8.1637 1.2979 -25.9726
v -6.8658 1.2979 -25.9726
v -8.1637 1.2979 -27.2705
v -6.8658 1.2979 -27.2705
v -6.8903 0.0000 -26.1491
v -5.5665 0.0000 -26.1491
v -6.8903 0.0000 -27.4729
v -5.5665 0.0000 -27.4729
v -6.8903 1.3237 -26.1491
v -5.5665 1.3237 -26.1491
v -6.8903 1.3237 -27.4729
v -5.5665 1.3237 -27.4729
v -6.2813 4.0000 -30.1044
v -5.0096 4.0000 -30.1044
v -6.2813 4.0000 -31.3761
v -5.0096 4.0000 -31.3761
v -6.2813 5.2717 -30.1044
v -5.0096 5.2717 -30.1044
v -6.2813 5.2717 -31.3761
v -5.0096 5.2717 -31.3761
v -8.4107 4.0000 -30.2057
v -7.1508 4.0000 -30.2057
v -8.4107 4.0000 -31.4655
v -7.1508 4.0000 -31.4655
v -8.4107 5.2598 -30.2057
v -7.1508 5.2598 -30.2057
v -8.4107 5.2598 -31.4655
v -7.1508 5.2598 -31.4655
v -8.2231 4.0000 -32.5775
v -6.9733 4.0000 -32.5775
v -8.2231 4.0000 -33.8272
v -6.9733 4.0000 -33.8272
v -8.2231 5.2498 -32.5775
v -6.9733 5.2498 -32.5775
v -8.2231 5.2498 -33.8272
v -6.9733 5.2498 -33.8272
v -8.2392 4.0000 -29.6542
v -6.8644 4.0000 -29.6542
v -8.2392 4.0000 -31.0290
v -6.8644 4.0000 -31.0290
v -8.2392 5.3748 -29.6542
v -6.8644 5.3748 -29.6542
v -8.2392 5.3748 -31.0290
v -6.8644 5.3748 -31.0290
v -8.1482 4.0000 -33.0320
v -7.0299 4.0000 -33.0320
v -8.1482 4.0000 -34.1502
v -7.0299 4.0000 -34.1502
v -8.1482 5.1183 -33.0320
v -7.0299 5.1183 -33.0320
v -8.1482 5.1183 -34.1502
v -7.0299 5.1183 -34.1502
f 4341 4343 4339 4337
f 4338 4340 4344 4342
f 4337 4338 4342 4341
f 4343 4344 4340 4339
f 4339 4340 4338 4337
f 4341 4342 4344 4343
f 4349 4351 4347 4345
f 4346 4348 4352 4350
f 4345 4346 4350 4349
f 4351 4352 4348 4347
f 4347 4348 4346 4345
f 4349 4350 4352 4351
f 4357 4359 4355 4353
f 4354 4356 4360 4358
f 4353 4354 4358 4357
f 4359 4360 4356 4355
f 4355 4356 4354 4353
f 4357 4358 4360 4359
f 4365 4367 4363 4361
f 4362 4364 4368 4366
f 4361 4362 4366 4365
f 4367 4368 4364 4363
f 4363 4364 4362 4361
f 4365 4366 4368 4367
f 4373 4375 4371 4369
f 4370 4372 4376 4374
f 4369 4370 4374 4373
f 4375 4376 4372 4371
f 4371 4372 4370 4369
f 4373 4374 4376 4375
f 4381 4383 4379 4377
f 4378 4380 4384 4382
f 4377 4378 4382 4381
f 4383 4384 4380 4379
f 4379 4380 4378 4377
f 4381 4382 4384 4383
f 4389 4391 4387 4385
f 4386 4388 4392 4390
f 4385 4386 4390 4389
f 4391 4392 4388 4387
f 4387 4388 4386 4385
f 4389 4390 4392 4391
f 4397 4399 4395 4393
f 4394 4396 4400 4398
f 4393 4394 4398 4397
f 4399 4400 4396 4395
f 4395 4396 4394 4393
f 4397 4398 4400 4399
f 4405 4407 4403 4401
f 4402 4404 4408 4406
f 4401 4402 4406 4405
f 4407 4408 4404 4403
f 4403 4404 4402 4401
f 4405 4406 4408 4407
f 4413 4415 4411 4409
f 4410 4412 4416 4414
f 4409 4410 4414 4413
f 4415 4416 4412 4411
f 4411 4412 4410 4409
f 4413 4414 4416 4415
f 4421 4423 4419 4417
f 4418 4420 4424 4422
f 4417 4418 4422 4421
f 4423 4424 4420 4419
f 4419 4420 4418 4417
f 4421 4422 4424 4423
f 4429 4431 4427 4425
f 4426 4428 4432 4430
f 4425 4426 4430 4429
f 4431 4432 4428 4427
f 4427 4428 4426 4425
f 4429 4430 4432 4431
f 4437 4439 4435 4433
f 4434 4436 4440 4438
f 4433 4434 4438 4437
f 4439 4440 4436 4435
f 4435 4436 4434 4433
f 4437 4438 4440 4439
f 4445 4447 4443 4441
f 4442 4444 4448 4446
f 4441 4442 4446 4445
f 4447 4448 4444 4443
f 4443 4444 4442 4441
f 4445 4446 4448 4447
f 4453 4455 4451 4449
f 4450 4452 4456 4454
f 4449 4450 4454 4453
f 4455 4456 4452 4451
f 4451 4452 4450 4449
f 4453 4454 4456 4455
f 4461 4463 4459 4457
f 4458 4460 4464 4462
f 4457 4458 4462 4461
f 4463 4464 4460 4459
f 4459 4460 4458 4457
f 4461 4462 4464 4463
f 4469 4471 4467 4465
f 4466 4468 4472 4470
f 4465 4466 4470 4469
f 4471 4472 4468 4467
f 4467 4468 4466 4465
f 4469 4470 4472 4471
f 4477 4479 4475 4473
f 4474 4476 4480 4478
f 4473 4474 4478 4477
f 4479 4480 4476 4475
f 4475 4476 4474 4473
f 4477 4478 4480 4479
f 4485 4487 4483 4481
f 4482 4484 4488 4486
f 4481 4482 4486 4485
f 4487 4488 4484 4483
f 4483 4484 4482 4481
f 4485 4486 4488 4487
f 4493 4495 4491 4489
f 4490 4492 4496 4494
f 4489 4490 4494 4493
f 4495 4496 4492 4491
f 4491 4492 4490 4489
f 4493 4494 4496 4495
f 4501 4503 4499 4497
f 4498 4500 4504 4502
f 4497 4498 4502 4501
f 4503 4504 4500 4499
f 4499 4500 4498 4497
f 4501 4502 4504 4503
f 4509 4511 4507 4505
f 4506 4508 4512 4510
f 4505 4506 4510 4509
f 4511 4512 4508 4507
f 4507 4508 4506 4505
f 4509 4510 4512 4511
f 4517 4519 4515 4513
f 4514 4516 4520 4518
f 4513 4514 4518 4517
f 4519 4520 4516 4515
f 4515 4516 4514 4513
f 4517 4518 4520 4519
f 4525 4527 4523 4521
f 4522 4524 4528 4526
f 4521 4522 4526 4525
f 4527 4528 4524 4523
f 4523 4524 4522 4521
f 4525 4526 4528 4527
f 4533 4535 4531 4529
f 4530 4532 4536 4534
f 4529 4530 4534 4533
f 4535 4536 4532 4531
f 4531 4532 4530 4529
f 4533 4534 4536 4535
f 4541 4543 4539 4537
f 4538 4540 4544 4542
f 4537 4538 4542 4541
f 4543 4544 4540 4539
f 4539 4540 4538 4537
f 4541 4542 4544 4543
f 4549 4551 4547 4545
f 4546 4548 4552 4550
f 4545 4546 4550 4549
f 4551 4552 4548 4547
f 4547 4548 4546 4545
f 4549 4550 4552 4551
f 4557 4559 4555 4553
f 4554 4556 4560 4558
f 4553 4554 4558 4557
f 4559 4560 4556 4555
f 4555 4556 4554 4553
f 4557 4558 4560 4559
f 4565 4567 4563 4561
f 4562 4564 4568 4566
f 4561 4562 4566 4565
f 4567 4568 4564 4563
f 4563 4564 4562 4561
f 4565 4566 4568 4567
f 4573 4575 4571 4569
f 4570 4572 4576 4574
f 4569 4570 4574 4573
f 4575 4576 4572 4571
f 4571 4572 4570 4569
f 4573 4574 4576 4575
f 4581 4583 4579 4577
f 4578 4580 4584 4582
f 4577 4578 4582 4581
f 4583 4584 4580 4579
f 4579 4580 4578 4577
f 4581 4582 4584 4583
f 4589 4591 4587 4585
f 4586 4588 4592 4590
f 4585 4586 4590 4589
f 4591 4592 4588 4587
f 4587 4588 4586 4585
f 4589 4590 4592 4591
f 4597 4599 4595 4593
f 4594 4596 4600 4598
f 4593 4594 4598 4597
f 4599 4600 4596 4595
f 4595 4596 4594 4593
f 4597 4598 4600 4599
f 4605 4607 4603 4601
f 4602 4604 4608 4606
f 4601 4602 4606 4605
f 4607 4608 4604 4603
f 4603 4604 4602 4601
f 4605 4606 4608 4607
f 4613 4615 4611 4609
f 4610 4612 4616 4614
f 4609 4610 4614 4613
f 4615 4616 4612 4611
f 4611 4612 4610 4609
f 4613 4614 4616 4615
f 4621 4623 4619 4617
f 4618 4620 4624 4622
f 4617 4618 4622 4621
f 4623 4624 4620 4619
f 4619 4620 4618 4617
f 4621 4622 4624 4623
f 4629 4631 4627 4625
f 4626 4628 4632 4630
f 4625 4626 4630 4629
f 4631 4632 4628 4627
f 4627 4628 4626 4625
f 4629 4630 4632 4631
f 4637 4639 4635 4633
f 4634 4636 4640 4638
f 4633 4634 4638 4637
f 4639 4640 4636 4635
f 4635 4636 4634 4633
f 4637 4638 4640 4639
f 4645 4647 4643 4641
f 4642 4644 4648 4646
f 4641 4642 4646 4645
f 4647 4648 4644 4643
f 4643 4644 4642 4641
f 4645 4646 4648 4647
f 4653 4655 4651 4649
f 4650 4652 4656 4654
f 4649 4650 4654 4653
f 4655 4656 4652 4651
f 4651 4652 4650 4649
f 4653 4654 4656 4655
f 4661 4663 4659 4657
f 4658 4660 4664 4662
f 4657 4658 4662 4661
f 4663 4664 4660 4659
f 4659 4660 4658 4657
f 4661 4662 4664 4663
f 4669 4671 4667 4665
f 4666 4668 4672 4670
f 4665 4666 4670 4669
f 4671 4672 4668 4667
f 4667 4668 4666 4665
f 4669 4670 4672 4671
f 4677 4679 4675 4673
f 4674 4676 4680 4678
f 4673 4674 4678 4677
f 4679 4680 4676 4675
f 4675 4676 4674 4673
f 4677 4678 4680 4679
f 4685 4687 4683 4681
f 4682 4684 4688 4686
f 4681 4682 4686 4685
f 4687 4688 4684 4683
f 4683 4684 4682 4681
f 4685 4686 4688 4687
f 4693 4695 4691 4689
f 4690 4692 4696 4694
f 4689 4690 4694 4693
f 4695 4696 4692 4691
f 4691 4692 4690 4689
f 4693 4694 4696 4695
f 4701 4703 4699 4697
f 4698 4700 4704 4702
f 4697 4698 4702 4701
f 4703 4704 4700 4699
f 4699 4700 4698 4697
f 4701 4702 4704 4703
f 4709 4711 4707 4705
f 4706 4708 4712 4710
f 4705 4706 4710 4709
f 4711 4712 4708 4707
f 4707 4708 4706 4705
f 4709 4710 4712 4711
f 4717 4719 4715 4713
f 4714 4716 4720 4718
f 4713 4714 4718 4717
f 4719 4720 4716 4715
f 4715 4716 4714 4713
f 4717 4718 4720 4719
f 4725 4727 4723 4721
f 4722 4724 4728 4726
f 4721 4722 4726 4725
f 4727 4728 4724 4723
f 4723 4724 4722 4721
f 4725 4726 4728 4727
f 4733 4735 4731 4729
f 4730 4732 4736 4734
f 4729 4730 4734 4733
f 4735 4736 4732 4731
f 4731 4732 4730 4729
f 4733 4734 4736 4735
f 4741 4743 4739 4737
f 4738 4740 4744 4742
f 4737 4738 4742 4741
f 4743 4744 4740 4739
f 4739 4740 4738 4737
f 4741 4742 4744 4743
f 4749 4751 4747 4745
f 4746 4748 4752 4750
f 4745 4746 4750 4749
f 4751 4752 4748 4747
f 4747 4748 4746 4745
f 4749 4750 4752 4751
f 4757 4759 4755 4753
f 4754 4756 4760 4758
f 4753 4754 4758 4757
f 4759 4760 4756 4755
f 4755 4756 4754 4753
f 4757 4758 4760 4759
f 4765 4767 4763 4761
f 4762 4764 4768 4766
f 4761 4762 4766 4765
f 4767 4768 4764 4763
f 4763 4764 4762 4761
f 4765 4766 4768 4767
f 4773 4775 4771 4769
f 4770 4772 4776 4774
f 4769 4770 4774 4773
f 4775 4776 4772 4771
f 4771 4772 4770 4769
f 4773 4774 4776 4775
o LARGE_Railings-col
usemtl Trim
v -6.4500 0.0000 -16.6000
v -6.3700 0.0000 -16.6000
v -6.4500 4.0000 -23.4000
v -6.3700 4.0000 -23.4000
v -6.4500 1.0000 -16.6000
v -6.3700 1.0000 -16.6000
v -6.4500 5.0000 -23.4000
v -6.3700 5.0000 -23.4000
v -6.4500 4.0000 -16.6000
v -6.3500 4.0000 -16.6000
v -6.4500 4.0000 -21.4000
v -6.3500 4.0000 -21.4000
v -6.4500 5.1000 -16.6000
v -6.3500 5.1000 -16.6000
v -6.4500 5.1000 -21.4000
v -6.3500 5.1000 -21.4000
v -8.9500 4.0000 -16.5000
v -6.4500 4.0000 -16.5000
v -8.9500 4.0000 -16.6000
v -6.4500 4.0000 -16.6000
v -8.9500 5.1000 -16.5000
v -6.4500 5.1000 -16.5000
v -8.9500 5.1000 -16.6000
v -6.4500 5.1000 -16.6000
f 4781 4783 4779 4777
f 4778 4780 4784 4782
f 4777 4778 4782 4781
f 4783 4784 4780 4779
f 4779 4780 4778 4777
f 4781 4782 4784 4783
f 4789 4791 4787 4785
f 4786 4788 4792 4790
f 4785 4786 4790 4789
f 4791 4792 4788 4787
f 4787 4788 4786 4785
f 4789 4790 4792 4791
f 4797 4799 4795 4793
f 4794 4796 4800 4798
f 4793 4794 4798 4797
f 4799 4800 4796 4795
f 4795 4796 4794 4793
f 4797 4798 4800 4799
o LARGE_Engines
usemtl Engine
v -1.4000 -0.2050 -81.1000
v 1.4000 -0.2050 -81.1000
v -1.4000 -0.2050 -81.8000
v 1.4000 -0.2050 -81.8000
v -1.4000 1.7550 -81.1000
v 1.4000 1.7550 -81.1000
v -1.4000 1.7550 -81.8000
v 1.4000 1.7550 -81.8000
v -9.1500 -0.7000 68.5000
v 9.1500 -0.7000 68.5000
v -9.1500 -0.7000 65.5000
v 9.1500 -0.7000 65.5000
v -9.1500 8.0000 68.5000
v 9.1500 8.0000 68.5000
v -9.1500 8.0000 65.5000
v 9.1500 8.0000 65.5000
v -4.4470 1.4750 71.0000
v -4.5728 2.1076 71.0000
v -4.9312 2.6438 71.0000
v -5.4674 3.0022 71.0000
v -6.1000 3.1280 71.0000
v -6.7326 3.0022 71.0000
v -7.2688 2.6438 71.0000
v -7.6272 2.1076 71.0000
v -7.7530 1.4750 71.0000
v -7.6272 0.8424 71.0000
v -7.2688 0.3062 71.0000
v -6.7326 -0.0522 71.0000
v -6.1000 -0.1780 71.0000
v -5.4674 -0.0522 71.0000
v -4.9312 0.3062 71.0000
v -4.5728 0.8424 71.0000
v -4.4470 1.4750 68.3000
v -4.5728 2.1076 68.3000
v -4.9312 2.6438 68.3000
v -5.4674 3.0022 68.3000
v -6.1000 3.1280 68.3000
v -6.7326 3.0022 68.3000
v -7.2688 2.6438 68.3000
v -7.6272 2.1076 68.3000
v -7.7530 1.4750 68.3000
v -7.6272 0.8424 68.3000
v -7.2688 0.3062 68.3000
v -6.7326 -0.0522 68.3000
v -6.1000 -0.1780 68.3000
v -5.4674 -0.0522 68.3000
v -4.9312 0.3062 68.3000
v -4.5728 0.8424 68.3000
v -4.6123 1.4750 71.6000
v -4.7255 2.0443 71.6000
v -5.0480 2.5270 71.6000
v -5.5307 2.8495 71.6000
v -6.1000 2.9627 71.6000
v -6.6693 2.8495 71.6000
v -7.1520 2.5270 71.6000
v -7.4745 2.0443 71.6000
v -7.5877 1.4750 71.6000
v -7.4745 0.9057 71.6000
v -7.1520 0.4230 71.6000
v -6.6693 0.1005 71.6000
v -6.1000 -0.0127 71.6000
v -5.5307 0.1005 71.6000
v -5.0480 0.4230 71.6000
v -4.7255 0.9057 71.6000
v -4.6123 1.4750 71.0000
v -4.7255 2.0443 71.0000
v -5.0480 2.5270 71.0000
v -5.5307 2.8495 71.0000
v -6.1000 2.9627 71.0000
v -6.6693 2.8495 71.0000
v -7.1520 2.5270 71.0000
v -7.4745 2.0443 71.0000
v -7.5877 1.4750 71.0000
v -7.4745 0.9057 71.0000
v -7.1520 0.4230 71.0000
v -6.6693 0.1005 71.0000
v -6.1000 -0.0127 71.0000
v -5.5307 0.1005 71.0000
v -5.0480 0.4230 71.0000
v -4.7255 0.9057 71.0000
v -4.4470 5.8250 71.0000
v -4.5728 6.4576 71.0000
v -4.9312 6.9938 71.0000
v -5.4674 7.3522 71.0000
v -6.1000 7.4780 71.0000
v -6.7326 7.3522 71.0000
v -7.2688 6.9938 71.0000
v -7.6272 6.4576 71.0000
v -7.7530 5.8250 71.0000
v -7.6272 5.1924 71.0000
v -7.2688 4.6562 71.0000
v -6.7326 4.2978 71.0000
v -6.1000 4.1720 71.0000
v -5.4674 4.2978 71.0000
v -4.9312 4.6562 71.0000
v -4.5728 5.1924 71.0000
v -4.4470 5.8250 68.3000
v -4.5728 6.4576 68.3000
v -4.9312 6.9938 68.3000
v -5.4674 7.3522 68.3000
v -6.1000 7.4780 68.3000
v -6.7326 7.3522 68.3000
v -7.2688 6.9938 68.3000
v -7.6272 6.4576 68.3000
v -7.7530 5.8250 68.3000
v -7.6272 5.1924 68.3000
v -7.2688 4.6562 68.3000
v -6.7326 4.2978 68.3000
v -6.1000 4.1720 68.3000
v -5.4674 4.2978 68.3000
v -4.9312 4.6562 68.3000
v -4.5728 5.1924 68.3000
v -4.6123 5.8250 71.6000
v -4.7255 6.3943 71.6000
v -5.0480 6.8770 71.6000
v -5.5307 7.1995 71.6000
v -6.1000 7.3127 71.6000
v -6.6693 7.1995 71.6000
v -7.1520 6.8770 71.6000
v -7.4745 6.3943 71.6000
v -7.5877 5.8250 71.6000
v -7.4745 5.2557 71.6000
v -7.1520 4.7730 71.6000
v -6.6693 4.4505 71.6000
v -6.1000 4.3373 71.6000
v -5.5307 4.4505 71.6000
v -5.0480 4.7730 71.6000
v -4.7255 5.2557 71.6000
v -4.6123 5.8250 71.0000
v -4.7255 6.3943 71.0000
v -5.0480 6.8770 71.0000
v -5.5307 7.1995 71.0000
v -6.1000 7.3127 71.0000
v -6.6693 7.1995 71.0000
v -7.1520 6.8770 71.0000
v -7.4745 6.3943 71.0000
v -7.5877 5.8250 71.0000
v -7.4745 5.2557 71.0000
v -7.1520 4.7730 71.0000
v -6.6693 4.4505 71.0000
v -6.1000 4.3373 71.0000
v -5.5307 4.4505 71.0000
v -5.0480 4.7730 71.0000
v -4.7255 5.2557 71.0000
v 1.6530 1.4750 71.0000
v 1.5272 2.1076 71.0000
v 1.1688 2.6438 71.0000
v 0.6326 3.0022 71.0000
v 0.0000 3.1280 71.0000
v -0.6326 3.0022 71.0000
v -1.1688 2.6438 71.0000
v -1.5272 2.1076 71.0000
v -1.6530 1.4750 71.0000
v -1.5272 0.8424 71.0000
v -1.1688 0.3062 71.0000
v -0.6326 -0.0522 71.0000
v -0.0000 -0.1780 71.0000
v 0.6326 -0.0522 71.0000
v 1.1688 0.3062 71.0000
v 1.5272 0.8424 71.0000
v 1.6530 1.4750 68.3000
v 1.5272 2.1076 68.3000
v 1.1688 2.6438 68.3000
v 0.6326 3.0022 68.3000
v 0.0000 3.1280 68.3000
v -0.6326 3.0022 68.3000
v -1.1688 2.6438 68.3000
v -1.5272 2.1076 68.3000
v -1.6530 1.4750 68.3000
v -1.5272 0.8424 68.3000
v -1.1688 0.3062 68.3000
v -0.6326 -0.0522 68.3000
v -0.0000 -0.1780 68.3000
v 0.6326 -0.0522 68.3000
v 1.1688 0.3062 68.3000
v 1.5272 0.8424 68.3000
v 1.4877 1.4750 71.6000
v 1.3745 2.0443 71.6000
v 1.0520 2.5270 71.6000
v 0.5693 2.8495 71.6000
v 0.0000 2.9627 71.6000
v -0.5693 2.8495 71.6000
v -1.0520 2.5270 71.6000
v -1.3745 2.0443 71.6000
v -1.4877 1.4750 71.6000
v -1.3745 0.9057 71.6000
v -1.0520 0.4230 71.6000
v -0.5693 0.1005 71.6000
v -0.0000 -0.0127 71.6000
v 0.5693 0.1005 71.6000
v 1.0520 0.4230 71.6000
v 1.3745 0.9057 71.6000
v 1.4877 1.4750 71.0000
v 1.3745 2.0443 71.0000
v 1.0520 2.5270 71.0000
v 0.5693 2.8495 71.0000
v 0.0000 2.9627 71.0000
v -0.5693 2.8495 71.0000
v -1.0520 2.5270 71.0000
v -1.3745 2.0443 71.0000
v -1.4877 1.4750 71.0000
v -1.3745 0.9057 71.0000
v -1.0520 0.4230 71.0000
v -0.5693 0.1005 71.0000
v -0.0000 -0.0127 71.0000
v 0.5693 0.1005 71.0000
v 1.0520 0.4230 71.0000
v 1.3745 0.9057 71.0000
v 1.6530 5.8250 71.0000
v 1.5272 6.4576 71.0000
v 1.1688 6.9938 71.0000
v 0.6326 7.3522 71.0000
v 0.0000 7.4780 71.0000
v -0.6326 7.3522 71.0000
v -1.1688 6.9938 71.0000
v -1.5272 6.4576 71.0000
v -1.6530 5.8250 71.0000
v -1.5272 5.1924 71.0000
v -1.1688 4.6562 71.0000
v -0.6326 4.2978 71.0000
v -0.0000 4.1720 71.0000
v 0.6326 4.2978 71.0000
v 1.1688 4.6562 71.0000
v 1.5272 5.1924 71.0000
v 1.6530 5.8250 68.3000
v 1.5272 6.4576 68.3000
v 1.1688 6.9938 68.3000
v 0.6326 7.3522 68.3000
v 0.0000 7.4780 68.3000
v -0.6326 7.3522 68.3000
v -1.1688 6.9938 68.3000
v -1.5272 6.4576 68.3000
v -1.6530 5.8250 68.3000
v -1.5272 5.1924 68.3000
v -1.1688 4.6562 68.3000
v -0.6326 4.2978 68.3000
v -0.0000 4.1720 68.3000
v 0.6326 4.2978 68.3000
v 1.1688 4.6562 68.3000
v 1.5272 5.1924 68.3000
v 1.4877 5.8250 71.6000
v 1.3745 6.3943 71.6000
v 1.0520 6.8770 71.6000
v 0.5693 7.1995 71.6000
v 0.0000 7.3127 71.6000
v -0.5693 7.1995 71.6000
v -1.0520 6.8770 71.6000
v -1.3745 6.3943 71.6000
v -1.4877 5.8250 71.6000
v -1.3745 5.2557 71.6000
v -1.0520 4.7730 71.6000
v -0.5693 4.4505 71.6000
v -0.0000 4.3373 71.6000
v 0.5693 4.4505 71.6000
v 1.0520 4.7730 71.6000
v 1.3745 5.2557 71.6000
v 1.4877 5.8250 71.0000
v 1.3745 6.3943 71.0000
v 1.0520 6.8770 71.0000
v 0.5693 7.1995 71.0000
v 0.0000 7.3127 71.0000
v -0.5693 7.1995 71.0000
v -1.0520 6.8770 71.0000
v -1.3745 6.3943 71.0000
v -1.4877 5.8250 71.0000
v -1.3745 5.2557 71.0000
v -1.0520 4.7730 71.0000
v -0.5693 4.4505 71.0000
v -0.0000 4.3373 71.0000
v 0.5693 4.4505 71.0000
v 1.0520 4.7730 71.0000
v 1.3745 5.2557 71.0000
v 7.7530 1.4750 71.0000
v 7.6272 2.1076 71.0000
v 7.2688 2.6438 71.0000
v 6.7326 3.0022 71.0000
v 6.1000 3.1280 71.0000
v 5.4674 3.0022 71.0000
v 4.9312 2.6438 71.0000
v 4.5728 2.1076 71.0000
v 4.4470 1.4750 71.0000
v 4.5728 0.8424 71.0000
v 4.9312 0.3062 71.0000
v 5.4674 -0.0522 71.0000
v 6.1000 -0.1780 71.0000
v 6.7326 -0.0522 71.0000
v 7.2688 0.3062 71.0000
v 7.6272 0.8424 71.0000
v 7.7530 1.4750 68.3000
v 7.6272 2.1076 68.3000
v 7.2688 2.6438 68.3000
v 6.7326 3.0022 68.3000
v 6.1000 3.1280 68.3000
v 5.4674 3.0022 68.3000
v 4.9312 2.6438 68.3000
v 4.5728 2.1076 68.3000
v 4.4470 1.4750 68.3000
v 4.5728 0.8424 68.3000
v 4.9312 0.3062 68.3000
v 5.4674 -0.0522 68.3000
v 6.1000 -0.1780 68.3000
v 6.7326 -0.0522 68.3000
v 7.2688 0.3062 68.3000
v 7.6272 0.8424 68.3000
v 7.5877 1.4750 71.6000
v 7.4745 2.0443 71.6000
v 7.1520 2.5270 71.6000
v 6.6693 2.8495 71.6000
v 6.1000 2.9627 71.6000
v 5.5307 2.8495 71.6000
v 5.0480 2.5270 71.6000
v 4.7255 2.0443 71.6000
v 4.6123 1.4750 71.6000
v 4.7255 0.9057 71.6000
v 5.0480 0.4230 71.6000
v 5.5307 0.1005 71.6000
v 6.1000 -0.0127 71.6000
v 6.6693 0.1005 71.6000
v 7.1520 0.4230 71.6000
v 7.4745 0.9057 71.6000
v 7.5877 1.4750 71.0000
v 7.4745 2.0443 71.0000
v 7.1520 2.5270 71.0000
v 6.6693 2.8495 71.0000
v 6.1000 2.9627 71.0000
v 5.5307 2.8495 71.0000
v 5.0480 2.5270 71.0000
v 4.7255 2.0443 71.0000
v 4.6123 1.4750 71.0000
v 4.7255 0.9057 71.0000
v 5.0480 0.4230 71.0000
v 5.5307 0.1005 71.0000
v 6.1000 -0.0127 71.0000
v 6.6693 0.1005 71.0000
v 7.1520 0.4230 71.0000
v 7.4745 0.9057 71.0000
v 7.7530 5.8250 71.0000
v 7.6272 6.4576 71.0000
v 7.2688 6.9938 71.0000
v 6.7326 7.3522 71.0000
v 6.1000 7.4780 71.0000
v 5.4674 7.3522 71.0000
v 4.9312 6.9938 71.0000
v 4.5728 6.4576 71.0000
v 4.4470 5.8250 71.0000
v 4.5728 5.1924 71.0000
v 4.9312 4.6562 71.0000
v 5.4674 4.2978 71.0000
v 6.1000 4.1720 71.0000
v 6.7326 4.2978 71.0000
v 7.2688 4.6562 71.0000
v 7.6272 5.1924 71.0000
v 7.7530 5.8250 68.3000
v 7.6272 6.4576 68.3000
v 7.2688 6.9938 68.3000
v 6.7326 7.3522 68.3000
v 6.1000 7.4780 68.3000
v 5.4674 7.3522 68.3000
v 4.9312 6.9938 68.3000
v 4.5728 6.4576 68.3000
v 4.4470 5.8250 68.3000
v 4.5728 5.1924 68.3000
v 4.9312 4.6562 68.3000
v 5.4674 4.2978 68.3000
v 6.1000 4.1720 68.3000
v 6.7326 4.2978 68.3000
v 7.2688 4.6562 68.3000
v 7.6272 5.1924 68.3000
v 7.5877 5.8250 71.6000
v 7.4745 6.3943 71.6000
v 7.1520 6.8770 71.6000
v 6.6693 7.1995 71.6000
v 6.1000 7.3127 71.6000
v 5.5307 7.1995 71.6000
v 5.0480 6.8770 71.6000
v 4.7255 6.3943 71.6000
v 4.6123 5.8250 71.6000
v 4.7255 5.2557 71.6000
v 5.0480 4.7730 71.6000
v 5.5307 4.4505 71.6000
v 6.1000 4.3373 71.6000
v 6.6693 4.4505 71.6000
v 7.1520 4.7730 71.6000
v 7.4745 5.2557 71.6000
v 7.5877 5.8250 71.0000
v 7.4745 6.3943 71.0000
v 7.1520 6.8770 71.0000
v 6.6693 7.1995 71.0000
v 6.1000 7.3127 71.0000
v 5.5307 7.1995 71.0000
v 5.0480 6.8770 71.0000
v 4.7255 6.3943 71.0000
v 4.6123 5.8250 71.0000
v 4.7255 5.2557 71.0000
v 5.0480 4.7730 71.0000
v 5.5307 4.4505 71.0000
v 6.1000 4.3373 71.0000
v 6.6693 4.4505 71.0000
v 7.1520 4.7730 71.0000
v 7.4745 5.2557 71.0000
f 4805 4807 4803 4801
f 4802 4804 4808 4806
f 4801 4802 4806 4805
f 4807 4808 4804 4803
f 4803 4804 4802 4801
f 4805 4806 4808 4807
f 4813 4815 4811 4809
f 4810 4812 4816 4814
f 4809 4810 4814 4813
f 4815 4816 4812 4811
f 4811 4812 4810 4809
f 4813 4814 4816 4815
f 4833 4834 4818 4817
f 4834 4835 4819 4818
f 4835 4836 4820 4819
f 4836 4837 4821 4820
f 4837 4838 4822 4821
f 4838 4839 4823 4822
f 4839 4840 4824 4823
f 4840 4841 4825 4824
f 4841 4842 4826 4825
f 4842 4843 4827 4826
f 4843 4844 4828 4827
f 4844 4845 4829 4828
f 4845 4846 4830 4829
f 4846 4847 4831 4830
f 4847 4848 4832 4831
f 4848 4833 4817 4832
f 4817 4818 4819 4820 4821 4822 4823 4824 4825 4826 4827 4828 4829 4830 4831 4832
f 4848 4847 4846 4845 4844 4843 4842 4841 4840 4839 4838 4837 4836 4835 4834 4833
f 4865 4866 4850 4849
f 4866 4867 4851 4850
f 4867 4868 4852 4851
f 4868 4869 4853 4852
f 4869 4870 4854 4853
f 4870 4871 4855 4854
f 4871 4872 4856 4855
f 4872 4873 4857 4856
f 4873 4874 4858 4857
f 4874 4875 4859 4858
f 4875 4876 4860 4859
f 4876 4877 4861 4860
f 4877 4878 4862 4861
f 4878 4879 4863 4862
f 4879 4880 4864 4863
f 4880 4865 4849 4864
f 4849 4850 4851 4852 4853 4854 4855 4856 4857 4858 4859 4860 4861 4862 4863 4864
f 4880 4879 4878 4877 4876 4875 4874 4873 4872 4871 4870 4869 4868 4867 4866 4865
f 4897 4898 4882 4881
f 4898 4899 4883 4882
f 4899 4900 4884 4883
f 4900 4901 4885 4884
f 4901 4902 4886 4885
f 4902 4903 4887 4886
f 4903 4904 4888 4887
f 4904 4905 4889 4888
f 4905 4906 4890 4889
f 4906 4907 4891 4890
f 4907 4908 4892 4891
f 4908 4909 4893 4892
f 4909 4910 4894 4893
f 4910 4911 4895 4894
f 4911 4912 4896 4895
f 4912 4897 4881 4896
f 4881 4882 4883 4884 4885 4886 4887 4888 4889 4890 4891 4892 4893 4894 4895 4896
f 4912 4911 4910 4909 4908 4907 4906 4905 4904 4903 4902 4901 4900 4899 4898 4897
f 4929 4930 4914 4913
f 4930 4931 4915 4914
f 4931 4932 4916 4915
f 4932 4933 4917 4916
f 4933 4934 4918 4917
f 4934 4935 4919 4918
f 4935 4936 4920 4919
f 4936 4937 4921 4920
f 4937 4938 4922 4921
f 4938 4939 4923 4922
f 4939 4940 4924 4923
f 4940 4941 4925 4924
f 4941 4942 4926 4925
f 4942 4943 4927 4926
f 4943 4944 4928 4927
f 4944 4929 4913 4928
f 4913 4914 4915 4916 4917 4918 4919 4920 4921 4922 4923 4924 4925 4926 4927 4928
f 4944 4943 4942 4941 4940 4939 4938 4937 4936 4935 4934 4933 4932 4931 4930 4929
f 4961 4962 4946 4945
f 4962 4963 4947 4946
f 4963 4964 4948 4947
f 4964 4965 4949 4948
f 4965 4966 4950 4949
f 4966 4967 4951 4950
f 4967 4968 4952 4951
f 4968 4969 4953 4952
f 4969 4970 4954 4953
f 4970 4971 4955 4954
f 4971 4972 4956 4955
f 4972 4973 4957 4956
f 4973 4974 4958 4957
f 4974 4975 4959 4958
f 4975 4976 4960 4959
f 4976 4961 4945 4960
f 4945 4946 4947 4948 4949 4950 4951 4952 4953 4954 4955 4956 4957 4958 4959 4960
f 4976 4975 4974 4973 4972 4971 4970 4969 4968 4967 4966 4965 4964 4963 4962 4961
f 4993 4994 4978 4977
f 4994 4995 4979 4978
f 4995 4996 4980 4979
f 4996 4997 4981 4980
f 4997 4998 4982 4981
f 4998 4999 4983 4982
f 4999 5000 4984 4983
f 5000 5001 4985 4984
f 5001 5002 4986 4985
f 5002 5003 4987 4986
f 5003 5004 4988 4987
f 5004 5005 4989 4988
f 5005 5006 4990 4989
f 5006 5007 4991 4990
f 5007 5008 4992 4991
f 5008 4993 4977 4992
f 4977 4978 4979 4980 4981 4982 4983 4984 4985 4986 4987 4988 4989 4990 4991 4992
f 5008 5007 5006 5005 5004 5003 5002 5001 5000 4999 4998 4997 4996 4995 4994 4993
f 5025 5026 5010 5009
f 5026 5027 5011 5010
f 5027 5028 5012 5011
f 5028 5029 5013 5012
f 5029 5030 5014 5013
f 5030 5031 5015 5014
f 5031 5032 5016 5015
f 5032 5033 5017 5016
f 5033 5034 5018 5017
f 5034 5035 5019 5018
f 5035 5036 5020 5019
f 5036 5037 5021 5020
f 5037 5038 5022 5021
f 5038 5039 5023 5022
f 5039 5040 5024 5023
f 5040 5025 5009 5024
f 5009 5010 5011 5012 5013 5014 5015 5016 5017 5018 5019 5020 5021 5022 5023 5024
f 5040 5039 5038 5037 5036 5035 5034 5033 5032 5031 5030 5029 5028 5027 5026 5025
f 5057 5058 5042 5041
f 5058 5059 5043 5042
f 5059 5060 5044 5043
f 5060 5061 5045 5044
f 5061 5062 5046 5045
f 5062 5063 5047 5046
f 5063 5064 5048 5047
f 5064 5065 5049 5048
f 5065 5066 5050 5049
f 5066 5067 5051 5050
f 5067 5068 5052 5051
f 5068 5069 5053 5052
f 5069 5070 5054 5053
f 5070 5071 5055 5054
f 5071 5072 5056 5055
f 5072 5057 5041 5056
f 5041 5042 5043 5044 5045 5046 5047 5048 5049 5050 5051 5052 5053 5054 5055 5056
f 5072 5071 5070 5069 5068 5067 5066 5065 5064 5063 5062 5061 5060 5059 5058 5057
f 5089 5090 5074 5073
f 5090 5091 5075 5074
f 5091 5092 5076 5075
f 5092 5093 5077 5076
f 5093 5094 5078 5077
f 5094 5095 5079 5078
f 5095 5096 5080 5079
f 5096 5097 5081 5080
f 5097 5098 5082 5081
f 5098 5099 5083 5082
f 5099 5100 5084 5083
f 5100 5101 5085 5084
f 5101 5102 5086 5085
f 5102 5103 5087 5086
f 5103 5104 5088 5087
f 5104 5089 5073 5088
f 5073 5074 5075 5076 5077 5078 5079 5080 5081 5082 5083 5084 5085 5086 5087 5088
f 5104 5103 5102 5101 5100 5099 5098 5097 5096 5095 5094 5093 5092 5091 5090 5089
f 5121 5122 5106 5105
f 5122 5123 5107 5106
f 5123 5124 5108 5107
f 5124 5125 5109 5108
f 5125 5126 5110 5109
f 5126 5127 5111 5110
f 5127 5128 5112 5111
f 5128 5129 5113 5112
f 5129 5130 5114 5113
f 5130 5131 5115 5114
f 5131 5132 5116 5115
f 5132 5133 5117 5116
f 5133 5134 5118 5117
f 5134 5135 5119 5118
f 5135 5136 5120 5119
f 5136 5121 5105 5120
f 5105 5106 5107 5108 5109 5110 5111 5112 5113 5114 5115 5116 5117 5118 5119 5120
f 5136 5135 5134 5133 5132 5131 5130 5129 5128 5127 5126 5125 5124 5123 5122 5121
f 5153 5154 5138 5137
f 5154 5155 5139 5138
f 5155 5156 5140 5139
f 5156 5157 5141 5140
f 5157 5158 5142 5141
f 5158 5159 5143 5142
f 5159 5160 5144 5143
f 5160 5161 5145 5144
f 5161 5162 5146 5145
f 5162 5163 5147 5146
f 5163 5164 5148 5147
f 5164 5165 5149 5148
f 5165 5166 5150 5149
f 5166 5167 5151 5150
f 5167 5168 5152 5151
f 5168 5153 5137 5152
f 5137 5138 5139 5140 5141 5142 5143 5144 5145 5146 5147 5148 5149 5150 5151 5152
f 5168 5167 5166 5165 5164 5163 5162 5161 5160 5159 5158 5157 5156 5155 5154 5153
f 5185 5186 5170 5169
f 5186 5187 5171 5170
f 5187 5188 5172 5171
f 5188 5189 5173 5172
f 5189 5190 5174 5173
f 5190 5191 5175 5174
f 5191 5192 5176 5175
f 5192 5193 5177 5176
f 5193 5194 5178 5177
f 5194 5195 5179 5178
f 5195 5196 5180 5179
f 5196 5197 5181 5180
f 5197 5198 5182 5181
f 5198 5199 5183 5182
f 5199 5200 5184 5183
f 5200 5185 5169 5184
f 5169 5170 5171 5172 5173 5174 5175 5176 5177 5178 5179 5180 5181 5182 5183 5184
f 5200 5199 5198 5197 5196 5195 5194 5193 5192 5191 5190 5189 5188 5187 5186 5185
o LARGE_EngineGlow
usemtl EngineGlow
v -4.9098 1.4750 71.7000
v -5.0004 1.9305 71.7000
v -5.2584 2.3166 71.7000
v -5.6445 2.5746 71.7000
v -6.1000 2.6652 71.7000
v -6.5555 2.5746 71.7000
v -6.9416 2.3166 71.7000
v -7.1996 1.9305 71.7000
v -7.2902 1.4750 71.7000
v -7.1996 1.0195 71.7000
v -6.9416 0.6334 71.7000
v -6.5555 0.3754 71.7000
v -6.1000 0.2848 71.7000
v -5.6445 0.3754 71.7000
v -5.2584 0.6334 71.7000
v -5.0004 1.0195 71.7000
v -4.9098 1.4750 71.6000
v -5.0004 1.9305 71.6000
v -5.2584 2.3166 71.6000
v -5.6445 2.5746 71.6000
v -6.1000 2.6652 71.6000
v -6.5555 2.5746 71.6000
v -6.9416 2.3166 71.6000
v -7.1996 1.9305 71.6000
v -7.2902 1.4750 71.6000
v -7.1996 1.0195 71.6000
v -6.9416 0.6334 71.6000
v -6.5555 0.3754 71.6000
v -6.1000 0.2848 71.6000
v -5.6445 0.3754 71.6000
v -5.2584 0.6334 71.6000
v -5.0004 1.0195 71.6000
v -4.9098 5.8250 71.7000
v -5.0004 6.2805 71.7000
v -5.2584 6.6666 71.7000
v -5.6445 6.9246 71.7000
v -6.1000 7.0152 71.7000
v -6.5555 6.9246 71.7000
v -6.9416 6.6666 71.7000
v -7.1996 6.2805 71.7000
v -7.2902 5.8250 71.7000
v -7.1996 5.3695 71.7000
v -6.9416 4.9834 71.7000
v -6.5555 4.7254 71.7000
v -6.1000 4.6348 71.7000
v -5.6445 4.7254 71.7000
v -5.2584 4.9834 71.7000
v -5.0004 5.3695 71.7000
v -4.9098 5.8250 71.6000
v -5.0004 6.2805 71.6000
v -5.2584 6.6666 71.6000
v -5.6445 6.9246 71.6000
v -6.1000 7.0152 71.6000
v -6.5555 6.9246 71.6000
v -6.9416 6.6666 71.6000
v -7.1996 6.2805 71.6000
v -7.2902 5.8250 71.6000
v -7.1996 5.3695 71.6000
v -6.9416 4.9834 71.6000
v -6.5555 4.7254 71.6000
v -6.1000 4.6348 71.6000
v -5.6445 4.7254 71.6000
v -5.2584 4.9834 71.6000
v -5.0004 5.3695 71.6000
v 1.1902 1.4750 71.7000
v 1.0996 1.9305 71.7000
v 0.8416 2.3166 71.7000
v 0.4555 2.5746 71.7000
v 0.0000 2.6652 71.7000
v -0.4555 2.5746 71.7000
v -0.8416 2.3166 71.7000
v -1.0996 1.9305 71.7000
v -1.1902 1.4750 71.7000
v -1.0996 1.0195 71.7000
v -0.8416 0.6334 71.7000
v -0.4555 0.3754 71.7000
v -0.0000 0.2848 71.7000
v 0.4555 0.3754 71.7000
v 0.8416 0.6334 71.7000
v 1.0996 1.0195 71.7000
v 1.1902 1.4750 71.6000
v 1.0996 1.9305 71.6000
v 0.8416 2.3166 71.6000
v 0.4555 2.5746 71.6000
v 0.0000 2.6652 71.6000
v -0.4555 2.5746 71.6000
v -0.8416 2.3166 71.6000
v -1.0996 1.9305 71.6000
v -1.1902 1.4750 71.6000
v -1.0996 1.0195 71.6000
v -0.8416 0.6334 71.6000
v -0.4555 0.3754 71.6000
v -0.0000 0.2848 71.6000
v 0.4555 0.3754 71.6000
v 0.8416 0.6334 71.6000
v 1.0996 1.0195 71.6000
v 1.1902 5.8250 71.7000
v 1.0996 6.2805 71.7000
v 0.8416 6.6666 71.7000
v 0.4555 6.9246 71.7000
v 0.0000 7.0152 71.7000
v -0.4555 6.9246 71.7000
v -0.8416 6.6666 71.7000
v -1.0996 6.2805 71.7000
v -1.1902 5.8250 71.7000
v -1.0996 5.3695 71.7000
v -0.8416 4.9834 71.7000
v -0.4555 4.7254 71.7000
v -0.0000 4.6348 71.7000
v 0.4555 4.7254 71.7000
v 0.8416 4.9834 71.7000
v 1.0996 5.3695 71.7000
v 1.1902 5.8250 71.6000
v 1.0996 6.2805 71.6000
v 0.8416 6.6666 71.6000
v 0.4555 6.9246 71.6000
v 0.0000 7.0152 71.6000
v -0.4555 6.9246 71.6000
v -0.8416 6.6666 71.6000
v -1.0996 6.2805 71.6000
v -1.1902 5.8250 71.6000
v -1.0996 5.3695 71.6000
v -0.8416 4.9834 71.6000
v -0.4555 4.7254 71.6000
v -0.0000 4.6348 71.6000
v 0.4555 4.7254 71.6000
v 0.8416 4.9834 71.6000
v 1.0996 5.3695 71.6000
v 7.2902 1.4750 71.7000
v 7.1996 1.9305 71.7000
v 6.9416 2.3166 71.7000
v 6.5555 2.5746 71.7000
v 6.1000 2.6652 71.7000
v 5.6445 2.5746 71.7000
v 5.2584 2.3166 71.7000
v 5.0004 1.9305 71.7000
v 4.9098 1.4750 71.7000
v 5.0004 1.0195 71.7000
v 5.2584 0.6334 71.7000
v 5.6445 0.3754 71.7000
v 6.1000 0.2848 71.7000
v 6.5555 0.3754 71.7000
v 6.9416 0.6334 71.7000
v 7.1996 1.0195 71.7000
v 7.2902 1.4750 71.6000
v 7.1996 1.9305 71.6000
v 6.9416 2.3166 71.6000
v 6.5555 2.5746 71.6000
v 6.1000 2.6652 71.6000
v 5.6445 2.5746 71.6000
v 5.2584 2.3166 71.6000
v 5.0004 1.9305 71.6000
v 4.9098 1.4750 71.6000
v 5.0004 1.0195 71.6000
v 5.2584 0.6334 71.6000
v 5.6445 0.3754 71.6000
v 6.1000 0.2848 71.6000
v 6.5555 0.3754 71.6000
v 6.9416 0.6334 71.6000
v 7.1996 1.0195 71.6000
v 7.2902 5.8250 71.7000
v 7.1996 6.2805 71.7000
v 6.9416 6.6666 71.7000
v 6.5555 6.9246 71.7000
v 6.1000 7.0152 71.7000
v 5.6445 6.9246 71.7000
v 5.2584 6.6666 71.7000
v 5.0004 6.2805 71.7000
v 4.9098 5.8250 71.7000
v 5.0004 5.3695 71.7000
v 5.2584 4.9834 71.7000
v 5.6445 4.7254 71.7000
v 6.1000 4.6348 71.7000
v 6.5555 4.7254 71.7000
v 6.9416 4.9834 71.7000
v 7.1996 5.3695 71.7000
v 7.2902 5.8250 71.6000
v 7.1996 6.2805 71.6000
v 6.9416 6.6666 71.6000
v 6.5555 6.9246 71.6000
v 6.1000 7.0152 71.6000
v 5.6445 6.9246 71.6000
v 5.2584 6.6666 71.6000
v 5.0004 6.2805 71.6000
v 4.9098 5.8250 71.6000
v 5.0004 5.3695 71.6000
v 5.2584 4.9834 71.6000
v 5.6445 4.7254 71.6000
v 6.1000 4.6348 71.6000
v 6.5555 4.7254 71.6000
v 6.9416 4.9834 71.6000
v 7.1996 5.3695 71.6000
f 5217 5218 5202 5201
f 5218 5219 5203 5202
f 5219 5220 5204 5203
f 5220 5221 5205 5204
f 5221 5222 5206 5205
f 5222 5223 5207 5206
f 5223 5224 5208 5207
f 5224 5225 5209 5208
f 5225 5226 5210 5209
f 5226 5227 5211 5210
f 5227 5228 5212 5211
f 5228 5229 5213 5212
f 5229 5230 5214 5213
f 5230 5231 5215 5214
f 5231 5232 5216 5215
f 5232 5217 5201 5216
f 5201 5202 5203 5204 5205 5206 5207 5208 5209 5210 5211 5212 5213 5214 5215 5216
f 5232 5231 5230 5229 5228 5227 5226 5225 5224 5223 5222 5221 5220 5219 5218 5217
f 5249 5250 5234 5233
f 5250 5251 5235 5234
f 5251 5252 5236 5235
f 5252 5253 5237 5236
f 5253 5254 5238 5237
f 5254 5255 5239 5238
f 5255 5256 5240 5239
f 5256 5257 5241 5240
f 5257 5258 5242 5241
f 5258 5259 5243 5242
f 5259 5260 5244 5243
f 5260 5261 5245 5244
f 5261 5262 5246 5245
f 5262 5263 5247 5246
f 5263 5264 5248 5247
f 5264 5249 5233 5248
f 5233 5234 5235 5236 5237 5238 5239 5240 5241 5242 5243 5244 5245 5246 5247 5248
f 5264 5263 5262 5261 5260 5259 5258 5257 5256 5255 5254 5253 5252 5251 5250 5249
f 5281 5282 5266 5265
f 5282 5283 5267 5266
f 5283 5284 5268 5267
f 5284 5285 5269 5268
f 5285 5286 5270 5269
f 5286 5287 5271 5270
f 5287 5288 5272 5271
f 5288 5289 5273 5272
f 5289 5290 5274 5273
f 5290 5291 5275 5274
f 5291 5292 5276 5275
f 5292 5293 5277 5276
f 5293 5294 5278 5277
f 5294 5295 5279 5278
f 5295 5296 5280 5279
f 5296 5281 5265 5280
f 5265 5266 5267 5268 5269 5270 5271 5272 5273 5274 5275 5276 5277 5278 5279 5280
f 5296 5295 5294 5293 5292 5291 5290 5289 5288 5287 5286 5285 5284 5283 5282 5281
f 5313 5314 5298 5297
f 5314 5315 5299 5298
f 5315 5316 5300 5299
f 5316 5317 5301 5300
f 5317 5318 5302 5301
f 5318 5319 5303 5302
f 5319 5320 5304 5303
f 5320 5321 5305 5304
f 5321 5322 5306 5305
f 5322 5323 5307 5306
f 5323 5324 5308 5307
f 5324 5325 5309 5308
f 5325 5326 5310 5309
f 5326 5327 5311 5310
f 5327 5328 5312 5311
f 5328 5313 5297 5312
f 5297 5298 5299 5300 5301 5302 5303 5304 5305 5306 5307 5308 5309 5310 5311 5312
f 5328 5327 5326 5325 5324 5323 5322 5321 5320 5319 5318 5317 5316 5315 5314 5313
f 5345 5346 5330 5329
f 5346 5347 5331 5330
f 5347 5348 5332 5331
f 5348 5349 5333 5332
f 5349 5350 5334 5333
f 5350 5351 5335 5334
f 5351 5352 5336 5335
f 5352 5353 5337 5336
f 5353 5354 5338 5337
f 5354 5355 5339 5338
f 5355 5356 5340 5339
f 5356 5357 5341 5340
f 5357 5358 5342 5341
f 5358 5359 5343 5342
f 5359 5360 5344 5343
f 5360 5345 5329 5344
f 5329 5330 5331 5332 5333 5334 5335 5336 5337 5338 5339 5340 5341 5342 5343 5344
f 5360 5359 5358 5357 5356 5355 5354 5353 5352 5351 5350 5349 5348 5347 5346 5345
f 5377 5378 5362 5361
f 5378 5379 5363 5362
f 5379 5380 5364 5363
f 5380 5381 5365 5364
f 5381 5382 5366 5365
f 5382 5383 5367 5366
f 5383 5384 5368 5367
f 5384 5385 5369 5368
f 5385 5386 5370 5369
f 5386 5387 5371 5370
f 5387 5388 5372 5371
f 5388 5389 5373 5372
f 5389 5390 5374 5373
f 5390 5391 5375 5374
f 5391 5392 5376 5375
f 5392 5377 5361 5376
f 5361 5362 5363 5364 5365 5366 5367 5368 5369 5370 5371 5372 5373 5374 5375 5376
f 5392 5391 5390 5389 5388 5387 5386 5385 5384 5383 5382 5381 5380 5379 5378 5377
o LARGE_Reactor-col
usemtl Reactor
v 1.6000 0.0000 60.0000
v 1.5217 0.0000 59.5056
v 1.2944 0.0000 59.0595
v 0.9405 0.0000 58.7056
v 0.4944 0.0000 58.4783
v 0.0000 0.0000 58.4000
v -0.4944 0.0000 58.4783
v -0.9405 0.0000 58.7056
v -1.2944 0.0000 59.0595
v -1.5217 0.0000 59.5056
v -1.6000 0.0000 60.0000
v -1.5217 0.0000 60.4944
v -1.2944 0.0000 60.9405
v -0.9405 0.0000 61.2944
v -0.4944 0.0000 61.5217
v -0.0000 0.0000 61.6000
v 0.4944 0.0000 61.5217
v 0.9405 0.0000 61.2944
v 1.2944 0.0000 60.9405
v 1.5217 0.0000 60.4944
v 1.6000 7.7000 60.0000
v 1.5217 7.7000 59.5056
v 1.2944 7.7000 59.0595
v 0.9405 7.7000 58.7056
v 0.4944 7.7000 58.4783
v 0.0000 7.7000 58.4000
v -0.4944 7.7000 58.4783
v -0.9405 7.7000 58.7056
v -1.2944 7.7000 59.0595
v -1.5217 7.7000 59.5056
v -1.6000 7.7000 60.0000
v -1.5217 7.7000 60.4944
v -1.2944 7.7000 60.9405
v -0.9405 7.7000 61.2944
v -0.4944 7.7000 61.5217
v -0.0000 7.7000 61.6000
v 0.4944 7.7000 61.5217
v 0.9405 7.7000 61.2944
v 1.2944 7.7000 60.9405
v 1.5217 7.7000 60.4944
f 5393 5394 5414 5413
f 5394 5395 5415 5414
f 5395 5396 5416 5415
f 5396 5397 5417 5416
f 5397 5398 5418 5417
f 5398 5399 5419 5418
f 5399 5400 5420 5419
f 5400 5401 5421 5420
f 5401 5402 5422 5421
f 5402 5403 5423 5422
f 5403 5404 5424 5423
f 5404 5405 5425 5424
f 5405 5406 5426 5425
f 5406 5407 5427 5426
f 5407 5408 5428 5427
f 5408 5409 5429 5428
f 5409 5410 5430 5429
f 5410 5411 5431 5430
f 5411 5412 5432 5431
f 5412 5393 5413 5432
f 5412 5411 5410 5409 5408 5407 5406 5405 5404 5403 5402 5401 5400 5399 5398 5397 5396 5395 5394 5393
f 5413 5414 5415 5416 5417 5418 5419 5420 5421 5422 5423 5424 5425 5426 5427 5428 5429 5430 5431 5432
o LARGE_Details
usemtl Trim
v 0.1200 10.2000 56.5000
v 0.0849 10.2000 56.4151
v 0.0000 10.2000 56.3800
v -0.0849 10.2000 56.4151
v -0.1200 10.2000 56.5000
v -0.0849 10.2000 56.5849
v -0.0000 10.2000 56.6200
v 0.0849 10.2000 56.5849
v 0.1200 15.0000 56.5000
v 0.0849 15.0000 56.4151
v 0.0000 15.0000 56.3800
v -0.0849 15.0000 56.4151
v -0.1200 15.0000 56.5000
v -0.0849 15.0000 56.5849
v -0.0000 15.0000 56.6200
v 0.0849 15.0000 56.5849
v -1.2000 13.5000 56.6000
v 1.2000 13.5000 56.6000
v -1.2000 13.5000 56.4000
v 1.2000 13.5000 56.4000
v -1.2000 13.7000 56.6000
v 1.2000 13.7000 56.6000
v -1.2000 13.7000 56.4000
v 1.2000 13.7000 56.4000
v 7.9350 8.4000 32.1727
v 9.5684 8.4000 32.1727
v 7.9350 8.4000 29.2333
v 9.5684 8.4000 29.2333
v 7.9350 8.6033 32.1727
v 9.5684 8.6033 32.1727
v 7.9350 8.6033 29.2333
v 9.5684 8.6033 29.2333
v 6.9464 8.4000 -31.3835
v 7.9264 8.4000 -31.3835
v 6.9464 8.4000 -33.5266
v 7.9264 8.4000 -33.5266
v 6.9464 8.8294 -31.3835
v 7.9264 8.8294 -31.3835
v 6.9464 8.8294 -33.5266
v 7.9264 8.8294 -33.5266
v 6.4866 8.4000 15.9533
v 7.0567 8.4000 15.9533
v 6.4866 8.4000 14.9665
v 7.0567 8.4000 14.9665
v 6.4866 8.6904 15.9533
v 7.0567 8.6904 15.9533
v 6.4866 8.6904 14.9665
v 7.0567 8.6904 14.9665
v 7.8422 8.4000 23.2791
v 9.2231 8.4000 23.2791
v 7.8422 8.4000 20.6450
v 9.2231 8.4000 20.6450
v 7.8422 8.5796 23.2791
v 9.2231 8.5796 23.2791
v 7.8422 8.5796 20.6450
v 9.2231 8.5796 20.6450
v -3.3942 8.4000 64.1363
v -2.3715 8.4000 64.1363
v -3.3942 8.4000 61.9981
v -2.3715 8.4000 61.9981
v -3.3942 8.5897 64.1363
v -2.3715 8.5897 64.1363
v -3.3942 8.5897 61.9981
v -2.3715 8.5897 61.9981
v 6.6293 8.4000 -33.7234
v 7.4803 8.4000 -33.7234
v 6.6293 8.4000 -34.6945
v 7.4803 8.4000 -34.6945
v 6.6293 8.7383 -33.7234
v 7.4803 8.7383 -33.7234
v 6.6293 8.7383 -34.6945
v 7.4803 8.7383 -34.6945
v 6.4608 8.4000 -46.8006
v 7.5069 8.4000 -46.8006
v 6.4608 8.4000 -47.8831
v 7.5069 8.4000 -47.8831
v 6.4608 8.5560 -46.8006
v 7.5069 8.5560 -46.8006
v 6.4608 8.5560 -47.8831
v 7.5069 8.5560 -47.8831
v -6.9860 8.4000 58.6744
v -5.9558 8.4000 58.6744
v -6.9860 8.4000 56.7730
v -5.9558 8.4000 56.7730
v -6.9860 8.5918 58.6744
v -5.9558 8.5918 58.6744
v -6.9860 8.5918 56.7730
v -5.9558 8.5918 56.7730
v 5.1417 8.4000 -28.1651
v 5.9787 8.4000 -28.1651
v 5.1417 8.4000 -29.0795
v 5.9787 8.4000 -29.0795
v 5.1417 8.5565 -28.1651
v 5.9787 8.5565 -28.1651
v 5.1417 8.5565 -29.0795
v 5.9787 8.5565 -29.0795
v -8.9620 8.4000 -13.7695
v -7.4334 8.4000 -13.7695
v -8.9620 8.4000 -16.6104
v -7.4334 8.4000 -16.6104
v -8.9620 8.6061 -13.7695
v -7.4334 8.6061 -13.7695
v -8.9620 8.6061 -16.6104
v -7.4334 8.6061 -16.6104
v 6.1007 8.4000 61.1540
v 7.1314 8.4000 61.1540
v 6.1007 8.4000 60.1122
v 7.1314 8.4000 60.1122
v 6.1007 8.6481 61.1540
v 7.1314 8.6481 61.1540
v 6.1007 8.6481 60.1122
v 7.1314 8.6481 60.1122
v 5.6474 8.4000 53.2974
v 7.3186 8.4000 53.2974
v 5.6474 8.4000 50.5526
v 7.3186 8.4000 50.5526
v 5.6474 8.5557 53.2974
v 7.3186 8.5557 53.2974
v 5.6474 8.5557 50.5526
v 7.3186 8.5557 50.5526
v 5.9213 8.4000 61.4043
v 6.6145 8.4000 61.4043
v 5.9213 8.4000 60.7131
v 6.6145 8.4000 60.7131
v 5.9213 8.8126 61.4043
v 6.6145 8.8126 61.4043
v 5.9213 8.8126 60.7131
v 6.6145 8.8126 60.7131
v 7.2294 8.4000 27.4792
v 8.1160 8.4000 27.4792
v 7.2294 8.4000 26.2625
v 8.1160 8.4000 26.2625
v 7.2294 8.7977 27.4792
v 8.1160 8.7977 27.4792
v 7.2294 8.7977 26.2625
v 8.1160 8.7977 26.2625
v -8.8032 8.4000 59.8681
v -7.2491 8.4000 59.8681
v -8.8032 8.4000 57.5265
v -7.2491 8.4000 57.5265
v -8.8032 8.7493 59.8681
v -7.2491 8.7493 59.8681
v -8.8032 8.7493 57.5265
v -7.2491 8.7493 57.5265
v 6.5007 8.4000 -32.7835
v 7.7105 8.4000 -32.7835
v 6.5007 8.4000 -34.2581
v 7.7105 8.4000 -34.2581
v 6.5007 8.7032 -32.7835
v 7.7105 8.7032 -32.7835
v 6.5007 8.7032 -34.2581
v 7.7105 8.7032 -34.2581
v -8.8524 8.4000 48.2107
v -8.0596 8.4000 48.2107
v -8.8524 8.4000 46.1172
v -8.0596 8.4000 46.1172
v -8.8524 8.8681 48.2107
v -8.0596 8.8681 48.2107
v -8.8524 8.8681 46.1172
v -8.0596 8.8681 46.1172
v -8.1289 8.4000 4.2934
v -7.0605 8.4000 4.2934
v -8.1289 8.4000 3.4470
v -7.0605 8.4000 3.4470
v -8.1289 8.5845 4.2934
v -7.0605 8.5845 4.2934
v -8.1289 8.5845 3.4470
v -7.0605 8.5845 3.4470
v 7.8593 8.4000 -19.0313
v 8.5974 8.4000 -19.0313
v 7.8593 8.4000 -20.1742
v 8.5974 8.4000 -20.1742
v 7.8593 8.8055 -19.0313
v 8.5974 8.8055 -19.0313
v 7.8593 8.8055 -20.1742
v 8.5974 8.8055 -20.1742
v -6.8780 8.4000 -55.1157
v -5.1625 8.4000 -55.1157
v -6.8780 8.4000 -57.3244
v -5.1625 8.4000 -57.3244
v -6.8780 8.7355 -55.1157
v -5.1625 8.7355 -55.1157
v -6.8780 8.7355 -57.3244
v -5.1625 8.7355 -57.3244
v -7.2143 8.4000 -22.2363
v -5.6379 8.4000 -22.2363
v -7.2143 8.4000 -22.9052
v -5.6379 8.4000 -22.9052
v -7.2143 8.7703 -22.2363
v -5.6379 8.7703 -22.2363
v -7.2143 8.7703 -22.9052
v -5.6379 8.7703 -22.9052
v 8.2010 8.4000 22.8872
v 8.8845 8.4000 22.8872
v 8.2010 8.4000 21.1579
v 8.8845 8.4000 21.1579
v 8.2010 8.7478 22.8872
v 8.8845 8.7478 22.8872
v 8.2010 8.7478 21.1579
v 8.8845 8.7478 21.1579
v 7.6702 8.4000 34.6830
v 8.7962 8.4000 34.6830
v 7.6702 8.4000 32.9370
v 8.7962 8.4000 32.9370
v 7.6702 8.8268 34.6830
v 8.7962 8.8268 34.6830
v 7.6702 8.8268 32.9370
v 8.7962 8.8268 32.9370
v 5.6871 8.4000 23.1294
v 7.0764 8.4000 23.1294
v 5.6871 8.4000 20.9516
v 7.0764 8.4000 20.9516
v 5.6871 8.6171 23.1294
v 7.0764 8.6171 23.1294
v 5.6871 8.6171 20.9516
v 7.0764 8.6171 20.9516
v -6.6469 8.4000 31.8194
v -5.2301 8.4000 31.8194
v -6.6469 8.4000 29.2425
v -5.2301 8.4000 29.2425
v -6.6469 8.5746 31.8194
v -5.2301 8.5746 31.8194
v -6.6469 8.5746 29.2425
v -5.2301 8.5746 29.2425
v -8.4700 8.4000 24.3693
v -7.1086 8.4000 24.3693
v -8.4700 8.4000 21.4562
v -7.1086 8.4000 21.4562
v -8.4700 8.6904 24.3693
v -7.1086 8.6904 24.3693
v -8.4700 8.6904 21.4562
v -7.1086 8.6904 21.4562
v 7.1991 8.4000 32.1165
v 8.2359 8.4000 32.1165
v 7.1991 8.4000 29.3510
v 8.2359 8.4000 29.3510
v 7.1991 8.6702 32.1165
v 8.2359 8.6702 32.1165
v 7.1991 8.6702 29.3510
v 8.2359 8.6702 29.3510
v -9.2298 8.4000 -29.4015
v -8.0220 8.4000 -29.4015
v -9.2298 8.4000 -30.6552
v -8.0220 8.4000 -30.6552
v -9.2298 8.8021 -29.4015
v -8.0220 8.8021 -29.4015
v -9.2298 8.8021 -30.6552
v -8.0220 8.8021 -30.6552
f 5433 5434 5442 5441
f 5434 5435 5443 5442
f 5435 5436 5444 5443
f 5436 5437 5445 5444
f 5437 5438 5446 5445
f 5438 5439 5447 5446
f 5439 5440 5448 5447
f 5440 5433 5441 5448
f 5440 5439 5438 5437 5436 5435 5434 5433
f 5441 5442 5443 5444 5445 5446 5447 5448
f 5453 5455 5451 5449
f 5450 5452 5456 5454
f 5449 5450 5454 5453
f 5455 5456 5452 5451
f 5451 5452 5450 5449
f 5453 5454 5456 5455
f 5461 5463 5459 5457
f 5458 5460 5464 5462
f 5457 5458 5462 5461
f 5463 5464 5460 5459
f 5459 5460 5458 5457
f 5461 5462 5464 5463
f 5469 5471 5467 5465
f 5466 5468 5472 5470
f 5465 5466 5470 5469
f 5471 5472 5468 5467
f 5467 5468 5466 5465
f 5469 5470 5472 5471
f 5477 5479 5475 5473
f 5474 5476 5480 5478
f 5473 5474 5478 5477
f 5479 5480 5476 5475
f 5475 5476 5474 5473
f 5477 5478 5480 5479
f 5485 5487 5483 5481
f 5482 5484 5488 5486
f 5481 5482 5486 5485
f 5487 5488 5484 5483
f 5483 5484 5482 5481
f 5485 5486 5488 5487
f 5493 5495 5491 5489
f 5490 5492 5496 5494
f 5489 5490 5494 5493
f 5495 5496 5492 5491
f 5491 5492 5490 5489
f 5493 5494 5496 5495
f 5501 5503 5499 5497
f 5498 5500 5504 5502
f 5497 5498 5502 5501
f 5503 5504 5500 5499
f 5499 5500 5498 5497
f 5501 5502 5504 5503
f 5509 5511 5507 5505
f 5506 5508 5512 5510
f 5505 5506 5510 5509
f 5511 5512 5508 5507
f 5507 5508 5506 5505
f 5509 5510 5512 5511
f 5517 5519 5515 5513
f 5514 5516 5520 5518
f 5513 5514 5518 5517
f 5519 5520 5516 5515
f 5515 5516 5514 5513
f 5517 5518 5520 5519
f 5525 5527 5523 5521
f 5522 5524 5528 5526
f 5521 5522 5526 5525
f 5527 5528 5524 5523
f 5523 5524 5522 5521
f 5525 5526 5528 5527
f 5533 5535 5531 5529
f 5530 5532 5536 5534
f 5529 5530 5534 5533
f 5535 5536 5532 5531
f 5531 5532 5530 5529
f 5533 5534 5536 5535
f 5541 5543 5539 5537
f 5538 5540 5544 5542
f 5537 5538 5542 5541
f 5543 5544 5540 5539
f 5539 5540 5538 5537
f 5541 5542 5544 5543
f 5549 5551 5547 5545
f 5546 5548 5552 5550
f 5545 5546 5550 5549
f 5551 5552 5548 5547
f 5547 5548 5546 5545
f 5549 5550 5552 5551
f 5557 5559 5555 5553
f 5554 5556 5560 5558
f 5553 5554 5558 5557
f 5559 5560 5556 5555
f 5555 5556 5554 5553
f 5557 5558 5560 5559
f 5565 5567 5563 5561
f 5562 5564 5568 5566
f 5561 5562 5566 5565
f 5567 5568 5564 5563
f 5563 5564 5562 5561
f 5565 5566 5568 5567
f 5573 5575 5571 5569
f 5570 5572 5576 5574
f 5569 5570 5574 5573
f 5575 5576 5572 5571
f 5571 5572 5570 5569
f 5573 5574 5576 5575
f 5581 5583 5579 5577
f 5578 5580 5584 5582
f 5577 5578 5582 5581
f 5583 5584 5580 5579
f 5579 5580 5578 5577
f 5581 5582 5584 5583
f 5589 5591 5587 5585
f 5586 5588 5592 5590
f 5585 5586 5590 5589
f 5591 5592 5588 5587
f 5587 5588 5586 5585
f 5589 5590 5592 5591
f 5597 5599 5595 5593
f 5594 5596 5600 5598
f 5593 5594 5598 5597
f 5599 5600 5596 5595
f 5595 5596 5594 5593
f 5597 5598 5600 5599
f 5605 5607 5603 5601
f 5602 5604 5608 5606
f 5601 5602 5606 5605
f 5607 5608 5604 5603
f 5603 5604 5602 5601
f 5605 5606 5608 5607
f 5613 5615 5611 5609
f 5610 5612 5616 5614
f 5609 5610 5614 5613
f 5615 5616 5612 5611
f 5611 5612 5610 5609
f 5613 5614 5616 5615
f 5621 5623 5619 5617
f 5618 5620 5624 5622
f 5617 5618 5622 5621
f 5623 5624 5620 5619
f 5619 5620 5618 5617
f 5621 5622 5624 5623
f 5629 5631 5627 5625
f 5626 5628 5632 5630
f 5625 5626 5630 5629
f 5631 5632 5628 5627
f 5627 5628 5626 5625
f 5629 5630 5632 5631
f 5637 5639 5635 5633
f 5634 5636 5640 5638
f 5633 5634 5638 5637
f 5639 5640 5636 5635
f 5635 5636 5634 5633
f 5637 5638 5640 5639
f 5645 5647 5643 5641
f 5642 5644 5648 5646
f 5641 5642 5646 5645
f 5647 5648 5644 5643
f 5643 5644 5642 5641
f 5645 5646 5648 5647
f 5653 5655 5651 5649
f 5650 5652 5656 5654
f 5649 5650 5654 5653
f 5655 5656 5652 5651
f 5651 5652 5650 5649
f 5653 5654 5656 5655
f 5661 5663 5659 5657
f 5658 5660 5664 5662
f 5657 5658 5662 5661
f 5663 5664 5660 5659
f 5659 5660 5658 5657
f 5661 5662 5664 5663
f 5669 5671 5667 5665
f 5666 5668 5672 5670
f 5665 5666 5670 5669
f 5671 5672 5668 5667
f 5667 5668 5666 5665
f 5669 5670 5672 5671
f 5677 5679 5675 5673
f 5674 5676 5680 5678
f 5673 5674 5678 5677
f 5679 5680 5676 5675
f 5675 5676 5674 5673
f 5677 5678 5680 5679
o LARGE_Furniture-col
usemtl Furniture
v -8.6500 0.0000 24.8500
v -2.0000 0.0000 24.8500
v -8.6500 0.0000 23.9500
v -2.0000 0.0000 23.9500
v -8.6500 3.0000 24.8500
v -2.0000 3.0000 24.8500
v -8.6500 3.0000 23.9500
v -2.0000 3.0000 23.9500
v 0.8000 0.0000 24.8500
v 7.3500 0.0000 24.8500
v 0.8000 0.0000 23.9500
v 7.3500 0.0000 23.9500
v 0.8000 3.0000 24.8500
v 7.3500 3.0000 24.8500
v 0.8000 3.0000 23.9500
v 7.3500 3.0000 23.9500
v -8.6500 0.0000 -3.9500
v -2.0000 0.0000 -3.9500
v -8.6500 0.0000 -4.8500
v -2.0000 0.0000 -4.8500
v -8.6500 3.0000 -3.9500
v -2.0000 3.0000 -3.9500
v -8.6500 3.0000 -4.8500
v -2.0000 3.0000 -4.8500
v 0.8000 0.0000 -3.9500
v 7.3500 0.0000 -3.9500
v 0.8000 0.0000 -4.8500
v 7.3500 0.0000 -4.8500
v 0.8000 3.0000 -3.9500
v 7.3500 3.0000 -3.9500
v 0.8000 3.0000 -4.8500
v 7.3500 3.0000 -4.8500
v 7.9500 0.2500 -5.8000
v 8.8500 0.2500 -5.8000
v 7.9500 0.2500 -7.8000
v 8.8500 0.2500 -7.8000
v 7.9500 0.5000 -5.8000
v 8.8500 0.5000 -5.8000
v 7.9500 0.5000 -7.8000
v 8.8500 0.5000 -7.8000
v 7.9500 1.2000 -5.8000
v 8.8500 1.2000 -5.8000
v 7.9500 1.2000 -7.8000
v 8.8500 1.2000 -7.8000
v 7.9500 1.4500 -5.8000
v 8.8500 1.4500 -5.8000
v 7.9500 1.4500 -7.8000
v 8.8500 1.4500 -7.8000
v 7.9500 2.1500 -5.8000
v 8.8500 2.1500 -5.8000
v 7.9500 2.1500 -7.8000
v 8.8500 2.1500 -7.8000
v 7.9500 2.4000 -5.8000
v 8.8500 2.4000 -5.8000
v 7.9500 2.4000 -7.8000
v 8.8500 2.4000 -7.8000
v 7.9500 0.0000 -5.7500
v 8.8500 0.0000 -5.7500
v 7.9500 0.0000 -5.8500
v 8.8500 0.0000 -5.8500
v 7.9500 2.6000 -5.7500
v 8.8500 2.6000 -5.7500
v 7.9500 2.6000 -5.8500
v 8.8500 2.6000 -5.8500
v 7.9500 0.0000 -7.7500
v 8.8500 0.0000 -7.7500
v 7.9500 0.0000 -7.8500
v 8.8500 0.0000 -7.8500
v 7.9500 2.6000 -7.7500
v 8.8500 2.6000 -7.7500
v 7.9500 2.6000 -7.8500
v 8.8500 2.6000 -7.8500
v 7.9500 0.2500 -8.9000
v 8.8500 0.2500 -8.9000
v 7.9500 0.2500 -10.9000
v 8.8500 0.2500 -10.9000
v 7.9500 0.5000 -8.9000
v 8.8500 0.5000 -8.9000
v 7.9500 0.5000 -10.9000
v 8.8500 0.5000 -10.9000
v 7.9500 1.2000 -8.9000
v 8.8500 1.2000 -8.9000
v 7.9500 1.2000 -10.9000
v 8.8500 1.2000 -10.9000
v 7.9500 1.4500 -8.9000
v 8.8500 1.4500 -8.9000
v 7.9500 1.4500 -10.9000
v 8.8500 1.4500 -10.9000
v 7.9500 2.1500 -8.9000
v 8.8500 2.1500 -8.9000
v 7.9500 2.1500 -10.9000
v 8.8500 2.1500 -10.9000
v 7.9500 2.4000 -8.9000
v 8.8500 2.4000 -8.9000
v 7.9500 2.4000 -10.9000
v 8.8500 2.4000 -10.9000
v 7.9500 0.0000 -8.8500
v 8.8500 0.0000 -8.8500
v 7.9500 0.0000 -8.9500
v 8.8500 0.0000 -8.9500
v 7.9500 2.6000 -8.8500
v 8.8500 2.6000 -8.8500
v 7.9500 2.6000 -8.9500
v 8.8500 2.6000 -8.9500
v 7.9500 0.0000 -10.8500
v 8.8500 0.0000 -10.8500
v 7.9500 0.0000 -10.9500
v 8.8500 0.0000 -10.9500
v 7.9500 2.6000 -10.8500
v 8.8500 2.6000 -10.8500
v 7.9500 2.6000 -10.9500
v 8.8500 2.6000 -10.9500
v 7.9500 0.2500 -12.0000
v 8.8500 0.2500 -12.0000
v 7.9500 0.2500 -14.0000
v 8.8500 0.2500 -14.0000
v 7.9500 0.5000 -12.0000
v 8.8500 0.5000 -12.0000
v 7.9500 0.5000 -14.0000
v 8.8500 0.5000 -14.0000
v 7.9500 1.2000 -12.0000
v 8.8500 1.2000 -12.0000
v 7.9500 1.2000 -14.0000
v 8.8500 1.2000 -14.0000
v 7.9500 1.4500 -12.0000
v 8.8500 1.4500 -12.0000
v 7.9500 1.4500 -14.0000
v 8.8500 1.4500 -14.0000
v 7.9500 2.1500 -12.0000
v 8.8500 2.1500 -12.0000
v 7.9500 2.1500 -14.0000
v 8.8500 2.1500 -14.0000
v 7.9500 2.4000 -12.0000
v 8.8500 2.4000 -12.0000
v 7.9500 2.4000 -14.0000
v 8.8500 2.4000 -14.0000
v 7.9500 0.0000 -11.9500
v 8.8500 0.0000 -11.9500
v 7.9500 0.0000 -12.0500
v 8.8500 0.0000 -12.0500
v 7.9500 2.6000 -11.9500
v 8.8500 2.6000 -11.9500
v 7.9500 2.6000 -12.0500
v 8.8500 2.6000 -12.0500
v 7.9500 0.0000 -13.9500
v 8.8500 0.0000 -13.9500
v 7.9500 0.0000 -14.0500
v 8.8500 0.0000 -14.0500
v 7.9500 2.6000 -13.9500
v 8.8500 2.6000 -13.9500
v 7.9500 2.6000 -14.0500
v 8.8500 2.6000 -14.0500
v 1.9500 0.0000 -5.6000
v 2.5000 0.0000 -5.6000
v 1.9500 0.0000 -8.6000
v 2.5000 0.0000 -8.6000
v 1.9500 2.0000 -5.6000
v 2.5000 2.0000 -5.6000
v 1.9500 2.0000 -8.6000
v 2.5000 2.0000 -8.6000
v 8.3500 0.0000 -36.0000
v 8.8500 0.0000 -36.0000
v 8.3500 0.0000 -44.0000
v 8.8500 0.0000 -44.0000
v 8.3500 2.0000 -36.0000
v 8.8500 2.0000 -36.0000
v 8.3500 2.0000 -44.0000
v 8.8500 2.0000 -44.0000
v 4.3500 0.0000 -38.5000
v 5.5500 0.0000 -38.5000
v 4.3500 0.0000 -41.5000
v 5.5500 0.0000 -41.5000
v 4.3500 0.9500 -38.5000
v 5.5500 0.9500 -38.5000
v 4.3500 0.9500 -41.5000
v 5.5500 0.9500 -41.5000
v 1.9500 0.0000 -41.4000
v 2.5000 0.0000 -41.4000
v 1.9500 0.0000 -44.4000
v 2.5000 0.0000 -44.4000
v 1.9500 2.0000 -41.4000
v 2.5000 2.0000 -41.4000
v 1.9500 2.0000 -44.4000
v 2.5000 2.0000 -44.4000
v -5.1500 0.7000 -47.0000
v -4.1500 0.7000 -47.0000
v -5.1500 0.7000 -53.0000
v -4.1500 0.7000 -53.0000
v -5.1500 0.8000 -47.0000
v -4.1500 0.8000 -47.0000
v -5.1500 0.8000 -53.0000
v -4.1500 0.8000 -53.0000
v -4.8500 0.0000 -47.2000
v -4.4500 0.0000 -47.2000
v -4.8500 0.0000 -52.8000
v -4.4500 0.0000 -52.8000
v -4.8500 0.7000 -47.2000
v -4.4500 0.7000 -47.2000
v -4.8500 0.7000 -52.8000
v -4.4500 0.7000 -52.8000
v -3.8500 0.0000 -47.0000
v -3.4500 0.0000 -47.0000
v -3.8500 0.0000 -53.0000
v -3.4500 0.0000 -53.0000
v -3.8500 0.4500 -47.0000
v -3.4500 0.4500 -47.0000
v -3.8500 0.4500 -53.0000
v -3.4500 0.4500 -53.0000
v -5.8500 0.0000 -47.0000
v -5.4500 0.0000 -47.0000
v -5.8500 0.0000 -53.0000
v -5.4500 0.0000 -53.0000
v -5.8500 0.4500 -47.0000
v -5.4500 0.4500 -47.0000
v -5.8500 0.4500 -53.0000
v -5.4500 0.4500 -53.0000
v -8.8500 0.0000 -46.0000
v -8.1500 0.0000 -46.0000
v -8.8500 0.0000 -54.0000
v -8.1500 0.0000 -54.0000
v -8.8500 1.0000 -46.0000
v -8.1500 1.0000 -46.0000
v -8.8500 1.0000 -54.0000
v -8.1500 1.0000 -54.0000
v 7.9500 0.2500 -45.8000
v 8.8500 0.2500 -45.8000
v 7.9500 0.2500 -47.8000
v 8.8500 0.2500 -47.8000
v 7.9500 0.5000 -45.8000
v 8.8500 0.5000 -45.8000
v 7.9500 0.5000 -47.8000
v 8.8500 0.5000 -47.8000
v 7.9500 1.2000 -45.8000
v 8.8500 1.2000 -45.8000
v 7.9500 1.2000 -47.8000
v 8.8500 1.2000 -47.8000
v 7.9500 1.4500 -45.8000
v 8.8500 1.4500 -45.8000
v 7.9500 1.4500 -47.8000
v 8.8500 1.4500 -47.8000
v 7.9500 2.1500 -45.8000
v 8.8500 2.1500 -45.8000
v 7.9500 2.1500 -47.8000
v 8.8500 2.1500 -47.8000
v 7.9500 2.4000 -45.8000
v 8.8500 2.4000 -45.8000
v 7.9500 2.4000 -47.8000
v 8.8500 2.4000 -47.8000
v 7.9500 0.0000 -45.7500
v 8.8500 0.0000 -45.7500
v 7.9500 0.0000 -45.8500
v 8.8500 0.0000 -45.8500
v 7.9500 2.6000 -45.7500
v 8.8500 2.6000 -45.7500
v 7.9500 2.6000 -45.8500
v 8.8500 2.6000 -45.8500
v 7.9500 0.0000 -47.7500
v 8.8500 0.0000 -47.7500
v 7.9500 0.0000 -47.8500
v 8.8500 0.0000 -47.8500
v 7.9500 2.6000 -47.7500
v 8.8500 2.6000 -47.7500
v 7.9500 2.6000 -47.8500
v 8.8500 2.6000 -47.8500
v 7.9500 0.2500 -48.9000
v 8.8500 0.2500 -48.9000
v 7.9500 0.2500 -50.9000
v 8.8500 0.2500 -50.9000
v 7.9500 0.5000 -48.9000
v 8.8500 0.5000 -48.9000
v 7.9500 0.5000 -50.9000
v 8.8500 0.5000 -50.9000
v 7.9500 1.2000 -48.9000
v 8.8500 1.2000 -48.9000
v 7.9500 1.2000 -50.9000
v 8.8500 1.2000 -50.9000
v 7.9500 1.4500 -48.9000
v 8.8500 1.4500 -48.9000
v 7.9500 1.4500 -50.9000
v 8.8500 1.4500 -50.9000
v 7.9500 2.1500 -48.9000
v 8.8500 2.1500 -48.9000
v 7.9500 2.1500 -50.9000
v 8.8500 2.1500 -50.9000
v 7.9500 2.4000 -48.9000
v 8.8500 2.4000 -48.9000
v 7.9500 2.4000 -50.9000
v 8.8500 2.4000 -50.9000
v 7.9500 0.0000 -48.8500
v 8.8500 0.0000 -48.8500
v 7.9500 0.0000 -48.9500
v 8.8500 0.0000 -48.9500
v 7.9500 2.6000 -48.8500
v 8.8500 2.6000 -48.8500
v 7.9500 2.6000 -48.9500
v 8.8500 2.6000 -48.9500
v 7.9500 0.0000 -50.8500
v 8.8500 0.0000 -50.8500
v 7.9500 0.0000 -50.9500
v 8.8500 0.0000 -50.9500
v 7.9500 2.6000 -50.8500
v 8.8500 2.6000 -50.8500
v 7.9500 2.6000 -50.9500
v 8.8500 2.6000 -50.9500
v 7.9500 0.2500 -52.0000
v 8.8500 0.2500 -52.0000
v 7.9500 0.2500 -54.0000
v 8.8500 0.2500 -54.0000
v 7.9500 0.5000 -52.0000
v 8.8500 0.5000 -52.0000
v 7.9500 0.5000 -54.0000
v 8.8500 0.5000 -54.0000
v 7.9500 1.2000 -52.0000
v 8.8500 1.2000 -52.0000
v 7.9500 1.2000 -54.0000
v 8.8500 1.2000 -54.0000
v 7.9500 1.4500 -52.0000
v 8.8500 1.4500 -52.0000
v 7.9500 1.4500 -54.0000
v 8.8500 1.4500 -54.0000
v 7.9500 2.1500 -52.0000
v 8.8500 2.1500 -52.0000
v 7.9500 2.1500 -54.0000
v 8.8500 2.1500 -54.0000
v 7.9500 2.4000 -52.0000
v 8.8500 2.4000 -52.0000
v 7.9500 2.4000 -54.0000
v 8.8500 2.4000 -54.0000
v 7.9500 0.0000 -51.9500
v 8.8500 0.0000 -51.9500
v 7.9500 0.0000 -52.0500
v 8.8500 0.0000 -52.0500
v 7.9500 2.6000 -51.9500
v 8.8500 2.6000 -51.9500
v 7.9500 2.6000 -52.0500
v 8.8500 2.6000 -52.0500
v 7.9500 0.0000 -53.9500
v 8.8500 0.0000 -53.9500
v 7.9500 0.0000 -54.0500
v 8.8500 0.0000 -54.0500
v 7.9500 2.6000 -53.9500
v 8.8500 2.6000 -53.9500
v 7.9500 2.6000 -54.0500
v 8.8500 2.6000 -54.0500
v 1.9500 0.0000 -45.6000
v 2.5000 0.0000 -45.6000
v 1.9500 0.0000 -48.6000
v 2.5000 0.0000 -48.6000
v 1.9500 2.0000 -45.6000
v 2.5000 2.0000 -45.6000
v 1.9500 2.0000 -48.6000
v 2.5000 2.0000 -48.6000
v 7.9500 0.2500 -55.8000
v 8.8500 0.2500 -55.8000
v 7.9500 0.2500 -57.8000
v 8.8500 0.2500 -57.8000
v 7.9500 0.5000 -55.8000
v 8.8500 0.5000 -55.8000
v 7.9500 0.5000 -57.8000
v 8.8500 0.5000 -57.8000
v 7.9500 1.2000 -55.8000
v 8.8500 1.2000 -55.8000
v 7.9500 1.2000 -57.8000
v 8.8500 1.2000 -57.8000
v 7.9500 1.4500 -55.8000
v 8.8500 1.4500 -55.8000
v 7.9500 1.4500 -57.8000
v 8.8500 1.4500 -57.8000
v 7.9500 2.1500 -55.8000
v 8.8500 2.1500 -55.8000
v 7.9500 2.1500 -57.8000
v 8.8500 2.1500 -57.8000
v 7.9500 2.4000 -55.8000
v 8.8500 2.4000 -55.8000
v 7.9500 2.4000 -57.8000
v 8.8500 2.4000 -57.8000
v 7.9500 0.0000 -55.7500
v 8.8500 0.0000 -55.7500
v 7.9500 0.0000 -55.8500
v 8.8500 0.0000 -55.8500
v 7.9500 2.6000 -55.7500
v 8.8500 2.6000 -55.7500
v 7.9500 2.6000 -55.8500
v 8.8500 2.6000 -55.8500
v 7.9500 0.0000 -57.7500
v 8.8500 0.0000 -57.7500
v 7.9500 0.0000 -57.8500
v 8.8500 0.0000 -57.8500
v 7.9500 2.6000 -57.7500
v 8.8500 2.6000 -57.7500
v 7.9500 2.6000 -57.8500
v 8.8500 2.6000 -57.8500
v 7.9500 0.2500 -58.9000
v 8.8500 0.2500 -58.9000
v 7.9500 0.2500 -60.9000
v 8.8500 0.2500 -60.9000
v 7.9500 0.5000 -58.9000
v 8.8500 0.5000 -58.9000
v 7.9500 0.5000 -60.9000
v 8.8500 0.5000 -60.9000
v 7.9500 1.2000 -58.9000
v 8.8500 1.2000 -58.9000
v 7.9500 1.2000 -60.9000
v 8.8500 1.2000 -60.9000
v 7.9500 1.4500 -58.9000
v 8.8500 1.4500 -58.9000
v 7.9500 1.4500 -60.9000
v 8.8500 1.4500 -60.9000
v 7.9500 2.1500 -58.9000
v 8.8500 2.1500 -58.9000
v 7.9500 2.1500 -60.9000
v 8.8500 2.1500 -60.9000
v 7.9500 2.4000 -58.9000
v 8.8500 2.4000 -58.9000
v 7.9500 2.4000 -60.9000
v 8.8500 2.4000 -60.9000
v 7.9500 0.0000 -58.8500
v 8.8500 0.0000 -58.8500
v 7.9500 0.0000 -58.9500
v 8.8500 0.0000 -58.9500
v 7.9500 2.6000 -58.8500
v 8.8500 2.6000 -58.8500
v 7.9500 2.6000 -58.9500
v 8.8500 2.6000 -58.9500
v 7.9500 0.0000 -60.8500
v 8.8500 0.0000 -60.8500
v 7.9500 0.0000 -60.9500
v 8.8500 0.0000 -60.9500
v 7.9500 2.6000 -60.8500
v 8.8500 2.6000 -60.8500
v 7.9500 2.6000 -60.9500
v 8.8500 2.6000 -60.9500
v 7.9500 0.2500 -62.0000
v 8.8500 0.2500 -62.0000
v 7.9500 0.2500 -64.0000
v 8.8500 0.2500 -64.0000
v 7.9500 0.5000 -62.0000
v 8.8500 0.5000 -62.0000
v 7.9500 0.5000 -64.0000
v 8.8500 0.5000 -64.0000
v 7.9500 1.2000 -62.0000
v 8.8500 1.2000 -62.0000
v 7.9500 1.2000 -64.0000
v 8.8500 1.2000 -64.0000
v 7.9500 1.4500 -62.0000
v 8.8500 1.4500 -62.0000
v 7.9500 1.4500 -64.0000
v 8.8500 1.4500 -64.0000
v 7.9500 2.1500 -62.0000
v 8.8500 2.1500 -62.0000
v 7.9500 2.1500 -64.0000
v 8.8500 2.1500 -64.0000
v 7.9500 2.4000 -62.0000
v 8.8500 2.4000 -62.0000
v 7.9500 2.4000 -64.0000
v 8.8500 2.4000 -64.0000
v 7.9500 0.0000 -61.9500
v 8.8500 0.0000 -61.9500
v 7.9500 0.0000 -62.0500
v 8.8500 0.0000 -62.0500
v 7.9500 2.6000 -61.9500
v 8.8500 2.6000 -61.9500
v 7.9500 2.6000 -62.0500
v 8.8500 2.6000 -62.0500
v 7.9500 0.0000 -63.9500
v 8.8500 0.0000 -63.9500
v 7.9500 0.0000 -64.0500
v 8.8500 0.0000 -64.0500
v 7.9500 2.6000 -63.9500
v 8.8500 2.6000 -63.9500
v 7.9500 2.6000 -64.0500
v 8.8500 2.6000 -64.0500
v 1.9500 0.0000 -55.6000
v 2.5000 0.0000 -55.6000
v 1.9500 0.0000 -58.6000
v 2.5000 0.0000 -58.6000
v 1.9500 2.0000 -55.6000
v 2.5000 2.0000 -55.6000
v 1.9500 2.0000 -58.6000
v 2.5000 2.0000 -58.6000
v -8.5500 4.0000 -8.5000
v -6.5500 4.0000 -8.5000
v -8.5500 4.0000 -11.5000
v -6.5500 4.0000 -11.5000
v -8.5500 6.4000 -8.5000
v -6.5500 6.4000 -8.5000
v -8.5500 6.4000 -11.5000
v -6.5500 6.4000 -11.5000
v -4.3500 4.0000 -13.8000
v -3.5500 4.0000 -13.8000
v -4.3500 4.0000 -14.6000
v -3.5500 4.0000 -14.6000
v -4.3500 5.1000 -13.8000
v -3.5500 5.1000 -13.8000
v -4.3500 5.1000 -14.6000
v -3.5500 5.1000 -14.6000
v 7.9500 4.2500 -15.8000
v 8.8500 4.2500 -15.8000
v 7.9500 4.2500 -17.8000
v 8.8500 4.2500 -17.8000
v 7.9500 4.5000 -15.8000
v 8.8500 4.5000 -15.8000
v 7.9500 4.5000 -17.8000
v 8.8500 4.5000 -17.8000
v 7.9500 5.2000 -15.8000
v 8.8500 5.2000 -15.8000
v 7.9500 5.2000 -17.8000
v 8.8500 5.2000 -17.8000
v 7.9500 5.4500 -15.8000
v 8.8500 5.4500 -15.8000
v 7.9500 5.4500 -17.8000
v 8.8500 5.4500 -17.8000
v 7.9500 6.1500 -15.8000
v 8.8500 6.1500 -15.8000
v 7.9500 6.1500 -17.8000
v 8.8500 6.1500 -17.8000
v 7.9500 6.4000 -15.8000
v 8.8500 6.4000 -15.8000
v 7.9500 6.4000 -17.8000
v 8.8500 6.4000 -17.8000
v 7.9500 4.0000 -15.7500
v 8.8500 4.0000 -15.7500
v 7.9500 4.0000 -15.8500
v 8.8500 4.0000 -15.8500
v 7.9500 6.6000 -15.7500
v 8.8500 6.6000 -15.7500
v 7.9500 6.6000 -15.8500
v 8.8500 6.6000 -15.8500
v 7.9500 4.0000 -17.7500
v 8.8500 4.0000 -17.7500
v 7.9500 4.0000 -17.8500
v 8.8500 4.0000 -17.8500
v 7.9500 6.6000 -17.7500
v 8.8500 6.6000 -17.7500
v 7.9500 6.6000 -17.8500
v 8.8500 6.6000 -17.8500
v 7.9500 4.2500 -18.9000
v 8.8500 4.2500 -18.9000
v 7.9500 4.2500 -20.9000
v 8.8500 4.2500 -20.9000
v 7.9500 4.5000 -18.9000
v 8.8500 4.5000 -18.9000
v 7.9500 4.5000 -20.9000
v 8.8500 4.5000 -20.9000
v 7.9500 5.2000 -18.9000
v 8.8500 5.2000 -18.9000
v 7.9500 5.2000 -20.9000
v 8.8500 5.2000 -20.9000
v 7.9500 5.4500 -18.9000
v 8.8500 5.4500 -18.9000
v 7.9500 5.4500 -20.9000
v 8.8500 5.4500 -20.9000
v 7.9500 6.1500 -18.9000
v 8.8500 6.1500 -18.9000
v 7.9500 6.1500 -20.9000
v 8.8500 6.1500 -20.9000
v 7.9500 6.4000 -18.9000
v 8.8500 6.4000 -18.9000
v 7.9500 6.4000 -20.9000
v 8.8500 6.4000 -20.9000
v 7.9500 4.0000 -18.8500
v 8.8500 4.0000 -18.8500
v 7.9500 4.0000 -18.9500
v 8.8500 4.0000 -18.9500
v 7.9500 6.6000 -18.8500
v 8.8500 6.6000 -18.8500
v 7.9500 6.6000 -18.9500
v 8.8500 6.6000 -18.9500
v 7.9500 4.0000 -20.8500
v 8.8500 4.0000 -20.8500
v 7.9500 4.0000 -20.9500
v 8.8500 4.0000 -20.9500
v 7.9500 6.6000 -20.8500
v 8.8500 6.6000 -20.8500
v 7.9500 6.6000 -20.9500
v 8.8500 6.6000 -20.9500
v 7.9500 4.2500 -22.0000
v 8.8500 4.2500 -22.0000
v 7.9500 4.2500 -24.0000
v 8.8500 4.2500 -24.0000
v 7.9500 4.5000 -22.0000
v 8.8500 4.5000 -22.0000
v 7.9500 4.5000 -24.0000
v 8.8500 4.5000 -24.0000
v 7.9500 5.2000 -22.0000
v 8.8500 5.2000 -22.0000
v 7.9500 5.2000 -24.0000
v 8.8500 5.2000 -24.0000
v 7.9500 5.4500 -22.0000
v 8.8500 5.4500 -22.0000
v 7.9500 5.4500 -24.0000
v 8.8500 5.4500 -24.0000
v 7.9500 6.1500 -22.0000
v 8.8500 6.1500 -22.0000
v 7.9500 6.1500 -24.0000
v 8.8500 6.1500 -24.0000
v 7.9500 6.4000 -22.0000
v 8.8500 6.4000 -22.0000
v 7.9500 6.4000 -24.0000
v 8.8500 6.4000 -24.0000
v 7.9500 4.0000 -21.9500
v 8.8500 4.0000 -21.9500
v 7.9500 4.0000 -22.0500
v 8.8500 4.0000 -22.0500
v 7.9500 6.6000 -21.9500
v 8.8500 6.6000 -21.9500
v 7.9500 6.6000 -22.0500
v 8.8500 6.6000 -22.0500
v 7.9500 4.0000 -23.9500
v 8.8500 4.0000 -23.9500
v 7.9500 4.0000 -24.0500
v 8.8500 4.0000 -24.0500
v 7.9500 6.6000 -23.9500
v 8.8500 6.6000 -23.9500
v 7.9500 6.6000 -24.0500
v 8.8500 6.6000 -24.0500
v 1.9500 4.0000 -15.6000
v 2.5000 4.0000 -15.6000
v 1.9500 4.0000 -18.6000
v 2.5000 4.0000 -18.6000
v 1.9500 6.0000 -15.6000
v 2.5000 6.0000 -15.6000
v 1.9500 6.0000 -18.6000
v 2.5000 6.0000 -18.6000
v 8.3500 4.0000 -36.0000
v 8.8500 4.0000 -36.0000
v 8.3500 4.0000 -44.0000
v 8.8500 4.0000 -44.0000
v 8.3500 6.0000 -36.0000
v 8.8500 6.0000 -36.0000
v 8.3500 6.0000 -44.0000
v 8.8500 6.0000 -44.0000
v 4.3500 4.0000 -38.5000
v 5.5500 4.0000 -38.5000
v 4.3500 4.0000 -41.5000
v 5.5500 4.0000 -41.5000
v 4.3500 4.9500 -38.5000
v 5.5500 4.9500 -38.5000
v 4.3500 4.9500 -41.5000
v 5.5500 4.9500 -41.5000
v 1.9500 4.0000 -41.4000
v 2.5000 4.0000 -41.4000
v 1.9500 4.0000 -44.4000
v 2.5000 4.0000 -44.4000
v 1.9500 6.0000 -41.4000
v 2.5000 6.0000 -41.4000
v 1.9500 6.0000 -44.4000
v 2.5000 6.0000 -44.4000
v 4.4500 4.0000 -49.0000
v 5.9500 4.0000 -49.0000
v 4.4500 4.0000 -51.0000
v 5.9500 4.0000 -51.0000
v 4.4500 4.9000 -49.0000
v 5.9500 4.9000 -49.0000
v 4.4500 4.9000 -51.0000
v 5.9500 4.9000 -51.0000
v 8.1500 4.0000 -46.5000
v 8.8500 4.0000 -46.5000
v 8.1500 4.0000 -53.5000
v 8.8500 4.0000 -53.5000
v 8.1500 5.1000 -46.5000
v 8.8500 5.1000 -46.5000
v 8.1500 5.1000 -53.5000
v 8.8500 5.1000 -53.5000
f 5685 5687 5683 5681
f 5682 5684 5688 5686
f 5681 5682 5686 5685
f 5687 5688 5684 5683
f 5683 5684 5682 5681
f 5685 5686 5688 5687
f 5693 5695 5691 5689
f 5690 5692 5696 5694
f 5689 5690 5694 5693
f 5695 5696 5692 5691
f 5691 5692 5690 5689
f 5693 5694 5696 5695
f 5701 5703 5699 5697
f 5698 5700 5704 5702
f 5697 5698 5702 5701
f 5703 5704 5700 5699
f 5699 5700 5698 5697
f 5701 5702 5704 5703
f 5709 5711 5707 5705
f 5706 5708 5712 5710
f 5705 5706 5710 5709
f 5711 5712 5708 5707
f 5707 5708 5706 5705
f 5709 5710 5712 5711
f 5717 5719 5715 5713
f 5714 5716 5720 5718
f 5713 5714 5718 5717
f 5719 5720 5716 5715
f 5715 5716 5714 5713
f 5717 5718 5720 5719
f 5725 5727 5723 5721
f 5722 5724 5728 5726
f 5721 5722 5726 5725
f 5727 5728 5724 5723
f 5723 5724 5722 5721
f 5725 5726 5728 5727
f 5733 5735 5731 5729
f 5730 5732 5736 5734
f 5729 5730 5734 5733
f 5735 5736 5732 5731
f 5731 5732 5730 5729
f 5733 5734 5736 5735
f 5741 5743 5739 5737
f 5738 5740 5744 5742
f 5737 5738 5742 5741
f 5743 5744 5740 5739
f 5739 5740 5738 5737
f 5741 5742 5744 5743
f 5749 5751 5747 5745
f 5746 5748 5752 5750
f 5745 5746 5750 5749
f 5751 5752 5748 5747
f 5747 5748 5746 5745
f 5749 5750 5752 5751
f 5757 5759 5755 5753
f 5754 5756 5760 5758
f 5753 5754 5758 5757
f 5759 5760 5756 5755
f 5755 5756 5754 5753
f 5757 5758 5760 5759
f 5765 5767 5763 5761
f 5762 5764 5768 5766
f 5761 5762 5766 5765
f 5767 5768 5764 5763
f 5763 5764 5762 5761
f 5765 5766 5768 5767
f 5773 5775 5771 5769
f 5770 5772 5776 5774
f 5769 5770 5774 5773
f 5775 5776 5772 5771
f 5771 5772 5770 5769
f 5773 5774 5776 5775
f 5781 5783 5779 5777
f 5778 5780 5784 5782
f 5777 5778 5782 5781
f 5783 5784 5780 5779
f 5779 5780 5778 5777
f 5781 5782 5784 5783
f 5789 5791 5787 5785
f 5786 5788 5792 5790
f 5785 5786 5790 5789
f 5791 5792 5788 5787
f 5787 5788 5786 5785
f 5789 5790 5792 5791
f 5797 5799 5795 5793
f 5794 5796 5800 5798
f 5793 5794 5798 5797
f 5799 5800 5796 5795
f 5795 5796 5794 5793
f 5797 5798 5800 5799
f 5805 5807 5803 5801
f 5802 5804 5808 5806
f 5801 5802 5806 5805
f 5807 5808 5804 5803
f 5803 5804 5802 5801
f 5805 5806 5808 5807
f 5813 5815 5811 5809
f 5810 5812 5816 5814
f 5809 5810 5814 5813
f 5815 5816 5812 5811
f 5811 5812 5810 5809
f 5813 5814 5816 5815
f 5821 5823 5819 5817
f 5818 5820 5824 5822
f 5817 5818 5822 5821
f 5823 5824 5820 5819
f 5819 5820 5818 5817
f 5821 5822 5824 5823
f 5829 5831 5827 5825
f 5826 5828 5832 5830
f 5825 5826 5830 5829
f 5831 5832 5828 5827
f 5827 5828 5826 5825
f 5829 5830 5832 5831
f 5837 5839 5835 5833
f 5834 5836 5840 5838
f 5833 5834 5838 5837
f 5839 5840 5836 5835
f 5835 5836 5834 5833
f 5837 5838 5840 5839
f 5845 5847 5843 5841
f 5842 5844 5848 5846
f 5841 5842 5846 5845
f 5847 5848 5844 5843
f 5843 5844 5842 5841
f 5845 5846 5848 5847
f 5853 5855 5851 5849
f 5850 5852 5856 5854
f 5849 5850 5854 5853
f 5855 5856 5852 5851
f 5851 5852 5850 5849
f 5853 5854 5856 5855
f 5861 5863 5859 5857
f 5858 5860 5864 5862
f 5857 5858 5862 5861
f 5863 5864 5860 5859
f 5859 5860 5858 5857
f 5861 5862 5864 5863
f 5869 5871 5867 5865
f 5866 5868 5872 5870
f 5865 5866 5870 5869
f 5871 5872 5868 5867
f 5867 5868 5866 5865
f 5869 5870 5872 5871
f 5877 5879 5875 5873
f 5874 5876 5880 5878
f 5873 5874 5878 5877
f 5879 5880 5876 5875
f 5875 5876 5874 5873
f 5877 5878 5880 5879
f 5885 5887 5883 5881
f 5882 5884 5888 5886
f 5881 5882 5886 5885
f 5887 5888 5884 5883
f 5883 5884 5882 5881
f 5885 5886 5888 5887
f 5893 5895 5891 5889
f 5890 5892 5896 5894
f 5889 5890 5894 5893
f 5895 5896 5892 5891
f 5891 5892 5890 5889
f 5893 5894 5896 5895
f 5901 5903 5899 5897
f 5898 5900 5904 5902
f 5897 5898 5902 5901
f 5903 5904 5900 5899
f 5899 5900 5898 5897
f 5901 5902 5904 5903
f 5909 5911 5907 5905
f 5906 5908 5912 5910
f 5905 5906 5910 5909
f 5911 5912 5908 5907
f 5907 5908 5906 5905
f 5909 5910 5912 5911
f 5917 5919 5915 5913
f 5914 5916 5920 5918
f 5913 5914 5918 5917
f 5919 5920 5916 5915
f 5915 5916 5914 5913
f 5917 5918 5920 5919
f 5925 5927 5923 5921
f 5922 5924 5928 5926
f 5921 5922 5926 5925
f 5927 5928 5924 5923
f 5923 5924 5922 5921
f 5925 5926 5928 5927
f 5933 5935 5931 5929
f 5930 5932 5936 5934
f 5929 5930 5934 5933
f 5935 5936 5932 5931
f 5931 5932 5930 5929
f 5933 5934 5936 5935
f 5941 5943 5939 5937
f 5938 5940 5944 5942
f 5937 5938 5942 5941
f 5943 5944 5940 5939
f 5939 5940 5938 5937
f 5941 5942 5944 5943
f 5949 5951 5947 5945
f 5946 5948 5952 5950
f 5945 5946 5950 5949
f 5951 5952 5948 5947
f 5947 5948 5946 5945
f 5949 5950 5952 5951
f 5957 5959 5955 5953
f 5954 5956 5960 5958
f 5953 5954 5958 5957
f 5959 5960 5956 5955
f 5955 5956 5954 5953
f 5957 5958 5960 5959
f 5965 5967 5963 5961
f 5962 5964 5968 5966
f 5961 5962 5966 5965
f 5967 5968 5964 5963
f 5963 5964 5962 5961
f 5965 5966 5968 5967
f 5973 5975 5971 5969
f 5970 5972 5976 5974
f 5969 5970 5974 5973
f 5975 5976 5972 5971
f 5971 5972 5970 5969
f 5973 5974 5976 5975
f 5981 5983 5979 5977
f 5978 5980 5984 5982
f 5977 5978 5982 5981
f 5983 5984 5980 5979
f 5979 5980 5978 5977
f 5981 5982 5984 5983
f 5989 5991 5987 5985
f 5986 5988 5992 5990
f 5985 5986 5990 5989
f 5991 5992 5988 5987
f 5987 5988 5986 5985
f 5989 5990 5992 5991
f 5997 5999 5995 5993
f 5994 5996 6000 5998
f 5993 5994 5998 5997
f 5999 6000 5996 5995
f 5995 5996 5994 5993
f 5997 5998 6000 5999
f 6005 6007 6003 6001
f 6002 6004 6008 6006
f 6001 6002 6006 6005
f 6007 6008 6004 6003
f 6003 6004 6002 6001
f 6005 6006 6008 6007
f 6013 6015 6011 6009
f 6010 6012 6016 6014
f 6009 6010 6014 6013
f 6015 6016 6012 6011
f 6011 6012 6010 6009
f 6013 6014 6016 6015
f 6021 6023 6019 6017
f 6018 6020 6024 6022
f 6017 6018 6022 6021
f 6023 6024 6020 6019
f 6019 6020 6018 6017
f 6021 6022 6024 6023
f 6029 6031 6027 6025
f 6026 6028 6032 6030
f 6025 6026 6030 6029
f 6031 6032 6028 6027
f 6027 6028 6026 6025
f 6029 6030 6032 6031
f 6037 6039 6035 6033
f 6034 6036 6040 6038
f 6033 6034 6038 6037
f 6039 6040 6036 6035
f 6035 6036 6034 6033
f 6037 6038 6040 6039
f 6045 6047 6043 6041
f 6042 6044 6048 6046
f 6041 6042 6046 6045
f 6047 6048 6044 6043
f 6043 6044 6042 6041
f 6045 6046 6048 6047
f 6053 6055 6051 6049
f 6050 6052 6056 6054
f 6049 6050 6054 6053
f 6055 6056 6052 6051
f 6051 6052 6050 6049
f 6053 6054 6056 6055
f 6061 6063 6059 6057
f 6058 6060 6064 6062
f 6057 6058 6062 6061
f 6063 6064 6060 6059
f 6059 6060 6058 6057
f 6061 6062 6064 6063
f 6069 6071 6067 6065
f 6066 6068 6072 6070
f 6065 6066 6070 6069
f 6071 6072 6068 6067
f 6067 6068 6066 6065
f 6069 6070 6072 6071
f 6077 6079 6075 6073
f 6074 6076 6080 6078
f 6073 6074 6078 6077
f 6079 6080 6076 6075
f 6075 6076 6074 6073
f 6077 6078 6080 6079
f 6085 6087 6083 6081
f 6082 6084 6088 6086
f 6081 6082 6086 6085
f 6087 6088 6084 6083
f 6083 6084 6082 6081
f 6085 6086 6088 6087
f 6093 6095 6091 6089
f 6090 6092 6096 6094
f 6089 6090 6094 6093
f 6095 6096 6092 6091
f 6091 6092 6090 6089
f 6093 6094 6096 6095
f 6101 6103 6099 6097
f 6098 6100 6104 6102
f 6097 6098 6102 6101
f 6103 6104 6100 6099
f 6099 6100 6098 6097
f 6101 6102 6104 6103
f 6109 6111 6107 6105
f 6106 6108 6112 6110
f 6105 6106 6110 6109
f 6111 6112 6108 6107
f 6107 6108 6106 6105
f 6109 6110 6112 6111
f 6117 6119 6115 6113
f 6114 6116 6120 6118
f 6113 6114 6118 6117
f 6119 6120 6116 6115
f 6115 6116 6114 6113
f 6117 6118 6120 6119
f 6125 6127 6123 6121
f 6122 6124 6128 6126
f 6121 6122 6126 6125
f 6127 6128 6124 6123
f 6123 6124 6122 6121
f 6125 6126 6128 6127
f 6133 6135 6131 6129
f 6130 6132 6136 6134
f 6129 6130 6134 6133
f 6135 6136 6132 6131
f 6131 6132 6130 6129
f 6133 6134 6136 6135
f 6141 6143 6139 6137
f 6138 6140 6144 6142
f 6137 6138 6142 6141
f 6143 6144 6140 6139
f 6139 6140 6138 6137
f 6141 6142 6144 6143
f 6149 6151 6147 6145
f 6146 6148 6152 6150
f 6145 6146 6150 6149
f 6151 6152 6148 6147
f 6147 6148 6146 6145
f 6149 6150 6152 6151
f 6157 6159 6155 6153
f 6154 6156 6160 6158
f 6153 6154 6158 6157
f 6159 6160 6156 6155
f 6155 6156 6154 6153
f 6157 6158 6160 6159
f 6165 6167 6163 6161
f 6162 6164 6168 6166
f 6161 6162 6166 6165
f 6167 6168 6164 6163
f 6163 6164 6162 6161
f 6165 6166 6168 6167
f 6173 6175 6171 6169
f 6170 6172 6176 6174
f 6169 6170 6174 6173
f 6175 6176 6172 6171
f 6171 6172 6170 6169
f 6173 6174 6176 6175
f 6181 6183 6179 6177
f 6178 6180 6184 6182
f 6177 6178 6182 6181
f 6183 6184 6180 6179
f 6179 6180 6178 6177
f 6181 6182 6184 6183
f 6189 6191 6187 6185
f 6186 6188 6192 6190
f 6185 6186 6190 6189
f 6191 6192 6188 6187
f 6187 6188 6186 6185
f 6189 6190 6192 6191
f 6197 6199 6195 6193
f 6194 6196 6200 6198
f 6193 6194 6198 6197
f 6199 6200 6196 6195
f 6195 6196 6194 6193
f 6197 6198 6200 6199
f 6205 6207 6203 6201
f 6202 6204 6208 6206
f 6201 6202 6206 6205
f 6207 6208 6204 6203
f 6203 6204 6202 6201
f 6205 6206 6208 6207
f 6213 6215 6211 6209
f 6210 6212 6216 6214
f 6209 6210 6214 6213
f 6215 6216 6212 6211
f 6211 6212 6210 6209
f 6213 6214 6216 6215
f 6221 6223 6219 6217
f 6218 6220 6224 6222
f 6217 6218 6222 6221
f 6223 6224 6220 6219
f 6219 6220 6218 6217
f 6221 6222 6224 6223
f 6229 6231 6227 6225
f 6226 6228 6232 6230
f 6225 6226 6230 6229
f 6231 6232 6228 6227
f 6227 6228 6226 6225
f 6229 6230 6232 6231
f 6237 6239 6235 6233
f 6234 6236 6240 6238
f 6233 6234 6238 6237
f 6239 6240 6236 6235
f 6235 6236 6234 6233
f 6237 6238 6240 6239
f 6245 6247 6243 6241
f 6242 6244 6248 6246
f 6241 6242 6246 6245
f 6247 6248 6244 6243
f 6243 6244 6242 6241
f 6245 6246 6248 6247
f 6253 6255 6251 6249
f 6250 6252 6256 6254
f 6249 6250 6254 6253
f 6255 6256 6252 6251
f 6251 6252 6250 6249
f 6253 6254 6256 6255
f 6261 6263 6259 6257
f 6258 6260 6264 6262
f 6257 6258 6262 6261
f 6263 6264 6260 6259
f 6259 6260 6258 6257
f 6261 6262 6264 6263
f 6269 6271 6267 6265
f 6266 6268 6272 6270
f 6265 6266 6270 6269
f 6271 6272 6268 6267
f 6267 6268 6266 6265
f 6269 6270 6272 6271
f 6277 6279 6275 6273
f 6274 6276 6280 6278
f 6273 6274 6278 6277
f 6279 6280 6276 6275
f 6275 6276 6274 6273
f 6277 6278 6280 6279
f 6285 6287 6283 6281
f 6282 6284 6288 6286
f 6281 6282 6286 6285
f 6287 6288 6284 6283
f 6283 6284 6282 6281
f 6285 6286 6288 6287
f 6293 6295 6291 6289
f 6290 6292 6296 6294
f 6289 6290 6294 6293
f 6295 6296 6292 6291
f 6291 6292 6290 6289
f 6293 6294 6296 6295
f 6301 6303 6299 6297
f 6298 6300 6304 6302
f 6297 6298 6302 6301
f 6303 6304 6300 6299
f 6299 6300 6298 6297
f 6301 6302 6304 6303
f 6309 6311 6307 6305
f 6306 6308 6312 6310
f 6305 6306 6310 6309
f 6311 6312 6308 6307
f 6307 6308 6306 6305
f 6309 6310 6312 6311
f 6317 6319 6315 6313
f 6314 6316 6320 6318
f 6313 6314 6318 6317
f 6319 6320 6316 6315
f 6315 6316 6314 6313
f 6317 6318 6320 6319
f 6325 6327 6323 6321
f 6322 6324 6328 6326
f 6321 6322 6326 6325
f 6327 6328 6324 6323
f 6323 6324 6322 6321
f 6325 6326 6328 6327
f 6333 6335 6331 6329
f 6330 6332 6336 6334
f 6329 6330 6334 6333
f 6335 6336 6332 6331
f 6331 6332 6330 6329
f 6333 6334 6336 6335
f 6341 6343 6339 6337
f 6338 6340 6344 6342
f 6337 6338 6342 6341
f 6343 6344 6340 6339
f 6339 6340 6338 6337
f 6341 6342 6344 6343
o LARGE_Medical-col
usemtl Medical
v -8.7500 0.0000 -6.3000
v -6.7500 0.0000 -6.3000
v -8.7500 0.0000 -7.3000
v -6.7500 0.0000 -7.3000
v -8.7500 0.7000 -6.3000
v -6.7500 0.7000 -6.3000
v -8.7500 0.7000 -7.3000
v -6.7500 0.7000 -7.3000
v -8.7500 0.0000 -9.4000
v -6.7500 0.0000 -9.4000
v -8.7500 0.0000 -10.4000
v -6.7500 0.0000 -10.4000
v -8.7500 0.7000 -9.4000
v -6.7500 0.7000 -9.4000
v -8.7500 0.7000 -10.4000
v -6.7500 0.7000 -10.4000
v -8.7500 0.0000 -12.5000
v -6.7500 0.0000 -12.5000
v -8.7500 0.0000 -13.5000
v -6.7500 0.0000 -13.5000
v -8.7500 0.7000 -12.5000
v -6.7500 0.7000 -12.5000
v -8.7500 0.7000 -13.5000
v -6.7500 0.7000 -13.5000
v -2.5000 0.0000 -11.4000
v -1.9500 0.0000 -11.4000
v -2.5000 0.0000 -14.4000
v -1.9500 0.0000 -14.4000
v -2.5000 1.9000 -11.4000
v -1.9500 1.9000 -11.4000
v -2.5000 1.9000 -14.4000
v -1.9500 1.9000 -14.4000
v -8.7500 4.0000 -46.3000
v -6.7500 4.0000 -46.3000
v -8.7500 4.0000 -47.3000
v -6.7500 4.0000 -47.3000
v -8.7500 4.7000 -46.3000
v -6.7500 4.7000 -46.3000
v -8.7500 4.7000 -47.3000
v -6.7500 4.7000 -47.3000
v -8.7500 4.0000 -49.4000
v -6.7500 4.0000 -49.4000
v -8.7500 4.0000 -50.4000
v -6.7500 4.0000 -50.4000
v -8.7500 4.7000 -49.4000
v -6.7500 4.7000 -49.4000
v -8.7500 4.7000 -50.4000
v -6.7500 4.7000 -50.4000
v -8.7500 4.0000 -52.5000
v -6.7500 4.0000 -52.5000
v -8.7500 4.0000 -53.5000
v -6.7500 4.0000 -53.5000
v -8.7500 4.7000 -52.5000
v -6.7500 4.7000 -52.5000
v -8.7500 4.7000 -53.5000
v -6.7500 4.7000 -53.5000
v -2.5000 4.0000 -51.4000
v -1.9500 4.0000 -51.4000
v -2.5000 4.0000 -54.4000
v -1.9500 4.0000 -54.4000
v -2.5000 5.9000 -51.4000
v -1.9500 5.9000 -51.4000
v -2.5000 5.9000 -54.4000
v -1.9500 5.9000 -54.4000
f 6349 6351 6347 6345
f 6346 6348 6352 6350
f 6345 6346 6350 6349
f 6351 6352 6348 6347
f 6347 6348 6346 6345
f 6349 6350 6352 6351
f 6357 6359 6355 6353
f 6354 6356 6360 6358
f 6353 6354 6358 6357
f 6359 6360 6356 6355
f 6355 6356 6354 6353
f 6357 6358 6360 6359
f 6365 6367 6363 6361
f 6362 6364 6368 6366
f 6361 6362 6366 6365
f 6367 6368 6364 6363
f 6363 6364 6362 6361
f 6365 6366 6368 6367
f 6373 6375 6371 6369
f 6370 6372 6376 6374
f 6369 6370 6374 6373
f 6375 6376 6372 6371
f 6371 6372 6370 6369
f 6373 6374 6376 6375
f 6381 6383 6379 6377
f 6378 6380 6384 6382
f 6377 6378 6382 6381
f 6383 6384 6380 6379
f 6379 6380 6378 6377
f 6381 6382 6384 6383
f 6389 6391 6387 6385
f 6386 6388 6392 6390
f 6385 6386 6390 6389
f 6391 6392 6388 6387
f 6387 6388 6386 6385
f 6389 6390 6392 6391
f 6397 6399 6395 6393
f 6394 6396 6400 6398
f 6393 6394 6398 6397
f 6399 6400 6396 6395
f 6395 6396 6394 6393
f 6397 6398 6400 6399
f 6405 6407 6403 6401
f 6402 6404 6408 6406
f 6401 6402 6406 6405
f 6407 6408 6404 6403
f 6403 6404 6402 6401
f 6405 6406 6408 6407
o LARGE_EscapeHatches
usemtl Engine
v 8.8700 0.0000 -26.9000
v 8.9500 0.0000 -26.9000
v 8.8700 0.0000 -28.3000
v 8.9500 0.0000 -28.3000
v 8.8700 2.2000 -26.9000
v 8.9500 2.2000 -26.9000
v 8.8700 2.2000 -28.3000
v 8.9500 2.2000 -28.3000
v 8.8700 0.0000 -31.7000
v 8.9500 0.0000 -31.7000
v 8.8700 0.0000 -33.1000
v 8.9500 0.0000 -33.1000
v 8.8700 2.2000 -31.7000
v 8.9500 2.2000 -31.7000
v 8.8700 2.2000 -33.1000
v 8.9500 2.2000 -33.1000
v 8.8700 4.0000 -26.9000
v 8.9500 4.0000 -26.9000
v 8.8700 4.0000 -28.3000
v 8.9500 4.0000 -28.3000
v 8.8700 6.2000 -26.9000
v 8.9500 6.2000 -26.9000
v 8.8700 6.2000 -28.3000
v 8.9500 6.2000 -28.3000
v 8.8700 4.0000 -31.7000
v 8.9500 4.0000 -31.7000
v 8.8700 4.0000 -33.1000
v 8.9500 4.0000 -33.1000
v 8.8700 6.2000 -31.7000
v 8.9500 6.2000 -31.7000
v 8.8700 6.2000 -33.1000
v 8.9500 6.2000 -33.1000
f 6413 6415 6411 6409
f 6410 6412 6416 6414
f 6409 6410 6414 6413
f 6415 6416 6412 6411
f 6411 6412 6410 6409
f 6413 6414 6416 6415
f 6421 6423 6419 6417
f 6418 6420 6424 6422
f 6417 6418 6422 6421
f 6423 6424 6420 6419
f 6419 6420 6418 6417
f 6421 6422 6424 6423
f 6429 6431 6427 6425
f 6426 6428 6432 6430
f 6425 6426 6430 6429
f 6431 6432 6428 6427
f 6427 6428 6426 6425
f 6429 6430 6432 6431
f 6437 6439 6435 6433
f 6434 6436 6440 6438
f 6433 6434 6438 6437
f 6439 6440 6436 6435
f 6435 6436 6434 6433
f 6437 6438 6440 6439
o LARGE_BlastDoor_C0_C1_D0-col
usemtl Door
v 0.0750 0.0000 54.8900
v 1.7250 0.0000 54.8900
v 0.0750 0.0000 54.8100
v 1.7250 0.0000 54.8100
v 0.0750 2.8000 54.8900
v 1.7250 2.8000 54.8900
v 0.0750 2.8000 54.8100
v 1.7250 2.8000 54.8100
f 6445 6447 6443 6441
f 6442 6444 6448 6446
f 6441 6442 6446 6445
f 6447 6448 6444 6443
f 6443 6444 6442 6441
f 6445 6446 6448 6447
o LARGE_BlastDoor_C1_C2_D0-col
usemtl Door
v 0.0750 0.0000 24.8900
v 1.7250 0.0000 24.8900
v 0.0750 0.0000 24.8100
v 1.7250 0.0000 24.8100
v 0.0750 2.8000 24.8900
v 1.7250 2.8000 24.8900
v 0.0750 2.8000 24.8100
v 1.7250 2.8000 24.8100
f 6453 6455 6451 6449
f 6450 6452 6456 6454
f 6449 6450 6454 6453
f 6455 6456 6452 6451
f 6451 6452 6450 6449
f 6453 6454 6456 6455
o LARGE_BlastDoor_C2_C3_D0-col
usemtl Door
v 0.0750 0.0000 -5.1100
v 1.7250 0.0000 -5.1100
v 0.0750 0.0000 -5.1900
v 1.7250 0.0000 -5.1900
v 0.0750 2.8000 -5.1100
v 1.7250 2.8000 -5.1100
v 0.0750 2.8000 -5.1900
v 1.7250 2.8000 -5.1900
f 6461 6463 6459 6457
f 6458 6460 6464 6462
f 6457 6458 6462 6461
f 6463 6464 6460 6459
f 6459 6460 6458 6457
f 6461 6462 6464 6463
o LARGE_BreachWall_1-col
usemtl BreachWall
v 1.7500 0.0000 -22.2000
v 1.9500 0.0000 -22.2000
v 1.7500 0.0000 -23.8000
v 1.9500 0.0000 -23.8000
v 1.7500 2.6000 -22.2000
v 1.9500 2.6000 -22.2000
v 1.7500 2.6000 -23.8000
v 1.9500 2.6000 -23.8000
f 6469 6471 6467 6465
f 6466 6468 6472 6470
f 6465 6466 6470 6469
f 6471 6472 6468 6467
f 6467 6468 6466 6465
f 6469 6470 6472 6471
o LARGE_BlastDoor_C3_C4_D0-col
usemtl Door
v 0.0750 0.0000 -25.1100
v 1.7250 0.0000 -25.1100
v 0.0750 0.0000 -25.1900
v 1.7250 0.0000 -25.1900
v 0.0750 2.8000 -25.1100
v 1.7250 2.8000 -25.1100
v 0.0750 2.8000 -25.1900
v 1.7250 2.8000 -25.1900
f 6477 6479 6475 6473
f 6474 6476 6480 6478
f 6473 6474 6478 6477
f 6479 6480 6476 6475
f 6475 6476 6474 6473
f 6477 6478 6480 6479
o LARGE_BreachWall_2-col
usemtl BreachWall
v -7.5500 0.0000 -24.9000
v -5.9500 0.0000 -24.9000
v -7.5500 0.0000 -25.1000
v -5.9500 0.0000 -25.1000
v -7.5500 2.4000 -24.9000
v -5.9500 2.4000 -24.9000
v -7.5500 2.4000 -25.1000
v -5.9500 2.4000 -25.1000
f 6485 6487 6483 6481
f 6482 6484 6488 6486
f 6481 6482 6486 6485
f 6487 6488 6484 6483
f 6483 6484 6482 6481
f 6485 6486 6488 6487
o LARGE_BreachWall_3-col
usemtl BreachWall
v 5.9500 0.0000 -24.9000
v 7.5500 0.0000 -24.9000
v 5.9500 0.0000 -25.1000
v 7.5500 0.0000 -25.1000
v 5.9500 2.4000 -24.9000
v 7.5500 2.4000 -24.9000
v 5.9500 2.4000 -25.1000
v 7.5500 2.4000 -25.1000
f 6493 6495 6491 6489
f 6490 6492 6496 6494
f 6489 6490 6494 6493
f 6495 6496 6492 6491
f 6491 6492 6490 6489
f 6493 6494 6496 6495
o LARGE_BreachDoor_4-col
usemtl Door
v 1.7500 0.0000 -39.2000
v 1.9500 0.0000 -39.2000
v 1.7500 0.0000 -40.8000
v 1.9500 0.0000 -40.8000
v 1.7500 2.6000 -39.2000
v 1.9500 2.6000 -39.2000
v 1.7500 2.6000 -40.8000
v 1.9500 2.6000 -40.8000
f 6501 6503 6499 6497
f 6498 6500 6504 6502
f 6497 6498 6502 6501
f 6503 6504 6500 6499
f 6499 6500 6498 6497
f 6501 6502 6504 6503
o LARGE_BreachWall_5-col
usemtl BreachWall
v -1.9500 0.0000 -52.2000
v -1.7500 0.0000 -52.2000
v -1.9500 0.0000 -53.8000
v -1.7500 0.0000 -53.8000
v -1.9500 2.6000 -52.2000
v -1.7500 2.6000 -52.2000
v -1.9500 2.6000 -53.8000
v -1.7500 2.6000 -53.8000
f 6509 6511 6507 6505
f 6506 6508 6512 6510
f 6505 6506 6510 6509
f 6511 6512 6508 6507
f 6507 6508 6506 6505
f 6509 6510 6512 6511
o LARGE_BlastDoor_C4_C5_D0-col
usemtl Door
v 0.0750 0.0000 -45.1100
v 1.7250 0.0000 -45.1100
v 0.0750 0.0000 -45.1900
v 1.7250 0.0000 -45.1900
v 0.0750 2.8000 -45.1100
v 1.7250 2.8000 -45.1100
v 0.0750 2.8000 -45.1900
v 1.7250 2.8000 -45.1900
f 6517 6519 6515 6513
f 6514 6516 6520 6518
f 6513 6514 6518 6517
f 6519 6520 6516 6515
f 6515 6516 6514 6513
f 6517 6518 6520 6519
o LARGE_BreachWall_6-col
usemtl BreachWall
v -7.5500 0.0000 -44.9000
v -5.9500 0.0000 -44.9000
v -7.5500 0.0000 -45.1000
v -5.9500 0.0000 -45.1000
v -7.5500 2.4000 -44.9000
v -5.9500 2.4000 -44.9000
v -7.5500 2.4000 -45.1000
v -5.9500 2.4000 -45.1000
f 6525 6527 6523 6521
f 6522 6524 6528 6526
f 6521 6522 6526 6525
f 6527 6528 6524 6523
f 6523 6524 6522 6521
f 6525 6526 6528 6527
o LARGE_BreachWall_7-col
usemtl BreachWall
v 5.9500 0.0000 -44.9000
v 7.5500 0.0000 -44.9000
v 5.9500 0.0000 -45.1000
v 7.5500 0.0000 -45.1000
v 5.9500 2.4000 -44.9000
v 7.5500 2.4000 -44.9000
v 5.9500 2.4000 -45.1000
v 7.5500 2.4000 -45.1000
f 6533 6535 6531 6529
f 6530 6532 6536 6534
f 6529 6530 6534 6533
f 6535 6536 6532 6531
f 6531 6532 6530 6529
f 6533 6534 6536 6535
o LARGE_BreachDoor_8-col
usemtl Door
v -1.9500 4.0000 -9.2000
v -1.7500 4.0000 -9.2000
v -1.9500 4.0000 -10.8000
v -1.7500 4.0000 -10.8000
v -1.9500 6.6000 -9.2000
v -1.7500 6.6000 -9.2000
v -1.9500 6.6000 -10.8000
v -1.7500 6.6000 -10.8000
f 6541 6543 6539 6537
f 6538 6540 6544 6542
f 6537 6538 6542 6541
f 6543 6544 6540 6539
f 6539 6540 6538 6537
f 6541 6542 6544 6543
o LARGE_BlastDoor_C3_C4_D1-col
usemtl Door
v 0.0750 4.0000 -25.1100
v 1.7250 4.0000 -25.1100
v 0.0750 4.0000 -25.1900
v 1.7250 4.0000 -25.1900
v 0.0750 6.8000 -25.1100
v 1.7250 6.8000 -25.1100
v 0.0750 6.8000 -25.1900
v 1.7250 6.8000 -25.1900
f 6549 6551 6547 6545
f 6546 6548 6552 6550
f 6545 6546 6550 6549
f 6551 6552 6548 6547
f 6547 6548 6546 6545
f 6549 6550 6552 6551
o LARGE_BreachWall_9-col
usemtl BreachWall
v -7.5500 4.0000 -24.9000
v -5.9500 4.0000 -24.9000
v -7.5500 4.0000 -25.1000
v -5.9500 4.0000 -25.1000
v -7.5500 6.4000 -24.9000
v -5.9500 6.4000 -24.9000
v -7.5500 6.4000 -25.1000
v -5.9500 6.4000 -25.1000
f 6557 6559 6555 6553
f 6554 6556 6560 6558
f 6553 6554 6558 6557
f 6559 6560 6556 6555
f 6555 6556 6554 6553
f 6557 6558 6560 6559
o LARGE_BreachWall_10-col
usemtl BreachWall
v 5.9500 4.0000 -24.9000
v 7.5500 4.0000 -24.9000
v 5.9500 4.0000 -25.1000
v 7.5500 4.0000 -25.1000
v 5.9500 6.4000 -24.9000
v 7.5500 6.4000 -24.9000
v 5.9500 6.4000 -25.1000
v 7.5500 6.4000 -25.1000
f 6565 6567 6563 6561
f 6562 6564 6568 6566
f 6561 6562 6566 6565
f 6567 6568 6564 6563
f 6563 6564 6562 6561
f 6565 6566 6568 6567
o LARGE_BreachDoor_11-col
usemtl Door
v 1.7500 4.0000 -39.2000
v 1.9500 4.0000 -39.2000
v 1.7500 4.0000 -40.8000
v 1.9500 4.0000 -40.8000
v 1.7500 6.6000 -39.2000
v 1.9500 6.6000 -39.2000
v 1.7500 6.6000 -40.8000
v 1.9500 6.6000 -40.8000
f 6573 6575 6571 6569
f 6570 6572 6576 6574
f 6569 6570 6574 6573
f 6575 6576 6572 6571
f 6571 6572 6570 6569
f 6573 6574 6576 6575
o LARGE_BreachDoor_12-col
usemtl Door
v 1.7500 4.0000 -49.2000
v 1.9500 4.0000 -49.2000
v 1.7500 4.0000 -50.8000
v 1.9500 4.0000 -50.8000
v 1.7500 6.6000 -49.2000
v 1.9500 6.6000 -49.2000
v 1.7500 6.6000 -50.8000
v 1.9500 6.6000 -50.8000
f 6581 6583 6579 6577
f 6578 6580 6584 6582
f 6577 6578 6582 6581
f 6583 6584 6580 6579
f 6579 6580 6578 6577
f 6581 6582 6584 6583
o LARGE_BlastDoor_C4_C5_D1-col
usemtl Door
v 0.0750 4.0000 -45.1100
v 1.7250 4.0000 -45.1100
v 0.0750 4.0000 -45.1900
v 1.7250 4.0000 -45.1900
v 0.0750 6.8000 -45.1100
v 1.7250 6.8000 -45.1100
v 0.0750 6.8000 -45.1900
v 1.7250 6.8000 -45.1900
f 6589 6591 6587 6585
f 6586 6588 6592 6590
f 6585 6586 6590 6589
f 6591 6592 6588 6587
f 6587 6588 6586 6585
f 6589 6590 6592 6591
o LARGE_BreachWall_13-col
usemtl BreachWall
v -7.5500 4.0000 -44.9000
v -5.9500 4.0000 -44.9000
v -7.5500 4.0000 -45.1000
v -5.9500 4.0000 -45.1000
v -7.5500 6.4000 -44.9000
v -5.9500 6.4000 -44.9000
v -7.5500 6.4000 -45.1000
v -5.9500 6.4000 -45.1000
f 6597 6599 6595 6593
f 6594 6596 6600 6598
f 6593 6594 6598 6597
f 6599 6600 6596 6595
f 6595 6596 6594 6593
f 6597 6598 6600 6599
o LARGE_BreachWall_14-col
usemtl BreachWall
v 5.9500 4.0000 -44.9000
v 7.5500 4.0000 -44.9000
v 5.9500 4.0000 -45.1000
v 7.5500 4.0000 -45.1000
v 5.9500 6.4000 -44.9000
v 7.5500 6.4000 -44.9000
v 5.9500 6.4000 -45.1000
v 7.5500 6.4000 -45.1000
f 6605 6607 6603 6601
f 6602 6604 6608 6606
f 6601 6602 6606 6605
f 6607 6608 6604 6603
f 6603 6604 6602 6601
f 6605 6606 6608 6607
o LARGE_Door_S12_D1-col
usemtl Door
v 0.0750 4.0000 -55.1100
v 1.7250 4.0000 -55.1100
v 0.0750 4.0000 -55.1900
v 1.7250 4.0000 -55.1900
v 0.0750 6.8000 -55.1100
v 1.7250 6.8000 -55.1100
v 0.0750 6.8000 -55.1900
v 1.7250 6.8000 -55.1900
f 6613 6615 6611 6609
f 6610 6612 6616 6614
f 6609 6610 6614 6613
f 6615 6616 6612 6611
f 6611 6612 6610 6609
f 6613 6614 6616 6615
o LARGE_Elevator_1-col
usemtl Door
v -4.8500 -0.1500 -26.1000
v -2.0500 -0.1500 -26.1000
v -4.8500 -0.1500 -28.9000
v -2.0500 -0.1500 -28.9000
v -4.8500 0.0000 -26.1000
v -2.0500 0.0000 -26.1000
v -4.8500 0.0000 -28.9000
v -2.0500 0.0000 -28.9000
v -4.8500 0.0000 -26.1000
v -2.0500 0.0000 -26.1000
v -4.8500 0.0000 -26.2000
v -2.0500 0.0000 -26.2000
v -4.8500 1.0000 -26.1000
v -2.0500 1.0000 -26.1000
v -4.8500 1.0000 -26.2000
v -2.0500 1.0000 -26.2000
v -4.8500 0.0000 -28.8000
v -2.0500 0.0000 -28.8000
v -4.8500 0.0000 -28.9000
v -2.0500 0.0000 -28.9000
v -4.8500 1.0000 -28.8000
v -2.0500 1.0000 -28.8000
v -4.8500 1.0000 -28.9000
v -2.0500 1.0000 -28.9000
f 6621 6623 6619 6617
f 6618 6620 6624 6622
f 6617 6618 6622 6621
f 6623 6624 6620 6619
f 6619 6620 6618 6617
f 6621 6622 6624 6623
f 6629 6631 6627 6625
f 6626 6628 6632 6630
f 6625 6626 6630 6629
f 6631 6632 6628 6627
f 6627 6628 6626 6625
f 6629 6630 6632 6631
f 6637 6639 6635 6633
f 6634 6636 6640 6638
f 6633 6634 6638 6637
f 6639 6640 6636 6635
f 6635 6636 6634 6633
f 6637 6638 6640 6639
o LARGE_ElevatorDoor_1_D0-col
usemtl Door
v -1.7300 0.0000 -28.4250
v -1.6500 0.0000 -28.4250
v -1.7300 0.0000 -30.2750
v -1.6500 0.0000 -30.2750
v -1.7300 2.6000 -28.4250
v -1.6500 2.6000 -28.4250
v -1.7300 2.6000 -30.2750
v -1.6500 2.6000 -30.2750
f 6645 6647 6643 6641
f 6642 6644 6648 6646
f 6641 6642 6646 6645
f 6647 6648 6644 6643
f 6643 6644 6642 6641
f 6645 6646 6648 6647
o LARGE_ElevatorDoor_1_D1-col
usemtl Door
v -1.7300 4.0000 -26.5750
v -1.6500 4.0000 -26.5750
v -1.7300 4.0000 -28.4250
v -1.6500 4.0000 -28.4250
v -1.7300 6.6000 -26.5750
v -1.6500 6.6000 -26.5750
v -1.7300 6.6000 -28.4250
v -1.6500 6.6000 -28.4250
f 6653 6655 6651 6649
f 6650 6652 6656 6654
f 6649 6650 6654 6653
f 6655 6656 6652 6651
f 6651 6652 6650 6649
f 6653 6654 6656 6655
o LARGE_HangarShield_Port
usemtl Shield
v -9.2300 0.5000 54.0000
v -9.1700 0.5000 54.0000
v -9.2300 0.5000 26.0000
v -9.1700 0.5000 26.0000
v -9.2300 6.8000 54.0000
v -9.1700 6.8000 54.0000
v -9.2300 6.8000 26.0000
v -9.1700 6.8000 26.0000
f 6661 6663 6659 6657
f 6658 6660 6664 6662
f 6657 6658 6662 6661
f 6663 6664 6660 6659
f 6659 6660 6658 6657
f 6661 6662 6664 6663
o LARGE_HangarShield_Starboard
usemtl Shield
v 9.1700 0.5000 54.0000
v 9.2300 0.5000 54.0000
v 9.1700 0.5000 26.0000
v 9.2300 0.5000 26.0000
v 9.1700 6.8000 54.0000
v 9.2300 6.8000 54.0000
v 9.1700 6.8000 26.0000
v 9.2300 6.8000 26.0000
f 6669 6671 6667 6665
f 6666 6668 6672 6670
f 6665 6666 6670 6669
f 6671 6672 6668 6667
f 6667 6668 6666 6665
f 6669 6670 6672 6671
o LARGE_BreachPanel_1-col
usemtl BreachPanel
v -9.4500 0.3000 -38.4000
v -8.9500 0.3000 -38.4000
v -9.4500 0.3000 -41.6000
v -8.9500 0.3000 -41.6000
v -9.4500 3.3000 -38.4000
v -8.9500 3.3000 -38.4000
v -9.4500 3.3000 -41.6000
v -8.9500 3.3000 -41.6000
f 6677 6679 6675 6673
f 6674 6676 6680 6678
f 6673 6674 6678 6677
f 6679 6680 6676 6675
f 6675 6676 6674 6673
f 6677 6678 6680 6679
o LARGE_BreachPanel_2-col
usemtl BreachPanel
v -9.4500 0.3000 -58.4000
v -8.9500 0.3000 -58.4000
v -9.4500 0.3000 -61.6000
v -8.9500 0.3000 -61.6000
v -9.4500 3.3000 -58.4000
v -8.9500 3.3000 -58.4000
v -9.4500 3.3000 -61.6000
v -8.9500 3.3000 -61.6000
f 6685 6687 6683 6681
f 6682 6684 6688 6686
f 6681 6682 6686 6685
f 6687 6688 6684 6683
f 6683 6684 6682 6681
f 6685 6686 6688 6687
o LARGE_BreachPanel_3-col
usemtl BreachPanel
v 8.9500 4.3000 -8.4000
v 9.4500 4.3000 -8.4000
v 8.9500 4.3000 -11.6000
v 9.4500 4.3000 -11.6000
v 8.9500 7.3000 -8.4000
v 9.4500 7.3000 -8.4000
v 8.9500 7.3000 -11.6000
v 9.4500 7.3000 -11.6000
f 6693 6695 6691 6689
f 6690 6692 6696 6694
f 6689 6690 6694 6693
f 6695 6696 6692 6691
f 6691 6692 6690 6689
f 6693 6694 6696 6695
o LARGE_BreachPanel_4-col
usemtl BreachPanel
v -9.4500 4.3000 -38.4000
v -8.9500 4.3000 -38.4000
v -9.4500 4.3000 -41.6000
v -8.9500 4.3000 -41.6000
v -9.4500 7.3000 -38.4000
v -8.9500 7.3000 -38.4000
v -9.4500 7.3000 -41.6000
v -8.9500 7.3000 -41.6000
f 6701 6703 6699 6697
f 6698 6700 6704 6702
f 6697 6698 6702 6701
f 6703 6704 6700 6699
f 6699 6700 6698 6697
f 6701 6702 6704 6703
o LARGE_CargoBayDoor-col
usemtl Door
v 9.0000 0.2000 24.2000
v 9.1000 0.2000 24.2000
v 9.0000 0.2000 -4.2000
v 9.1000 0.2000 -4.2000
v 9.0000 6.8000 24.2000
v 9.1000 6.8000 24.2000
v 9.0000 6.8000 -4.2000
v 9.1000 6.8000 -4.2000
f 6709 6711 6707 6705
f 6706 6708 6712 6710
f 6705 6706 6710 6709
f 6711 6712 6708 6707
f 6707 6708 6706 6705
f 6709 6710 6712 6711
o LARGE_CargoBayShield
usemtl Shield
v 9.2500 0.2000 24.2000
v 9.3100 0.2000 24.2000
v 9.2500 0.2000 -4.2000
v 9.3100 0.2000 -4.2000
v 9.2500 6.8000 24.2000
v 9.3100 6.8000 24.2000
v 9.2500 6.8000 -4.2000
v 9.3100 6.8000 -4.2000
f 6717 6719 6715 6713
f 6714 6716 6720 6718
f 6713 6714 6718 6717
f 6719 6720 6716 6715
f 6715 6716 6714 6713
f 6717 6718 6720 6719
o LARGE_ReadyLockers-col
usemtl Furniture
v 1.4000 0.0000 -6.4000
v 1.7500 0.0000 -6.4000
v 1.4000 0.0000 -7.8000
v 1.7500 0.0000 -7.8000
v 1.4000 2.0000 -6.4000
v 1.7500 2.0000 -6.4000
v 1.4000 2.0000 -7.8000
v 1.7500 2.0000 -7.8000
v 1.4000 0.0000 -26.4000
v 1.7500 0.0000 -26.4000
v 1.4000 0.0000 -27.8000
v 1.7500 0.0000 -27.8000
v 1.4000 2.0000 -26.4000
v 1.7500 2.0000 -26.4000
v 1.4000 2.0000 -27.8000
v 1.7500 2.0000 -27.8000
v 1.4000 0.0000 -46.4000
v 1.7500 0.0000 -46.4000
v 1.4000 0.0000 -47.8000
v 1.7500 0.0000 -47.8000
v 1.4000 2.0000 -46.4000
v 1.7500 2.0000 -46.4000
v 1.4000 2.0000 -47.8000
v 1.7500 2.0000 -47.8000
v 1.4000 4.0000 -6.4000
v 1.7500 4.0000 -6.4000
v 1.4000 4.0000 -7.8000
v 1.7500 4.0000 -7.8000
v 1.4000 6.0000 -6.4000
v 1.7500 6.0000 -6.4000
v 1.4000 6.0000 -7.8000
v 1.7500 6.0000 -7.8000
v 1.4000 4.0000 -26.4000
v 1.7500 4.0000 -26.4000
v 1.4000 4.0000 -27.8000
v 1.7500 4.0000 -27.8000
v 1.4000 6.0000 -26.4000
v 1.7500 6.0000 -26.4000
v 1.4000 6.0000 -27.8000
v 1.7500 6.0000 -27.8000
v 1.4000 4.0000 -46.4000
v 1.7500 4.0000 -46.4000
v 1.4000 4.0000 -47.8000
v 1.7500 4.0000 -47.8000
v 1.4000 6.0000 -46.4000
v 1.7500 6.0000 -46.4000
v 1.4000 6.0000 -47.8000
v 1.7500 6.0000 -47.8000
f 6725 6727 6723 6721
f 6722 6724 6728 6726
f 6721 6722 6726 6725
f 6727 6728 6724 6723
f 6723 6724 6722 6721
f 6725 6726 6728 6727
f 6733 6735 6731 6729
f 6730 6732 6736 6734
f 6729 6730 6734 6733
f 6735 6736 6732 6731
f 6731 6732 6730 6729
f 6733 6734 6736 6735
f 6741 6743 6739 6737
f 6738 6740 6744 6742
f 6737 6738 6742 6741
f 6743 6744 6740 6739
f 6739 6740 6738 6737
f 6741 6742 6744 6743
f 6749 6751 6747 6745
f 6746 6748 6752 6750
f 6745 6746 6750 6749
f 6751 6752 6748 6747
f 6747 6748 6746 6745
f 6749 6750 6752 6751
f 6757 6759 6755 6753
f 6754 6756 6760 6758
f 6753 6754 6758 6757
f 6759 6760 6756 6755
f 6755 6756 6754 6753
f 6757 6758 6760 6759
f 6765 6767 6763 6761
f 6762 6764 6768 6766
f 6761 6762 6766 6765
f 6767 6768 6764 6763
f 6763 6764 6762 6761
f 6765 6766 6768 6767
o LARGE_EscapePod_1
usemtl Armor
v 9.4500 0.3500 -26.7500
v 11.6500 0.3500 -26.7500
v 9.4500 0.3500 -28.4500
v 11.6500 0.3500 -28.4500
v 9.4500 2.0500 -26.7500
v 11.6500 2.0500 -26.7500
v 9.4500 2.0500 -28.4500
v 11.6500 2.0500 -28.4500
v 11.6500 0.6000 -27.0000
v 12.1500 0.6000 -27.0000
v 11.6500 0.6000 -28.2000
v 12.1500 0.6000 -28.2000
v 11.6500 1.8000 -27.0000
v 12.1500 1.8000 -27.0000
v 11.6500 1.8000 -28.2000
v 12.1500 1.8000 -28.2000
f 6773 6775 6771 6769
f 6770 6772 6776 6774
f 6769 6770 6774 6773
f 6775 6776 6772 6771
f 6771 6772 6770 6769
f 6773 6774 6776 6775
f 6781 6783 6779 6777
f 6778 6780 6784 6782
f 6777 6778 6782 6781
f 6783 6784 6780 6779
f 6779 6780 6778 6777
f 6781 6782 6784 6783
o LARGE_EscapePod_2
usemtl Armor
v 9.4500 0.3500 -31.5500
v 11.6500 0.3500 -31.5500
v 9.4500 0.3500 -33.2500
v 11.6500 0.3500 -33.2500
v 9.4500 2.0500 -31.5500
v 11.6500 2.0500 -31.5500
v 9.4500 2.0500 -33.2500
v 11.6500 2.0500 -33.2500
v 11.6500 0.6000 -31.8000
v 12.1500 0.6000 -31.8000
v 11.6500 0.6000 -33.0000
v 12.1500 0.6000 -33.0000
v 11.6500 1.8000 -31.8000
v 12.1500 1.8000 -31.8000
v 11.6500 1.8000 -33.0000
v 12.1500 1.8000 -33.0000
f 6789 6791 6787 6785
f 6786 6788 6792 6790
f 6785 6786 6790 6789
f 6791 6792 6788 6787
f 6787 6788 6786 6785
f 6789 6790 6792 6791
f 6797 6799 6795 6793
f 6794 6796 6800 6798
f 6793 6794 6798 6797
f 6799 6800 6796 6795
f 6795 6796 6794 6793
f 6797 6798 6800 6799
o LARGE_EscapePod_3
usemtl Armor
v 9.4500 4.3500 -26.7500
v 11.6500 4.3500 -26.7500
v 9.4500 4.3500 -28.4500
v 11.6500 4.3500 -28.4500
v 9.4500 6.0500 -26.7500
v 11.6500 6.0500 -26.7500
v 9.4500 6.0500 -28.4500
v 11.6500 6.0500 -28.4500
v 11.6500 4.6000 -27.0000
v 12.1500 4.6000 -27.0000
v 11.6500 4.6000 -28.2000
v 12.1500 4.6000 -28.2000
v 11.6500 5.8000 -27.0000
v 12.1500 5.8000 -27.0000
v 11.6500 5.8000 -28.2000
v 12.1500 5.8000 -28.2000
f 6805 6807 6803 6801
f 6802 6804 6808 6806
f 6801 6802 6806 6805
f 6807 6808 6804 6803
f 6803 6804 6802 6801
f 6805 6806 6808 6807
f 6813 6815 6811 6809
f 6810 6812 6816 6814
f 6809 6810 6814 6813
f 6815 6816 6812 6811
f 6811 6812 6810 6809
f 6813 6814 6816 6815
o LARGE_EscapePod_4
usemtl Armor
v 9.4500 4.3500 -31.5500
v 11.6500 4.3500 -31.5500
v 9.4500 4.3500 -33.2500
v 11.6500 4.3500 -33.2500
v 9.4500 6.0500 -31.5500
v 11.6500 6.0500 -31.5500
v 9.4500 6.0500 -33.2500
v 11.6500 6.0500 -33.2500
v 11.6500 4.6000 -31.8000
v 12.1500 4.6000 -31.8000
v 11.6500 4.6000 -33.0000
v 12.1500 4.6000 -33.0000
v 11.6500 5.8000 -31.8000
v 12.1500 5.8000 -31.8000
v 11.6500 5.8000 -33.0000
v 12.1500 5.8000 -33.0000
f 6821 6823 6819 6817
f 6818 6820 6824 6822
f 6817 6818 6822 6821
f 6823 6824 6820 6819
f 6819 6820 6818 6817
f 6821 6822 6824 6823
f 6829 6831 6827 6825
f 6826 6828 6832 6830
f 6825 6826 6830 6829
f 6831 6832 6828 6827
f 6827 6828 6826 6825
f 6829 6830 6832 6831
o LARGE_Turret_1
usemtl Turret
v 1.1875 11.4000 -47.5000
v 1.0971 11.4000 -47.9544
v 0.8397 11.4000 -48.3397
v 0.4544 11.4000 -48.5971
v 0.0000 11.4000 -48.6875
v -0.4544 11.4000 -48.5971
v -0.8397 11.4000 -48.3397
v -1.0971 11.4000 -47.9544
v -1.1875 11.4000 -47.5000
v -1.0971 11.4000 -47.0456
v -0.8397 11.4000 -46.6603
v -0.4544 11.4000 -46.4029
v -0.0000 11.4000 -46.3125
v 0.4544 11.4000 -46.4029
v 0.8397 11.4000 -46.6603
v 1.0971 11.4000 -47.0456
v 1.1875 11.8375 -47.5000
v 1.0971 11.8375 -47.9544
v 0.8397 11.8375 -48.3397
v 0.4544 11.8375 -48.5971
v 0.0000 11.8375 -48.6875
v -0.4544 11.8375 -48.5971
v -0.8397 11.8375 -48.3397
v -1.0971 11.8375 -47.9544
v -1.1875 11.8375 -47.5000
v -1.0971 11.8375 -47.0456
v -0.8397 11.8375 -46.6603
v -0.4544 11.8375 -46.4029
v -0.0000 11.8375 -46.3125
v 0.4544 11.8375 -46.4029
v 0.8397 11.8375 -46.6603
v 1.0971 11.8375 -47.0456
v -1.0000 11.8375 -46.5000
v 1.0000 11.8375 -46.5000
v -1.0000 11.8375 -48.6250
v 1.0000 11.8375 -48.6250
v -0.6875 12.8375 -46.5000
v 0.6875 12.8375 -46.5000
v -0.6875 12.8375 -48.6250
v 0.6875 12.8375 -48.6250
v -0.5125 12.2125 -48.2500
v -0.2875 12.2125 -48.2500
v -0.5125 12.2125 -51.5000
v -0.2875 12.2125 -51.5000
v -0.5125 12.4375 -48.2500
v -0.2875 12.4375 -48.2500
v -0.5125 12.4375 -51.5000
v -0.2875 12.4375 -51.5000
v 0.2875 12.2125 -48.2500
v 0.5125 12.2125 -48.2500
v 0.2875 12.2125 -51.5000
v 0.5125 12.2125 -51.5000
v 0.2875 12.4375 -48.2500
v 0.5125 12.4375 -48.2500
v 0.2875 12.4375 -51.5000
v 0.5125 12.4375 -51.5000
f 6833 6834 6850 6849
f 6834 6835 6851 6850
f 6835 6836 6852 6851
f 6836 6837 6853 6852
f 6837 6838 6854 6853
f 6838 6839 6855 6854
f 6839 6840 6856 6855
f 6840 6841 6857 6856
f 6841 6842 6858 6857
f 6842 6843 6859 6858
f 6843 6844 6860 6859
f 6844 6845 6861 6860
f 6845 6846 6862 6861
f 6846 6847 6863 6862
f 6847 6848 6864 6863
f 6848 6833 6849 6864
f 6848 6847 6846 6845 6844 6843 6842 6841 6840 6839 6838 6837 6836 6835 6834 6833
f 6849 6850 6851 6852 6853 6854 6855 6856 6857 6858 6859 6860 6861 6862 6863 6864
f 6869 6871 6867 6865
f 6866 6868 6872 6870
f 6865 6866 6870 6869
f 6871 6872 6868 6867
f 6867 6868 6866 6865
f 6869 6870 6872 6871
f 6877 6879 6875 6873
f 6874 6876 6880 6878
f 6873 6874 6878 6877
f 6879 6880 6876 6875
f 6875 6876 6874 6873
f 6877 6878 6880 6879
f 6885 6887 6883 6881
f 6882 6884 6888 6886
f 6881 6882 6886 6885
f 6887 6888 6884 6883
f 6883 6884 6882 6881
f 6885 6886 6888 6887
o LARGE_Turret_2
usemtl Turret
v -1.1875 11.4000 51.5000
v -1.0971 11.4000 51.9544
v -0.8397 11.4000 52.3397
v -0.4544 11.4000 52.5971
v -0.0000 11.4000 52.6875
v 0.4544 11.4000 52.5971
v 0.8397 11.4000 52.3397
v 1.0971 11.4000 51.9544
v 1.1875 11.4000 51.5000
v 1.0971 11.4000 51.0456
v 0.8397 11.4000 50.6603
v 0.4544 11.4000 50.4029
v 0.0000 11.4000 50.3125
v -0.4544 11.4000 50.4029
v -0.8397 11.4000 50.6603
v -1.0971 11.4000 51.0456
v -1.1875 11.8375 51.5000
v -1.0971 11.8375 51.9544
v -0.8397 11.8375 52.3397
v -0.4544 11.8375 52.5971
v -0.0000 11.8375 52.6875
v 0.4544 11.8375 52.5971
v 0.8397 11.8375 52.3397
v 1.0971 11.8375 51.9544
v 1.1875 11.8375 51.5000
v 1.0971 11.8375 51.0456
v 0.8397 11.8375 50.6603
v 0.4544 11.8375 50.4029
v 0.0000 11.8375 50.3125
v -0.4544 11.8375 50.4029
v -0.8397 11.8375 50.6603
v -1.0971 11.8375 51.0456
v 1.0000 11.8375 50.5000
v -1.0000 11.8375 50.5000
v 1.0000 11.8375 52.6250
v -1.0000 11.8375 52.6250
v 0.6875 12.8375 50.5000
v -0.6875 12.8375 50.5000
v 0.6875 12.8375 52.6250
v -0.6875 12.8375 52.6250
v 0.5125 12.2125 52.2500
v 0.2875 12.2125 52.2500
v 0.5125 12.2125 55.5000
v 0.2875 12.2125 55.5000
v 0.5125 12.4375 52.2500
v 0.2875 12.4375 52.2500
v 0.5125 12.4375 55.5000
v 0.2875 12.4375 55.5000
v -0.2875 12.2125 52.2500
v -0.5125 12.2125 52.2500
v -0.2875 12.2125 55.5000
v -0.5125 12.2125 55.5000
v -0.2875 12.4375 52.2500
v -0.5125 12.4375 52.2500
v -0.2875 12.4375 55.5000
v -0.5125 12.4375 55.5000
f 6889 6890 6906 6905
f 6890 6891 6907 6906
f 6891 6892 6908 6907
f 6892 6893 6909 6908
f 6893 6894 6910 6909
f 6894 6895 6911 6910
f 6895 6896 6912 6911
f 6896 6897 6913 6912
f 6897 6898 6914 6913
f 6898 6899 6915 6914
f 6899 6900 6916 6915
f 6900 6901 6917 6916
f 6901 6902 6918 6917
f 6902 6903 6919 6918
f 6903 6904 6920 6919
f 6904 6889 6905 6920
f 6904 6903 6902 6901 6900 6899 6898 6897 6896 6895 6894 6893 6892 6891 6890 6889
f 6905 6906 6907 6908 6909 6910 6911 6912 6913 6914 6915 6916 6917 6918 6919 6920
f 6925 6927 6923 6921
f 6922 6924 6928 6926
f 6921 6922 6926 6925
f 6927 6928 6924 6923
f 6923 6924 6922 6921
f 6925 6926 6928 6927
f 6933 6935 6931 6929
f 6930 6932 6936 6934
f 6929 6930 6934 6933
f 6935 6936 6932 6931
f 6931 6932 6930 6929
f 6933 6934 6936 6935
f 6941 6943 6939 6937
f 6938 6940 6944 6942
f 6937 6938 6942 6941
f 6943 6944 6940 6939
f 6939 6940 6938 6937
f 6941 6942 6944 6943
o LARGE_Turret_3
usemtl Turret
v -9.0375 8.4000 38.3333
v -8.9471 8.4000 38.7878
v -8.6897 8.4000 39.1730
v -8.3044 8.4000 39.4304
v -7.8500 8.4000 39.5208
v -7.3956 8.4000 39.4304
v -7.0103 8.4000 39.1730
v -6.7529 8.4000 38.7878
v -6.6625 8.4000 38.3333
v -6.7529 8.4000 37.8789
v -7.0103 8.4000 37.4936
v -7.3956 8.4000 37.2362
v -7.8500 8.4000 37.1458
v -8.3044 8.4000 37.2362
v -8.6897 8.4000 37.4936
v -8.9471 8.4000 37.8789
v -9.0375 8.8375 38.3333
v -8.9471 8.8375 38.7878
v -8.6897 8.8375 39.1730
v -8.3044 8.8375 39.4304
v -7.8500 8.8375 39.5208
v -7.3956 8.8375 39.4304
v -7.0103 8.8375 39.1730
v -6.7529 8.8375 38.7878
v -6.6625 8.8375 38.3333
v -6.7529 8.8375 37.8789
v -7.0103 8.8375 37.4936
v -7.3956 8.8375 37.2362
v -7.8500 8.8375 37.1458
v -8.3044 8.8375 37.2362
v -8.6897 8.8375 37.4936
v -8.9471 8.8375 37.8789
v -6.8500 8.8375 37.3333
v -8.8500 8.8375 37.3333
v -6.8500 8.8375 39.4583
v -8.8500 8.8375 39.4583
v -7.1625 9.8375 37.3333
v -8.5375 9.8375 37.3333
v -7.1625 9.8375 39.4583
v -8.5375 9.8375 39.4583
v -7.3375 9.2125 39.0833
v -7.5625 9.2125 39.0833
v -7.3375 9.2125 42.3333
v -7.5625 9.2125 42.3333
v -7.3375 9.4375 39.0833
v -7.5625 9.4375 39.0833
v -7.3375 9.4375 42.3333
v -7.5625 9.4375 42.3333
v -8.1375 9.2125 39.0833
v -8.3625 9.2125 39.0833
v -8.1375 9.2125 42.3333
v -8.3625 9.2125 42.3333
v -8.1375 9.4375 39.0833
v -8.3625 9.4375 39.0833
v -8.1375 9.4375 42.3333
v -8.3625 9.4375 42.3333
f 6945 6946 6962 6961
f 6946 6947 6963 6962
f 6947 6948 6964 6963
f 6948 6949 6965 6964
f 6949 6950 6966 6965
f 6950 6951 6967 6966
f 6951 6952 6968 6967
f 6952 6953 6969 6968
f 6953 6954 6970 6969
f 6954 6955 6971 6970
f 6955 6956 6972 6971
f 6956 6957 6973 6972
f 6957 6958 6974 6973
f 6958 6959 6975 6974
f 6959 6960 6976 6975
f 6960 6945 6961 6976
f 6960 6959 6958 6957 6956 6955 6954 6953 6952 6951 6950 6949 6948 6947 6946 6945
f 6961 6962 6963 6964 6965 6966 6967 6968 6969 6970 6971 6972 6973 6974 6975 6976
f 6981 6983 6979 6977
f 6978 6980 6984 6982
f 6977 6978 6982 6981
f 6983 6984 6980 6979
f 6979 6980 6978 6977
f 6981 6982 6984 6983
f 6989 6991 6987 6985
f 6986 6988 6992 6990
f 6985 6986 6990 6989
f 6991 6992 6988 6987
f 6987 6988 6986 6985
f 6989 6990 6992 6991
f 6997 6999 6995 6993
f 6994 6996 7000 6998
f 6993 6994 6998 6997
f 6999 7000 6996 6995
f 6995 6996 6994 6993
f 6997 6998 7000 6999
o LARGE_Turret_4
usemtl Turret
v 6.6625 8.4000 38.3333
v 6.7529 8.4000 38.7878
v 7.0103 8.4000 39.1730
v 7.3956 8.4000 39.4304
v 7.8500 8.4000 39.5208
v 8.3044 8.4000 39.4304
v 8.6897 8.4000 39.1730
v 8.9471 8.4000 38.7878
v 9.0375 8.4000 38.3333
v 8.9471 8.4000 37.8789
v 8.6897 8.4000 37.4936
v 8.3044 8.4000 37.2362
v 7.8500 8.4000 37.1458
v 7.3956 8.4000 37.2362
v 7.0103 8.4000 37.4936
v 6.7529 8.4000 37.8789
v 6.6625 8.8375 38.3333
v 6.7529 8.8375 38.7878
v 7.0103 8.8375 39.1730
v 7.3956 8.8375 39.4304
v 7.8500 8.8375 39.5208
v 8.3044 8.8375 39.4304
v 8.6897 8.8375 39.1730
v 8.9471 8.8375 38.7878
v 9.0375 8.8375 38.3333
v 8.9471 8.8375 37.8789
v 8.6897 8.8375 37.4936
v 8.3044 8.8375 37.2362
v 7.8500 8.8375 37.1458
v 7.3956 8.8375 37.2362
v 7.0103 8.8375 37.4936
v 6.7529 8.8375 37.8789
v 8.8500 8.8375 37.3333
v 6.8500 8.8375 37.3333
v 8.8500 8.8375 39.4583
v 6.8500 8.8375 39.4583
v 8.5375 9.8375 37.3333
v 7.1625 9.8375 37.3333
v 8.5375 9.8375 39.4583
v 7.1625 9.8375 39.4583
v 8.3625 9.2125 39.0833
v 8.1375 9.2125 39.0833
v 8.3625 9.2125 42.3333
v 8.1375 9.2125 42.3333
v 8.3625 9.4375 39.0833
v 8.1375 9.4375 39.0833
v 8.3625 9.4375 42.3333
v 8.1375 9.4375 42.3333
v 7.5625 9.2125 39.0833
v 7.3375 9.2125 39.0833
v 7.5625 9.2125 42.3333
v 7.3375 9.2125 42.3333
v 7.5625 9.4375 39.0833
v 7.3375 9.4375 39.0833
v 7.5625 9.4375 42.3333
v 7.3375 9.4375 42.3333
f 7001 7002 7018 7017
f 7002 7003 7019 7018
f 7003 7004 7020 7019
f 7004 7005 7021 7020
f 7005 7006 7022 7021
f 7006 7007 7023 7022
f 7007 7008 7024 7023
f 7008 7009 7025 7024
f 7009 7010 7026 7025
f 7010 7011 7027 7026
f 7011 7012 7028 7027
f 7012 7013 7029 7028
f 7013 7014 7030 7029
f 7014 7015 7031 7030
f 7015 7016 7032 7031
f 7016 7001 7017 7032
f 7016 7015 7014 7013 7012 7011 7010 7009 7008 7007 7006 7005 7004 7003 7002 7001
f 7017 7018 7019 7020 7021 7022 7023 7024 7025 7026 7027 7028 7029 7030 7031 7032
f 7037 7039 7035 7033
f 7034 7036 7040 7038
f 7033 7034 7038 7037
f 7039 7040 7036 7035
f 7035 7036 7034 7033
f 7037 7038 7040 7039
f 7045 7047 7043 7041
f 7042 7044 7048 7046
f 7041 7042 7046 7045
f 7047 7048 7044 7043
f 7043 7044 7042 7041
f 7045 7046 7048 7047
f 7053 7055 7051 7049
f 7050 7052 7056 7054
f 7049 7050 7054 7053
f 7055 7056 7052 7051
f 7051 7052 7050 7049
f 7053 7054 7056 7055
o LARGE_Turret_5
usemtl Turret
v -9.0375 8.4000 -0.0000
v -8.9471 8.4000 0.4544
v -8.6897 8.4000 0.8397
v -8.3044 8.4000 1.0971
v -7.8500 8.4000 1.1875
v -7.3956 8.4000 1.0971
v -7.0103 8.4000 0.8397
v -6.7529 8.4000 0.4544
v -6.6625 8.4000 0.0000
v -6.7529 8.4000 -0.4544
v -7.0103 8.4000 -0.8397
v -7.3956 8.4000 -1.0971
v -7.8500 8.4000 -1.1875
v -8.3044 8.4000 -1.0971
v -8.6897 8.4000 -0.8397
v -8.9471 8.4000 -0.4544
v -9.0375 8.8375 -0.0000
v -8.9471 8.8375 0.4544
v -8.6897 8.8375 0.8397
v -8.3044 8.8375 1.0971
v -7.8500 8.8375 1.1875
v -7.3956 8.8375 1.0971
v -7.0103 8.8375 0.8397
v -6.7529 8.8375 0.4544
v -6.6625 8.8375 0.0000
v -6.7529 8.8375 -0.4544
v -7.0103 8.8375 -0.8397
v -7.3956 8.8375 -1.0971
v -7.8500 8.8375 -1.1875
v -8.3044 8.8375 -1.0971
v -8.6897 8.8375 -0.8397
v -8.9471 8.8375 -0.4544
v -6.8500 8.8375 -1.0000
v -8.8500 8.8375 -1.0000
v -6.8500 8.8375 1.1250
v -8.8500 8.8375 1.1250
v -7.1625 9.8375 -1.0000
v -8.5375 9.8375 -1.0000
v -7.1625 9.8375 1.1250
v -8.5375 9.8375 1.1250
v -7.3375 9.2125 0.7500
v -7.5625 9.2125 0.7500
v -7.3375 9.2125 4.0000
v -7.5625 9.2125 4.0000
v -7.3375 9.4375 0.7500
v -7.5625 9.4375 0.7500
v -7.3375 9.4375 4.0000
v -7.5625 9.4375 4.0000
v -8.1375 9.2125 0.7500
v -8.3625 9.2125 0.7500
v -8.1375 9.2125 4.0000
v -8.3625 9.2125 4.0000
v -8.1375 9.4375 0.7500
v -8.3625 9.4375 0.7500
v -8.1375 9.4375 4.0000
v -8.3625 9.4375 4.0000
f 7057 7058 7074 7073
f 7058 7059 7075 7074
f 7059 7060 7076 7075
f 7060 7061 7077 7076
f 7061 7062 7078 7077
f 7062 7063 7079 7078
f 7063 7064 7080 7079
f 7064 7065 7081 7080
f 7065 7066 7082 7081
f 7066 7067 7083 7082
f 7067 7068 7084 7083
f 7068 7069 7085 7084
f 7069 7070 7086 7085
f 7070 7071 7087 7086
f 7071 7072 7088 7087
f 7072 7057 7073 7088
f 7072 7071 7070 7069 7068 7067 7066 7065 7064 7063 7062 7061 7060 7059 7058 7057
f 7073 7074 7075 7076 7077 7078 7079 7080 7081 7082 7083 7084 7085 7086 7087 7088
f 7093 7095 7091 7089
f 7090 7092 7096 7094
f 7089 7090 7094 7093
f 7095 7096 7092 7091
f 7091 7092 7090 7089
f 7093 7094 7096 7095
f 7101 7103 7099 7097
f 7098 7100 7104 7102
f 7097 7098 7102 7101
f 7103 7104 7100 7099
f 7099 7100 7098 7097
f 7101 7102 7104 7103
f 7109 7111 7107 7105
f 7106 7108 7112 7110
f 7105 7106 7110 7109
f 7111 7112 7108 7107
f 7107 7108 7106 7105
f 7109 7110 7112 7111
o LARGE_Turret_6
usemtl Turret
v 6.6625 8.4000 -0.0000
v 6.7529 8.4000 0.4544
v 7.0103 8.4000 0.8397
v 7.3956 8.4000 1.0971
v 7.8500 8.4000 1.1875
v 8.3044 8.4000 1.0971
v 8.6897 8.4000 0.8397
v 8.9471 8.4000 0.4544
v 9.0375 8.4000 0.0000
v 8.9471 8.4000 -0.4544
v 8.6897 8.4000 -0.8397
v 8.3044 8.4000 -1.0971
v 7.8500 8.4000 -1.1875
v 7.3956 8.4000 -1.0971
v 7.0103 8.4000 -0.8397
v 6.7529 8.4000 -0.4544
v 6.6625 8.8375 -0.0000
v 6.7529 8.8375 0.4544
v 7.0103 8.8375 0.8397
v 7.3956 8.8375 1.0971
v 7.8500 8.8375 1.1875
v 8.3044 8.8375 1.0971
v 8.6897 8.8375 0.8397
v 8.9471 8.8375 0.4544
v 9.0375 8.8375 0.0000
v 8.9471 8.8375 -0.4544
v 8.6897 8.8375 -0.8397
v 8.3044 8.8375 -1.0971
v 7.8500 8.8375 -1.1875
v 7.3956 8.8375 -1.0971
v 7.0103 8.8375 -0.8397
v 6.7529 8.8375 -0.4544
v 8.8500 8.8375 -1.0000
v 6.8500 8.8375 -1.0000
v 8.8500 8.8375 1.1250
v 6.8500 8.8375 1.1250
v 8.5375 9.8375 -1.0000
v 7.1625 9.8375 -1.0000
v 8.5375 9.8375 1.1250
v 7.1625 9.8375 1.1250
v 8.3625 9.2125 0.7500
v 8.1375 9.2125 0.7500
v 8.3625 9.2125 4.0000
v 8.1375 9.2125 4.0000
v 8.3625 9.4375 0.7500
v 8.1375 9.4375 0.7500
v 8.3625 9.4375 4.0000
v 8.1375 9.4375 4.0000
v 7.5625 9.2125 0.7500
v 7.3375 9.2125 0.7500
v 7.5625 9.2125 4.0000
v 7.3375 9.2125 4.0000
v 7.5625 9.4375 0.7500
v 7.3375 9.4375 0.7500
v 7.5625 9.4375 4.0000
v 7.3375 9.4375 4.0000
f 7113 7114 7130 7129
f 7114 7115 7131 7130
f 7115 7116 7132 7131
f 7116 7117 7133 7132
f 7117 7118 7134 7133
f 7118 7119 7135 7134
f 7119 7120 7136 7135
f 7120 7121 7137 7136
f 7121 7122 7138 7137
f 7122 7123 7139 7138
f 7123 7124 7140 7139
f 7124 7125 7141 7140
f 7125 7126 7142 7141
f 7126 7127 7143 7142
f 7127 7128 7144 7143
f 7128 7113 7129 7144
f 7128 7127 7126 7125 7124 7123 7122 7121 7120 7119 7118 7117 7116 7115 7114 7113
f 7129 7130 7131 7132 7133 7134 7135 7136 7137 7138 7139 7140 7141 7142 7143 7144
f 7149 7151 7147 7145
f 7146 7148 7152 7150
f 7145 7146 7150 7149
f 7151 7152 7148 7147
f 7147 7148 7146 7145
f 7149 7150 7152 7151
f 7157 7159 7155 7153
f 7154 7156 7160 7158
f 7153 7154 7158 7157
f 7159 7160 7156 7155
f 7155 7156 7154 7153
f 7157 7158 7160 7159
f 7165 7167 7163 7161
f 7162 7164 7168 7166
f 7161 7162 7166 7165
f 7167 7168 7164 7163
f 7163 7164 7162 7161
f 7165 7166 7168 7167
o LARGE_Turret_7
usemtl Turret
v -6.6625 8.4000 -38.3333
v -6.7529 8.4000 -38.7878
v -7.0103 8.4000 -39.1730
v -7.3956 8.4000 -39.4304
v -7.8500 8.4000 -39.5208
v -8.3044 8.4000 -39.4304
v -8.6897 8.4000 -39.1730
v -8.9471 8.4000 -38.7878
v -9.0375 8.4000 -38.3333
v -8.9471 8.4000 -37.8789
v -8.6897 8.4000 -37.4936
v -8.3044 8.4000 -37.2362
v -7.8500 8.4000 -37.1458
v -7.3956 8.4000 -37.2362
v -7.0103 8.4000 -37.4936
v -6.7529 8.4000 -37.8789
v -6.6625 8.8375 -38.3333
v -6.7529 8.8375 -38.7878
v -7.0103 8.8375 -39.1730
v -7.3956 8.8375 -39.4304
v -7.8500 8.8375 -39.5208
v -8.3044 8.8375 -39.4304
v -8.6897 8.8375 -39.1730
v -8.9471 8.8375 -38.7878
v -9.0375 8.8375 -38.3333
v -8.9471 8.8375 -37.8789
v -8.6897 8.8375 -37.4936
v -8.3044 8.8375 -37.2362
v -7.8500 8.8375 -37.1458
v -7.3956 8.8375 -37.2362
v -7.0103 8.8375 -37.4936
v -6.7529 8.8375 -37.8789
v -8.8500 8.8375 -37.3333
v -6.8500 8.8375 -37.3333
v -8.8500 8.8375 -39.4583
v -6.8500 8.8375 -39.4583
v -8.5375 9.8375 -37.3333
v -7.1625 9.8375 -37.3333
v -8.5375 9.8375 -39.4583
v -7.1625 9.8375 -39.4583
v -8.3625 9.2125 -39.0833
v -8.1375 9.2125 -39.0833
v -8.3625 9.2125 -42.3333
v -8.1375 9.2125 -42.3333
v -8.3625 9.4375 -39.0833
v -8.1375 9.4375 -39.0833
v -8.3625 9.4375 -42.3333
v -8.1375 9.4375 -42.3333
v -7.5625 9.2125 -39.0833
v -7.3375 9.2125 -39.0833
v -7.5625 9.2125 -42.3333
v -7.3375 9.2125 -42.3333
v -7.5625 9.4375 -39.0833
v -7.3375 9.4375 -39.0833
v -7.5625 9.4375 -42.3333
v -7.3375 9.4375 -42.3333
f 7169 7170 7186 7185
f 7170 7171 7187 7186
f 7171 7172 7188 7187
f 7172 7173 7189 7188
f 7173 7174 7190 7189
f 7174 7175 7191 7190
f 7175 7176 7192 7191
f 7176 7177 7193 7192
f 7177 7178 7194 7193
f 7178 7179 7195 7194
f 7179 7180 7196 7195
f 7180 7181 7197 7196
f 7181 7182 7198 7197
f 7182 7183 7199 7198
f 7183 7184 7200 7199
f 7184 7169 7185 7200
f 7184 7183 7182 7181 7180 7179 7178 7177 7176 7175 7174 7173 7172 7171 7170 7169
f 7185 7186 7187 7188 7189 7190 7191 7192 7193 7194 7195 7196 7197 7198 7199 7200
f 7205 7207 7203 7201
f 7202 7204 7208 7206
f 7201 7202 7206 7205
f 7207 7208 7204 7203
f 7203 7204 7202 7201
f 7205 7206 7208 7207
f 7213 7215 7211 7209
f 7210 7212 7216 7214
f 7209 7210 7214 7213
f 7215 7216 7212 7211
f 7211 7212 7210 7209
f 7213 7214 7216 7215
f 7221 7223 7219 7217
f 7218 7220 7224 7222
f 7217 7218 7222 7221
f 7223 7224 7220 7219
f 7219 7220 7218 7217
f 7221 7222 7224 7223
o LARGE_Turret_8
usemtl Turret
v 9.0375 8.4000 -38.3333
v 8.9471 8.4000 -38.7878
v 8.6897 8.4000 -39.1730
v 8.3044 8.4000 -39.4304
v 7.8500 8.4000 -39.5208
v 7.3956 8.4000 -39.4304
v 7.0103 8.4000 -39.1730
v 6.7529 8.4000 -38.7878
v 6.6625 8.4000 -38.3333
v 6.7529 8.4000 -37.8789
v 7.0103 8.4000 -37.4936
v 7.3956 8.4000 -37.2362
v 7.8500 8.4000 -37.1458
v 8.3044 8.4000 -37.2362
v 8.6897 8.4000 -37.4936
v 8.9471 8.4000 -37.8789
v 9.0375 8.8375 -38.3333
v 8.9471 8.8375 -38.7878
v 8.6897 8.8375 -39.1730
v 8.3044 8.8375 -39.4304
v 7.8500 8.8375 -39.5208
v 7.3956 8.8375 -39.4304
v 7.0103 8.8375 -39.1730
v 6.7529 8.8375 -38.7878
v 6.6625 8.8375 -38.3333
v 6.7529 8.8375 -37.8789
v 7.0103 8.8375 -37.4936
v 7.3956 8.8375 -37.2362
v 7.8500 8.8375 -37.1458
v 8.3044 8.8375 -37.2362
v 8.6897 8.8375 -37.4936
v 8.9471 8.8375 -37.8789
v 6.8500 8.8375 -37.3333
v 8.8500 8.8375 -37.3333
v 6.8500 8.8375 -39.4583
v 8.8500 8.8375 -39.4583
v 7.1625 9.8375 -37.3333
v 8.5375 9.8375 -37.3333
v 7.1625 9.8375 -39.4583
v 8.5375 9.8375 -39.4583
v 7.3375 9.2125 -39.0833
v 7.5625 9.2125 -39.0833
v 7.3375 9.2125 -42.3333
v 7.5625 9.2125 -42.3333
v 7.3375 9.4375 -39.0833
v 7.5625 9.4375 -39.0833
v 7.3375 9.4375 -42.3333
v 7.5625 9.4375 -42.3333
v 8.1375 9.2125 -39.0833
v 8.3625 9.2125 -39.0833
v 8.1375 9.2125 -42.3333
v 8.3625 9.2125 -42.3333
v 8.1375 9.4375 -39.0833
v 8.3625 9.4375 -39.0833
v 8.1375 9.4375 -42.3333
v 8.3625 9.4375 -42.3333
f 7225 7226 7242 7241
f 7226 7227 7243 7242
f 7227 7228 7244 7243
f 7228 7229 7245 7244
f 7229 7230 7246 7245
f 7230 7231 7247 7246
f 7231 7232 7248 7247
f 7232 7233 7249 7248
f 7233 7234 7250 7249
f 7234 7235 7251 7250
f 7235 7236 7252 7251
f 7236 7237 7253 7252
f 7237 7238 7254 7253
f 7238 7239 7255 7254
f 7239 7240 7256 7255
f 7240 7225 7241 7256
f 7240 7239 7238 7237 7236 7235 7234 7233 7232 7231 7230 7229 7228 7227 7226 7225
f 7241 7242 7243 7244 7245 7246 7247 7248 7249 7250 7251 7252 7253 7254 7255 7256
f 7261 7263 7259 7257
f 7258 7260 7264 7262
f 7257 7258 7262 7261
f 7263 7264 7260 7259
f 7259 7260 7258 7257
f 7261 7262 7264 7263
f 7269 7271 7267 7265
f 7266 7268 7272 7270
f 7265 7266 7270 7269
f 7271 7272 7268 7267
f 7267 7268 7266 7265
f 7269 7270 7272 7271
f 7277 7279 7275 7273
f 7274 7276 7280 7278
f 7273 7274 7278 7277
f 7279 7280 7276 7275
f 7275 7276 7274 7273
f 7277 7278 7280 7279
o LARGE_PodTube_Port_1_Hatch-col
usemtl BreachPanel
v -9.4500 -3.9000 25.0000
v -9.0500 -3.9000 25.0000
v -9.4500 -3.9000 21.8000
v -9.0500 -3.9000 21.8000
v -9.4500 -0.7000 25.0000
v -9.0500 -0.7000 25.0000
v -9.4500 -0.7000 21.8000
v -9.0500 -0.7000 21.8000
f 7285 7287 7283 7281
f 7282 7284 7288 7286
f 7281 7282 7286 7285
f 7287 7288 7284 7283
f 7283 7284 7282 7281
f 7285 7286 7288 7287
o LARGE_PodTube_Starboard_1_Hatch-col
usemtl BreachPanel
v 9.0500 -3.9000 21.4000
v 9.4500 -3.9000 21.4000
v 9.0500 -3.9000 18.2000
v 9.4500 -3.9000 18.2000
v 9.0500 -0.7000 21.4000
v 9.4500 -0.7000 21.4000
v 9.0500 -0.7000 18.2000
v 9.4500 -0.7000 18.2000
f 7293 7295 7291 7289
f 7290 7292 7296 7294
f 7289 7290 7294 7293
f 7295 7296 7292 7291
f 7291 7292 7290 7289
f 7293 7294 7296 7295
o LARGE_PodTube_Port_2_Hatch-col
usemtl BreachPanel
v -9.4500 -3.9000 17.8000
v -9.0500 -3.9000 17.8000
v -9.4500 -3.9000 14.6000
v -9.0500 -3.9000 14.6000
v -9.4500 -0.7000 17.8000
v -9.0500 -0.7000 17.8000
v -9.4500 -0.7000 14.6000
v -9.0500 -0.7000 14.6000
f 7301 7303 7299 7297
f 7298 7300 7304 7302
f 7297 7298 7302 7301
f 7303 7304 7300 7299
f 7299 7300 7298 7297
f 7301 7302 7304 7303
o LARGE_PodTube_Starboard_2_Hatch-col
usemtl BreachPanel
v 9.0500 -3.9000 14.2000
v 9.4500 -3.9000 14.2000
v 9.0500 -3.9000 11.0000
v 9.4500 -3.9000 11.0000
v 9.0500 -0.7000 14.2000
v 9.4500 -0.7000 14.2000
v 9.0500 -0.7000 11.0000
v 9.4500 -0.7000 11.0000
f 7309 7311 7307 7305
f 7306 7308 7312 7310
f 7305 7306 7310 7309
f 7311 7312 7308 7307
f 7307 7308 7306 7305
f 7309 7310 7312 7311
o LARGE_PodTube_Port_3_Hatch-col
usemtl BreachPanel
v -9.4500 -3.9000 10.6000
v -9.0500 -3.9000 10.6000
v -9.4500 -3.9000 7.4000
v -9.0500 -3.9000 7.4000
v -9.4500 -0.7000 10.6000
v -9.0500 -0.7000 10.6000
v -9.4500 -0.7000 7.4000
v -9.0500 -0.7000 7.4000
f 7317 7319 7315 7313
f 7314 7316 7320 7318
f 7313 7314 7318 7317
f 7319 7320 7316 7315
f 7315 7316 7314 7313
f 7317 7318 7320 7319
o LARGE_PodTube_Starboard_3_Hatch-col
usemtl BreachPanel
v 9.0500 -3.9000 7.0000
v 9.4500 -3.9000 7.0000
v 9.0500 -3.9000 3.8000
v 9.4500 -3.9000 3.8000
v 9.0500 -0.7000 7.0000
v 9.4500 -0.7000 7.0000
v 9.0500 -0.7000 3.8000
v 9.4500 -0.7000 3.8000
f 7325 7327 7323 7321
f 7322 7324 7328 7326
f 7321 7322 7326 7325
f 7327 7328 7324 7323
f 7323 7324 7322 7321
f 7325 7326 7328 7327
o LARGE_PodTube_Port_4_Hatch-col
usemtl BreachPanel
v -9.4500 -3.9000 3.4000
v -9.0500 -3.9000 3.4000
v -9.4500 -3.9000 0.2000
v -9.0500 -3.9000 0.2000
v -9.4500 -0.7000 3.4000
v -9.0500 -0.7000 3.4000
v -9.4500 -0.7000 0.2000
v -9.0500 -0.7000 0.2000
f 7333 7335 7331 7329
f 7330 7332 7336 7334
f 7329 7330 7334 7333
f 7335 7336 7332 7331
f 7331 7332 7330 7329
f 7333 7334 7336 7335
o LARGE_PodTube_Starboard_4_Hatch-col
usemtl BreachPanel
v 9.0500 -3.9000 -0.2000
v 9.4500 -3.9000 -0.2000
v 9.0500 -3.9000 -3.4000
v 9.4500 -3.9000 -3.4000
v 9.0500 -0.7000 -0.2000
v 9.4500 -0.7000 -0.2000
v 9.0500 -0.7000 -3.4000
v 9.4500 -0.7000 -3.4000
f 7341 7343 7339 7337
f 7338 7340 7344 7342
f 7337 7338 7342 7341
f 7343 7344 7340 7339
f 7339 7340 7338 7337
f 7341 7342 7344 7343
o LARGE_PodTube_Port_5_Hatch-col
usemtl BreachPanel
v -9.4500 -3.9000 -3.8000
v -9.0500 -3.9000 -3.8000
v -9.4500 -3.9000 -7.0000
v -9.0500 -3.9000 -7.0000
v -9.4500 -0.7000 -3.8000
v -9.0500 -0.7000 -3.8000
v -9.4500 -0.7000 -7.0000
v -9.0500 -0.7000 -7.0000
f 7349 7351 7347 7345
f 7346 7348 7352 7350
f 7345 7346 7350 7349
f 7351 7352 7348 7347
f 7347 7348 7346 7345
f 7349 7350 7352 7351
o LARGE_PodTube_Starboard_5_Hatch-col
usemtl BreachPanel
v 9.0500 -3.9000 -7.4000
v 9.4500 -3.9000 -7.4000
v 9.0500 -3.9000 -10.6000
v 9.4500 -3.9000 -10.6000
v 9.0500 -0.7000 -7.4000
v 9.4500 -0.7000 -7.4000
v 9.0500 -0.7000 -10.6000
v 9.4500 -0.7000 -10.6000
f 7357 7359 7355 7353
f 7354 7356 7360 7358
f 7353 7354 7358 7357
f 7359 7360 7356 7355
f 7355 7356 7354 7353
f 7357 7358 7360 7359
o LARGE_PodTube_Port_6_Hatch-col
usemtl BreachPanel
v -9.4500 -3.9000 -11.0000
v -9.0500 -3.9000 -11.0000
v -9.4500 -3.9000 -14.2000
v -9.0500 -3.9000 -14.2000
v -9.4500 -0.7000 -11.0000
v -9.0500 -0.7000 -11.0000
v -9.4500 -0.7000 -14.2000
v -9.0500 -0.7000 -14.2000
f 7365 7367 7363 7361
f 7362 7364 7368 7366
f 7361 7362 7366 7365
f 7367 7368 7364 7363
f 7363 7364 7362 7361
f 7365 7366 7368 7367
o LARGE_PodTube_Starboard_6_Hatch-col
usemtl BreachPanel
v 9.0500 -3.9000 -14.6000
v 9.4500 -3.9000 -14.6000
v 9.0500 -3.9000 -17.8000
v 9.4500 -3.9000 -17.8000
v 9.0500 -0.7000 -14.6000
v 9.4500 -0.7000 -14.6000
v 9.0500 -0.7000 -17.8000
v 9.4500 -0.7000 -17.8000
f 7373 7375 7371 7369
f 7370 7372 7376 7374
f 7369 7370 7374 7373
f 7375 7376 7372 7371
f 7371 7372 7370 7369
f 7373 7374 7376 7375
o LARGE_PodTube_Port_7_Hatch-col
usemtl BreachPanel
v -9.4500 -3.9000 -18.2000
v -9.0500 -3.9000 -18.2000
v -9.4500 -3.9000 -21.4000
v -9.0500 -3.9000 -21.4000
v -9.4500 -0.7000 -18.2000
v -9.0500 -0.7000 -18.2000
v -9.4500 -0.7000 -21.4000
v -9.0500 -0.7000 -21.4000
f 7381 7383 7379 7377
f 7378 7380 7384 7382
f 7377 7378 7382 7381
f 7383 7384 7380 7379
f 7379 7380 7378 7377
f 7381 7382 7384 7383
o LARGE_PodTube_Starboard_7_Hatch-col
usemtl BreachPanel
v 9.0500 -3.9000 -21.8000
v 9.4500 -3.9000 -21.8000
v 9.0500 -3.9000 -25.0000
v 9.4500 -3.9000 -25.0000
v 9.0500 -0.7000 -21.8000
v 9.4500 -0.7000 -21.8000
v 9.0500 -0.7000 -25.0000
v 9.4500 -0.7000 -25.0000
f 7389 7391 7387 7385
f 7386 7388 7392 7390
f 7385 7386 7390 7389
f 7391 7392 7388 7387
f 7387 7388 7386 7385
f 7389 7390 7392 7391
