mtllib ship_XL.mtl
o XL_Decks-col
usemtl Deck
v -9.9500 -0.3000 90.0000
v 9.9500 -0.3000 90.0000
v -9.9500 -0.3000 80.0000
v 9.9500 -0.3000 80.0000
v -9.9500 0.0000 90.0000
v 9.9500 0.0000 90.0000
v -9.9500 0.0000 80.0000
v 9.9500 0.0000 80.0000
v -9.9500 -0.3000 80.0000
v 9.9500 -0.3000 80.0000
v -9.9500 -0.3000 70.0000
v 9.9500 -0.3000 70.0000
v -9.9500 0.0000 80.0000
v 9.9500 0.0000 80.0000
v -9.9500 0.0000 70.0000
v 9.9500 0.0000 70.0000
v -9.9500 -0.3000 70.0000
v 9.9500 -0.3000 70.0000
v -9.9500 -0.3000 60.0000
v 9.9500 -0.3000 60.0000
v -9.9500 0.0000 70.0000
v 9.9500 0.0000 70.0000
v -9.9500 0.0000 60.0000
v 9.9500 0.0000 60.0000
v -9.9500 -0.3000 60.0000
v 9.9500 -0.3000 60.0000
v -9.9500 -0.3000 50.0000
v 9.9500 -0.3000 50.0000
v -9.9500 0.0000 60.0000
v 9.9500 0.0000 60.0000
v -9.9500 0.0000 50.0000
v 9.9500 0.0000 50.0000
v -9.9500 -0.3000 50.0000
v 9.9500 -0.3000 50.0000
v -9.9500 -0.3000 40.0000
v 9.9500 -0.3000 40.0000
v -9.9500 0.0000 50.0000
v 9.9500 0.0000 50.0000
v -9.9500 0.0000 40.0000
v 9.9500 0.0000 40.0000
v -9.9500 -0.3000 40.0000
v 9.9500 -0.3000 40.0000
v -9.9500 -0.3000 30.0000
v 9.9500 -0.3000 30.0000
v -9.9500 0.0000 40.0000
v 9.9500 0.0000 40.0000
v -9.9500 0.0000 30.0000
v 9.9500 0.0000 30.0000
v -9.9500 -0.3000 30.0000
v 9.9500 -0.3000 30.0000
v -9.9500 -0.3000 20.0000
v 9.9500 -0.3000 20.0000
v -9.9500 0.0000 30.0000
v 9.9500 0.0000 30.0000
v -9.9500 0.0000 20.0000
v 9.9500 0.0000 20.0000
v -9.9500 -0.3000 20.0000
v 9.9500 -0.3000 20.0000
v -9.9500 -0.3000 10.0000
v 9.9500 -0.3000 10.0000
v -9.9500 0.0000 20.0000
v 9.9500 0.0000 20.0000
v -9.9500 0.0000 10.0000
v 9.9500 0.0000 10.0000
v -9.9500 -0.3000 10.0000
v 9.9500 -0.3000 10.0000
v -9.9500 -0.3000 -0.0000
v 9.9500 -0.3000 -0.0000
v -9.9500 0.0000 10.0000
v 9.9500 0.0000 10.0000
v -9.9500 0.0000 -0.0000
v 9.9500 0.0000 -0.0000
v -9.9500 -0.3000 -0.0000
v 9.9500 -0.3000 -0.0000
v -9.9500 -0.3000 -10.0000
v 9.9500 -0.3000 -10.0000
v -9.9500 0.0000 -0.0000
v 9.9500 0.0000 -0.0000
v -9.9500 0.0000 -10.0000
v 9.9500 0.0000 -10.0000
v -9.9500 -0.3000 -10.0000
v 9.9500 -0.3000 -10.0000
v -9.9500 -0.3000 -20.0000
v 9.9500 -0.3000 -20.0000
v -9.9500 0.0000 -10.0000
v 9.9500 0.0000 -10.0000
v -9.9500 0.0000 -20.0000
v 9.9500 0.0000 -20.0000
v -9.9500 -0.3000 -20.0000
v 9.9500 -0.3000 -20.0000
v -9.9500 -0.3000 -30.0000
v 9.9500 -0.3000 -30.0000
v -9.9500 0.0000 -20.0000
v 9.9500 0.0000 -20.0000
v -9.9500 0.0000 -30.0000
v 9.9500 0.0000 -30.0000
v -9.9500 -0.3000 -30.0000
v 9.9500 -0.3000 -30.0000
v -9.9500 -0.3000 -40.0000
v 9.9500 -0.3000 -40.0000
v -9.9500 0.0000 -30.0000
v 9.9500 0.0000 -30.0000
v -9.9500 0.0000 -40.0000
v 9.9500 0.0000 -40.0000
v -9.9500 -0.3000 -40.0000
v 9.9500 -0.3000 -40.0000
v -9.9500 -0.3000 -50.0000
v 9.9500 -0.3000 -50.0000
v -9.9500 0.0000 -40.0000
v 9.9500 0.0000 -40.0000
v -9.9500 0.0000 -50.0000
v 9.9500 0.0000 -50.0000
v -9.9500 -0.3000 -50.0000
v 9.9500 -0.3000 -50.0000
v -9.9500 -0.3000 -60.0000
v 9.9500 -0.3000 -60.0000
v -9.9500 0.0000 -50.0000
v 9.9500 0.0000 -50.0000
v -9.9500 0.0000 -60.0000
v 9.9500 0.0000 -60.0000
v -9.9500 -0.3000 -60.0000
v 9.9500 -0.3000 -60.0000
v -9.9500 -0.3000 -70.0000
v 9.9500 -0.3000 -70.0000
v -9.9500 0.0000 -60.0000
v 9.9500 0.0000 -60.0000
v -9.9500 0.0000 -70.0000
v 9.9500 0.0000 -70.0000
v -9.9500 -0.3000 -70.0000
v 9.9500 -0.3000 -70.0000
v -9.9500 -0.3000 -80.0000
v 9.9500 -0.3000 -80.0000
v -9.9500 0.0000 -70.0000
v 9.9500 0.0000 -70.0000
v -9.9500 0.0000 -80.0000
v 9.9500 0.0000 -80.0000
v -9.9500 -0.3000 -80.0000
v 9.9500 -0.3000 -80.0000
v -9.9500 -0.3000 -90.0000
v 9.9500 -0.3000 -90.0000
v -9.9500 0.0000 -80.0000
v 9.9500 0.0000 -80.0000
v -9.9500 0.0000 -90.0000
v 9.9500 0.0000 -90.0000
v -9.9500 3.7000 10.0000
v 9.9500 3.7000 10.0000
v -9.9500 3.7000 -0.0000
v 9.9500 3.7000 -0.0000
v -9.9500 4.0000 10.0000
v 9.9500 4.0000 10.0000
v -9.9500 4.0000 -0.0000
v 9.9500 4.0000 -0.0000
v -7.4500 3.7000 -0.0000
v 9.9500 3.7000 -0.0000
v -7.4500 3.7000 -10.0000
v 9.9500 3.7000 -10.0000
v -7.4500 4.0000 -0.0000
v 9.9500 4.0000 -0.0000
v -7.4500 4.0000 -10.0000
v 9.9500 4.0000 -10.0000
v -9.9500 3.7000 -0.0000
v -7.4500 3.7000 -0.0000
v -9.9500 3.7000 -1.6000
v -7.4500 3.7000 -1.6000
v -9.9500 4.0000 -0.0000
v -7.4500 4.0000 -0.0000
v -9.9500 4.0000 -1.6000
v -7.4500 4.0000 -1.6000
v -9.9500 3.7000 -8.4000
v -7.4500 3.7000 -8.4000
v -9.9500 3.7000 -10.0000
v -7.4500 3.7000 -10.0000
v -9.9500 4.0000 -8.4000
v -7.4500 4.0000 -8.4000
v -9.9500 4.0000 -10.0000
v -7.4500 4.0000 -10.0000
v -9.9500 3.7000 -10.0000
v -4.9500 3.7000 -10.0000
v -9.9500 3.7000 -20.0000
v -4.9500 3.7000 -20.0000
v -9.9500 4.0000 -10.0000
v -4.9500 4.0000 -10.0000
v -9.9500 4.0000 -20.0000
v -4.9500 4.0000 -20.0000
v -1.9500 3.7000 -10.0000
v 9.9500 3.7000 -10.0000
v -1.9500 3.7000 -20.0000
v 9.9500 3.7000 -20.0000
v -1.9500 4.0000 -10.0000
v 9.9500 4.0000 -10.0000
v -1.9500 4.0000 -20.0000
v 9.9500 4.0000 -20.0000
v -4.9500 3.7000 -10.0000
v -1.9500 3.7000 -10.0000
v -4.9500 3.7000 -11.0000
v -1.9500 3.7000 -11.0000
v -4.9500 4.0000 -10.0000
v -1.9500 4.0000 -10.0000
v -4.9500 4.0000 -11.0000
v -1.9500 4.0000 -11.0000
v -4.9500 3.7000 -14.0000
v -1.9500 3.7000 -14.0000
v -4.9500 3.7000 -20.0000
v -1.9500 3.7000 -20.0000
v -4.9500 4.0000 -14.0000
v -1.9500 4.0000 -14.0000
v -4.9500 4.0000 -20.0000
v -1.9500 4.0000 -20.0000
v -9.9500 3.7000 -20.0000
v 9.9500 3.7000 -20.0000
v -9.9500 3.7000 -30.0000
v 9.9500 3.7000 -30.0000
v -9.9500 4.0000 -20.0000
v 9.9500 4.0000 -20.0000
v -9.9500 4.0000 -30.0000
v 9.9500 4.0000 -30.0000
v -9.9500 3.7000 -30.0000
v 9.9500 3.7000 -30.0000
v -9.9500 3.7000 -40.0000
v 9.9500 3.7000 -40.0000
v -9.9500 4.0000 -30.0000
v 9.9500 4.0000 -30.0000
v -9.9500 4.0000 -40.0000
v 9.9500 4.0000 -40.0000
v -9.9500 3.7000 -40.0000
v 9.9500 3.7000 -40.0000
v -9.9500 3.7000 -50.0000
v 9.9500 3.7000 -50.0000
v -9.9500 4.0000 -40.0000
v 9.9500 4.0000 -40.0000
v -9.9500 4.0000 -50.0000
v 9.9500 4.0000 -50.0000
v -9.9500 3.7000 -50.0000
v 9.9500 3.7000 -50.0000
v -9.9500 3.7000 -60.0000
v 9.9500 3.7000 -60.0000
v -9.9500 4.0000 -50.0000
v 9.9500 4.0000 -50.0000
v -9.9500 4.0000 -60.0000
v 9.9500 4.0000 -60.0000
v -9.9500 3.7000 -60.0000
v 9.9500 3.7000 -60.0000
v -9.9500 3.7000 -70.0000
v 9.9500 3.7000 -70.0000
v -9.9500 4.0000 -60.0000
v 9.9500 4.0000 -60.0000
v -9.9500 4.0000 -70.0000
v 9.9500 4.0000 -70.0000
v -9.9500 3.7000 -70.0000
v 9.9500 3.7000 -70.0000
v -9.9500 3.7000 -80.0000
v 9.9500 3.7000 -80.0000
v -9.9500 4.0000 -70.0000
v 9.9500 4.0000 -70.0000
v -9.9500 4.0000 -80.0000
v 9.9500 4.0000 -80.0000
v -9.9500 3.7000 -80.0000
v 9.9500 3.7000 -80.0000
v -9.9500 3.7000 -90.0000
v 9.9500 3.7000 -90.0000
v -9.9500 4.0000 -80.0000
v 9.9500 4.0000 -80.0000
v -9.9500 4.0000 -90.0000
v 9.9500 4.0000 -90.0000
v -9.9500 7.7000 90.0000
v 9.9500 7.7000 90.0000
v -9.9500 7.7000 80.0000
v 9.9500 7.7000 80.0000
v -9.9500 8.0000 90.0000
v 9.9500 8.0000 90.0000
v -9.9500 8.0000 80.0000
v 9.9500 8.0000 80.0000
v -9.9500 7.7000 80.0000
v 9.9500 7.7000 80.0000
v -9.9500 7.7000 70.0000
v 9.9500 7.7000 70.0000
v -9.9500 8.0000 80.0000
v 9.9500 8.0000 80.0000
v -9.9500 8.0000 70.0000
v 9.9500 8.0000 70.0000
v -9.9500 7.7000 70.0000
v 9.9500 7.7000 70.0000
v -9.9500 7.7000 60.0000
v 9.9500 7.7000 60.0000
v -9.9500 8.0000 70.0000
v 9.9500 8.0000 70.0000
v -9.9500 8.0000 60.0000
v 9.9500 8.0000 60.0000
v -9.9500 7.7000 60.0000
v 9.9500 7.7000 60.0000
v -9.9500 7.7000 50.0000
v 9.9500 7.7000 50.0000
v -9.9500 8.0000 60.0000
v 9.9500 8.0000 60.0000
v -9.9500 8.0000 50.0000
v 9.9500 8.0000 50.0000
v -9.9500 7.7000 50.0000
v 9.9500 7.7000 50.0000
v -9.9500 7.7000 40.0000
v 9.9500 7.7000 40.0000
v -9.9500 8.0000 50.0000
v 9.9500 8.0000 50.0000
v -9.9500 8.0000 40.0000
v 9.9500 8.0000 40.0000
v -9.9500 7.7000 40.0000
v 9.9500 7.7000 40.0000
v -9.9500 7.7000 30.0000
v 9.9500 7.7000 30.0000
v -9.9500 8.0000 40.0000
v 9.9500 8.0000 40.0000
v -9.9500 8.0000 30.0000
v 9.9500 8.0000 30.0000
v -9.9500 7.7000 30.0000
v 9.9500 7.7000 30.0000
v -9.9500 7.7000 20.0000
v 9.9500 7.7000 20.0000
v -9.9500 8.0000 30.0000
v 9.9500 8.0000 30.0000
v -9.9500 8.0000 20.0000
v 9.9500 8.0000 20.0000
v -9.9500 7.7000 20.0000
v 9.9500 7.7000 20.0000
v -9.9500 7.7000 10.0000
v 9.9500 7.7000 10.0000
v -9.9500 8.0000 20.0000
v 9.9500 8.0000 20.0000
v -9.9500 8.0000 10.0000
v 9.9500 8.0000 10.0000
v -9.9500 7.7000 10.0000
v 9.9500 7.7000 10.0000
v -9.9500 7.7000 -0.0000
v 9.9500 7.7000 -0.0000
v -9.9500 8.0000 10.0000
v 9.9500 8.0000 10.0000
v -9.9500 8.0000 -0.0000
v 9.9500 8.0000 -0.0000
v -9.9500 7.7000 -0.0000
v 9.9500 7.7000 -0.0000
v -9.9500 7.7000 -10.0000
v 9.9500 7.7000 -10.0000
v -9.9500 8.0000 -0.0000
v 9.9500 8.0000 -0.0000
v -9.9500 8.0000 -10.0000
v 9.9500 8.0000 -10.0000
v -9.9500 7.7000 -10.0000
v -4.9500 7.7000 -10.0000
v -9.9500 7.7000 -20.0000
v -4.9500 7.7000 -20.0000
v -9.9500 8.0000 -10.0000
v -4.9500 8.0000 -10.0000
v -9.9500 8.0000 -20.0000
v -4.9500 8.0000 -20.0000
v -1.9500 7.7000 -10.0000
v 9.9500 7.7000 -10.0000
v -1.9500 7.7000 -20.0000
v 9.9500 7.7000 -20.0000
v -1.9500 8.0000 -10.0000
v 9.9500 8.0000 -10.0000
v -1.9500 8.0000 -20.0000
v 9.9500 8.0000 -20.0000
v -4.9500 7.7000 -10.0000
v -1.9500 7.7000 -10.0000
v -4.9500 7.7000 -11.0000
v -1.9500 7.7000 -11.0000
v -4.9500 8.0000 -10.0000
v -1.9500 8.0000 -10.0000
v -4.9500 8.0000 -11.0000
v -1.9500 8.0000 -11.0000
v -4.9500 7.7000 -14.0000
v -1.9500 7.7000 -14.0000
v -4.9500 7.7000 -20.0000
v -1.9500 7.7000 -20.0000
v -4.9500 8.0000 -14.0000
v -1.9500 8.0000 -14.0000
v -4.9500 8.0000 -20.0000
v -1.9500 8.0000 -20.0000
v -9.9500 7.7000 -20.0000
v 7.4500 7.7000 -20.0000
v -9.9500 7.7000 -30.0000
v 7.4500 7.7000 -30.0000
v -9.9500 8.0000 -20.0000
v 7.4500 8.0000 -20.0000
v -9.9500 8.0000 -30.0000
v 7.4500 8.0000 -30.0000
v 7.4500 7.7000 -20.0000
v 9.9500 7.7000 -20.0000
v 7.4500 7.7000 -21.6000
v 9.9500 7.7000 -21.6000
v 7.4500 8.0000 -20.0000
v 9.9500 8.0000 -20.0000
v 7.4500 8.0000 -21.6000
v 9.9500 8.0000 -21.6000
v 7.4500 7.7000 -28.4000
v 9.9500 7.7000 -28.4000
v 7.4500 7.7000 -30.0000
v 9.9500 7.7000 -30.0000
v 7.4500 8.0000 -28.4000
v 9.9500 8.0000 -28.4000
v 7.4500 8.0000 -30.0000
v 9.9500 8.0000 -30.0000
v -9.9500 7.7000 -30.0000
v 9.9500 7.7000 -30.0000
v -9.9500 7.7000 -40.0000
v 9.9500 7.7000 -40.0000
v -9.9500 8.0000 -30.0000
v 9.9500 8.0000 -30.0000
v -9.9500 8.0000 -40.0000
v 9.9500 8.0000 -40.0000
v -9.9500 7.7000 -40.0000
v 9.9500 7.7000 -40.0000
v -9.9500 7.7000 -50.0000
v 9.9500 7.7000 -50.0000
v -9.9500 8.0000 -40.0000
v 9.9500 8.0000 -40.0000
v -9.9500 8.0000 -50.0000
v 9.9500 8.0000 -50.0000
v -9.9500 7.7000 -50.0000
v 9.9500 7.7000 -50.0000
v -9.9500 7.7000 -60.0000
v 9.9500 7.7000 -60.0000
v -9.9500 8.0000 -50.0000
v 9.9500 8.0000 -50.0000
v -9.9500 8.0000 -60.0000
v 9.9500 8.0000 -60.0000
v -9.9500 7.7000 -60.0000
v 9.9500 7.7000 -60.0000
v -9.9500 7.7000 -70.0000
v 9.9500 7.7000 -70.0000
v -9.9500 8.0000 -60.0000
v 9.9500 8.0000 -60.0000
v -9.9500 8.0000 -70.0000
v 9.9500 8.0000 -70.0000
v -9.9500 7.7000 -70.0000
v 9.9500 7.7000 -70.0000
v -9.9500 7.7000 -80.0000
v 9.9500 7.7000 -80.0000
v -9.9500 8.0000 -70.0000
v 9.9500 8.0000 -70.0000
v -9.9500 8.0000 -80.0000
v 9.9500 8.0000 -80.0000
v -9.9500 7.7000 -80.0000
v 9.9500 7.7000 -80.0000
v -9.9500 7.7000 -90.0000
v 9.9500 7.7000 -90.0000
v -9.9500 8.0000 -80.0000
v 9.9500 8.0000 -80.0000
v -9.9500 8.0000 -90.0000
v 9.9500 8.0000 -90.0000
f 5 7 3 1
f 2 4 8 6
f 1 2 6 5
f 7 8 4 3
f 3 4 2 1
f 5 6 8 7
f 13 15 11 9
f 10 12 16 14
f 9 10 14 13
f 15 16 12 11
f 11 12 10 9
f 13 14 16 15
f 21 23 19 17
f 18 20 24 22
f 17 18 22 21
f 23 24 20 19
f 19 20 18 17
f 21 22 24 23
f 29 31 27 25
f 26 28 32 30
f 25 26 30 29
f 31 32 28 27
f 27 28 26 25
f 29 30 32 31
f 37 39 35 33
f 34 36 40 38
f 33 34 38 37
f 39 40 36 35
f 35 36 34 33
f 37 38 40 39
f 45 47 43 41
f 42 44 48 46
f 41 42 46 45
f 47 48 44 43
f 43 44 42 41
f 45 46 48 47
f 53 55 51 49
f 50 52 56 54
f 49 50 54 53
f 55 56 52 51
f 51 52 50 49
f 53 54 56 55
f 61 63 59 57
f 58 60 64 62
f 57 58 62 61
f 63 64 60 59
f 59 60 58 57
f 61 62 64 63
f 69 71 67 65
f 66 68 72 70
f 65 66 70 69
f 71 72 68 67
f 67 68 66 65
f 69 70 72 71
f 77 79 75 73
f 74 76 80 78
f 73 74 78 77
f 79 80 76 75
f 75 76 74 73
f 77 78 80 79
f 85 87 83 81
f 82 84 88 86
f 81 82 86 85
f 87 88 84 83
f 83 84 82 81
f 85 86 88 87
f 93 95 91 89
f 90 92 96 94
f 89 90 94 93
f 95 96 92 91
f 91 92 90 89
f 93 94 96 95
f 101 103 99 97
f 98 100 104 102
f 97 98 102 101
f 103 104 100 99
f 99 100 98 97
f 101 102 104 103
f 109 111 107 105
f 106 108 112 110
f 105 106 110 109
f 111 112 108 107
f 107 108 106 105
f 109 110 112 111
f 117 119 115 113
f 114 116 120 118
f 113 114 118 117
f 119 120 116 115
f 115 116 114 113
f 117 118 120 119
f 125 127 123 121
f 122 124 128 126
f 121 122 126 125
f 127 128 124 123
f 123 124 122 121
f 125 126 128 127
f 133 135 131 129
f 130 132 136 134
f 129 130 134 133
f 135 136 132 131
f 131 132 130 129
f 133 134 136 135
f 141 143 139 137
f 138 140 144 142
f 137 138 142 141
f 143 144 140 139
f 139 140 138 137
f 141 142 144 143
f 149 151 147 145
f 146 148 152 150
f 145 146 150 149
f 151 152 148 147
f 147 148 146 145
f 149 150 152 151
f 157 159 155 153
f 154 156 160 158
f 153 154 158 157
f 159 160 156 155
f 155 156 154 153
f 157 158 160 159
f 165 167 163 161
f 162 164 168 166
f 161 162 166 165
f 167 168 164 163
f 163 164 162 161
f 165 166 168 167
f 173 175 171 169
f 170 172 176 174
f 169 170 174 173
f 175 176 172 171
f 171 172 170 169
f 173 174 176 175
f 181 183 179 177
f 178 180 184 182
f 177 178 182 181
f 183 184 180 179
f 179 180 178 177
f 181 182 184 183
f 189 191 187 185
f 186 188 192 190
f 185 186 190 189
f 191 192 188 187
f 187 188 186 185
f 189 190 192 191
f 197 199 195 193
f 194 196 200 198
f 193 194 198 197
f 199 200 196 195
f 195 196 194 193
f 197 198 200 199
f 205 207 203 201
f 202 204 208 206
f 201 202 206 205
f 207 208 204 203
f 203 204 202 201
f 205 206 208 207
f 213 215 211 209
f 210 212 216 214
f 209 210 214 213
f 215 216 212 211
f 211 212 210 209
f 213 214 216 215
f 221 223 219 217
f 218 220 224 222
f 217 218 222 221
f 223 224 220 219
f 219 220 218 217
f 221 222 224 223
f 229 231 227 225
f 226 228 232 230
f 225 226 230 229
f 231 232 228 227
f 227 228 226 225
f 229 230 232 231
f 237 239 235 233
f 234 236 240 238
f 233 234 238 237
f 239 240 236 235
f 235 236 234 233
f 237 238 240 239
f 245 247 243 241
f 242 244 248 246
f 241 242 246 245
f 247 248 244 243
f 243 244 242 241
f 245 246 248 247
f 253 255 251 249
f 250 252 256 254
f 249 250 254 253
f 255 256 252 251
f 251 252 250 249
f 253 254 256 255
f 261 263 259 257
f 258 260 264 262
f 257 258 262 261
f 263 264 260 259
f 259 260 258 257
f 261 262 264 263
f 269 271 267 265
f 266 268 272 270
f 265 266 270 269
f 271 272 268 267
f 267 268 266 265
f 269 270 272 271
f 277 279 275 273
f 274 276 280 278
f 273 274 278 277
f 279 280 276 275
f 275 276 274 273
f 277 278 280 279
f 285 287 283 281
f 282 284 288 286
f 281 282 286 285
f 287 288 284 283
f 283 284 282 281
f 285 286 288 287
f 293 295 291 289
f 290 292 296 294
f 289 290 294 293
f 295 296 292 291
f 291 292 290 289
f 293 294 296 295
f 301 303 299 297
f 298 300 304 302
f 297 298 302 301
f 303 304 300 299
f 299 300 298 297
f 301 302 304 303
f 309 311 307 305
f 306 308 312 310
f 305 306 310 309
f 311 312 308 307
f 307 308 306 305
f 309 310 312 311
f 317 319 315 313
f 314 316 320 318
f 313 314 318 317
f 319 320 316 315
f 315 316 314 313
f 317 318 320 319
f 325 327 323 321
f 322 324 328 326
f 321 322 326 325
f 327 328 324 323
f 323 324 322 321
f 325 326 328 327
f 333 335 331 329
f 330 332 336 334
f 329 330 334 333
f 335 336 332 331
f 331 332 330 329
f 333 334 336 335
f 341 343 339 337
f 338 340 344 342
f 337 338 342 341
f 343 344 340 339
f 339 340 338 337
f 341 342 344 343
f 349 351 347 345
f 346 348 352 350
f 345 346 350 349
f 351 352 348 347
f 347 348 346 345
f 349 350 352 351
f 357 359 355 353
f 354 356 360 358
f 353 354 358 357
f 359 360 356 355
f 355 356 354 353
f 357 358 360 359
f 365 367 363 361
f 362 364 368 366
f 361 362 366 365
f 367 368 364 363
f 363 364 362 361
f 365 366 368 367
f 373 375 371 369
f 370 372 376 374
f 369 370 374 373
f 375 376 372 371
f 371 372 370 369
f 373 374 376 375
f 381 383 379 377
f 378 380 384 382
f 377 378 382 381
f 383 384 380 379
f 379 380 378 377
f 381 382 384 383
f 389 391 387 385
f 386 388 392 390
f 385 386 390 389
f 391 392 388 387
f 387 388 386 385
f 389 390 392 391
f 397 399 395 393
f 394 396 400 398
f 393 394 398 397
f 399 400 396 395
f 395 396 394 393
f 397 398 400 399
f 405 407 403 401
f 402 404 408 406
f 401 402 406 405
f 407 408 404 403
f 403 404 402 401
f 405 406 408 407
f 413 415 411 409
f 410 412 416 414
f 409 410 414 413
f 415 416 412 411
f 411 412 410 409
f 413 414 416 415
f 421 423 419 417
f 418 420 424 422
f 417 418 422 421
f 423 424 420 419
f 419 420 418 417
f 421 422 424 423
f 429 431 427 425
f 426 428 432 430
f 425 426 430 429
f 431 432 428 427
f 427 428 426 425
f 429 430 432 431
f 437 439 435 433
f 434 436 440 438
f 433 434 438 437
f 439 440 436 435
f 435 436 434 433
f 437 438 440 439
f 445 447 443 441
f 442 444 448 446
f 441 442 446 445
f 447 448 444 443
f 443 444 442 441
f 445 446 448 447
o XL_Interior-col
usemtl Interior
v -9.9500 0.0000 80.1000
v -1.5500 0.0000 80.1000
v -9.9500 0.0000 79.9000
v -1.5500 0.0000 79.9000
v -9.9500 4.0000 80.1000
v -1.5500 4.0000 80.1000
v -9.9500 4.0000 79.9000
v -1.5500 4.0000 79.9000
v -1.5500 2.8000 80.1000
v 0.0500 2.8000 80.1000
v -1.5500 2.8000 79.9000
v 0.0500 2.8000 79.9000
v -1.5500 4.0000 80.1000
v 0.0500 4.0000 80.1000
v -1.5500 4.0000 79.9000
v 0.0500 4.0000 79.9000
v 0.0500 0.0000 80.1000
v 9.9500 0.0000 80.1000
v 0.0500 0.0000 79.9000
v 9.9500 0.0000 79.9000
v 0.0500 4.0000 80.1000
v 9.9500 4.0000 80.1000
v 0.0500 4.0000 79.9000
v 9.9500 4.0000 79.9000
v -9.9500 0.0000 50.1000
v -1.5500 0.0000 50.1000
v -9.9500 0.0000 49.9000
v -1.5500 0.0000 49.9000
v -9.9500 4.0000 50.1000
v -1.5500 4.0000 50.1000
v -9.9500 4.0000 49.9000
v -1.5500 4.0000 49.9000
v -1.5500 2.8000 50.1000
v 0.0500 2.8000 50.1000
v -1.5500 2.8000 49.9000
v 0.0500 2.8000 49.9000
v -1.5500 4.0000 50.1000
v 0.0500 4.0000 50.1000
v -1.5500 4.0000 49.9000
v 0.0500 4.0000 49.9000
v 0.0500 0.0000 50.1000
v 9.9500 0.0000 50.1000
v 0.0500 0.0000 49.9000
v 9.9500 0.0000 49.9000
v 0.0500 4.0000 50.1000
v 9.9500 4.0000 50.1000
v 0.0500 4.0000 49.9000
v 9.9500 4.0000 49.9000
v -1.9500 0.0000 10.0000
v -1.7500 0.0000 10.0000
v -1.9500 0.0000 5.8000
v -1.7500 0.0000 5.8000
v -1.9500 4.0000 10.0000
v -1.7500 4.0000 10.0000
v -1.9500 4.0000 5.8000
v -1.7500 4.0000 5.8000
v -1.9500 2.6000 5.8000
v -1.7500 2.6000 5.8000
v -1.9500 2.6000 4.2000
v -1.7500 2.6000 4.2000
v -1.9500 4.0000 5.8000
v -1.7500 4.0000 5.8000
v -1.9500 4.0000 4.2000
v -1.7500 4.0000 4.2000
v -1.9500 0.0000 4.2000
v -1.7500 0.0000 4.2000
v -1.9500 0.0000 -0.0000
v -1.7500 0.0000 -0.0000
v -1.9500 4.0000 4.2000
v -1.7500 4.0000 4.2000
v -1.9500 4.0000 -0.0000
v -1.7500 4.0000 -0.0000
v 1.7500 0.0000 10.0000
v 1.9500 0.0000 10.0000
v 1.7500 0.0000 5.8000
v 1.9500 0.0000 5.8000
v 1.7500 4.0000 10.0000
v 1.9500 4.0000 10.0000
v 1.7500 4.0000 5.8000
v 1.9500 4.0000 5.8000
v 1.7500 2.6000 5.8000
v 1.9500 2.6000 5.8000
v 1.7500 2.6000 4.2000
v 1.9500 2.6000 4.2000
v 1.7500 4.0000 5.8000
v 1.9500 4.0000 5.8000
v 1.7500 4.0000 4.2000
v 1.9500 4.0000 4.2000
v 1.7500 0.0000 4.2000
v 1.9500 0.0000 4.2000
v 1.7500 0.0000 2.8000
v 1.9500 0.0000 2.8000
v 1.7500 4.0000 4.2000
v 1.9500 4.0000 4.2000
v 1.7500 4.0000 2.8000
v 1.9500 4.0000 2.8000
v 1.7500 2.6000 2.8000
v 1.9500 2.6000 2.8000
v 1.7500 2.6000 1.2000
v 1.9500 2.6000 1.2000
v 1.7500 4.0000 2.8000
v 1.9500 4.0000 2.8000
v 1.7500 4.0000 1.2000
v 1.9500 4.0000 1.2000
v 1.7500 0.0000 1.2000
v 1.9500 0.0000 1.2000
v 1.7500 0.0000 -0.0000
v 1.9500 0.0000 -0.0000
v 1.7500 4.0000 1.2000
v 1.9500 4.0000 1.2000
v 1.7500 4.0000 -0.0000
v 1.9500 4.0000 -0.0000
v -9.9500 0.0000 10.1000
v -1.5500 0.0000 10.1000
v -9.9500 0.0000 9.9000
v -1.5500 0.0000 9.9000
v -9.9500 4.0000 10.1000
v -1.5500 4.0000 10.1000
v -9.9500 4.0000 9.9000
v -1.5500 4.0000 9.9000
v -1.5500 2.8000 10.1000
v 0.0500 2.8000 10.1000
v -1.5500 2.8000 9.9000
v 0.0500 2.8000 9.9000
v -1.5500 4.0000 10.1000
v 0.0500 4.0000 10.1000
v -1.5500 4.0000 9.9000
v 0.0500 4.0000 9.9000
v 0.0500 0.0000 10.1000
v 9.9500 0.0000 10.1000
v 0.0500 0.0000 9.9000
v 9.9500 0.0000 9.9000
v 0.0500 4.0000 10.1000
v 9.9500 4.0000 10.1000
v 0.0500 4.0000 9.9000
v 9.9500 4.0000 9.9000
v -1.9500 0.0000 -0.0000
v -1.7500 0.0000 -0.0000
v -1.9500 0.0000 -4.2000
v -1.7500 0.0000 -4.2000
v -1.9500 4.0000 -0.0000
v -1.7500 4.0000 -0.0000
v -1.9500 4.0000 -4.2000
v -1.7500 4.0000 -4.2000
v -1.9500 2.6000 -4.2000
v -1.7500 2.6000 -4.2000
v -1.9500 2.6000 -5.8000
v -1.7500 2.6000 -5.8000
v -1.9500 4.0000 -4.2000
v -1.7500 4.0000 -4.2000
v -1.9500 4.0000 -5.8000
v -1.7500 4.0000 -5.8000
v -1.9500 0.0000 -5.8000
v -1.7500 0.0000 -5.8000
v -1.9500 0.0000 -10.0000
v -1.7500 0.0000 -10.0000
v -1.9500 4.0000 -5.8000
v -1.7500 4.0000 -5.8000
v -1.9500 4.0000 -10.0000
v -1.7500 4.0000 -10.0000
v 1.7500 0.0000 -0.0000
v 1.9500 0.0000 -0.0000
v 1.7500 0.0000 -4.2000
v 1.9500 0.0000 -4.2000
v 1.7500 4.0000 -0.0000
v 1.9500 4.0000 -0.0000
v 1.7500 4.0000 -4.2000
v 1.9500 4.0000 -4.2000
v 1.7500 2.6000 -4.2000
v 1.9500 2.6000 -4.2000
v 1.7500 2.6000 -5.8000
v 1.9500 2.6000 -5.8000
v 1.7500 4.0000 -4.2000
v 1.9500 4.0000 -4.2000
v 1.7500 4.0000 -5.8000
v 1.9500 4.0000 -5.8000
v 1.7500 0.0000 -5.8000
v 1.9500 0.0000 -5.8000
v 1.7500 0.0000 -7.2000
v 1.9500 0.0000 -7.2000
v 1.7500 4.0000 -5.8000
v 1.9500 4.0000 -5.8000
v 1.7500 4.0000 -7.2000
v 1.9500 4.0000 -7.2000
v 1.7500 2.6000 -7.2000
v 1.9500 2.6000 -7.2000
v 1.7500 2.6000 -8.8000
v 1.9500 2.6000 -8.8000
v 1.7500 4.0000 -7.2000
v 1.9500 4.0000 -7.2000
v 1.7500 4.0000 -8.8000
v 1.9500 4.0000 -8.8000
v 1.7500 0.0000 -8.8000
v 1.9500 0.0000 -8.8000
v 1.7500 0.0000 -10.0000
v 1.9500 0.0000 -10.0000
v 1.7500 4.0000 -8.8000
v 1.9500 4.0000 -8.8000
v 1.7500 4.0000 -10.0000
v 1.9500 4.0000 -10.0000
v -9.9500 0.0000 0.1000
v -8.3500 0.0000 0.1000
v -9.9500 0.0000 -0.1000
v -8.3500 0.0000 -0.1000
v -9.9500 4.0000 0.1000
v -8.3500 4.0000 0.1000
v -9.9500 4.0000 -0.1000
v -8.3500 4.0000 -0.1000
v -8.3500 2.4000 0.1000
v -7.1500 2.4000 0.1000
v -8.3500 2.4000 -0.1000
v -7.1500 2.4000 -0.1000
v -8.3500 4.0000 0.1000
v -7.1500 4.0000 0.1000
v -8.3500 4.0000 -0.1000
v -7.1500 4.0000 -0.1000
v -7.1500 0.0000 0.1000
v -1.9500 0.0000 0.1000
v -7.1500 0.0000 -0.1000
v -1.9500 0.0000 -0.1000
v -7.1500 4.0000 0.1000
v -1.9500 4.0000 0.1000
v -7.1500 4.0000 -0.1000
v -1.9500 4.0000 -0.1000
v 1.9500 0.0000 0.1000
v 7.1500 0.0000 0.1000
v 1.9500 0.0000 -0.1000
v 7.1500 0.0000 -0.1000
v 1.9500 4.0000 0.1000
v 7.1500 4.0000 0.1000
v 1.9500 4.0000 -0.1000
v 7.1500 4.0000 -0.1000
v 7.1500 2.4000 0.1000
v 8.3500 2.4000 0.1000
v 7.1500 2.4000 -0.1000
v 8.3500 2.4000 -0.1000
v 7.1500 4.0000 0.1000
v 8.3500 4.0000 0.1000
v 7.1500 4.0000 -0.1000
v 8.3500 4.0000 -0.1000
v 8.3500 0.0000 0.1000
v 9.9500 0.0000 0.1000
v 8.3500 0.0000 -0.1000
v 9.9500 0.0000 -0.1000
v 8.3500 4.0000 0.1000
v 9.9500 4.0000 0.1000
v 8.3500 4.0000 -0.1000
v 9.9500 4.0000 -0.1000
v -1.9500 0.0000 -10.0000
v -1.7500 0.0000 -10.0000
v -1.9500 0.0000 -11.6000
v -1.7500 0.0000 -11.6000
v -1.9500 4.0000 -10.0000
v -1.7500 4.0000 -10.0000
v -1.9500 4.0000 -11.6000
v -1.7500 4.0000 -11.6000
v -1.9500 2.6000 -11.6000
v -1.7500 2.6000 -11.6000
v -1.9500 2.6000 -13.4000
v -1.7500 2.6000 -13.4000
v -1.9500 4.0000 -11.6000
v -1.7500 4.0000 -11.6000
v -1.9500 4.0000 -13.4000
v -1.7500 4.0000 -13.4000
v -1.9500 0.0000 -13.4000
v -1.7500 0.0000 -13.4000
v -1.9500 0.0000 -16.4000
v -1.7500 0.0000 -16.4000
v -1.9500 4.0000 -13.4000
v -1.7500 4.0000 -13.4000
v -1.9500 4.0000 -16.4000
v -1.7500 4.0000 -16.4000
v -1.9500 2.6000 -16.4000
v -1.7500 2.6000 -16.4000
v -1.9500 2.6000 -18.0000
v -1.7500 2.6000 -18.0000
v -1.9500 4.0000 -16.4000
v -1.7500 4.0000 -16.4000
v -1.9500 4.0000 -18.0000
v -1.7500 4.0000 -18.0000
v -1.9500 0.0000 -18.0000
v -1.7500 0.0000 -18.0000
v -1.9500 0.0000 -20.0000
v -1.7500 0.0000 -20.0000
v -1.9500 4.0000 -18.0000
v -1.7500 4.0000 -18.0000
v -1.9500 4.0000 -20.0000
v -1.7500 4.0000 -20.0000
v 1.7500 0.0000 -10.0000
v 1.9500 0.0000 -10.0000
v 1.7500 0.0000 -14.2000
v 1.9500 0.0000 -14.2000
v 1.7500 4.0000 -10.0000
v 1.9500 4.0000 -10.0000
v 1.7500 4.0000 -14.2000
v 1.9500 4.0000 -14.2000
v 1.7500 2.6000 -14.2000
v 1.9500 2.6000 -14.2000
v 1.7500 2.6000 -15.8000
v 1.9500 2.6000 -15.8000
v 1.7500 4.0000 -14.2000
v 1.9500 4.0000 -14.2000
v 1.7500 4.0000 -15.8000
v 1.9500 4.0000 -15.8000
v 1.7500 0.0000 -15.8000
v 1.9500 0.0000 -15.8000
v 1.7500 0.0000 -17.2000
v 1.9500 0.0000 -17.2000
v 1.7500 4.0000 -15.8000
v 1.9500 4.0000 -15.8000
v 1.7500 4.0000 -17.2000
v 1.9500 4.0000 -17.2000
v 1.7500 2.6000 -17.2000
v 1.9500 2.6000 -17.2000
v 1.7500 2.6000 -18.8000
v 1.9500 2.6000 -18.8000
v 1.7500 4.0000 -17.2000
v 1.9500 4.0000 -17.2000
v 1.7500 4.0000 -18.8000
v 1.9500 4.0000 -18.8000
v 1.7500 0.0000 -18.8000
v 1.9500 0.0000 -18.8000
v 1.7500 0.0000 -20.0000
v 1.9500 0.0000 -20.0000
v 1.7500 4.0000 -18.8000
v 1.9500 4.0000 -18.8000
v 1.7500 4.0000 -20.0000
v 1.9500 4.0000 -20.0000
v -1.7500 0.0000 -9.9000
v -1.5500 0.0000 -9.9000
v -1.7500 0.0000 -10.1000
v -1.5500 0.0000 -10.1000
v -1.7500 4.0000 -9.9000
v -1.5500 4.0000 -9.9000
v -1.7500 4.0000 -10.1000
v -1.5500 4.0000 -10.1000
v -1.5500 2.8000 -9.9000
v 0.0500 2.8000 -9.9000
v -1.5500 2.8000 -10.1000
v 0.0500 2.8000 -10.1000
v -1.5500 4.0000 -9.9000
v 0.0500 4.0000 -9.9000
v -1.5500 4.0000 -10.1000
v 0.0500 4.0000 -10.1000
v 0.0500 0.0000 -9.9000
v 1.7500 0.0000 -9.9000
v 0.0500 0.0000 -10.1000
v 1.7500 0.0000 -10.1000
v 0.0500 4.0000 -9.9000
v 1.7500 4.0000 -9.9000
v 0.0500 4.0000 -10.1000
v 1.7500 4.0000 -10.1000
v -9.9500 0.0000 -9.9000
v -8.5500 0.0000 -9.9000
v -9.9500 0.0000 -10.1000
v -8.5500 0.0000 -10.1000
v -9.9500 4.0000 -9.9000
v -8.5500 4.0000 -9.9000
v -9.9500 4.0000 -10.1000
v -8.5500 4.0000 -10.1000
v -8.5500 2.4000 -9.9000
v -6.9500 2.4000 -9.9000
v -8.5500 2.4000 -10.1000
v -6.9500 2.4000 -10.1000
v -8.5500 4.0000 -9.9000
v -6.9500 4.0000 -9.9000
v -8.5500 4.0000 -10.1000
v -6.9500 4.0000 -10.1000
v -6.9500 0.0000 -9.9000
v -1.9500 0.0000 -9.9000
v -6.9500 0.0000 -10.1000
v -1.9500 0.0000 -10.1000
v -6.9500 4.0000 -9.9000
v -1.9500 4.0000 -9.9000
v -6.9500 4.0000 -10.1000
v -1.9500 4.0000 -10.1000
v 1.9500 0.0000 -9.9000
v 6.9500 0.0000 -9.9000
v 1.9500 0.0000 -10.1000
v 6.9500 0.0000 -10.1000
v 1.9500 4.0000 -9.9000
v 6.9500 4.0000 -9.9000
v 1.9500 4.0000 -10.1000
v 6.9500 4.0000 -10.1000
v 6.9500 2.4000 -9.9000
v 8.5500 2.4000 -9.9000
v 6.9500 2.4000 -10.1000
v 8.5500 2.4000 -10.1000
v 6.9500 4.0000 -9.9000
v 8.5500 4.0000 -9.9000
v 6.9500 4.0000 -10.1000
v 8.5500 4.0000 -10.1000
v 8.5500 0.0000 -9.9000
v 9.9500 0.0000 -9.9000
v 8.5500 0.0000 -10.1000
v 9.9500 0.0000 -10.1000
v 8.5500 4.0000 -9.9000
v 9.9500 4.0000 -9.9000
v 8.5500 4.0000 -10.1000
v 9.9500 4.0000 -10.1000
v -1.9500 0.0000 -20.0000
v -1.7500 0.0000 -20.0000
v -1.9500 0.0000 -23.7000
v -1.7500 0.0000 -23.7000
v -1.9500 4.0000 -20.0000
v -1.7500 4.0000 -20.0000
v -1.9500 4.0000 -23.7000
v -1.7500 4.0000 -23.7000
v -1.9500 2.6000 -23.7000
v -1.7500 2.6000 -23.7000
v -1.9500 2.6000 -26.3000
v -1.7500 2.6000 -26.3000
v -1.9500 4.0000 -23.7000
v -1.7500 4.0000 -23.7000
v -1.9500 4.0000 -26.3000
v -1.7500 4.0000 -26.3000
v -1.9500 0.0000 -26.3000
v -1.7500 0.0000 -26.3000
v -1.9500 0.0000 -30.0000
v -1.7500 0.0000 -30.0000
v -1.9500 4.0000 -26.3000
v -1.7500 4.0000 -26.3000
v -1.9500 4.0000 -30.0000
v -1.7500 4.0000 -30.0000
v 1.7500 0.0000 -20.0000
v 1.9500 0.0000 -20.0000
v 1.7500 0.0000 -24.2000
v 1.9500 0.0000 -24.2000
v 1.7500 4.0000 -20.0000
v 1.9500 4.0000 -20.0000
v 1.7500 4.0000 -24.2000
v 1.9500 4.0000 -24.2000
v 1.7500 2.6000 -24.2000
v 1.9500 2.6000 -24.2000
v 1.7500 2.6000 -25.8000
v 1.9500 2.6000 -25.8000
v 1.7500 4.0000 -24.2000
v 1.9500 4.0000 -24.2000
v 1.7500 4.0000 -25.8000
v 1.9500 4.0000 -25.8000
v 1.7500 0.0000 -25.8000
v 1.9500 0.0000 -25.8000
v 1.7500 0.0000 -30.0000
v 1.9500 0.0000 -30.0000
v 1.7500 4.0000 -25.8000
v 1.9500 4.0000 -25.8000
v 1.7500 4.0000 -30.0000
v 1.9500 4.0000 -30.0000
v -9.9500 0.0000 -19.9000
v -8.3500 0.0000 -19.9000
v -9.9500 0.0000 -20.1000
v -8.3500 0.0000 -20.1000
v -9.9500 4.0000 -19.9000
v -8.3500 4.0000 -19.9000
v -9.9500 4.0000 -20.1000
v -8.3500 4.0000 -20.1000
v -8.3500 2.4000 -19.9000
v -7.1500 2.4000 -19.9000
v -8.3500 2.4000 -20.1000
v -7.1500 2.4000 -20.1000
v -8.3500 4.0000 -19.9000
v -7.1500 4.0000 -19.9000
v -8.3500 4.0000 -20.1000
v -7.1500 4.0000 -20.1000
v -7.1500 0.0000 -19.9000
v -1.9500 0.0000 -19.9000
v -7.1500 0.0000 -20.1000
v -1.9500 0.0000 -20.1000
v -7.1500 4.0000 -19.9000
v -1.9500 4.0000 -19.9000
v -7.1500 4.0000 -20.1000
v -1.9500 4.0000 -20.1000
v 1.9500 0.0000 -19.9000
v 7.1500 0.0000 -19.9000
v 1.9500 0.0000 -20.1000
v 7.1500 0.0000 -20.1000
v 1.9500 4.0000 -19.9000
v 7.1500 4.0000 -19.9000
v 1.9500 4.0000 -20.1000
v 7.1500 4.0000 -20.1000
v 7.1500 2.4000 -19.9000
v 8.3500 2.4000 -19.9000
v 7.1500 2.4000 -20.1000
v 8.3500 2.4000 -20.1000
v 7.1500 4.0000 -19.9000
v 8.3500 4.0000 -19.9000
v 7.1500 4.0000 -20.1000
v 8.3500 4.0000 -20.1000
v 8.3500 0.0000 -19.9000
v 9.9500 0.0000 -19.9000
v 8.3500 0.0000 -20.1000
v 9.9500 0.0000 -20.1000
v 8.3500 4.0000 -19.9000
v 9.9500 4.0000 -19.9000
v 8.3500 4.0000 -20.1000
v 9.9500 4.0000 -20.1000
v -1.9500 0.0000 -30.0000
v -1.7500 0.0000 -30.0000
v -1.9500 0.0000 -34.2000
v -1.7500 0.0000 -34.2000
v -1.9500 4.0000 -30.0000
v -1.7500 4.0000 -30.0000
v -1.9500 4.0000 -34.2000
v -1.7500 4.0000 -34.2000
v -1.9500 2.6000 -34.2000
v -1.7500 2.6000 -34.2000
v -1.9500 2.6000 -35.8000
v -1.7500 2.6000 -35.8000
v -1.9500 4.0000 -34.2000
v -1.7500 4.0000 -34.2000
v -1.9500 4.0000 -35.8000
v -1.7500 4.0000 -35.8000
v -1.9500 0.0000 -35.8000
v -1.7500 0.0000 -35.8000
v -1.9500 0.0000 -40.0000
v -1.7500 0.0000 -40.0000
v -1.9500 4.0000 -35.8000
v -1.7500 4.0000 -35.8000
v -1.9500 4.0000 -40.0000
v -1.7500 4.0000 -40.0000
v 1.7500 0.0000 -30.0000
v 1.9500 0.0000 -30.0000
v 1.7500 0.0000 -33.7000
v 1.9500 0.0000 -33.7000
v 1.7500 4.0000 -30.0000
v 1.9500 4.0000 -30.0000
v 1.7500 4.0000 -33.7000
v 1.9500 4.0000 -33.7000
v 1.7500 2.6000 -33.7000
v 1.9500 2.6000 -33.7000
v 1.7500 2.6000 -36.3000
v 1.9500 2.6000 -36.3000
v 1.7500 4.0000 -33.7000
v 1.9500 4.0000 -33.7000
v 1.7500 4.0000 -36.3000
v 1.9500 4.0000 -36.3000
v 1.7500 0.0000 -36.3000
v 1.9500 0.0000 -36.3000
v 1.7500 0.0000 -40.0000
v 1.9500 0.0000 -40.0000
v 1.7500 4.0000 -36.3000
v 1.9500 4.0000 -36.3000
v 1.7500 4.0000 -40.0000
v 1.9500 4.0000 -40.0000
v -1.7500 0.0000 -29.9000
v -1.5500 0.0000 -29.9000
v -1.7500 0.0000 -30.1000
v -1.5500 0.0000 -30.1000
v -1.7500 4.0000 -29.9000
v -1.5500 4.0000 -29.9000
v -1.7500 4.0000 -30.1000
v -1.5500 4.0000 -30.1000
v -1.5500 2.8000 -29.9000
v 0.0500 2.8000 -29.9000
v -1.5500 2.8000 -30.1000
v 0.0500 2.8000 -30.1000
v -1.5500 4.0000 -29.9000
v 0.0500 4.0000 -29.9000
v -1.5500 4.0000 -30.1000
v 0.0500 4.0000 -30.1000
v 0.0500 0.0000 -29.9000
v 1.7500 0.0000 -29.9000
v 0.0500 0.0000 -30.1000
v 1.7500 0.0000 -30.1000
v 0.0500 4.0000 -29.9000
v 1.7500 4.0000 -29.9000
v 0.0500 4.0000 -30.1000
v 1.7500 4.0000 -30.1000
v -9.9500 0.0000 -29.9000
v -8.5500 0.0000 -29.9000
v -9.9500 0.0000 -30.1000
v -8.5500 0.0000 -30.1000
v -9.9500 4.0000 -29.9000
v -8.5500 4.0000 -29.9000
v -9.9500 4.0000 -30.1000
v -8.5500 4.0000 -30.1000
v -8.5500 2.4000 -29.9000
v -6.9500 2.4000 -29.9000
v -8.5500 2.4000 -30.1000
v -6.9500 2.4000 -30.1000
v -8.5500 4.0000 -29.9000
v -6.9500 4.0000 -29.9000
v -8.5500 4.0000 -30.1000
v -6.9500 4.0000 -30.1000
v -6.9500 0.0000 -29.9000
v -1.9500 0.0000 -29.9000
v -6.9500 0.0000 -30.1000
v -1.9500 0.0000 -30.1000
v -6.9500 4.0000 -29.9000
v -1.9500 4.0000 -29.9000
v -6.9500 4.0000 -30.1000
v -1.9500 4.0000 -30.1000
v 1.9500 0.0000 -29.9000
v 6.9500 0.0000 -29.9000
v 1.9500 0.0000 -30.1000
v 6.9500 0.0000 -30.1000
v 1.9500 4.0000 -29.9000
v 6.9500 4.0000 -29.9000
v 1.9500 4.0000 -30.1000
v 6.9500 4.0000 -30.1000
v 6.9500 2.4000 -29.9000
v 8.5500 2.4000 -29.9000
v 6.9500 2.4000 -30.1000
v 8.5500 2.4000 -30.1000
v 6.9500 4.0000 -29.9000
v 8.5500 4.0000 -29.9000
v 6.9500 4.0000 -30.1000
v 8.5500 4.0000 -30.1000
v 8.5500 0.0000 -29.9000
v 9.9500 0.0000 -29.9000
v 8.5500 0.0000 -30.1000
v 9.9500 0.0000 -30.1000
v 8.5500 4.0000 -29.9000
v 9.9500 4.0000 -29.9000
v 8.5500 4.0000 -30.1000
v 9.9500 4.0000 -30.1000
v -1.9500 0.0000 -40.0000
v -1.7500 0.0000 -40.0000
v -1.9500 0.0000 -44.2000
v -1.7500 0.0000 -44.2000
v -1.9500 4.0000 -40.0000
v -1.7500 4.0000 -40.0000
v -1.9500 4.0000 -44.2000
v -1.7500 4.0000 -44.2000
v -1.9500 2.6000 -44.2000
v -1.7500 2.6000 -44.2000
v -1.9500 2.6000 -45.8000
v -1.7500 2.6000 -45.8000
v -1.9500 4.0000 -44.2000
v -1.7500 4.0000 -44.2000
v -1.9500 4.0000 -45.8000
v -1.7500 4.0000 -45.8000
v -1.9500 0.0000 -45.8000
v -1.7500 0.0000 -45.8000
v -1.9500 0.0000 -50.0000
v -1.7500 0.0000 -50.0000
v -1.9500 4.0000 -45.8000
v -1.7500 4.0000 -45.8000
v -1.9500 4.0000 -50.0000
v -1.7500 4.0000 -50.0000
v 1.7500 0.0000 -40.0000
v 1.9500 0.0000 -40.0000
v 1.7500 0.0000 -44.2000
v 1.9500 0.0000 -44.2000
v 1.7500 4.0000 -40.0000
v 1.9500 4.0000 -40.0000
v 1.7500 4.0000 -44.2000
v 1.9500 4.0000 -44.2000
v 1.7500 2.6000 -44.2000
v 1.9500 2.6000 -44.2000
v 1.7500 2.6000 -45.8000
v 1.9500 2.6000 -45.8000
v 1.7500 4.0000 -44.2000
v 1.9500 4.0000 -44.2000
v 1.7500 4.0000 -45.8000
v 1.9500 4.0000 -45.8000
v 1.7500 0.0000 -45.8000
v 1.9500 0.0000 -45.8000
v 1.7500 0.0000 -50.0000
v 1.9500 0.0000 -50.0000
v 1.7500 4.0000 -45.8000
v 1.9500 4.0000 -45.8000
v 1.7500 4.0000 -50.0000
v 1.9500 4.0000 -50.0000
v -9.9500 0.0000 -39.9000
v -8.3500 0.0000 -39.9000
v -9.9500 0.0000 -40.1000
v -8.3500 0.0000 -40.1000
v -9.9500 4.0000 -39.9000
v -8.3500 4.0000 -39.9000
v -9.9500 4.0000 -40.1000
v -8.3500 4.0000 -40.1000
v -8.3500 2.4000 -39.9000
v -7.1500 2.4000 -39.9000
v -8.3500 2.4000 -40.1000
v -7.1500 2.4000 -40.1000
v -8.3500 4.0000 -39.9000
v -7.1500 4.0000 -39.9000
v -8.3500 4.0000 -40.1000
v -7.1500 4.0000 -40.1000
v -7.1500 0.0000 -39.9000
v -1.9500 0.0000 -39.9000
v -7.1500 0.0000 -40.1000
v -1.9500 0.0000 -40.1000
v -7.1500 4.0000 -39.9000
v -1.9500 4.0000 -39.9000
v -7.1500 4.0000 -40.1000
v -1.9500 4.0000 -40.1000
v 1.9500 0.0000 -39.9000
v 7.1500 0.0000 -39.9000
v 1.9500 0.0000 -40.1000
v 7.1500 0.0000 -40.1000
v 1.9500 4.0000 -39.9000
v 7.1500 4.0000 -39.9000
v 1.9500 4.0000 -40.1000
v 7.1500 4.0000 -40.1000
v 7.1500 2.4000 -39.9000
v 8.3500 2.4000 -39.9000
v 7.1500 2.4000 -40.1000
v 8.3500 2.4000 -40.1000
v 7.1500 4.0000 -39.9000
v 8.3500 4.0000 -39.9000
v 7.1500 4.0000 -40.1000
v 8.3500 4.0000 -40.1000
v 8.3500 0.0000 -39.9000
v 9.9500 0.0000 -39.9000
v 8.3500 0.0000 -40.1000
v 9.9500 0.0000 -40.1000
v 8.3500 4.0000 -39.9000
v 9.9500 4.0000 -39.9000
v 8.3500 4.0000 -40.1000
v 9.9500 4.0000 -40.1000
v -1.9500 0.0000 -50.0000
v -1.7500 0.0000 -50.0000
v -1.9500 0.0000 -54.2000
v -1.7500 0.0000 -54.2000
v -1.9500 4.0000 -50.0000
v -1.7500 4.0000 -50.0000
v -1.9500 4.0000 -54.2000
v -1.7500 4.0000 -54.2000
v -1.9500 2.6000 -54.2000
v -1.7500 2.6000 -54.2000
v -1.9500 2.6000 -55.8000
v -1.7500 2.6000 -55.8000
v -1.9500 4.0000 -54.2000
v -1.7500 4.0000 -54.2000
v -1.9500 4.0000 -55.8000
v -1.7500 4.0000 -55.8000
v -1.9500 0.0000 -55.8000
v -1.7500 0.0000 -55.8000
v -1.9500 0.0000 -60.0000
v -1.7500 0.0000 -60.0000
v -1.9500 4.0000 -55.8000
v -1.7500 4.0000 -55.8000
v -1.9500 4.0000 -60.0000
v -1.7500 4.0000 -60.0000
v 1.7500 0.0000 -50.0000
v 1.9500 0.0000 -50.0000
v 1.7500 0.0000 -54.2000
v 1.9500 0.0000 -54.2000
v 1.7500 4.0000 -50.0000
v 1.9500 4.0000 -50.0000
v 1.7500 4.0000 -54.2000
v 1.9500 4.0000 -54.2000
v 1.7500 2.6000 -54.2000
v 1.9500 2.6000 -54.2000
v 1.7500 2.6000 -55.8000
v 1.9500 2.6000 -55.8000
v 1.7500 4.0000 -54.2000
v 1.9500 4.0000 -54.2000
v 1.7500 4.0000 -55.8000
v 1.9500 4.0000 -55.8000
v 1.7500 0.0000 -55.8000
v 1.9500 0.0000 -55.8000
v 1.7500 0.0000 -60.0000
v 1.9500 0.0000 -60.0000
v 1.7500 4.0000 -55.8000
v 1.9500 4.0000 -55.8000
v 1.7500 4.0000 -60.0000
v 1.9500 4.0000 -60.0000
v -1.7500 0.0000 -49.9000
v -1.5500 0.0000 -49.9000
v -1.7500 0.0000 -50.1000
v -1.5500 0.0000 -50.1000
v -1.7500 4.0000 -49.9000
v -1.5500 4.0000 -49.9000
v -1.7500 4.0000 -50.1000
v -1.5500 4.0000 -50.1000
v -1.5500 2.8000 -49.9000
v 0.0500 2.8000 -49.9000
v -1.5500 2.8000 -50.1000
v 0.0500 2.8000 -50.1000
v -1.5500 4.0000 -49.9000
v 0.0500 4.0000 -49.9000
v -1.5500 4.0000 -50.1000
v 0.0500 4.0000 -50.1000
v 0.0500 0.0000 -49.9000
v 1.7500 0.0000 -49.9000
v 0.0500 0.0000 -50.1000
v 1.7500 0.0000 -50.1000
v 0.0500 4.0000 -49.9000
v 1.7500 4.0000 -49.9000
v 0.0500 4.0000 -50.1000
v 1.7500 4.0000 -50.1000
v -9.9500 0.0000 -49.9000
v -8.5500 0.0000 -49.9000
v -9.9500 0.0000 -50.1000
v -8.5500 0.0000 -50.1000
v -9.9500 4.0000 -49.9000
v -8.5500 4.0000 -49.9000
v -9.9500 4.0000 -50.1000
v -8.5500 4.0000 -50.1000
v -8.5500 2.4000 -49.9000
v -6.9500 2.4000 -49.9000
v -8.5500 2.4000 -50.1000
v -6.9500 2.4000 -50.1000
v -8.5500 4.0000 -49.9000
v -6.9500 4.0000 -49.9000
v -8.5500 4.0000 -50.1000
v -6.9500 4.0000 -50.1000
v -6.9500 0.0000 -49.9000
v -1.9500 0.0000 -49.9000
v -6.9500 0.0000 -50.1000
v -1.9500 0.0000 -50.1000
v -6.9500 4.0000 -49.9000
v -1.9500 4.0000 -49.9000
v -6.9500 4.0000 -50.1000
v -1.9500 4.0000 -50.1000
v 1.9500 0.0000 -49.9000
v 6.9500 0.0000 -49.9000
v 1.9500 0.0000 -50.1000
v 6.9500 0.0000 -50.1000
v 1.9500 4.0000 -49.9000
v 6.9500 4.0000 -49.9000
v 1.9500 4.0000 -50.1000
v 6.9500 4.0000 -50.1000
v 6.9500 2.4000 -49.9000
v 8.5500 2.4000 -49.9000
v 6.9500 2.4000 -50.1000
v 8.5500 2.4000 -50.1000
v 6.9500 4.0000 -49.9000
v 8.5500 4.0000 -49.9000
v 6.9500 4.0000 -50.1000
v 8.5500 4.0000 -50.1000
v 8.5500 0.0000 -49.9000
v 9.9500 0.0000 -49.9000
v 8.5500 0.0000 -50.1000
v 9.9500 0.0000 -50.1000
v 8.5500 4.0000 -49.9000
v 9.9500 4.0000 -49.9000
v 8.5500 4.0000 -50.1000
v 9.9500 4.0000 -50.1000
v -1.9500 0.0000 -60.0000
v -1.7500 0.0000 -60.0000
v -1.9500 0.0000 -64.2000
v -1.7500 0.0000 -64.2000
v -1.9500 4.0000 -60.0000
v -1.7500 4.0000 -60.0000
v -1.9500 4.0000 -64.2000
v -1.7500 4.0000 -64.2000
v -1.9500 2.6000 -64.2000
v -1.7500 2.6000 -64.2000
v -1.9500 2.6000 -65.8000
v -1.7500 2.6000 -65.8000
v -1.9500 4.0000 -64.2000
v -1.7500 4.0000 -64.2000
v -1.9500 4.0000 -65.8000
v -1.7500 4.0000 -65.8000
v -1.9500 0.0000 -65.8000
v -1.7500 0.0000 -65.8000
v -1.9500 0.0000 -67.2000
v -1.7500 0.0000 -67.2000
v -1.9500 4.0000 -65.8000
v -1.7500 4.0000 -65.8000
v -1.9500 4.0000 -67.2000
v -1.7500 4.0000 -67.2000
v -1.9500 2.6000 -67.2000
v -1.7500 2.6000 -67.2000
v -1.9500 2.6000 -68.8000
v -1.7500 2.6000 -68.8000
v -1.9500 4.0000 -67.2000
v -1.7500 4.0000 -67.2000
v -1.9500 4.0000 -68.8000
v -1.7500 4.0000 -68.8000
v -1.9500 0.0000 -68.8000
v -1.7500 0.0000 -68.8000
v -1.9500 0.0000 -70.0000
v -1.7500 0.0000 -70.0000
v -1.9500 4.0000 -68.8000
v -1.7500 4.0000 -68.8000
v -1.9500 4.0000 -70.0000
v -1.7500 4.0000 -70.0000
v 1.7500 0.0000 -60.0000
v 1.9500 0.0000 -60.0000
v 1.7500 0.0000 -64.2000
v 1.9500 0.0000 -64.2000
v 1.7500 4.0000 -60.0000
v 1.9500 4.0000 -60.0000
v 1.7500 4.0000 -64.2000
v 1.9500 4.0000 -64.2000
v 1.7500 2.6000 -64.2000
v 1.9500 2.6000 -64.2000
v 1.7500 2.6000 -65.8000
v 1.9500 2.6000 -65.8000
v 1.7500 4.0000 -64.2000
v 1.9500 4.0000 -64.2000
v 1.7500 4.0000 -65.8000
v 1.9500 4.0000 -65.8000
v 1.7500 0.0000 -65.8000
v 1.9500 0.0000 -65.8000
v 1.7500 0.0000 -67.2000
v 1.9500 0.0000 -67.2000
v 1.7500 4.0000 -65.8000
v 1.9500 4.0000 -65.8000
v 1.7500 4.0000 -67.2000
v 1.9500 4.0000 -67.2000
v 1.7500 2.6000 -67.2000
v 1.9500 2.6000 -67.2000
v 1.7500 2.6000 -68.8000
v 1.9500 2.6000 -68.8000
v 1.7500 4.0000 -67.2000
v 1.9500 4.0000 -67.2000
v 1.7500 4.0000 -68.8000
v 1.9500 4.0000 -68.8000
v 1.7500 0.0000 -68.8000
v 1.9500 0.0000 -68.8000
v 1.7500 0.0000 -70.0000
v 1.9500 0.0000 -70.0000
v 1.7500 4.0000 -68.8000
v 1.9500 4.0000 -68.8000
v 1.7500 4.0000 -70.0000
v 1.9500 4.0000 -70.0000
v -9.9500 0.0000 -59.9000
v -8.3500 0.0000 -59.9000
v -9.9500 0.0000 -60.1000
v -8.3500 0.0000 -60.1000
v -9.9500 4.0000 -59.9000
v -8.3500 4.0000 -59.9000
v -9.9500 4.0000 -60.1000
v -8.3500 4.0000 -60.1000
v -8.3500 2.4000 -59.9000
v -7.1500 2.4000 -59.9000
v -8.3500 2.4000 -60.1000
v -7.1500 2.4000 -60.1000
v -8.3500 4.0000 -59.9000
v -7.1500 4.0000 -59.9000
v -8.3500 4.0000 -60.1000
v -7.1500 4.0000 -60.1000
v -7.1500 0.0000 -59.9000
v -1.9500 0.0000 -59.9000
v -7.1500 0.0000 -60.1000
v -1.9500 0.0000 -60.1000
v -7.1500 4.0000 -59.9000
v -1.9500 4.0000 -59.9000
v -7.1500 4.0000 -60.1000
v -1.9500 4.0000 -60.1000
v 1.9500 0.0000 -59.9000
v 7.1500 0.0000 -59.9000
v 1.9500 0.0000 -60.1000
v 7.1500 0.0000 -60.1000
v 1.9500 4.0000 -59.9000
v 7.1500 4.0000 -59.9000
v 1.9500 4.0000 -60.1000
v 7.1500 4.0000 -60.1000
v 7.1500 2.4000 -59.9000
v 8.3500 2.4000 -59.9000
v 7.1500 2.4000 -60.1000
v 8.3500 2.4000 -60.1000
v 7.1500 4.0000 -59.9000
v 8.3500 4.0000 -59.9000
v 7.1500 4.0000 -60.1000
v 8.3500 4.0000 -60.1000
v 8.3500 0.0000 -59.9000
v 9.9500 0.0000 -59.9000
v 8.3500 0.0000 -60.1000
v 9.9500 0.0000 -60.1000
v 8.3500 4.0000 -59.9000
v 9.9500 4.0000 -59.9000
v 8.3500 4.0000 -60.1000
v 9.9500 4.0000 -60.1000
v -1.9500 0.0000 -70.0000
v -1.7500 0.0000 -70.0000
v -1.9500 0.0000 -74.2000
v -1.7500 0.0000 -74.2000
v -1.9500 4.0000 -70.0000
v -1.7500 4.0000 -70.0000
v -1.9500 4.0000 -74.2000
v -1.7500 4.0000 -74.2000
v -1.9500 2.6000 -74.2000
v -1.7500 2.6000 -74.2000
v -1.9500 2.6000 -75.8000
v -1.7500 2.6000 -75.8000
v -1.9500 4.0000 -74.2000
v -1.7500 4.0000 -74.2000
v -1.9500 4.0000 -75.8000
v -1.7500 4.0000 -75.8000
v -1.9500 0.0000 -75.8000
v -1.7500 0.0000 -75.8000
v -1.9500 0.0000 -80.0000
v -1.7500 0.0000 -80.0000
v -1.9500 4.0000 -75.8000
v -1.7500 4.0000 -75.8000
v -1.9500 4.0000 -80.0000
v -1.7500 4.0000 -80.0000
v 1.7500 0.0000 -70.0000
v 1.9500 0.0000 -70.0000
v 1.7500 0.0000 -74.2000
v 1.9500 0.0000 -74.2000
v 1.7500 4.0000 -70.0000
v 1.9500 4.0000 -70.0000
v 1.7500 4.0000 -74.2000
v 1.9500 4.0000 -74.2000
v 1.7500 2.6000 -74.2000
v 1.9500 2.6000 -74.2000
v 1.7500 2.6000 -75.8000
v 1.9500 2.6000 -75.8000
v 1.7500 4.0000 -74.2000
v 1.9500 4.0000 -74.2000
v 1.7500 4.0000 -75.8000
v 1.9500 4.0000 -75.8000
v 1.7500 0.0000 -75.8000
v 1.9500 0.0000 -75.8000
v 1.7500 0.0000 -80.0000
v 1.9500 0.0000 -80.0000
v 1.7500 4.0000 -75.8000
v 1.9500 4.0000 -75.8000
v 1.7500 4.0000 -80.0000
v 1.9500 4.0000 -80.0000
v -1.7500 0.0000 -69.9000
v -1.5500 0.0000 -69.9000
v -1.7500 0.0000 -70.1000
v -1.5500 0.0000 -70.1000
v -1.7500 4.0000 -69.9000
v -1.5500 4.0000 -69.9000
v -1.7500 4.0000 -70.1000
v -1.5500 4.0000 -70.1000
v -1.5500 2.8000 -69.9000
v 0.0500 2.8000 -69.9000
v -1.5500 2.8000 -70.1000
v 0.0500 2.8000 -70.1000
v -1.5500 4.0000 -69.9000
v 0.0500 4.0000 -69.9000
v -1.5500 4.0000 -70.1000
v 0.0500 4.0000 -70.1000
v 0.0500 0.0000 -69.9000
v 1.7500 0.0000 -69.9000
v 0.0500 0.0000 -70.1000
v 1.7500 0.0000 -70.1000
v 0.0500 4.0000 -69.9000
v 1.7500 4.0000 -69.9000
v 0.0500 4.0000 -70.1000
v 1.7500 4.0000 -70.1000
v -9.9500 0.0000 -69.9000
v -8.5500 0.0000 -69.9000
v -9.9500 0.0000 -70.1000
v -8.5500 0.0000 -70.1000
v -9.9500 4.0000 -69.9000
v -8.5500 4.0000 -69.9000
v -9.9500 4.0000 -70.1000
v -8.5500 4.0000 -70.1000
v -8.5500 2.4000 -69.9000
v -6.9500 2.4000 -69.9000
v -8.5500 2.4000 -70.1000
v -6.9500 2.4000 -70.1000
v -8.5500 4.0000 -69.9000
v -6.9500 4.0000 -69.9000
v -8.5500 4.0000 -70.1000
v -6.9500 4.0000 -70.1000
v -6.9500 0.0000 -69.9000
v -1.9500 0.0000 -69.9000
v -6.9500 0.0000 -70.1000
v -1.9500 0.0000 -70.1000
v -6.9500 4.0000 -69.9000
v -1.9500 4.0000 -69.9000
v -6.9500 4.0000 -70.1000
v -1.9500 4.0000 -70.1000
v 1.9500 0.0000 -69.9000
v 6.9500 0.0000 -69.9000
v 1.9500 0.0000 -70.1000
v 6.9500 0.0000 -70.1000
v 1.9500 4.0000 -69.9000
v 6.9500 4.0000 -69.9000
v 1.9500 4.0000 -70.1000
v 6.9500 4.0000 -70.1000
v 6.9500 2.4000 -69.9000
v 8.5500 2.4000 -69.9000
v 6.9500 2.4000 -70.1000
v 8.5500 2.4000 -70.1000
v 6.9500 4.0000 -69.9000
v 8.5500 4.0000 -69.9000
v 6.9500 4.0000 -70.1000
v 8.5500 4.0000 -70.1000
v 8.5500 0.0000 -69.9000
v 9.9500 0.0000 -69.9000
v 8.5500 0.0000 -70.1000
v 9.9500 0.0000 -70.1000
v 8.5500 4.0000 -69.9000
v 9.9500 4.0000 -69.9000
v 8.5500 4.0000 -70.1000
v 9.9500 4.0000 -70.1000
v -1.9500 0.0000 -80.0000
v -1.7500 0.0000 -80.0000
v -1.9500 0.0000 -84.2000
v -1.7500 0.0000 -84.2000
v -1.9500 4.0000 -80.0000
v -1.7500 4.0000 -80.0000
v -1.9500 4.0000 -84.2000
v -1.7500 4.0000 -84.2000
v -1.9500 2.6000 -84.2000
v -1.7500 2.6000 -84.2000
v -1.9500 2.6000 -85.8000
v -1.7500 2.6000 -85.8000
v -1.9500 4.0000 -84.2000
v -1.7500 4.0000 -84.2000
v -1.9500 4.0000 -85.8000
v -1.7500 4.0000 -85.8000
v -1.9500 0.0000 -85.8000
v -1.7500 0.0000 -85.8000
v -1.9500 0.0000 -90.0000
v -1.7500 0.0000 -90.0000
v -1.9500 4.0000 -85.8000
v -1.7500 4.0000 -85.8000
v -1.9500 4.0000 -90.0000
v -1.7500 4.0000 -90.0000
v 1.7500 0.0000 -80.0000
v 1.9500 0.0000 -80.0000
v 1.7500 0.0000 -84.2000
v 1.9500 0.0000 -84.2000
v 1.7500 4.0000 -80.0000
v 1.9500 4.0000 -80.0000
v 1.7500 4.0000 -84.2000
v 1.9500 4.0000 -84.2000
v 1.7500 2.6000 -84.2000
v 1.9500 2.6000 -84.2000
v 1.7500 2.6000 -85.8000
v 1.9500 2.6000 -85.8000
v 1.7500 4.0000 -84.2000
v 1.9500 4.0000 -84.2000
v 1.7500 4.0000 -85.8000
v 1.9500 4.0000 -85.8000
v 1.7500 0.0000 -85.8000
v 1.9500 0.0000 -85.8000
v 1.7500 0.0000 -90.0000
v 1.9500 0.0000 -90.0000
v 1.7500 4.0000 -85.8000
v 1.9500 4.0000 -85.8000
v 1.7500 4.0000 -90.0000
v 1.9500 4.0000 -90.0000
v -9.9500 0.0000 -79.9000
v -8.3500 0.0000 -79.9000
v -9.9500 0.0000 -80.1000
v -8.3500 0.0000 -80.1000
v -9.9500 4.0000 -79.9000
v -8.3500 4.0000 -79.9000
v -9.9500 4.0000 -80.1000
v -8.3500 4.0000 -80.1000
v -8.3500 2.4000 -79.9000
v -7.1500 2.4000 -79.9000
v -8.3500 2.4000 -80.1000
v -7.1500 2.4000 -80.1000
v -8.3500 4.0000 -79.9000
v -7.1500 4.0000 -79.9000
v -8.3500 4.0000 -80.1000
v -7.1500 4.0000 -80.1000
v -7.1500 0.0000 -79.9000
v -1.9500 0.0000 -79.9000
v -7.1500 0.0000 -80.1000
v -1.9500 0.0000 -80.1000
v -7.1500 4.0000 -79.9000
v -1.9500 4.0000 -79.9000
v -7.1500 4.0000 -80.1000
v -1.9500 4.0000 -80.1000
v 1.9500 0.0000 -79.9000
v 7.1500 0.0000 -79.9000
v 1.9500 0.0000 -80.1000
v 7.1500 0.0000 -80.1000
v 1.9500 4.0000 -79.9000
v 7.1500 4.0000 -79.9000
v 1.9500 4.0000 -80.1000
v 7.1500 4.0000 -80.1000
v 7.1500 2.4000 -79.9000
v 8.3500 2.4000 -79.9000
v 7.1500 2.4000 -80.1000
v 8.3500 2.4000 -80.1000
v 7.1500 4.0000 -79.9000
v 8.3500 4.0000 -79.9000
v 7.1500 4.0000 -80.1000
v 8.3500 4.0000 -80.1000
v 8.3500 0.0000 -79.9000
v 9.9500 0.0000 -79.9000
v 8.3500 0.0000 -80.1000
v 9.9500 0.0000 -80.1000
v 8.3500 4.0000 -79.9000
v 9.9500 4.0000 -79.9000
v 8.3500 4.0000 -80.1000
v 9.9500 4.0000 -80.1000
v -9.9500 4.0000 80.1000
v 9.9500 4.0000 80.1000
v -9.9500 4.0000 79.9000
v 9.9500 4.0000 79.9000
v -9.9500 8.0000 80.1000
v 9.9500 8.0000 80.1000
v -9.9500 8.0000 79.9000
v 9.9500 8.0000 79.9000
v -9.9500 4.0000 50.1000
v 9.9500 4.0000 50.1000
v -9.9500 4.0000 49.9000
v 9.9500 4.0000 49.9000
v -9.9500 8.0000 50.1000
v 9.9500 8.0000 50.1000
v -9.9500 8.0000 49.9000
v 9.9500 8.0000 49.9000
v -1.9500 4.0000 10.0000
v -1.7500 4.0000 10.0000
v -1.9500 4.0000 6.3000
v -1.7500 4.0000 6.3000
v -1.9500 8.0000 10.0000
v -1.7500 8.0000 10.0000
v -1.9500 8.0000 6.3000
v -1.7500 8.0000 6.3000
v -1.9500 6.6000 6.3000
v -1.7500 6.6000 6.3000
v -1.9500 6.6000 3.7000
v -1.7500 6.6000 3.7000
v -1.9500 8.0000 6.3000
v -1.7500 8.0000 6.3000
v -1.9500 8.0000 3.7000
v -1.7500 8.0000 3.7000
v -1.9500 4.0000 3.7000
v -1.7500 4.0000 3.7000
v -1.9500 4.0000 -0.0000
v -1.7500 4.0000 -0.0000
v -1.9500 8.0000 3.7000
v -1.7500 8.0000 3.7000
v -1.9500 8.0000 -0.0000
v -1.7500 8.0000 -0.0000
v 1.7500 4.0000 10.0000
v 1.9500 4.0000 10.0000
v 1.7500 4.0000 5.8000
v 1.9500 4.0000 5.8000
v 1.7500 8.0000 10.0000
v 1.9500 8.0000 10.0000
v 1.7500 8.0000 5.8000
v 1.9500 8.0000 5.8000
v 1.7500 6.6000 5.8000
v 1.9500 6.6000 5.8000
v 1.7500 6.6000 4.2000
v 1.9500 6.6000 4.2000
v 1.7500 8.0000 5.8000
v 1.9500 8.0000 5.8000
v 1.7500 8.0000 4.2000
v 1.9500 8.0000 4.2000
v 1.7500 4.0000 4.2000
v 1.9500 4.0000 4.2000
v 1.7500 4.0000 -0.0000
v 1.9500 4.0000 -0.0000
v 1.7500 8.0000 4.2000
v 1.9500 8.0000 4.2000
v 1.7500 8.0000 -0.0000
v 1.9500 8.0000 -0.0000
v -9.9500 4.0000 10.1000
v 9.9500 4.0000 10.1000
v -9.9500 4.0000 9.9000
v 9.9500 4.0000 9.9000
v -9.9500 8.0000 10.1000
v 9.9500 8.0000 10.1000
v -9.9500 8.0000 9.9000
v 9.9500 8.0000 9.9000
v -1.9500 4.0000 -0.0000
v -1.7500 4.0000 -0.0000
v -1.9500 4.0000 -4.2000
v -1.7500 4.0000 -4.2000
v -1.9500 8.0000 -0.0000
v -1.7500 8.0000 -0.0000
v -1.9500 8.0000 -4.2000
v -1.7500 8.0000 -4.2000
v -1.9500 6.6000 -4.2000
v -1.7500 6.6000 -4.2000
v -1.9500 6.6000 -5.8000
v -1.7500 6.6000 -5.8000
v -1.9500 8.0000 -4.2000
v -1.7500 8.0000 -4.2000
v -1.9500 8.0000 -5.8000
v -1.7500 8.0000 -5.8000
v -1.9500 4.0000 -5.8000
v -1.7500 4.0000 -5.8000
v -1.9500 4.0000 -10.0000
v -1.7500 4.0000 -10.0000
v -1.9500 8.0000 -5.8000
v -1.7500 8.0000 -5.8000
v -1.9500 8.0000 -10.0000
v -1.7500 8.0000 -10.0000
v 1.7500 4.0000 -0.0000
v 1.9500 4.0000 -0.0000
v 1.7500 4.0000 -4.2000
v 1.9500 4.0000 -4.2000
v 1.7500 8.0000 -0.0000
v 1.9500 8.0000 -0.0000
v 1.7500 8.0000 -4.2000
v 1.9500 8.0000 -4.2000
v 1.7500 6.6000 -4.2000
v 1.9500 6.6000 -4.2000
v 1.7500 6.6000 -5.8000
v 1.9500 6.6000 -5.8000
v 1.7500 8.0000 -4.2000
v 1.9500 8.0000 -4.2000
v 1.7500 8.0000 -5.8000
v 1.9500 8.0000 -5.8000
v 1.7500 4.0000 -5.8000
v 1.9500 4.0000 -5.8000
v 1.7500 4.0000 -10.0000
v 1.9500 4.0000 -10.0000
v 1.7500 8.0000 -5.8000
v 1.9500 8.0000 -5.8000
v 1.7500 8.0000 -10.0000
v 1.9500 8.0000 -10.0000
v -9.9500 4.0000 0.1000
v -8.3500 4.0000 0.1000
v -9.9500 4.0000 -0.1000
v -8.3500 4.0000 -0.1000
v -9.9500 8.0000 0.1000
v -8.3500 8.0000 0.1000
v -9.9500 8.0000 -0.1000
v -8.3500 8.0000 -0.1000
v -8.3500 6.4000 0.1000
v -7.1500 6.4000 0.1000
v -8.3500 6.4000 -0.1000
v -7.1500 6.4000 -0.1000
v -8.3500 8.0000 0.1000
v -7.1500 8.0000 0.1000
v -8.3500 8.0000 -0.1000
v -7.1500 8.0000 -0.1000
v -7.1500 4.0000 0.1000
v -1.9500 4.0000 0.1000
v -7.1500 4.0000 -0.1000
v -1.9500 4.0000 -0.1000
v -7.1500 8.0000 0.1000
v -1.9500 8.0000 0.1000
v -7.1500 8.0000 -0.1000
v -1.9500 8.0000 -0.1000
v 1.9500 4.0000 0.1000
v 7.1500 4.0000 0.1000
v 1.9500 4.0000 -0.1000
v 7.1500 4.0000 -0.1000
v 1.9500 8.0000 0.1000
v 7.1500 8.0000 0.1000
v 1.9500 8.0000 -0.1000
v 7.1500 8.0000 -0.1000
v 7.1500 6.4000 0.1000
v 8.3500 6.4000 0.1000
v 7.1500 6.4000 -0.1000
v 8.3500 6.4000 -0.1000
v 7.1500 8.0000 0.1000
v 8.3500 8.0000 0.1000
v 7.1500 8.0000 -0.1000
v 8.3500 8.0000 -0.1000
v 8.3500 4.0000 0.1000
v 9.9500 4.0000 0.1000
v 8.3500 4.0000 -0.1000
v 9.9500 4.0000 -0.1000
v 8.3500 8.0000 0.1000
v 9.9500 8.0000 0.1000
v 8.3500 8.0000 -0.1000
v 9.9500 8.0000 -0.1000
v -1.9500 4.0000 -10.0000
v -1.7500 4.0000 -10.0000
v -1.9500 4.0000 -11.6000
v -1.7500 4.0000 -11.6000
v -1.9500 8.0000 -10.0000
v -1.7500 8.0000 -10.0000
v -1.9500 8.0000 -11.6000
v -1.7500 8.0000 -11.6000
v -1.9500 6.6000 -11.6000
v -1.7500 6.6000 -11.6000
v -1.9500 6.6000 -13.4000
v -1.7500 6.6000 -13.4000
v -1.9500 8.0000 -11.6000
v -1.7500 8.0000 -11.6000
v -1.9500 8.0000 -13.4000
v -1.7500 8.0000 -13.4000
v -1.9500 4.0000 -13.4000
v -1.7500 4.0000 -13.4000
v -1.9500 4.0000 -16.4000
v -1.7500 4.0000 -16.4000
v -1.9500 8.0000 -13.4000
v -1.7500 8.0000 -13.4000
v -1.9500 8.0000 -16.4000
v -1.7500 8.0000 -16.4000
v -1.9500 6.6000 -16.4000
v -1.7500 6.6000 -16.4000
v -1.9500 6.6000 -18.0000
v -1.7500 6.6000 -18.0000
v -1.9500 8.0000 -16.4000
v -1.7500 8.0000 -16.4000
v -1.9500 8.0000 -18.0000
v -1.7500 8.0000 -18.0000
v -1.9500 4.0000 -18.0000
v -1.7500 4.0000 -18.0000
v -1.9500 4.0000 -20.0000
v -1.7500 4.0000 -20.0000
v -1.9500 8.0000 -18.0000
v -1.7500 8.0000 -18.0000
v -1.9500 8.0000 -20.0000
v -1.7500 8.0000 -20.0000
v 1.7500 4.0000 -10.0000
v 1.9500 4.0000 -10.0000
v 1.7500 4.0000 -14.2000
v 1.9500 4.0000 -14.2000
v 1.7500 8.0000 -10.0000
v 1.9500 8.0000 -10.0000
v 1.7500 8.0000 -14.2000
v 1.9500 8.0000 -14.2000
v 1.7500 6.6000 -14.2000
v 1.9500 6.6000 -14.2000
v 1.7500 6.6000 -15.8000
v 1.9500 6.6000 -15.8000
v 1.7500 8.0000 -14.2000
v 1.9500 8.0000 -14.2000
v 1.7500 8.0000 -15.8000
v 1.9500 8.0000 -15.8000
v 1.7500 4.0000 -15.8000
v 1.9500 4.0000 -15.8000
v 1.7500 4.0000 -17.2000
v 1.9500 4.0000 -17.2000
v 1.7500 8.0000 -15.8000
v 1.9500 8.0000 -15.8000
v 1.7500 8.0000 -17.2000
v 1.9500 8.0000 -17.2000
v 1.7500 6.6000 -17.2000
v 1.9500 6.6000 -17.2000
v 1.7500 6.6000 -18.8000
v 1.9500 6.6000 -18.8000
v 1.7500 8.0000 -17.2000
v 1.9500 8.0000 -17.2000
v 1.7500 8.0000 -18.8000
v 1.9500 8.0000 -18.8000
v 1.7500 4.0000 -18.8000
v 1.9500 4.0000 -18.8000
v 1.7500 4.0000 -20.0000
v 1.9500 4.0000 -20.0000
v 1.7500 8.0000 -18.8000
v 1.9500 8.0000 -18.8000
v 1.7500 8.0000 -20.0000
v 1.9500 8.0000 -20.0000
v -1.7500 4.0000 -9.9000
v -1.5500 4.0000 -9.9000
v -1.7500 4.0000 -10.1000
v -1.5500 4.0000 -10.1000
v -1.7500 8.0000 -9.9000
v -1.5500 8.0000 -9.9000
v -1.7500 8.0000 -10.1000
v -1.5500 8.0000 -10.1000
v -1.5500 6.8000 -9.9000
v 0.0500 6.8000 -9.9000
v -1.5500 6.8000 -10.1000
v 0.0500 6.8000 -10.1000
v -1.5500 8.0000 -9.9000
v 0.0500 8.0000 -9.9000
v -1.5500 8.0000 -10.1000
v 0.0500 8.0000 -10.1000
v 0.0500 4.0000 -9.9000
v 1.7500 4.0000 -9.9000
v 0.0500 4.0000 -10.1000
v 1.7500 4.0000 -10.1000
v 0.0500 8.0000 -9.9000
v 1.7500 8.0000 -9.9000
v 0.0500 8.0000 -10.1000
v 1.7500 8.0000 -10.1000
v -9.9500 4.0000 -9.9000
v -8.5500 4.0000 -9.9000
v -9.9500 4.0000 -10.1000
v -8.5500 4.0000 -10.1000
v -9.9500 8.0000 -9.9000
v -8.5500 8.0000 -9.9000
v -9.9500 8.0000 -10.1000
v -8.5500 8.0000 -10.1000
v -8.5500 6.4000 -9.9000
v -6.9500 6.4000 -9.9000
v -8.5500 6.4000 -10.1000
v -6.9500 6.4000 -10.1000
v -8.5500 8.0000 -9.9000
v -6.9500 8.0000 -9.9000
v -8.5500 8.0000 -10.1000
v -6.9500 8.0000 -10.1000
v -6.9500 4.0000 -9.9000
v -1.9500 4.0000 -9.9000
v -6.9500 4.0000 -10.1000
v -1.9500 4.0000 -10.1000
v -6.9500 8.0000 -9.9000
v -1.9500 8.0000 -9.9000
v -6.9500 8.0000 -10.1000
v -1.9500 8.0000 -10.1000
v 1.9500 4.0000 -9.9000
v 6.9500 4.0000 -9.9000
v 1.9500 4.0000 -10.1000
v 6.9500 4.0000 -10.1000
v 1.9500 8.0000 -9.9000
v 6.9500 8.0000 -9.9000
v 1.9500 8.0000 -10.1000
v 6.9500 8.0000 -10.1000
v 6.9500 6.4000 -9.9000
v 8.5500 6.4000 -9.9000
v 6.9500 6.4000 -10.1000
v 8.5500 6.4000 -10.1000
v 6.9500 8.0000 -9.9000
v 8.5500 8.0000 -9.9000
v 6.9500 8.0000 -10.1000
v 8.5500 8.0000 -10.1000
v 8.5500 4.0000 -9.9000
v 9.9500 4.0000 -9.9000
v 8.5500 4.0000 -10.1000
v 9.9500 4.0000 -10.1000
v 8.5500 8.0000 -9.9000
v 9.9500 8.0000 -9.9000
v 8.5500 8.0000 -10.1000
v 9.9500 8.0000 -10.1000
v -1.9500 4.0000 -20.0000
v -1.7500 4.0000 -20.0000
v -1.9500 4.0000 -24.2000
v -1.7500 4.0000 -24.2000
v -1.9500 8.0000 -20.0000
v -1.7500 8.0000 -20.0000
v -1.9500 8.0000 -24.2000
v -1.7500 8.0000 -24.2000
v -1.9500 6.6000 -24.2000
v -1.7500 6.6000 -24.2000
v -1.9500 6.6000 -25.8000
v -1.7500 6.6000 -25.8000
v -1.9500 8.0000 -24.2000
v -1.7500 8.0000 -24.2000
v -1.9500 8.0000 -25.8000
v -1.7500 8.0000 -25.8000
v -1.9500 4.0000 -25.8000
v -1.7500 4.0000 -25.8000
v -1.9500 4.0000 -30.0000
v -1.7500 4.0000 -30.0000
v -1.9500 8.0000 -25.8000
v -1.7500 8.0000 -25.8000
v -1.9500 8.0000 -30.0000
v -1.7500 8.0000 -30.0000
v 1.7500 4.0000 -20.0000
v 1.9500 4.0000 -20.0000
v 1.7500 4.0000 -24.2000
v 1.9500 4.0000 -24.2000
v 1.7500 8.0000 -20.0000
v 1.9500 8.0000 -20.0000
v 1.7500 8.0000 -24.2000
v 1.9500 8.0000 -24.2000
v 1.7500 6.6000 -24.2000
v 1.9500 6.6000 -24.2000
v 1.7500 6.6000 -25.8000
v 1.9500 6.6000 -25.8000
v 1.7500 8.0000 -24.2000
v 1.9500 8.0000 -24.2000
v 1.7500 8.0000 -25.8000
v 1.9500 8.0000 -25.8000
v 1.7500 4.0000 -25.8000
v 1.9500 4.0000 -25.8000
v 1.7500 4.0000 -30.0000
v 1.9500 4.0000 -30.0000
v 1.7500 8.0000 -25.8000
v 1.9500 8.0000 -25.8000
v 1.7500 8.0000 -30.0000
v 1.9500 8.0000 -30.0000
v -9.9500 4.0000 -19.9000
v -8.3500 4.0000 -19.9000
v -9.9500 4.0000 -20.1000
v -8.3500 4.0000 -20.1000
v -9.9500 8.0000 -19.9000
v -8.3500 8.0000 -19.9000
v -9.9500 8.0000 -20.1000
v -8.3500 8.0000 -20.1000
v -8.3500 6.4000 -19.9000
v -7.1500 6.4000 -19.9000
v -8.3500 6.4000 -20.1000
v -7.1500 6.4000 -20.1000
v -8.3500 8.0000 -19.9000
v -7.1500 8.0000 -19.9000
v -8.3500 8.0000 -20.1000
v -7.1500 8.0000 -20.1000
v -7.1500 4.0000 -19.9000
v -1.9500 4.0000 -19.9000
v -7.1500 4.0000 -20.1000
v -1.9500 4.0000 -20.1000
v -7.1500 8.0000 -19.9000
v -1.9500 8.0000 -19.9000
v -7.1500 8.0000 -20.1000
v -1.9500 8.0000 -20.1000
v 1.9500 4.0000 -19.9000
v 7.1500 4.0000 -19.9000
v 1.9500 4.0000 -20.1000
v 7.1500 4.0000 -20.1000
v 1.9500 8.0000 -19.9000
v 7.1500 8.0000 -19.9000
v 1.9500 8.0000 -20.1000
v 7.1500 8.0000 -20.1000
v 7.1500 6.4000 -19.9000
v 8.3500 6.4000 -19.9000
v 7.1500 6.4000 -20.1000
v 8.3500 6.4000 -20.1000
v 7.1500 8.0000 -19.9000
v 8.3500 8.0000 -19.9000
v 7.1500 8.0000 -20.1000
v 8.3500 8.0000 -20.1000
v 8.3500 4.0000 -19.9000
v 9.9500 4.0000 -19.9000
v 8.3500 4.0000 -20.1000
v 9.9500 4.0000 -20.1000
v 8.3500 8.0000 -19.9000
v 9.9500 8.0000 -19.9000
v 8.3500 8.0000 -20.1000
v 9.9500 8.0000 -20.1000
v -1.9500 4.0000 -30.0000
v -1.7500 4.0000 -30.0000
v -1.9500 4.0000 -34.2000
v -1.7500 4.0000 -34.2000
v -1.9500 8.0000 -30.0000
v -1.7500 8.0000 -30.0000
v -1.9500 8.0000 -34.2000
v -1.7500 8.0000 -34.2000
v -1.9500 6.6000 -34.2000
v -1.7500 6.6000 -34.2000
v -1.9500 6.6000 -35.8000
v -1.7500 6.6000 -35.8000
v -1.9500 8.0000 -34.2000
v -1.7500 8.0000 -34.2000
v -1.9500 8.0000 -35.8000
v -1.7500 8.0000 -35.8000
v -1.9500 4.0000 -35.8000
v -1.7500 4.0000 -35.8000
v -1.9500 4.0000 -40.0000
v -1.7500 4.0000 -40.0000
v -1.9500 8.0000 -35.8000
v -1.7500 8.0000 -35.8000
v -1.9500 8.0000 -40.0000
v -1.7500 8.0000 -40.0000
v 1.7500 4.0000 -30.0000
v 1.9500 4.0000 -30.0000
v 1.7500 4.0000 -34.2000
v 1.9500 4.0000 -34.2000
v 1.7500 8.0000 -30.0000
v 1.9500 8.0000 -30.0000
v 1.7500 8.0000 -34.2000
v 1.9500 8.0000 -34.2000
v 1.7500 6.6000 -34.2000
v 1.9500 6.6000 -34.2000
v 1.7500 6.6000 -35.8000
v 1.9500 6.6000 -35.8000
v 1.7500 8.0000 -34.2000
v 1.9500 8.0000 -34.2000
v 1.7500 8.0000 -35.8000
v 1.9500 8.0000 -35.8000
v 1.7500 4.0000 -35.8000
v 1.9500 4.0000 -35.8000
v 1.7500 4.0000 -40.0000
v 1.9500 4.0000 -40.0000
v 1.7500 8.0000 -35.8000
v 1.9500 8.0000 -35.8000
v 1.7500 8.0000 -40.0000
v 1.9500 8.0000 -40.0000
v -1.7500 4.0000 -29.9000
v -1.5500 4.0000 -29.9000
v -1.7500 4.0000 -30.1000
v -1.5500 4.0000 -30.1000
v -1.7500 8.0000 -29.9000
v -1.5500 8.0000 -29.9000
v -1.7500 8.0000 -30.1000
v -1.5500 8.0000 -30.1000
v -1.5500 6.8000 -29.9000
v 0.0500 6.8000 -29.9000
v -1.5500 6.8000 -30.1000
v 0.0500 6.8000 -30.1000
v -1.5500 8.0000 -29.9000
v 0.0500 8.0000 -29.9000
v -1.5500 8.0000 -30.1000
v 0.0500 8.0000 -30.1000
v 0.0500 4.0000 -29.9000
v 1.7500 4.0000 -29.9000
v 0.0500 4.0000 -30.1000
v 1.7500 4.0000 -30.1000
v 0.0500 8.0000 -29.9000
v 1.7500 8.0000 -29.9000
v 0.0500 8.0000 -30.1000
v 1.7500 8.0000 -30.1000
v -9.9500 4.0000 -29.9000
v -8.5500 4.0000 -29.9000
v -9.9500 4.0000 -30.1000
v -8.5500 4.0000 -30.1000
v -9.9500 8.0000 -29.9000
v -8.5500 8.0000 -29.9000
v -9.9500 8.0000 -30.1000
v -8.5500 8.0000 -30.1000
v -8.5500 6.4000 -29.9000
v -6.9500 6.4000 -29.9000
v -8.5500 6.4000 -30.1000
v -6.9500 6.4000 -30.1000
v -8.5500 8.0000 -29.9000
v -6.9500 8.0000 -29.9000
v -8.5500 8.0000 -30.1000
v -6.9500 8.0000 -30.1000
v -6.9500 4.0000 -29.9000
v -1.9500 4.0000 -29.9000
v -6.9500 4.0000 -30.1000
v -1.9500 4.0000 -30.1000
v -6.9500 8.0000 -29.9000
v -1.9500 8.0000 -29.9000
v -6.9500 8.0000 -30.1000
v -1.9500 8.0000 -30.1000
v 1.9500 4.0000 -29.9000
v 6.9500 4.0000 -29.9000
v 1.9500 4.0000 -30.1000
v 6.9500 4.0000 -30.1000
v 1.9500 8.0000 -29.9000
v 6.9500 8.0000 -29.9000
v 1.9500 8.0000 -30.1000
v 6.9500 8.0000 -30.1000
v 6.9500 6.4000 -29.9000
v 8.5500 6.4000 -29.9000
v 6.9500 6.4000 -30.1000
v 8.5500 6.4000 -30.1000
v 6.9500 8.0000 -29.9000
v 8.5500 8.0000 -29.9000
v 6.9500 8.0000 -30.1000
v 8.5500 8.0000 -30.1000
v 8.5500 4.0000 -29.9000
v 9.9500 4.0000 -29.9000
v 8.5500 4.0000 -30.1000
v 9.9500 4.0000 -30.1000
v 8.5500 8.0000 -29.9000
v 9.9500 8.0000 -29.9000
v 8.5500 8.0000 -30.1000
v 9.9500 8.0000 -30.1000
v -1.9500 4.0000 -40.0000
v -1.7500 4.0000 -40.0000
v -1.9500 4.0000 -44.2000
v -1.7500 4.0000 -44.2000
v -1.9500 8.0000 -40.0000
v -1.7500 8.0000 -40.0000
v -1.9500 8.0000 -44.2000
v -1.7500 8.0000 -44.2000
v -1.9500 6.6000 -44.2000
v -1.7500 6.6000 -44.2000
v -1.9500 6.6000 -45.8000
v -1.7500 6.6000 -45.8000
v -1.9500 8.0000 -44.2000
v -1.7500 8.0000 -44.2000
v -1.9500 8.0000 -45.8000
v -1.7500 8.0000 -45.8000
v -1.9500 4.0000 -45.8000
v -1.7500 4.0000 -45.8000
v -1.9500 4.0000 -50.0000
v -1.7500 4.0000 -50.0000
v -1.9500 8.0000 -45.8000
v -1.7500 8.0000 -45.8000
v -1.9500 8.0000 -50.0000
v -1.7500 8.0000 -50.0000
v 1.7500 4.0000 -40.0000
v 1.9500 4.0000 -40.0000
v 1.7500 4.0000 -44.2000
v 1.9500 4.0000 -44.2000
v 1.7500 8.0000 -40.0000
v 1.9500 8.0000 -40.0000
v 1.7500 8.0000 -44.2000
v 1.9500 8.0000 -44.2000
v 1.7500 6.6000 -44.2000
v 1.9500 6.6000 -44.2000
v 1.7500 6.6000 -45.8000
v 1.9500 6.6000 -45.8000
v 1.7500 8.0000 -44.2000
v 1.9500 8.0000 -44.2000
v 1.7500 8.0000 -45.8000
v 1.9500 8.0000 -45.8000
v 1.7500 4.0000 -45.8000
v 1.9500 4.0000 -45.8000
v 1.7500 4.0000 -47.2000
v 1.9500 4.0000 -47.2000
v 1.7500 8.0000 -45.8000
v 1.9500 8.0000 -45.8000
v 1.7500 8.0000 -47.2000
v 1.9500 8.0000 -47.2000
v 1.7500 6.6000 -47.2000
v 1.9500 6.6000 -47.2000
v 1.7500 6.6000 -48.8000
v 1.9500 6.6000 -48.8000
v 1.7500 8.0000 -47.2000
v 1.9500 8.0000 -47.2000
v 1.7500 8.0000 -48.8000
v 1.9500 8.0000 -48.8000
v 1.7500 4.0000 -48.8000
v 1.9500 4.0000 -48.8000
v 1.7500 4.0000 -50.0000
v 1.9500 4.0000 -50.0000
v 1.7500 8.0000 -48.8000
v 1.9500 8.0000 -48.8000
v 1.7500 8.0000 -50.0000
v 1.9500 8.0000 -50.0000
v -9.9500 4.0000 -39.9000
v -8.3500 4.0000 -39.9000
v -9.9500 4.0000 -40.1000
v -8.3500 4.0000 -40.1000
v -9.9500 8.0000 -39.9000
v -8.3500 8.0000 -39.9000
v -9.9500 8.0000 -40.1000
v -8.3500 8.0000 -40.1000
v -8.3500 6.4000 -39.9000
v -7.1500 6.4000 -39.9000
v -8.3500 6.4000 -40.1000
v -7.1500 6.4000 -40.1000
v -8.3500 8.0000 -39.9000
v -7.1500 8.0000 -39.9000
v -8.3500 8.0000 -40.1000
v -7.1500 8.0000 -40.1000
v -7.1500 4.0000 -39.9000
v -1.9500 4.0000 -39.9000
v -7.1500 4.0000 -40.1000
v -1.9500 4.0000 -40.1000
v -7.1500 8.0000 -39.9000
v -1.9500 8.0000 -39.9000
v -7.1500 8.0000 -40.1000
v -1.9500 8.0000 -40.1000
v 1.9500 4.0000 -39.9000
v 7.1500 4.0000 -39.9000
v 1.9500 4.0000 -40.1000
v 7.1500 4.0000 -40.1000
v 1.9500 8.0000 -39.9000
v 7.1500 8.0000 -39.9000
v 1.9500 8.0000 -40.1000
v 7.1500 8.0000 -40.1000
v 7.1500 6.4000 -39.9000
v 8.3500 6.4000 -39.9000
v 7.1500 6.4000 -40.1000
v 8.3500 6.4000 -40.1000
v 7.1500 8.0000 -39.9000
v 8.3500 8.0000 -39.9000
v 7.1500 8.0000 -40.1000
v 8.3500 8.0000 -40.1000
v 8.3500 4.0000 -39.9000
v 9.9500 4.0000 -39.9000
v 8.3500 4.0000 -40.1000
v 9.9500 4.0000 -40.1000
v 8.3500 8.0000 -39.9000
v 9.9500 8.0000 -39.9000
v 8.3500 8.0000 -40.1000
v 9.9500 8.0000 -40.1000
v -1.9500 4.0000 -50.0000
v -1.7500 4.0000 -50.0000
v -1.9500 4.0000 -54.2000
v -1.7500 4.0000 -54.2000
v -1.9500 8.0000 -50.0000
v -1.7500 8.0000 -50.0000
v -1.9500 8.0000 -54.2000
v -1.7500 8.0000 -54.2000
v -1.9500 6.6000 -54.2000
v -1.7500 6.6000 -54.2000
v -1.9500 6.6000 -55.8000
v -1.7500 6.6000 -55.8000
v -1.9500 8.0000 -54.2000
v -1.7500 8.0000 -54.2000
v -1.9500 8.0000 -55.8000
v -1.7500 8.0000 -55.8000
v -1.9500 4.0000 -55.8000
v -1.7500 4.0000 -55.8000
v -1.9500 4.0000 -57.2000
v -1.7500 4.0000 -57.2000
v -1.9500 8.0000 -55.8000
v -1.7500 8.0000 -55.8000
v -1.9500 8.0000 -57.2000
v -1.7500 8.0000 -57.2000
v -1.9500 6.6000 -57.2000
v -1.7500 6.6000 -57.2000
v -1.9500 6.6000 -58.8000
v -1.7500 6.6000 -58.8000
v -1.9500 8.0000 -57.2000
v -1.7500 8.0000 -57.2000
v -1.9500 8.0000 -58.8000
v -1.7500 8.0000 -58.8000
v -1.9500 4.0000 -58.8000
v -1.7500 4.0000 -58.8000
v -1.9500 4.0000 -60.0000
v -1.7500 4.0000 -60.0000
v -1.9500 8.0000 -58.8000
v -1.7500 8.0000 -58.8000
v -1.9500 8.0000 -60.0000
v -1.7500 8.0000 -60.0000
v 1.7500 4.0000 -50.0000
v 1.9500 4.0000 -50.0000
v 1.7500 4.0000 -54.2000
v 1.9500 4.0000 -54.2000
v 1.7500 8.0000 -50.0000
v 1.9500 8.0000 -50.0000
v 1.7500 8.0000 -54.2000
v 1.9500 8.0000 -54.2000
v 1.7500 6.6000 -54.2000
v 1.9500 6.6000 -54.2000
v 1.7500 6.6000 -55.8000
v 1.9500 6.6000 -55.8000
v 1.7500 8.0000 -54.2000
v 1.9500 8.0000 -54.2000
v 1.7500 8.0000 -55.8000
v 1.9500 8.0000 -55.8000
v 1.7500 4.0000 -55.8000
v 1.9500 4.0000 -55.8000
v 1.7500 4.0000 -57.2000
v 1.9500 4.0000 -57.2000
v 1.7500 8.0000 -55.8000
v 1.9500 8.0000 -55.8000
v 1.7500 8.0000 -57.2000
v 1.9500 8.0000 -57.2000
v 1.7500 6.6000 -57.2000
v 1.9500 6.6000 -57.2000
v 1.7500 6.6000 -58.8000
v 1.9500 6.6000 -58.8000
v 1.7500 8.0000 -57.2000
v 1.9500 8.0000 -57.2000
v 1.7500 8.0000 -58.8000
v 1.9500 8.0000 -58.8000
v 1.7500 4.0000 -58.8000
v 1.9500 4.0000 -58.8000
v 1.7500 4.0000 -60.0000
v 1.9500 4.0000 -60.0000
v 1.7500 8.0000 -58.8000
v 1.9500 8.0000 -58.8000
v 1.7500 8.0000 -60.0000
v 1.9500 8.0000 -60.0000
v -1.7500 4.0000 -49.9000
v -1.5500 4.0000 -49.9000
v -1.7500 4.0000 -50.1000
v -1.5500 4.0000 -50.1000
v -1.7500 8.0000 -49.9000
v -1.5500 8.0000 -49.9000
v -1.7500 8.0000 -50.1000
v -1.5500 8.0000 -50.1000
v -1.5500 6.8000 -49.9000
v 0.0500 6.8000 -49.9000
v -1.5500 6.8000 -50.1000
v 0.0500 6.8000 -50.1000
v -1.5500 8.0000 -49.9000
v 0.0500 8.0000 -49.9000
v -1.5500 8.0000 -50.1000
v 0.0500 8.0000 -50.1000
v 0.0500 4.0000 -49.9000
v 1.7500 4.0000 -49.9000
v 0.0500 4.0000 -50.1000
v 1.7500 4.0000 -50.1000
v 0.0500 8.0000 -49.9000
v 1.7500 8.0000 -49.9000
v 0.0500 8.0000 -50.1000
v 1.7500 8.0000 -50.1000
v -9.9500 4.0000 -49.9000
v -8.5500 4.0000 -49.9000
v -9.9500 4.0000 -50.1000
v -8.5500 4.0000 -50.1000
v -9.9500 8.0000 -49.9000
v -8.5500 8.0000 -49.9000
v -9.9500 8.0000 -50.1000
v -8.5500 8.0000 -50.1000
v -8.5500 6.4000 -49.9000
v -6.9500 6.4000 -49.9000
v -8.5500 6.4000 -50.1000
v -6.9500 6.4000 -50.1000
v -8.5500 8.0000 -49.9000
v -6.9500 8.0000 -49.9000
v -8.5500 8.0000 -50.1000
v -6.9500 8.0000 -50.1000
v -6.9500 4.0000 -49.9000
v -1.9500 4.0000 -49.9000
v -6.9500 4.0000 -50.1000
v -1.9500 4.0000 -50.1000
v -6.9500 8.0000 -49.9000
v -1.9500 8.0000 -49.9000
v -6.9500 8.0000 -50.1000
v -1.9500 8.0000 -50.1000
v 1.9500 4.0000 -49.9000
v 6.9500 4.0000 -49.9000
v 1.9500 4.0000 -50.1000
v 6.9500 4.0000 -50.1000
v 1.9500 8.0000 -49.9000
v 6.9500 8.0000 -49.9000
v 1.9500 8.0000 -50.1000
v 6.9500 8.0000 -50.1000
v 6.9500 6.4000 -49.9000
v 8.5500 6.4000 -49.9000
v 6.9500 6.4000 -50.1000
v 8.5500 6.4000 -50.1000
v 6.9500 8.0000 -49.9000
v 8.5500 8.0000 -49.9000
v 6.9500 8.0000 -50.1000
v 8.5500 8.0000 -50.1000
v 8.5500 4.0000 -49.9000
v 9.9500 4.0000 -49.9000
v 8.5500 4.0000 -50.1000
v 9.9500 4.0000 -50.1000
v 8.5500 8.0000 -49.9000
v 9.9500 8.0000 -49.9000
v 8.5500 8.0000 -50.1000
v 9.9500 8.0000 -50.1000
v -1.9500 4.0000 -60.0000
v -1.7500 4.0000 -60.0000
v -1.9500 4.0000 -64.2000
v -1.7500 4.0000 -64.2000
v -1.9500 8.0000 -60.0000
v -1.7500 8.0000 -60.0000
v -1.9500 8.0000 -64.2000
v -1.7500 8.0000 -64.2000
v -1.9500 6.6000 -64.2000
v -1.7500 6.6000 -64.2000
v -1.9500 6.6000 -65.8000
v -1.7500 6.6000 -65.8000
v -1.9500 8.0000 -64.2000
v -1.7500 8.0000 -64.2000
v -1.9500 8.0000 -65.8000
v -1.7500 8.0000 -65.8000
v -1.9500 4.0000 -65.8000
v -1.7500 4.0000 -65.8000
v -1.9500 4.0000 -67.2000
v -1.7500 4.0000 -67.2000
v -1.9500 8.0000 -65.8000
v -1.7500 8.0000 -65.8000
v -1.9500 8.0000 -67.2000
v -1.7500 8.0000 -67.2000
v -1.9500 6.6000 -67.2000
v -1.7500 6.6000 -67.2000
v -1.9500 6.6000 -68.8000
v -1.7500 6.6000 -68.8000
v -1.9500 8.0000 -67.2000
v -1.7500 8.0000 -67.2000
v -1.9500 8.0000 -68.8000
v -1.7500 8.0000 -68.8000
v -1.9500 4.0000 -68.8000
v -1.7500 4.0000 -68.8000
v -1.9500 4.0000 -70.0000
v -1.7500 4.0000 -70.0000
v -1.9500 8.0000 -68.8000
v -1.7500 8.0000 -68.8000
v -1.9500 8.0000 -70.0000
v -1.7500 8.0000 -70.0000
v 1.7500 4.0000 -60.0000
v 1.9500 4.0000 -60.0000
v 1.7500 4.0000 -64.2000
v 1.9500 4.0000 -64.2000
v 1.7500 8.0000 -60.0000
v 1.9500 8.0000 -60.0000
v 1.7500 8.0000 -64.2000
v 1.9500 8.0000 -64.2000
v 1.7500 6.6000 -64.2000
v 1.9500 6.6000 -64.2000
v 1.7500 6.6000 -65.8000
v 1.9500 6.6000 -65.8000
v 1.7500 8.0000 -64.2000
v 1.9500 8.0000 -64.2000
v 1.7500 8.0000 -65.8000
v 1.9500 8.0000 -65.8000
v 1.7500 4.0000 -65.8000
v 1.9500 4.0000 -65.8000
v 1.7500 4.0000 -70.0000
v 1.9500 4.0000 -70.0000
v 1.7500 8.0000 -65.8000
v 1.9500 8.0000 -65.8000
v 1.7500 8.0000 -70.0000
v 1.9500 8.0000 -70.0000
v -9.9500 4.0000 -59.9000
v -8.3500 4.0000 -59.9000
v -9.9500 4.0000 -60.1000
v -8.3500 4.0000 -60.1000
v -9.9500 8.0000 -59.9000
v -8.3500 8.0000 -59.9000
v -9.9500 8.0000 -60.1000
v -8.3500 8.0000 -60.1000
v -8.3500 6.4000 -59.9000
v -7.1500 6.4000 -59.9000
v -8.3500 6.4000 -60.1000
v -7.1500 6.4000 -60.1000
v -8.3500 8.0000 -59.9000
v -7.1500 8.0000 -59.9000
v -8.3500 8.0000 -60.1000
v -7.1500 8.0000 -60.1000
v -7.1500 4.0000 -59.9000
v -1.9500 4.0000 -59.9000
v -7.1500 4.0000 -60.1000
v -1.9500 4.0000 -60.1000
v -7.1500 8.0000 -59.9000
v -1.9500 8.0000 -59.9000
v -7.1500 8.0000 -60.1000
v -1.9500 8.0000 -60.1000
v 1.9500 4.0000 -59.9000
v 7.1500 4.0000 -59.9000
v 1.9500 4.0000 -60.1000
v 7.1500 4.0000 -60.1000
v 1.9500 8.0000 -59.9000
v 7.1500 8.0000 -59.9000
v 1.9500 8.0000 -60.1000
v 7.1500 8.0000 -60.1000
v 7.1500 6.4000 -59.9000
v 8.3500 6.4000 -59.9000
v 7.1500 6.4000 -60.1000
v 8.3500 6.4000 -60.1000
v 7.1500 8.0000 -59.9000
v 8.3500 8.0000 -59.9000
v 7.1500 8.0000 -60.1000
v 8.3500 8.0000 -60.1000
v 8.3500 4.0000 -59.9000
v 9.9500 4.0000 -59.9000
v 8.3500 4.0000 -60.1000
v 9.9500 4.0000 -60.1000
v 8.3500 8.0000 -59.9000
v 9.9500 8.0000 -59.9000
v 8.3500 8.0000 -60.1000
v 9.9500 8.0000 -60.1000
v -1.9500 4.0000 -70.0000
v -1.7500 4.0000 -70.0000
v -1.9500 4.0000 -74.2000
v -1.7500 4.0000 -74.2000
v -1.9500 8.0000 -70.0000
v -1.7500 8.0000 -70.0000
v -1.9500 8.0000 -74.2000
v -1.7500 8.0000 -74.2000
v -1.9500 6.6000 -74.2000
v -1.7500 6.6000 -74.2000
v -1.9500 6.6000 -75.8000
v -1.7500 6.6000 -75.8000
v -1.9500 8.0000 -74.2000
v -1.7500 8.0000 -74.2000
v -1.9500 8.0000 -75.8000
v -1.7500 8.0000 -75.8000
v -1.9500 4.0000 -75.8000
v -1.7500 4.0000 -75.8000
v -1.9500 4.0000 -77.2000
v -1.7500 4.0000 -77.2000
v -1.9500 8.0000 -75.8000
v -1.7500 8.0000 -75.8000
v -1.9500 8.0000 -77.2000
v -1.7500 8.0000 -77.2000
v -1.9500 6.6000 -77.2000
v -1.7500 6.6000 -77.2000
v -1.9500 6.6000 -78.8000
v -1.7500 6.6000 -78.8000
v -1.9500 8.0000 -77.2000
v -1.7500 8.0000 -77.2000
v -1.9500 8.0000 -78.8000
v -1.7500 8.0000 -78.8000
v -1.9500 4.0000 -78.8000
v -1.7500 4.0000 -78.8000
v -1.9500 4.0000 -80.0000
v -1.7500 4.0000 -80.0000
v -1.9500 8.0000 -78.8000
v -1.7500 8.0000 -78.8000
v -1.9500 8.0000 -80.0000
v -1.7500 8.0000 -80.0000
v 1.7500 4.0000 -70.0000
v 1.9500 4.0000 -70.0000
v 1.7500 4.0000 -74.2000
v 1.9500 4.0000 -74.2000
v 1.7500 8.0000 -70.0000
v 1.9500 8.0000 -70.0000
v 1.7500 8.0000 -74.2000
v 1.9500 8.0000 -74.2000
v 1.7500 6.6000 -74.2000
v 1.9500 6.6000 -74.2000
v 1.7500 6.6000 -75.8000
v 1.9500 6.6000 -75.8000
v 1.7500 8.0000 -74.2000
v 1.9500 8.0000 -74.2000
v 1.7500 8.0000 -75.8000
v 1.9500 8.0000 -75.8000
v 1.7500 4.0000 -75.8000
v 1.9500 4.0000 -75.8000
v 1.7500 4.0000 -80.0000
v 1.9500 4.0000 -80.0000
v 1.7500 8.0000 -75.8000
v 1.9500 8.0000 -75.8000
v 1.7500 8.0000 -80.0000
v 1.9500 8.0000 -80.0000
v -1.7500 4.0000 -69.9000
v -1.5500 4.0000 -69.9000
v -1.7500 4.0000 -70.1000
v -1.5500 4.0000 -70.1000
v -1.7500 8.0000 -69.9000
v -1.5500 8.0000 -69.9000
v -1.7500 8.0000 -70.1000
v -1.5500 8.0000 -70.1000
v -1.5500 6.8000 -69.9000
v 0.0500 6.8000 -69.9000
v -1.5500 6.8000 -70.1000
v 0.0500 6.8000 -70.1000
v -1.5500 8.0000 -69.9000
v 0.0500 8.0000 -69.9000
v -1.5500 8.0000 -70.1000
v 0.0500 8.0000 -70.1000
v 0.0500 4.0000 -69.9000
v 1.7500 4.0000 -69.9000
v 0.0500 4.0000 -70.1000
v 1.7500 4.0000 -70.1000
v 0.0500 8.0000 -69.9000
v 1.7500 8.0000 -69.9000
v 0.0500 8.0000 -70.1000
v 1.7500 8.0000 -70.1000
v -9.9500 4.0000 -69.9000
v -8.5500 4.0000 -69.9000
v -9.9500 4.0000 -70.1000
v -8.5500 4.0000 -70.1000
v -9.9500 8.0000 -69.9000
v -8.5500 8.0000 -69.9000
v -9.9500 8.0000 -70.1000
v -8.5500 8.0000 -70.1000
v -8.5500 6.4000 -69.9000
v -6.9500 6.4000 -69.9000
v -8.5500 6.4000 -70.1000
v -6.9500 6.4000 -70.1000
v -8.5500 8.0000 -69.9000
v -6.9500 8.0000 -69.9000
v -8.5500 8.0000 -70.1000
v -6.9500 8.0000 -70.1000
v -6.9500 4.0000 -69.9000
v -1.9500 4.0000 -69.9000
v -6.9500 4.0000 -70.1000
v -1.9500 4.0000 -70.1000
v -6.9500 8.0000 -69.9000
v -1.9500 8.0000 -69.9000
v -6.9500 8.0000 -70.1000
v -1.9500 8.0000 -70.1000
v 1.9500 4.0000 -69.9000
v 6.9500 4.0000 -69.9000
v 1.9500 4.0000 -70.1000
v 6.9500 4.0000 -70.1000
v 1.9500 8.0000 -69.9000
v 6.9500 8.0000 -69.9000
v 1.9500 8.0000 -70.1000
v 6.9500 8.0000 -70.1000
v 6.9500 6.4000 -69.9000
v 8.5500 6.4000 -69.9000
v 6.9500 6.4000 -70.1000
v 8.5500 6.4000 -70.1000
v 6.9500 8.0000 -69.9000
v 8.5500 8.0000 -69.9000
v 6.9500 8.0000 -70.1000
v 8.5500 8.0000 -70.1000
v 8.5500 4.0000 -69.9000
v 9.9500 4.0000 -69.9000
v 8.5500 4.0000 -70.1000
v 9.9500 4.0000 -70.1000
v 8.5500 8.0000 -69.9000
v 9.9500 8.0000 -69.9000
v 8.5500 8.0000 -70.1000
v 9.9500 8.0000 -70.1000
v -1.9500 4.0000 -80.0000
v -1.7500 4.0000 -80.0000
v -1.9500 4.0000 -83.7000
v -1.7500 4.0000 -83.7000
v -1.9500 8.0000 -80.0000
v -1.7500 8.0000 -80.0000
v -1.9500 8.0000 -83.7000
v -1.7500 8.0000 -83.7000
v -1.9500 6.6000 -83.7000
v -1.7500 6.6000 -83.7000
v -1.9500 6.6000 -86.3000
v -1.7500 6.6000 -86.3000
v -1.9500 8.0000 -83.7000
v -1.7500 8.0000 -83.7000
v -1.9500 8.0000 -86.3000
v -1.7500 8.0000 -86.3000
v -1.9500 4.0000 -86.3000
v -1.7500 4.0000 -86.3000
v -1.9500 4.0000 -90.0000
v -1.7500 4.0000 -90.0000
v -1.9500 8.0000 -86.3000
v -1.7500 8.0000 -86.3000
v -1.9500 8.0000 -90.0000
v -1.7500 8.0000 -90.0000
v 1.7500 4.0000 -80.0000
v 1.9500 4.0000 -80.0000
v 1.7500 4.0000 -84.2000
v 1.9500 4.0000 -84.2000
v 1.7500 8.0000 -80.0000
v 1.9500 8.0000 -80.0000
v 1.7500 8.0000 -84.2000
v 1.9500 8.0000 -84.2000
v 1.7500 6.6000 -84.2000
v 1.9500 6.6000 -84.2000
v 1.7500 6.6000 -85.8000
v 1.9500 6.6000 -85.8000
v 1.7500 8.0000 -84.2000
v 1.9500 8.0000 -84.2000
v 1.7500 8.0000 -85.8000
v 1.9500 8.0000 -85.8000
v 1.7500 4.0000 -85.8000
v 1.9500 4.0000 -85.8000
v 1.7500 4.0000 -90.0000
v 1.9500 4.0000 -90.0000
v 1.7500 8.0000 -85.8000
v 1.9500 8.0000 -85.8000
v 1.7500 8.0000 -90.0000
v 1.9500 8.0000 -90.0000
v -9.9500 4.0000 -79.9000
v -8.3500 4.0000 -79.9000
v -9.9500 4.0000 -80.1000
v -8.3500 4.0000 -80.1000
v -9.9500 8.0000 -79.9000
v -8.3500 8.0000 -79.9000
v -9.9500 8.0000 -80.1000
v -8.3500 8.0000 -80.1000
v -8.3500 6.4000 -79.9000
v -7.1500 6.4000 -79.9000
v -8.3500 6.4000 -80.1000
v -7.1500 6.4000 -80.1000
v -8.3500 8.0000 -79.9000
v -7.1500 8.0000 -79.9000
v -8.3500 8.0000 -80.1000
v -7.1500 8.0000 -80.1000
v -7.1500 4.0000 -79.9000
v -1.9500 4.0000 -79.9000
v -7.1500 4.0000 -80.1000
v -1.9500 4.0000 -80.1000
v -7.1500 8.0000 -79.9000
v -1.9500 8.0000 -79.9000
v -7.1500 8.0000 -80.1000
v -1.9500 8.0000 -80.1000
v 1.9500 4.0000 -79.9000
v 7.1500 4.0000 -79.9000
v 1.9500 4.0000 -80.1000
v 7.1500 4.0000 -80.1000
v 1.9500 8.0000 -79.9000
v 7.1500 8.0000 -79.9000
v 1.9500 8.0000 -80.1000
v 7.1500 8.0000 -80.1000
v 7.1500 6.4000 -79.9000
v 8.3500 6.4000 -79.9000
v 7.1500 6.4000 -80.1000
v 8.3500 6.4000 -80.1000
v 7.1500 8.0000 -79.9000
v 8.3500 8.0000 -79.9000
v 7.1500 8.0000 -80.1000
v 8.3500 8.0000 -80.1000
v 8.3500 4.0000 -79.9000
v 9.9500 4.0000 -79.9000
v 8.3500 4.0000 -80.1000
v 9.9500 4.0000 -80.1000
v 8.3500 8.0000 -79.9000
v 9.9500 8.0000 -79.9000
v 8.3500 8.0000 -80.1000
v 9.9500 8.0000 -80.1000
v -1.9500 8.0000 90.0000
v -1.7500 8.0000 90.0000
v -1.9500 8.0000 85.8000
v -1.7500 8.0000 85.8000
v -1.9500 12.0000 90.0000
v -1.7500 12.0000 90.0000
v -1.9500 12.0000 85.8000
v -1.7500 12.0000 85.8000
v -1.9500 10.6000 85.8000
v -1.7500 10.6000 85.8000
v -1.9500 10.6000 84.2000
v -1.7500 10.6000 84.2000
v -1.9500 12.0000 85.8000
v -1.7500 12.0000 85.8000
v -1.9500 12.0000 84.2000
v -1.7500 12.0000 84.2000
v -1.9500 8.0000 84.2000
v -1.7500 8.0000 84.2000
v -1.9500 8.0000 80.0000
v -1.7500 8.0000 80.0000
v -1.9500 12.0000 84.2000
v -1.7500 12.0000 84.2000
v -1.9500 12.0000 80.0000
v -1.7500 12.0000 80.0000
v 1.7500 8.0000 90.0000
v 1.9500 8.0000 90.0000
v 1.7500 8.0000 85.8000
v 1.9500 8.0000 85.8000
v 1.7500 12.0000 90.0000
v 1.9500 12.0000 90.0000
v 1.7500 12.0000 85.8000
v 1.9500 12.0000 85.8000
v 1.7500 10.6000 85.8000
v 1.9500 10.6000 85.8000
v 1.7500 10.6000 84.2000
v 1.9500 10.6000 84.2000
v 1.7500 12.0000 85.8000
v 1.9500 12.0000 85.8000
v 1.7500 12.0000 84.2000
v 1.9500 12.0000 84.2000
v 1.7500 8.0000 84.2000
v 1.9500 8.0000 84.2000
v 1.7500 8.0000 80.0000
v 1.9500 8.0000 80.0000
v 1.7500 12.0000 84.2000
v 1.9500 12.0000 84.2000
v 1.7500 12.0000 80.0000
v 1.9500 12.0000 80.0000
v -1.9500 8.0000 80.0000
v -1.7500 8.0000 80.0000
v -1.9500 8.0000 75.8000
v -1.7500 8.0000 75.8000
v -1.9500 12.0000 80.0000
v -1.7500 12.0000 80.0000
v -1.9500 12.0000 75.8000
v -1.7500 12.0000 75.8000
v -1.9500 10.6000 75.8000
v -1.7500 10.6000 75.8000
v -1.9500 10.6000 74.2000
v -1.7500 10.6000 74.2000
v -1.9500 12.0000 75.8000
v -1.7500 12.0000 75.8000
v -1.9500 12.0000 74.2000
v -1.7500 12.0000 74.2000
v -1.9500 8.0000 74.2000
v -1.7500 8.0000 74.2000
v -1.9500 8.0000 72.8000
v -1.7500 8.0000 72.8000
v -1.9500 12.0000 74.2000
v -1.7500 12.0000 74.2000
v -1.9500 12.0000 72.8000
v -1.7500 12.0000 72.8000
v -1.9500 10.6000 72.8000
v -1.7500 10.6000 72.8000
v -1.9500 10.6000 71.2000
v -1.7500 10.6000 71.2000
v -1.9500 12.0000 72.8000
v -1.7500 12.0000 72.8000
v -1.9500 12.0000 71.2000
v -1.7500 12.0000 71.2000
v -1.9500 8.0000 71.2000
v -1.7500 8.0000 71.2000
v -1.9500 8.0000 70.0000
v -1.7500 8.0000 70.0000
v -1.9500 12.0000 71.2000
v -1.7500 12.0000 71.2000
v -1.9500 12.0000 70.0000
v -1.7500 12.0000 70.0000
v 1.7500 8.0000 80.0000
v 1.9500 8.0000 80.0000
v 1.7500 8.0000 75.8000
v 1.9500 8.0000 75.8000
v 1.7500 12.0000 80.0000
v 1.9500 12.0000 80.0000
v 1.7500 12.0000 75.8000
v 1.9500 12.0000 75.8000
v 1.7500 10.6000 75.8000
v 1.9500 10.6000 75.8000
v 1.7500 10.6000 74.2000
v 1.9500 10.6000 74.2000
v 1.7500 12.0000 75.8000
v 1.9500 12.0000 75.8000
v 1.7500 12.0000 74.2000
v 1.9500 12.0000 74.2000
v 1.7500 8.0000 74.2000
v 1.9500 8.0000 74.2000
v 1.7500 8.0000 70.0000
v 1.9500 8.0000 70.0000
v 1.7500 12.0000 74.2000
v 1.9500 12.0000 74.2000
v 1.7500 12.0000 70.0000
v 1.9500 12.0000 70.0000
v -1.7500 8.0000 80.1000
v -1.5500 8.0000 80.1000
v -1.7500 8.0000 79.9000
v -1.5500 8.0000 79.9000
v -1.7500 12.0000 80.1000
v -1.5500 12.0000 80.1000
v -1.7500 12.0000 79.9000
v -1.5500 12.0000 79.9000
v -1.5500 10.8000 80.1000
v 0.0500 10.8000 80.1000
v -1.5500 10.8000 79.9000
v 0.0500 10.8000 79.9000
v -1.5500 12.0000 80.1000
v 0.0500 12.0000 80.1000
v -1.5500 12.0000 79.9000
v 0.0500 12.0000 79.9000
v 0.0500 8.0000 80.1000
v 1.7500 8.0000 80.1000
v 0.0500 8.0000 79.9000
v 1.7500 8.0000 79.9000
v 0.0500 12.0000 80.1000
v 1.7500 12.0000 80.1000
v 0.0500 12.0000 79.9000
v 1.7500 12.0000 79.9000
v -9.9500 8.0000 80.1000
v -8.5500 8.0000 80.1000
v -9.9500 8.0000 79.9000
v -8.5500 8.0000 79.9000
v -9.9500 12.0000 80.1000
v -8.5500 12.0000 80.1000
v -9.9500 12.0000 79.9000
v -8.5500 12.0000 79.9000
v -8.5500 10.4000 80.1000
v -6.9500 10.4000 80.1000
v -8.5500 10.4000 79.9000
v -6.9500 10.4000 79.9000
v -8.5500 12.0000 80.1000
v -6.9500 12.0000 80.1000
v -8.5500 12.0000 79.9000
v -6.9500 12.0000 79.9000
v -6.9500 8.0000 80.1000
v -1.9500 8.0000 80.1000
v -6.9500 8.0000 79.9000
v -1.9500 8.0000 79.9000
v -6.9500 12.0000 80.1000
v -1.9500 12.0000 80.1000
v -6.9500 12.0000 79.9000
v -1.9500 12.0000 79.9000
v 1.9500 8.0000 80.1000
v 6.9500 8.0000 80.1000
v 1.9500 8.0000 79.9000
v 6.9500 8.0000 79.9000
v 1.9500 12.0000 80.1000
v 6.9500 12.0000 80.1000
v 1.9500 12.0000 79.9000
v 6.9500 12.0000 79.9000
v 6.9500 10.4000 80.1000
v 8.5500 10.4000 80.1000
v 6.9500 10.4000 79.9000
v 8.5500 10.4000 79.9000
v 6.9500 12.0000 80.1000
v 8.5500 12.0000 80.1000
v 6.9500 12.0000 79.9000
v 8.5500 12.0000 79.9000
v 8.5500 8.0000 80.1000
v 9.9500 8.0000 80.1000
v 8.5500 8.0000 79.9000
v 9.9500 8.0000 79.9000
v 8.5500 12.0000 80.1000
v 9.9500 12.0000 80.1000
v 8.5500 12.0000 79.9000
v 9.9500 12.0000 79.9000
v -1.9500 8.0000 70.0000
v -1.7500 8.0000 70.0000
v -1.9500 8.0000 65.8000
v -1.7500 8.0000 65.8000
v -1.9500 12.0000 70.0000
v -1.7500 12.0000 70.0000
v -1.9500 12.0000 65.8000
v -1.7500 12.0000 65.8000
v -1.9500 10.6000 65.8000
v -1.7500 10.6000 65.8000
v -1.9500 10.6000 64.2000
v -1.7500 10.6000 64.2000
v -1.9500 12.0000 65.8000
v -1.7500 12.0000 65.8000
v -1.9500 12.0000 64.2000
v -1.7500 12.0000 64.2000
v -1.9500 8.0000 64.2000
v -1.7500 8.0000 64.2000
v -1.9500 8.0000 60.0000
v -1.7500 8.0000 60.0000
v -1.9500 12.0000 64.2000
v -1.7500 12.0000 64.2000
v -1.9500 12.0000 60.0000
v -1.7500 12.0000 60.0000
v 1.7500 8.0000 70.0000
v 1.9500 8.0000 70.0000
v 1.7500 8.0000 65.8000
v 1.9500 8.0000 65.8000
v 1.7500 12.0000 70.0000
v 1.9500 12.0000 70.0000
v 1.7500 12.0000 65.8000
v 1.9500 12.0000 65.8000
v 1.7500 10.6000 65.8000
v 1.9500 10.6000 65.8000
v 1.7500 10.6000 64.2000
v 1.9500 10.6000 64.2000
v 1.7500 12.0000 65.8000
v 1.9500 12.0000 65.8000
v 1.7500 12.0000 64.2000
v 1.9500 12.0000 64.2000
v 1.7500 8.0000 64.2000
v 1.9500 8.0000 64.2000
v 1.7500 8.0000 62.8000
v 1.9500 8.0000 62.8000
v 1.7500 12.0000 64.2000
v 1.9500 12.0000 64.2000
v 1.7500 12.0000 62.8000
v 1.9500 12.0000 62.8000
v 1.7500 10.6000 62.8000
v 1.9500 10.6000 62.8000
v 1.7500 10.6000 61.2000
v 1.9500 10.6000 61.2000
v 1.7500 12.0000 62.8000
v 1.9500 12.0000 62.8000
v 1.7500 12.0000 61.2000
v 1.9500 12.0000 61.2000
v 1.7500 8.0000 61.2000
v 1.9500 8.0000 61.2000
v 1.7500 8.0000 60.0000
v 1.9500 8.0000 60.0000
v 1.7500 12.0000 61.2000
v 1.9500 12.0000 61.2000
v 1.7500 12.0000 60.0000
v 1.9500 12.0000 60.0000
v -9.9500 8.0000 70.1000
v -8.3500 8.0000 70.1000
v -9.9500 8.0000 69.9000
v -8.3500 8.0000 69.9000
v -9.9500 12.0000 70.1000
v -8.3500 12.0000 70.1000
v -9.9500 12.0000 69.9000
v -8.3500 12.0000 69.9000
v -8.3500 10.4000 70.1000
v -7.1500 10.4000 70.1000
v -8.3500 10.4000 69.9000
v -7.1500 10.4000 69.9000
v -8.3500 12.0000 70.1000
v -7.1500 12.0000 70.1000
v -8.3500 12.0000 69.9000
v -7.1500 12.0000 69.9000
v -7.1500 8.0000 70.1000
v -1.9500 8.0000 70.1000
v -7.1500 8.0000 69.9000
v -1.9500 8.0000 69.9000
v -7.1500 12.0000 70.1000
v -1.9500 12.0000 70.1000
v -7.1500 12.0000 69.9000
v -1.9500 12.0000 69.9000
v 1.9500 8.0000 70.1000
v 7.1500 8.0000 70.1000
v 1.9500 8.0000 69.9000
v 7.1500 8.0000 69.9000
v 1.9500 12.0000 70.1000
v 7.1500 12.0000 70.1000
v 1.9500 12.0000 69.9000
v 7.1500 12.0000 69.9000
v 7.1500 10.4000 70.1000
v 8.3500 10.4000 70.1000
v 7.1500 10.4000 69.9000
v 8.3500 10.4000 69.9000
v 7.1500 12.0000 70.1000
v 8.3500 12.0000 70.1000
v 7.1500 12.0000 69.9000
v 8.3500 12.0000 69.9000
v 8.3500 8.0000 70.1000
v 9.9500 8.0000 70.1000
v 8.3500 8.0000 69.9000
v 9.9500 8.0000 69.9000
v 8.3500 12.0000 70.1000
v 9.9500 12.0000 70.1000
v 8.3500 12.0000 69.9000
v 9.9500 12.0000 69.9000
v -1.9500 8.0000 60.0000
v -1.7500 8.0000 60.0000
v -1.9500 8.0000 55.8000
v -1.7500 8.0000 55.8000
v -1.9500 12.0000 60.0000
v -1.7500 12.0000 60.0000
v -1.9500 12.0000 55.8000
v -1.7500 12.0000 55.8000
v -1.9500 10.6000 55.8000
v -1.7500 10.6000 55.8000
v -1.9500 10.6000 54.2000
v -1.7500 10.6000 54.2000
v -1.9500 12.0000 55.8000
v -1.7500 12.0000 55.8000
v -1.9500 12.0000 54.2000
v -1.7500 12.0000 54.2000
v -1.9500 8.0000 54.2000
v -1.7500 8.0000 54.2000
v -1.9500 8.0000 50.0000
v -1.7500 8.0000 50.0000
v -1.9500 12.0000 54.2000
v -1.7500 12.0000 54.2000
v -1.9500 12.0000 50.0000
v -1.7500 12.0000 50.0000
v 1.7500 8.0000 60.0000
v 1.9500 8.0000 60.0000
v 1.7500 8.0000 55.8000
v 1.9500 8.0000 55.8000
v 1.7500 12.0000 60.0000
v 1.9500 12.0000 60.0000
v 1.7500 12.0000 55.8000
v 1.9500 12.0000 55.8000
v 1.7500 10.6000 55.8000
v 1.9500 10.6000 55.8000
v 1.7500 10.6000 54.2000
v 1.9500 10.6000 54.2000
v 1.7500 12.0000 55.8000
v 1.9500 12.0000 55.8000
v 1.7500 12.0000 54.2000
v 1.9500 12.0000 54.2000
v 1.7500 8.0000 54.2000
v 1.9500 8.0000 54.2000
v 1.7500 8.0000 50.0000
v 1.9500 8.0000 50.0000
v 1.7500 12.0000 54.2000
v 1.9500 12.0000 54.2000
v 1.7500 12.0000 50.0000
v 1.9500 12.0000 50.0000
v -9.9500 8.0000 60.1000
v -8.3500 8.0000 60.1000
v -9.9500 8.0000 59.9000
v -8.3500 8.0000 59.9000
v -9.9500 12.0000 60.1000
v -8.3500 12.0000 60.1000
v -9.9500 12.0000 59.9000
v -8.3500 12.0000 59.9000
v -8.3500 10.4000 60.1000
v -7.1500 10.4000 60.1000
v -8.3500 10.4000 59.9000
v -7.1500 10.4000 59.9000
v -8.3500 12.0000 60.1000
v -7.1500 12.0000 60.1000
v -8.3500 12.0000 59.9000
v -7.1500 12.0000 59.9000
v -7.1500 8.0000 60.1000
v -1.9500 8.0000 60.1000
v -7.1500 8.0000 59.9000
v -1.9500 8.0000 59.9000
v -7.1500 12.0000 60.1000
v -1.9500 12.0000 60.1000
v -7.1500 12.0000 59.9000
v -1.9500 12.0000 59.9000
v 1.9500 8.0000 60.1000
v 7.1500 8.0000 60.1000
v 1.9500 8.0000 59.9000
v 7.1500 8.0000 59.9000
v 1.9500 12.0000 60.1000
v 7.1500 12.0000 60.1000
v 1.9500 12.0000 59.9000
v 7.1500 12.0000 59.9000
v 7.1500 10.4000 60.1000
v 8.3500 10.4000 60.1000
v 7.1500 10.4000 59.9000
v 8.3500 10.4000 59.9000
v 7.1500 12.0000 60.1000
v 8.3500 12.0000 60.1000
v 7.1500 12.0000 59.9000
v 8.3500 12.0000 59.9000
v 8.3500 8.0000 60.1000
v 9.9500 8.0000 60.1000
v 8.3500 8.0000 59.9000
v 9.9500 8.0000 59.9000
v 8.3500 12.0000 60.1000
v 9.9500 12.0000 60.1000
v 8.3500 12.0000 59.9000
v 9.9500 12.0000 59.9000
v -1.9500 8.0000 50.0000
v -1.7500 8.0000 50.0000
v -1.9500 8.0000 45.8000
v -1.7500 8.0000 45.8000
v -1.9500 12.0000 50.0000
v -1.7500 12.0000 50.0000
v -1.9500 12.0000 45.8000
v -1.7500 12.0000 45.8000
v -1.9500 10.6000 45.8000
v -1.7500 10.6000 45.8000
v -1.9500 10.6000 44.2000
v -1.7500 10.6000 44.2000
v -1.9500 12.0000 45.8000
v -1.7500 12.0000 45.8000
v -1.9500 12.0000 44.2000
v -1.7500 12.0000 44.2000
v -1.9500 8.0000 44.2000
v -1.7500 8.0000 44.2000
v -1.9500 8.0000 40.0000
v -1.7500 8.0000 40.0000
v -1.9500 12.0000 44.2000
v -1.7500 12.0000 44.2000
v -1.9500 12.0000 40.0000
v -1.7500 12.0000 40.0000
v 1.7500 8.0000 50.0000
v 1.9500 8.0000 50.0000
v 1.7500 8.0000 45.8000
v 1.9500 8.0000 45.8000
v 1.7500 12.0000 50.0000
v 1.9500 12.0000 50.0000
v 1.7500 12.0000 45.8000
v 1.9500 12.0000 45.8000
v 1.7500 10.6000 45.8000
v 1.9500 10.6000 45.8000
v 1.7500 10.6000 44.2000
v 1.9500 10.6000 44.2000
v 1.7500 12.0000 45.8000
v 1.9500 12.0000 45.8000
v 1.7500 12.0000 44.2000
v 1.9500 12.0000 44.2000
v 1.7500 8.0000 44.2000
v 1.9500 8.0000 44.2000
v 1.7500 8.0000 42.8000
v 1.9500 8.0000 42.8000
v 1.7500 12.0000 44.2000
v 1.9500 12.0000 44.2000
v 1.7500 12.0000 42.8000
v 1.9500 12.0000 42.8000
v 1.7500 10.6000 42.8000
v 1.9500 10.6000 42.8000
v 1.7500 10.6000 41.2000
v 1.9500 10.6000 41.2000
v 1.7500 12.0000 42.8000
v 1.9500 12.0000 42.8000
v 1.7500 12.0000 41.2000
v 1.9500 12.0000 41.2000
v 1.7500 8.0000 41.2000
v 1.9500 8.0000 41.2000
v 1.7500 8.0000 40.0000
v 1.9500 8.0000 40.0000
v 1.7500 12.0000 41.2000
v 1.9500 12.0000 41.2000
v 1.7500 12.0000 40.0000
v 1.9500 12.0000 40.0000
v -1.7500 8.0000 50.1000
v -1.5500 8.0000 50.1000
v -1.7500 8.0000 49.9000
v -1.5500 8.0000 49.9000
v -1.7500 12.0000 50.1000
v -1.5500 12.0000 50.1000
v -1.7500 12.0000 49.9000
v -1.5500 12.0000 49.9000
v -1.5500 10.8000 50.1000
v 0.0500 10.8000 50.1000
v -1.5500 10.8000 49.9000
v 0.0500 10.8000 49.9000
v -1.5500 12.0000 50.1000
v 0.0500 12.0000 50.1000
v -1.5500 12.0000 49.9000
v 0.0500 12.0000 49.9000
v 0.0500 8.0000 50.1000
v 1.7500 8.0000 50.1000
v 0.0500 8.0000 49.9000
v 1.7500 8.0000 49.9000
v 0.0500 12.0000 50.1000
v 1.7500 12.0000 50.1000
v 0.0500 12.0000 49.9000
v 1.7500 12.0000 49.9000
v -9.9500 8.0000 50.1000
v -8.5500 8.0000 50.1000
v -9.9500 8.0000 49.9000
v -8.5500 8.0000 49.9000
v -9.9500 12.0000 50.1000
v -8.5500 12.0000 50.1000
v -9.9500 12.0000 49.9000
v -8.5500 12.0000 49.9000
v -8.5500 10.4000 50.1000
v -6.9500 10.4000 50.1000
v -8.5500 10.4000 49.9000
v -6.9500 10.4000 49.9000
v -8.5500 12.0000 50.1000
v -6.9500 12.0000 50.1000
v -8.5500 12.0000 49.9000
v -6.9500 12.0000 49.9000
v -6.9500 8.0000 50.1000
v -1.9500 8.0000 50.1000
v -6.9500 8.0000 49.9000
v -1.9500 8.0000 49.9000
v -6.9500 12.0000 50.1000
v -1.9500 12.0000 50.1000
v -6.9500 12.0000 49.9000
v -1.9500 12.0000 49.9000
v 1.9500 8.0000 50.1000
v 6.9500 8.0000 50.1000
v 1.9500 8.0000 49.9000
v 6.9500 8.0000 49.9000
v 1.9500 12.0000 50.1000
v 6.9500 12.0000 50.1000
v 1.9500 12.0000 49.9000
v 6.9500 12.0000 49.9000
v 6.9500 10.4000 50.1000
v 8.5500 10.4000 50.1000
v 6.9500 10.4000 49.9000
v 8.5500 10.4000 49.9000
v 6.9500 12.0000 50.1000
v 8.5500 12.0000 50.1000
v 6.9500 12.0000 49.9000
v 8.5500 12.0000 49.9000
v 8.5500 8.0000 50.1000
v 9.9500 8.0000 50.1000
v 8.5500 8.0000 49.9000
v 9.9500 8.0000 49.9000
v 8.5500 12.0000 50.1000
v 9.9500 12.0000 50.1000
v 8.5500 12.0000 49.9000
v 9.9500 12.0000 49.9000
v -1.9500 8.0000 40.0000
v -1.7500 8.0000 40.0000
v -1.9500 8.0000 35.8000
v -1.7500 8.0000 35.8000
v -1.9500 12.0000 40.0000
v -1.7500 12.0000 40.0000
v -1.9500 12.0000 35.8000
v -1.7500 12.0000 35.8000
v -1.9500 10.6000 35.8000
v -1.7500 10.6000 35.8000
v -1.9500 10.6000 34.2000
v -1.7500 10.6000 34.2000
v -1.9500 12.0000 35.8000
v -1.7500 12.0000 35.8000
v -1.9500 12.0000 34.2000
v -1.7500 12.0000 34.2000
v -1.9500 8.0000 34.2000
v -1.7500 8.0000 34.2000
v -1.9500 8.0000 30.0000
v -1.7500 8.0000 30.0000
v -1.9500 12.0000 34.2000
v -1.7500 12.0000 34.2000
v -1.9500 12.0000 30.0000
v -1.7500 12.0000 30.0000
v 1.7500 8.0000 40.0000
v 1.9500 8.0000 40.0000
v 1.7500 8.0000 35.8000
v 1.9500 8.0000 35.8000
v 1.7500 12.0000 40.0000
v 1.9500 12.0000 40.0000
v 1.7500 12.0000 35.8000
v 1.9500 12.0000 35.8000
v 1.7500 10.6000 35.8000
v 1.9500 10.6000 35.8000
v 1.7500 10.6000 34.2000
v 1.9500 10.6000 34.2000
v 1.7500 12.0000 35.8000
v 1.9500 12.0000 35.8000
v 1.7500 12.0000 34.2000
v 1.9500 12.0000 34.2000
v 1.7500 8.0000 34.2000
v 1.9500 8.0000 34.2000
v 1.7500 8.0000 30.0000
v 1.9500 8.0000 30.0000
v 1.7500 12.0000 34.2000
v 1.9500 12.0000 34.2000
v 1.7500 12.0000 30.0000
v 1.9500 12.0000 30.0000
v -9.9500 8.0000 40.1000
v -8.3500 8.0000 40.1000
v -9.9500 8.0000 39.9000
v -8.3500 8.0000 39.9000
v -9.9500 12.0000 40.1000
v -8.3500 12.0000 40.1000
v -9.9500 12.0000 39.9000
v -8.3500 12.0000 39.9000
v -8.3500 10.4000 40.1000
v -7.1500 10.4000 40.1000
v -8.3500 10.4000 39.9000
v -7.1500 10.4000 39.9000
v -8.3500 12.0000 40.1000
v -7.1500 12.0000 40.1000
v -8.3500 12.0000 39.9000
v -7.1500 12.0000 39.9000
v -7.1500 8.0000 40.1000
v -1.9500 8.0000 40.1000
v -7.1500 8.0000 39.9000
v -1.9500 8.0000 39.9000
v -7.1500 12.0000 40.1000
v -1.9500 12.0000 40.1000
v -7.1500 12.0000 39.9000
v -1.9500 12.0000 39.9000
v 1.9500 8.0000 40.1000
v 7.1500 8.0000 40.1000
v 1.9500 8.0000 39.9000
v 7.1500 8.0000 39.9000
v 1.9500 12.0000 40.1000
v 7.1500 12.0000 40.1000
v 1.9500 12.0000 39.9000
v 7.1500 12.0000 39.9000
v 7.1500 10.4000 40.1000
v 8.3500 10.4000 40.1000
v 7.1500 10.4000 39.9000
v 8.3500 10.4000 39.9000
v 7.1500 12.0000 40.1000
v 8.3500 12.0000 40.1000
v 7.1500 12.0000 39.9000
v 8.3500 12.0000 39.9000
v 8.3500 8.0000 40.1000
v 9.9500 8.0000 40.1000
v 8.3500 8.0000 39.9000
v 9.9500 8.0000 39.9000
v 8.3500 12.0000 40.1000
v 9.9500 12.0000 40.1000
v 8.3500 12.0000 39.9000
v 9.9500 12.0000 39.9000
v -1.9500 8.0000 30.0000
v -1.7500 8.0000 30.0000
v -1.9500 8.0000 25.8000
v -1.7500 8.0000 25.8000
v -1.9500 12.0000 30.0000
v -1.7500 12.0000 30.0000
v -1.9500 12.0000 25.8000
v -1.7500 12.0000 25.8000
v -1.9500 10.6000 25.8000
v -1.7500 10.6000 25.8000
v -1.9500 10.6000 24.2000
v -1.7500 10.6000 24.2000
v -1.9500 12.0000 25.8000
v -1.7500 12.0000 25.8000
v -1.9500 12.0000 24.2000
v -1.7500 12.0000 24.2000
v -1.9500 8.0000 24.2000
v -1.7500 8.0000 24.2000
v -1.9500 8.0000 20.0000
v -1.7500 8.0000 20.0000
v -1.9500 12.0000 24.2000
v -1.7500 12.0000 24.2000
v -1.9500 12.0000 20.0000
v -1.7500 12.0000 20.0000
v 1.7500 8.0000 30.0000
v 1.9500 8.0000 30.0000
v 1.7500 8.0000 25.8000
v 1.9500 8.0000 25.8000
v 1.7500 12.0000 30.0000
v 1.9500 12.0000 30.0000
v 1.7500 12.0000 25.8000
v 1.9500 12.0000 25.8000
v 1.7500 10.6000 25.8000
v 1.9500 10.6000 25.8000
v 1.7500 10.6000 24.2000
v 1.9500 10.6000 24.2000
v 1.7500 12.0000 25.8000
v 1.9500 12.0000 25.8000
v 1.7500 12.0000 24.2000
v 1.9500 12.0000 24.2000
v 1.7500 8.0000 24.2000
v 1.9500 8.0000 24.2000
v 1.7500 8.0000 22.8000
v 1.9500 8.0000 22.8000
v 1.7500 12.0000 24.2000
v 1.9500 12.0000 24.2000
v 1.7500 12.0000 22.8000
v 1.9500 12.0000 22.8000
v 1.7500 10.6000 22.8000
v 1.9500 10.6000 22.8000
v 1.7500 10.6000 21.2000
v 1.9500 10.6000 21.2000
v 1.7500 12.0000 22.8000
v 1.9500 12.0000 22.8000
v 1.7500 12.0000 21.2000
v 1.9500 12.0000 21.2000
v 1.7500 8.0000 21.2000
v 1.9500 8.0000 21.2000
v 1.7500 8.0000 20.0000
v 1.9500 8.0000 20.0000
v 1.7500 12.0000 21.2000
v 1.9500 12.0000 21.2000
v 1.7500 12.0000 20.0000
v 1.9500 12.0000 20.0000
v -9.9500 8.0000 30.1000
v -8.3500 8.0000 30.1000
v -9.9500 8.0000 29.9000
v -8.3500 8.0000 29.9000
v -9.9500 12.0000 30.1000
v -8.3500 12.0000 30.1000
v -9.9500 12.0000 29.9000
v -8.3500 12.0000 29.9000
v -8.3500 10.4000 30.1000
v -7.1500 10.4000 30.1000
v -8.3500 10.4000 29.9000
v -7.1500 10.4000 29.9000
v -8.3500 12.0000 30.1000
v -7.1500 12.0000 30.1000
v -8.3500 12.0000 29.9000
v -7.1500 12.0000 29.9000
v -7.1500 8.0000 30.1000
v -1.9500 8.0000 30.1000
v -7.1500 8.0000 29.9000
v -1.9500 8.0000 29.9000
v -7.1500 12.0000 30.1000
v -1.9500 12.0000 30.1000
v -7.1500 12.0000 29.9000
v -1.9500 12.0000 29.9000
v 1.9500 8.0000 30.1000
v 7.1500 8.0000 30.1000
v 1.9500 8.0000 29.9000
v 7.1500 8.0000 29.9000
v 1.9500 12.0000 30.1000
v 7.1500 12.0000 30.1000
v 1.9500 12.0000 29.9000
v 7.1500 12.0000 29.9000
v 7.1500 10.4000 30.1000
v 8.3500 10.4000 30.1000
v 7.1500 10.4000 29.9000
v 8.3500 10.4000 29.9000
v 7.1500 12.0000 30.1000
v 8.3500 12.0000 30.1000
v 7.1500 12.0000 29.9000
v 8.3500 12.0000 29.9000
v 8.3500 8.0000 30.1000
v 9.9500 8.0000 30.1000
v 8.3500 8.0000 29.9000
v 9.9500 8.0000 29.9000
v 8.3500 12.0000 30.1000
v 9.9500 12.0000 30.1000
v 8.3500 12.0000 29.9000
v 9.9500 12.0000 29.9000
v -1.9500 8.0000 20.0000
v -1.7500 8.0000 20.0000
v -1.9500 8.0000 15.8000
v -1.7500 8.0000 15.8000
v -1.9500 12.0000 20.0000
v -1.7500 12.0000 20.0000
v -1.9500 12.0000 15.8000
v -1.7500 12.0000 15.8000
v -1.9500 10.6000 15.8000
v -1.7500 10.6000 15.8000
v -1.9500 10.6000 14.2000
v -1.7500 10.6000 14.2000
v -1.9500 12.0000 15.8000
v -1.7500 12.0000 15.8000
v -1.9500 12.0000 14.2000
v -1.7500 12.0000 14.2000
v -1.9500 8.0000 14.2000
v -1.7500 8.0000 14.2000
v -1.9500 8.0000 10.0000
v -1.7500 8.0000 10.0000
v -1.9500 12.0000 14.2000
v -1.7500 12.0000 14.2000
v -1.9500 12.0000 10.0000
v -1.7500 12.0000 10.0000
v 1.7500 8.0000 20.0000
v 1.9500 8.0000 20.0000
v 1.7500 8.0000 15.8000
v 1.9500 8.0000 15.8000
v 1.7500 12.0000 20.0000
v 1.9500 12.0000 20.0000
v 1.7500 12.0000 15.8000
v 1.9500 12.0000 15.8000
v 1.7500 10.6000 15.8000
v 1.9500 10.6000 15.8000
v 1.7500 10.6000 14.2000
v 1.9500 10.6000 14.2000
v 1.7500 12.0000 15.8000
v 1.9500 12.0000 15.8000
v 1.7500 12.0000 14.2000
v 1.9500 12.0000 14.2000
v 1.7500 8.0000 14.2000
v 1.9500 8.0000 14.2000
v 1.7500 8.0000 10.0000
v 1.9500 8.0000 10.0000
v 1.7500 12.0000 14.2000
v 1.9500 12.0000 14.2000
v 1.7500 12.0000 10.0000
v 1.9500 12.0000 10.0000
v -9.9500 8.0000 20.1000
v -8.3500 8.0000 20.1000
v -9.9500 8.0000 19.9000
v -8.3500 8.0000 19.9000
v -9.9500 12.0000 20.1000
v -8.3500 12.0000 20.1000
v -9.9500 12.0000 19.9000
v -8.3500 12.0000 19.9000
v -8.3500 10.4000 20.1000
v -7.1500 10.4000 20.1000
v -8.3500 10.4000 19.9000
v -7.1500 10.4000 19.9000
v -8.3500 12.0000 20.1000
v -7.1500 12.0000 20.1000
v -8.3500 12.0000 19.9000
v -7.1500 12.0000 19.9000
v -7.1500 8.0000 20.1000
v -1.9500 8.0000 20.1000
v -7.1500 8.0000 19.9000
v -1.9500 8.0000 19.9000
v -7.1500 12.0000 20.1000
v -1.9500 12.0000 20.1000
v -7.1500 12.0000 19.9000
v -1.9500 12.0000 19.9000
v 1.9500 8.0000 20.1000
v 7.1500 8.0000 20.1000
v 1.9500 8.0000 19.9000
v 7.1500 8.0000 19.9000
v 1.9500 12.0000 20.1000
v 7.1500 12.0000 20.1000
v 1.9500 12.0000 19.9000
v 7.1500 12.0000 19.9000
v 7.1500 10.4000 20.1000
v 8.3500 10.4000 20.1000
v 7.1500 10.4000 19.9000
v 8.3500 10.4000 19.9000
v 7.1500 12.0000 20.1000
v 8.3500 12.0000 20.1000
v 7.1500 12.0000 19.9000
v 8.3500 12.0000 19.9000
v 8.3500 8.0000 20.1000
v 9.9500 8.0000 20.1000
v 8.3500 8.0000 19.9000
v 9.9500 8.0000 19.9000
v 8.3500 12.0000 20.1000
v 9.9500 12.0000 20.1000
v 8.3500 12.0000 19.9000
v 9.9500 12.0000 19.9000
v -1.9500 8.0000 10.0000
v -1.7500 8.0000 10.0000
v -1.9500 8.0000 5.8000
v -1.7500 8.0000 5.8000
v -1.9500 12.0000 10.0000
v -1.7500 12.0000 10.0000
v -1.9500 12.0000 5.8000
v -1.7500 12.0000 5.8000
v -1.9500 10.6000 5.8000
v -1.7500 10.6000 5.8000
v -1.9500 10.6000 4.2000
v -1.7500 10.6000 4.2000
v -1.9500 12.0000 5.8000
v -1.7500 12.0000 5.8000
v -1.9500 12.0000 4.2000
v -1.7500 12.0000 4.2000
v -1.9500 8.0000 4.2000
v -1.7500 8.0000 4.2000
v -1.9500 8.0000 -0.0000
v -1.7500 8.0000 -0.0000
v -1.9500 12.0000 4.2000
v -1.7500 12.0000 4.2000
v -1.9500 12.0000 -0.0000
v -1.7500 12.0000 -0.0000
v 1.7500 8.0000 10.0000
v 1.9500 8.0000 10.0000
v 1.7500 8.0000 5.8000
v 1.9500 8.0000 5.8000
v 1.7500 12.0000 10.0000
v 1.9500 12.0000 10.0000
v 1.7500 12.0000 5.8000
v 1.9500 12.0000 5.8000
v 1.7500 10.6000 5.8000
v 1.9500 10.6000 5.8000
v 1.7500 10.6000 4.2000
v 1.9500 10.6000 4.2000
v 1.7500 12.0000 5.8000
v 1.9500 12.0000 5.8000
v 1.7500 12.0000 4.2000
v 1.9500 12.0000 4.2000
v 1.7500 8.0000 4.2000
v 1.9500 8.0000 4.2000
v 1.7500 8.0000 -0.0000
v 1.9500 8.0000 -0.0000
v 1.7500 12.0000 4.2000
v 1.9500 12.0000 4.2000
v 1.7500 12.0000 -0.0000
v 1.9500 12.0000 -0.0000
v -1.7500 8.0000 10.1000
v -1.5500 8.0000 10.1000
v -1.7500 8.0000 9.9000
v -1.5500 8.0000 9.9000
v -1.7500 12.0000 10.1000
v -1.5500 12.0000 10.1000
v -1.7500 12.0000 9.9000
v -1.5500 12.0000 9.9000
v -1.5500 10.8000 10.1000
v 0.0500 10.8000 10.1000
v -1.5500 10.8000 9.9000
v 0.0500 10.8000 9.9000
v -1.5500 12.0000 10.1000
v 0.0500 12.0000 10.1000
v -1.5500 12.0000 9.9000
v 0.0500 12.0000 9.9000
v 0.0500 8.0000 10.1000
v 1.7500 8.0000 10.1000
v 0.0500 8.0000 9.9000
v 1.7500 8.0000 9.9000
v 0.0500 12.0000 10.1000
v 1.7500 12.0000 10.1000
v 0.0500 12.0000 9.9000
v 1.7500 12.0000 9.9000
v -9.9500 8.0000 10.1000
v -8.5500 8.0000 10.1000
v -9.9500 8.0000 9.9000
v -8.5500 8.0000 9.9000
v -9.9500 12.0000 10.1000
v -8.5500 12.0000 10.1000
v -9.9500 12.0000 9.9000
v -8.5500 12.0000 9.9000
v -8.5500 10.4000 10.1000
v -6.9500 10.4000 10.1000
v -8.5500 10.4000 9.9000
v -6.9500 10.4000 9.9000
v -8.5500 12.0000 10.1000
v -6.9500 12.0000 10.1000
v -8.5500 12.0000 9.9000
v -6.9500 12.0000 9.9000
v -6.9500 8.0000 10.1000
v -1.9500 8.0000 10.1000
v -6.9500 8.0000 9.9000
v -1.9500 8.0000 9.9000
v -6.9500 12.0000 10.1000
v -1.9500 12.0000 10.1000
v -6.9500 12.0000 9.9000
v -1.9500 12.0000 9.9000
v 1.9500 8.0000 10.1000
v 6.9500 8.0000 10.1000
v 1.9500 8.0000 9.9000
v 6.9500 8.0000 9.9000
v 1.9500 12.0000 10.1000
v 6.9500 12.0000 10.1000
v 1.9500 12.0000 9.9000
v 6.9500 12.0000 9.9000
v 6.9500 10.4000 10.1000
v 8.5500 10.4000 10.1000
v 6.9500 10.4000 9.9000
v 8.5500 10.4000 9.9000
v 6.9500 12.0000 10.1000
v 8.5500 12.0000 10.1000
v 6.9500 12.0000 9.9000
v 8.5500 12.0000 9.9000
v 8.5500 8.0000 10.1000
v 9.9500 8.0000 10.1000
v 8.5500 8.0000 9.9000
v 9.9500 8.0000 9.9000
v 8.5500 12.0000 10.1000
v 9.9500 12.0000 10.1000
v 8.5500 12.0000 9.9000
v 9.9500 12.0000 9.9000
v -1.9500 8.0000 -0.0000
v -1.7500 8.0000 -0.0000
v -1.9500 8.0000 -4.2000
v -1.7500 8.0000 -4.2000
v -1.9500 12.0000 -0.0000
v -1.7500 12.0000 -0.0000
v -1.9500 12.0000 -4.2000
v -1.7500 12.0000 -4.2000
v -1.9500 10.6000 -4.2000
v -1.7500 10.6000 -4.2000
v -1.9500 10.6000 -5.8000
v -1.7500 10.6000 -5.8000
v -1.9500 12.0000 -4.2000
v -1.7500 12.0000 -4.2000
v -1.9500 12.0000 -5.8000
v -1.7500 12.0000 -5.8000
v -1.9500 8.0000 -5.8000
v -1.7500 8.0000 -5.8000
v -1.9500 8.0000 -10.0000
v -1.7500 8.0000 -10.0000
v -1.9500 12.0000 -5.8000
v -1.7500 12.0000 -5.8000
v -1.9500 12.0000 -10.0000
v -1.7500 12.0000 -10.0000
v 1.7500 8.0000 -0.0000
v 1.9500 8.0000 -0.0000
v 1.7500 8.0000 -4.2000
v 1.9500 8.0000 -4.2000
v 1.7500 12.0000 -0.0000
v 1.9500 12.0000 -0.0000
v 1.7500 12.0000 -4.2000
v 1.9500 12.0000 -4.2000
v 1.7500 10.6000 -4.2000
v 1.9500 10.6000 -4.2000
v 1.7500 10.6000 -5.8000
v 1.9500 10.6000 -5.8000
v 1.7500 12.0000 -4.2000
v 1.9500 12.0000 -4.2000
v 1.7500 12.0000 -5.8000
v 1.9500 12.0000 -5.8000
v 1.7500 8.0000 -5.8000
v 1.9500 8.0000 -5.8000
v 1.7500 8.0000 -10.0000
v 1.9500 8.0000 -10.0000
v 1.7500 12.0000 -5.8000
v 1.9500 12.0000 -5.8000
v 1.7500 12.0000 -10.0000
v 1.9500 12.0000 -10.0000
v -9.9500 8.0000 0.1000
v -8.3500 8.0000 0.1000
v -9.9500 8.0000 -0.1000
v -8.3500 8.0000 -0.1000
v -9.9500 12.0000 0.1000
v -8.3500 12.0000 0.1000
v -9.9500 12.0000 -0.1000
v -8.3500 12.0000 -0.1000
v -8.3500 10.4000 0.1000
v -7.1500 10.4000 0.1000
v -8.3500 10.4000 -0.1000
v -7.1500 10.4000 -0.1000
v -8.3500 12.0000 0.1000
v -7.1500 12.0000 0.1000
v -8.3500 12.0000 -0.1000
v -7.1500 12.0000 -0.1000
v -7.1500 8.0000 0.1000
v -1.9500 8.0000 0.1000
v -7.1500 8.0000 -0.1000
v -1.9500 8.0000 -0.1000
v -7.1500 12.0000 0.1000
v -1.9500 12.0000 0.1000
v -7.1500 12.0000 -0.1000
v -1.9500 12.0000 -0.1000
v 1.9500 8.0000 0.1000
v 7.1500 8.0000 0.1000
v 1.9500 8.0000 -0.1000
v 7.1500 8.0000 -0.1000
v 1.9500 12.0000 0.1000
v 7.1500 12.0000 0.1000
v 1.9500 12.0000 -0.1000
v 7.1500 12.0000 -0.1000
v 7.1500 10.4000 0.1000
v 8.3500 10.4000 0.1000
v 7.1500 10.4000 -0.1000
v 8.3500 10.4000 -0.1000
v 7.1500 12.0000 0.1000
v 8.3500 12.0000 0.1000
v 7.1500 12.0000 -0.1000
v 8.3500 12.0000 -0.1000
v 8.3500 8.0000 0.1000
v 9.9500 8.0000 0.1000
v 8.3500 8.0000 -0.1000
v 9.9500 8.0000 -0.1000
v 8.3500 12.0000 0.1000
v 9.9500 12.0000 0.1000
v 8.3500 12.0000 -0.1000
v 9.9500 12.0000 -0.1000
v -1.9500 8.0000 -10.0000
v -1.7500 8.0000 -10.0000
v -1.9500 8.0000 -11.6000
v -1.7500 8.0000 -11.6000
v -1.9500 12.0000 -10.0000
v -1.7500 12.0000 -10.0000
v -1.9500 12.0000 -11.6000
v -1.7500 12.0000 -11.6000
v -1.9500 10.6000 -11.6000
v -1.7500 10.6000 -11.6000
v -1.9500 10.6000 -13.4000
v -1.7500 10.6000 -13.4000
v -1.9500 12.0000 -11.6000
v -1.7500 12.0000 -11.6000
v -1.9500 12.0000 -13.4000
v -1.7500 12.0000 -13.4000
v -1.9500 8.0000 -13.4000
v -1.7500 8.0000 -13.4000
v -1.9500 8.0000 -16.4000
v -1.7500 8.0000 -16.4000
v -1.9500 12.0000 -13.4000
v -1.7500 12.0000 -13.4000
v -1.9500 12.0000 -16.4000
v -1.7500 12.0000 -16.4000
v -1.9500 10.6000 -16.4000
v -1.7500 10.6000 -16.4000
v -1.9500 10.6000 -18.0000
v -1.7500 10.6000 -18.0000
v -1.9500 12.0000 -16.4000
v -1.7500 12.0000 -16.4000
v -1.9500 12.0000 -18.0000
v -1.7500 12.0000 -18.0000
v -1.9500 8.0000 -18.0000
v -1.7500 8.0000 -18.0000
v -1.9500 8.0000 -20.0000
v -1.7500 8.0000 -20.0000
v -1.9500 12.0000 -18.0000
v -1.7500 12.0000 -18.0000
v -1.9500 12.0000 -20.0000
v -1.7500 12.0000 -20.0000
v 1.7500 8.0000 -10.0000
v 1.9500 8.0000 -10.0000
v 1.7500 8.0000 -14.2000
v 1.9500 8.0000 -14.2000
v 1.7500 12.0000 -10.0000
v 1.9500 12.0000 -10.0000
v 1.7500 12.0000 -14.2000
v 1.9500 12.0000 -14.2000
v 1.7500 10.6000 -14.2000
v 1.9500 10.6000 -14.2000
v 1.7500 10.6000 -15.8000
v 1.9500 10.6000 -15.8000
v 1.7500 12.0000 -14.2000
v 1.9500 12.0000 -14.2000
v 1.7500 12.0000 -15.8000
v 1.9500 12.0000 -15.8000
v 1.7500 8.0000 -15.8000
v 1.9500 8.0000 -15.8000
v 1.7500 8.0000 -20.0000
v 1.9500 8.0000 -20.0000
v 1.7500 12.0000 -15.8000
v 1.9500 12.0000 -15.8000
v 1.7500 12.0000 -20.0000
v 1.9500 12.0000 -20.0000
v -1.7500 8.0000 -9.9000
v -1.5500 8.0000 -9.9000
v -1.7500 8.0000 -10.1000
v -1.5500 8.0000 -10.1000
v -1.7500 12.0000 -9.9000
v -1.5500 12.0000 -9.9000
v -1.7500 12.0000 -10.1000
v -1.5500 12.0000 -10.1000
v -1.5500 10.8000 -9.9000
v 0.0500 10.8000 -9.9000
v -1.5500 10.8000 -10.1000
v 0.0500 10.8000 -10.1000
v -1.5500 12.0000 -9.9000
v 0.0500 12.0000 -9.9000
v -1.5500 12.0000 -10.1000
v 0.0500 12.0000 -10.1000
v 0.0500 8.0000 -9.9000
v 1.7500 8.0000 -9.9000
v 0.0500 8.0000 -10.1000
v 1.7500 8.0000 -10.1000
v 0.0500 12.0000 -9.9000
v 1.7500 12.0000 -9.9000
v 0.0500 12.0000 -10.1000
v 1.7500 12.0000 -10.1000
v -9.9500 8.0000 -9.9000
v -8.5500 8.0000 -9.9000
v -9.9500 8.0000 -10.1000
v -8.5500 8.0000 -10.1000
v -9.9500 12.0000 -9.9000
v -8.5500 12.0000 -9.9000
v -9.9500 12.0000 -10.1000
v -8.5500 12.0000 -10.1000
v -8.5500 10.4000 -9.9000
v -6.9500 10.4000 -9.9000
v -8.5500 10.4000 -10.1000
v -6.9500 10.4000 -10.1000
v -8.5500 12.0000 -9.9000
v -6.9500 12.0000 -9.9000
v -8.5500 12.0000 -10.1000
v -6.9500 12.0000 -10.1000
v -6.9500 8.0000 -9.9000
v -1.9500 8.0000 -9.9000
v -6.9500 8.0000 -10.1000
v -1.9500 8.0000 -10.1000
v -6.9500 12.0000 -9.9000
v -1.9500 12.0000 -9.9000
v -6.9500 12.0000 -10.1000
v -1.9500 12.0000 -10.1000
v 1.9500 8.0000 -9.9000
v 6.9500 8.0000 -9.9000
v 1.9500 8.0000 -10.1000
v 6.9500 8.0000 -10.1000
v 1.9500 12.0000 -9.9000
v 6.9500 12.0000 -9.9000
v 1.9500 12.0000 -10.1000
v 6.9500 12.0000 -10.1000
v 6.9500 10.4000 -9.9000
v 8.5500 10.4000 -9.9000
v 6.9500 10.4000 -10.1000
v 8.5500 10.4000 -10.1000
v 6.9500 12.0000 -9.9000
v 8.5500 12.0000 -9.9000
v 6.9500 12.0000 -10.1000
v 8.5500 12.0000 -10.1000
v 8.5500 8.0000 -9.9000
v 9.9500 8.0000 -9.9000
v 8.5500 8.0000 -10.1000
v 9.9500 8.0000 -10.1000
v 8.5500 12.0000 -9.9000
v 9.9500 12.0000 -9.9000
v 8.5500 12.0000 -10.1000
v 9.9500 12.0000 -10.1000
v -1.9500 8.0000 -20.0000
v -1.7500 8.0000 -20.0000
v -1.9500 8.0000 -24.2000
v -1.7500 8.0000 -24.2000
v -1.9500 12.0000 -20.0000
v -1.7500 12.0000 -20.0000
v -1.9500 12.0000 -24.2000
v -1.7500 12.0000 -24.2000
v -1.9500 10.6000 -24.2000
v -1.7500 10.6000 -24.2000
v -1.9500 10.6000 -25.8000
v -1.7500 10.6000 -25.8000
v -1.9500 12.0000 -24.2000
v -1.7500 12.0000 -24.2000
v -1.9500 12.0000 -25.8000
v -1.7500 12.0000 -25.8000
v -1.9500 8.0000 -25.8000
v -1.7500 8.0000 -25.8000
v -1.9500 8.0000 -30.0000
v -1.7500 8.0000 -30.0000
v -1.9500 12.0000 -25.8000
v -1.7500 12.0000 -25.8000
v -1.9500 12.0000 -30.0000
v -1.7500 12.0000 -30.0000
v 1.7500 8.0000 -20.0000
v 1.9500 8.0000 -20.0000
v 1.7500 8.0000 -24.2000
v 1.9500 8.0000 -24.2000
v 1.7500 12.0000 -20.0000
v 1.9500 12.0000 -20.0000
v 1.7500 12.0000 -24.2000
v 1.9500 12.0000 -24.2000
v 1.7500 10.6000 -24.2000
v 1.9500 10.6000 -24.2000
v 1.7500 10.6000 -25.8000
v 1.9500 10.6000 -25.8000
v 1.7500 12.0000 -24.2000
v 1.9500 12.0000 -24.2000
v 1.7500 12.0000 -25.8000
v 1.9500 12.0000 -25.8000
v 1.7500 8.0000 -25.8000
v 1.9500 8.0000 -25.8000
v 1.7500 8.0000 -30.0000
v 1.9500 8.0000 -30.0000
v 1.7500 12.0000 -25.8000
v 1.9500 12.0000 -25.8000
v 1.7500 12.0000 -30.0000
v 1.9500 12.0000 -30.0000
v -9.9500 8.0000 -19.9000
v -8.3500 8.0000 -19.9000
v -9.9500 8.0000 -20.1000
v -8.3500 8.0000 -20.1000
v -9.9500 12.0000 -19.9000
v -8.3500 12.0000 -19.9000
v -9.9500 12.0000 -20.1000
v -8.3500 12.0000 -20.1000
v -8.3500 10.4000 -19.9000
v -7.1500 10.4000 -19.9000
v -8.3500 10.4000 -20.1000
v -7.1500 10.4000 -20.1000
v -8.3500 12.0000 -19.9000
v -7.1500 12.0000 -19.9000
v -8.3500 12.0000 -20.1000
v -7.1500 12.0000 -20.1000
v -7.1500 8.0000 -19.9000
v -1.9500 8.0000 -19.9000
v -7.1500 8.0000 -20.1000
v -1.9500 8.0000 -20.1000
v -7.1500 12.0000 -19.9000
v -1.9500 12.0000 -19.9000
v -7.1500 12.0000 -20.1000
v -1.9500 12.0000 -20.1000
v 1.9500 8.0000 -19.9000
v 7.1500 8.0000 -19.9000
v 1.9500 8.0000 -20.1000
v 7.1500 8.0000 -20.1000
v 1.9500 12.0000 -19.9000
v 7.1500 12.0000 -19.9000
v 1.9500 12.0000 -20.1000
v 7.1500 12.0000 -20.1000
v 7.1500 10.4000 -19.9000
v 8.3500 10.4000 -19.9000
v 7.1500 10.4000 -20.1000
v 8.3500 10.4000 -20.1000
v 7.1500 12.0000 -19.9000
v 8.3500 12.0000 -19.9000
v 7.1500 12.0000 -20.1000
v 8.3500 12.0000 -20.1000
v 8.3500 8.0000 -19.9000
v 9.9500 8.0000 -19.9000
v 8.3500 8.0000 -20.1000
v 9.9500 8.0000 -20.1000
v 8.3500 12.0000 -19.9000
v 9.9500 12.0000 -19.9000
v 8.3500 12.0000 -20.1000
v 9.9500 12.0000 -20.1000
v -1.9500 8.0000 -30.0000
v -1.7500 8.0000 -30.0000
v -1.9500 8.0000 -34.2000
v -1.7500 8.0000 -34.2000
v -1.9500 12.0000 -30.0000
v -1.7500 12.0000 -30.0000
v -1.9500 12.0000 -34.2000
v -1.7500 12.0000 -34.2000
v -1.9500 10.6000 -34.2000
v -1.7500 10.6000 -34.2000
v -1.9500 10.6000 -35.8000
v -1.7500 10.6000 -35.8000
v -1.9500 12.0000 -34.2000
v -1.7500 12.0000 -34.2000
v -1.9500 12.0000 -35.8000
v -1.7500 12.0000 -35.8000
v -1.9500 8.0000 -35.8000
v -1.7500 8.0000 -35.8000
v -1.9500 8.0000 -37.2000
v -1.7500 8.0000 -37.2000
v -1.9500 12.0000 -35.8000
v -1.7500 12.0000 -35.8000
v -1.9500 12.0000 -37.2000
v -1.7500 12.0000 -37.2000
v -1.9500 10.6000 -37.2000
v -1.7500 10.6000 -37.2000
v -1.9500 10.6000 -38.8000
v -1.7500 10.6000 -38.8000
v -1.9500 12.0000 -37.2000
v -1.7500 12.0000 -37.2000
v -1.9500 12.0000 -38.8000
v -1.7500 12.0000 -38.8000
v -1.9500 8.0000 -38.8000
v -1.7500 8.0000 -38.8000
v -1.9500 8.0000 -40.0000
v -1.7500 8.0000 -40.0000
v -1.9500 12.0000 -38.8000
v -1.7500 12.0000 -38.8000
v -1.9500 12.0000 -40.0000
v -1.7500 12.0000 -40.0000
v 1.7500 8.0000 -30.0000
v 1.9500 8.0000 -30.0000
v 1.7500 8.0000 -34.2000
v 1.9500 8.0000 -34.2000
v 1.7500 12.0000 -30.0000
v 1.9500 12.0000 -30.0000
v 1.7500 12.0000 -34.2000
v 1.9500 12.0000 -34.2000
v 1.7500 10.6000 -34.2000
v 1.9500 10.6000 -34.2000
v 1.7500 10.6000 -35.8000
v 1.9500 10.6000 -35.8000
v 1.7500 12.0000 -34.2000
v 1.9500 12.0000 -34.2000
v 1.7500 12.0000 -35.8000
v 1.9500 12.0000 -35.8000
v 1.7500 8.0000 -35.8000
v 1.9500 8.0000 -35.8000
v 1.7500 8.0000 -37.2000
v 1.9500 8.0000 -37.2000
v 1.7500 12.0000 -35.8000
v 1.9500 12.0000 -35.8000
v 1.7500 12.0000 -37.2000
v 1.9500 12.0000 -37.2000
v 1.7500 10.6000 -37.2000
v 1.9500 10.6000 -37.2000
v 1.7500 10.6000 -38.8000
v 1.9500 10.6000 -38.8000
v 1.7500 12.0000 -37.2000
v 1.9500 12.0000 -37.2000
v 1.7500 12.0000 -38.8000
v 1.9500 12.0000 -38.8000
v 1.7500 8.0000 -38.8000
v 1.9500 8.0000 -38.8000
v 1.7500 8.0000 -40.0000
v 1.9500 8.0000 -40.0000
v 1.7500 12.0000 -38.8000
v 1.9500 12.0000 -38.8000
v 1.7500 12.0000 -40.0000
v 1.9500 12.0000 -40.0000
v -1.7500 8.0000 -29.9000
v -1.5500 8.0000 -29.9000
v -1.7500 8.0000 -30.1000
v -1.5500 8.0000 -30.1000
v -1.7500 12.0000 -29.9000
v -1.5500 12.0000 -29.9000
v -1.7500 12.0000 -30.1000
v -1.5500 12.0000 -30.1000
v -1.5500 10.8000 -29.9000
v 0.0500 10.8000 -29.9000
v -1.5500 10.8000 -30.1000
v 0.0500 10.8000 -30.1000
v -1.5500 12.0000 -29.9000
v 0.0500 12.0000 -29.9000
v -1.5500 12.0000 -30.1000
v 0.0500 12.0000 -30.1000
v 0.0500 8.0000 -29.9000
v 1.7500 8.0000 -29.9000
v 0.0500 8.0000 -30.1000
v 1.7500 8.0000 -30.1000
v 0.0500 12.0000 -29.9000
v 1.7500 12.0000 -29.9000
v 0.0500 12.0000 -30.1000
v 1.7500 12.0000 -30.1000
v -9.9500 8.0000 -29.9000
v -8.5500 8.0000 -29.9000
v -9.9500 8.0000 -30.1000
v -8.5500 8.0000 -30.1000
v -9.9500 12.0000 -29.9000
v -8.5500 12.0000 -29.9000
v -9.9500 12.0000 -30.1000
v -8.5500 12.0000 -30.1000
v -8.5500 10.4000 -29.9000
v -6.9500 10.4000 -29.9000
v -8.5500 10.4000 -30.1000
v -6.9500 10.4000 -30.1000
v -8.5500 12.0000 -29.9000
v -6.9500 12.0000 -29.9000
v -8.5500 12.0000 -30.1000
v -6.9500 12.0000 -30.1000
v -6.9500 8.0000 -29.9000
v -1.9500 8.0000 -29.9000
v -6.9500 8.0000 -30.1000
v -1.9500 8.0000 -30.1000
v -6.9500 12.0000 -29.9000
v -1.9500 12.0000 -29.9000
v -6.9500 12.0000 -30.1000
v -1.9500 12.0000 -30.1000
v 1.9500 8.0000 -29.9000
v 6.9500 8.0000 -29.9000
v 1.9500 8.0000 -30.1000
v 6.9500 8.0000 -30.1000
v 1.9500 12.0000 -29.9000
v 6.9500 12.0000 -29.9000
v 1.9500 12.0000 -30.1000
v 6.9500 12.0000 -30.1000
v 6.9500 10.4000 -29.9000
v 8.5500 10.4000 -29.9000
v 6.9500 10.4000 -30.1000
v 8.5500 10.4000 -30.1000
v 6.9500 12.0000 -29.9000
v 8.5500 12.0000 -29.9000
v 6.9500 12.0000 -30.1000
v 8.5500 12.0000 -30.1000
v 8.5500 8.0000 -29.9000
v 9.9500 8.0000 -29.9000
v 8.5500 8.0000 -30.1000
v 9.9500 8.0000 -30.1000
v 8.5500 12.0000 -29.9000
v 9.9500 12.0000 -29.9000
v 8.5500 12.0000 -30.1000
v 9.9500 12.0000 -30.1000
v -1.9500 8.0000 -40.0000
v -1.7500 8.0000 -40.0000
v -1.9500 8.0000 -44.2000
v -1.7500 8.0000 -44.2000
v -1.9500 12.0000 -40.0000
v -1.7500 12.0000 -40.0000
v -1.9500 12.0000 -44.2000
v -1.7500 12.0000 -44.2000
v -1.9500 10.6000 -44.2000
v -1.7500 10.6000 -44.2000
v -1.9500 10.6000 -45.8000
v -1.7500 10.6000 -45.8000
v -1.9500 12.0000 -44.2000
v -1.7500 12.0000 -44.2000
v -1.9500 12.0000 -45.8000
v -1.7500 12.0000 -45.8000
v -1.9500 8.0000 -45.8000
v -1.7500 8.0000 -45.8000
v -1.9500 8.0000 -50.0000
v -1.7500 8.0000 -50.0000
v -1.9500 12.0000 -45.8000
v -1.7500 12.0000 -45.8000
v -1.9500 12.0000 -50.0000
v -1.7500 12.0000 -50.0000
v 1.7500 8.0000 -40.0000
v 1.9500 8.0000 -40.0000
v 1.7500 8.0000 -43.7000
v 1.9500 8.0000 -43.7000
v 1.7500 12.0000 -40.0000
v 1.9500 12.0000 -40.0000
v 1.7500 12.0000 -43.7000
v 1.9500 12.0000 -43.7000
v 1.7500 10.6000 -43.7000
v 1.9500 10.6000 -43.7000
v 1.7500 10.6000 -46.3000
v 1.9500 10.6000 -46.3000
v 1.7500 12.0000 -43.7000
v 1.9500 12.0000 -43.7000
v 1.7500 12.0000 -46.3000
v 1.9500 12.0000 -46.3000
v 1.7500 8.0000 -46.3000
v 1.9500 8.0000 -46.3000
v 1.7500 8.0000 -50.0000
v 1.9500 8.0000 -50.0000
v 1.7500 12.0000 -46.3000
v 1.9500 12.0000 -46.3000
v 1.7500 12.0000 -50.0000
v 1.9500 12.0000 -50.0000
v -9.9500 8.0000 -39.9000
v -8.3500 8.0000 -39.9000
v -9.9500 8.0000 -40.1000
v -8.3500 8.0000 -40.1000
v -9.9500 12.0000 -39.9000
v -8.3500 12.0000 -39.9000
v -9.9500 12.0000 -40.1000
v -8.3500 12.0000 -40.1000
v -8.3500 10.4000 -39.9000
v -7.1500 10.4000 -39.9000
v -8.3500 10.4000 -40.1000
v -7.1500 10.4000 -40.1000
v -8.3500 12.0000 -39.9000
v -7.1500 12.0000 -39.9000
v -8.3500 12.0000 -40.1000
v -7.1500 12.0000 -40.1000
v -7.1500 8.0000 -39.9000
v -1.9500 8.0000 -39.9000
v -7.1500 8.0000 -40.1000
v -1.9500 8.0000 -40.1000
v -7.1500 12.0000 -39.9000
v -1.9500 12.0000 -39.9000
v -7.1500 12.0000 -40.1000
v -1.9500 12.0000 -40.1000
v 1.9500 8.0000 -39.9000
v 7.1500 8.0000 -39.9000
v 1.9500 8.0000 -40.1000
v 7.1500 8.0000 -40.1000
v 1.9500 12.0000 -39.9000
v 7.1500 12.0000 -39.9000
v 1.9500 12.0000 -40.1000
v 7.1500 12.0000 -40.1000
v 7.1500 10.4000 -39.9000
v 8.3500 10.4000 -39.9000
v 7.1500 10.4000 -40.1000
v 8.3500 10.4000 -40.1000
v 7.1500 12.0000 -39.9000
v 8.3500 12.0000 -39.9000
v 7.1500 12.0000 -40.1000
v 8.3500 12.0000 -40.1000
v 8.3500 8.0000 -39.9000
v 9.9500 8.0000 -39.9000
v 8.3500 8.0000 -40.1000
v 9.9500 8.0000 -40.1000
v 8.3500 12.0000 -39.9000
v 9.9500 12.0000 -39.9000
v 8.3500 12.0000 -40.1000
v 9.9500 12.0000 -40.1000
v -1.9500 8.0000 -50.0000
v -1.7500 8.0000 -50.0000
v -1.9500 8.0000 -54.2000
v -1.7500 8.0000 -54.2000
v -1.9500 12.0000 -50.0000
v -1.7500 12.0000 -50.0000
v -1.9500 12.0000 -54.2000
v -1.7500 12.0000 -54.2000
v -1.9500 10.6000 -54.2000
v -1.7500 10.6000 -54.2000
v -1.9500 10.6000 -55.8000
v -1.7500 10.6000 -55.8000
v -1.9500 12.0000 -54.2000
v -1.7500 12.0000 -54.2000
v -1.9500 12.0000 -55.8000
v -1.7500 12.0000 -55.8000
v -1.9500 8.0000 -55.8000
v -1.7500 8.0000 -55.8000
v -1.9500 8.0000 -57.2000
v -1.7500 8.0000 -57.2000
v -1.9500 12.0000 -55.8000
v -1.7500 12.0000 -55.8000
v -1.9500 12.0000 -57.2000
v -1.7500 12.0000 -57.2000
v -1.9500 10.6000 -57.2000
v -1.7500 10.6000 -57.2000
v -1.9500 10.6000 -58.8000
v -1.7500 10.6000 -58.8000
v -1.9500 12.0000 -57.2000
v -1.7500 12.0000 -57.2000
v -1.9500 12.0000 -58.8000
v -1.7500 12.0000 -58.8000
v -1.9500 8.0000 -58.8000
v -1.7500 8.0000 -58.8000
v -1.9500 8.0000 -60.0000
v -1.7500 8.0000 -60.0000
v -1.9500 12.0000 -58.8000
v -1.7500 12.0000 -58.8000
v -1.9500 12.0000 -60.0000
v -1.7500 12.0000 -60.0000
v 1.7500 8.0000 -50.0000
v 1.9500 8.0000 -50.0000
v 1.7500 8.0000 -54.2000
v 1.9500 8.0000 -54.2000
v 1.7500 12.0000 -50.0000
v 1.9500 12.0000 -50.0000
v 1.7500 12.0000 -54.2000
v 1.9500 12.0000 -54.2000
v 1.7500 10.6000 -54.2000
v 1.9500 10.6000 -54.2000
v 1.7500 10.6000 -55.8000
v 1.9500 10.6000 -55.8000
v 1.7500 12.0000 -54.2000
v 1.9500 12.0000 -54.2000
v 1.7500 12.0000 -55.8000
v 1.9500 12.0000 -55.8000
v 1.7500 8.0000 -55.8000
v 1.9500 8.0000 -55.8000
v 1.7500 8.0000 -60.0000
v 1.9500 8.0000 -60.0000
v 1.7500 12.0000 -55.8000
v 1.9500 12.0000 -55.8000
v 1.7500 12.0000 -60.0000
v 1.9500 12.0000 -60.0000
v -1.7500 8.0000 -49.9000
v -1.5500 8.0000 -49.9000
v -1.7500 8.0000 -50.1000
v -1.5500 8.0000 -50.1000
v -1.7500 12.0000 -49.9000
v -1.5500 12.0000 -49.9000
v -1.7500 12.0000 -50.1000
v -1.5500 12.0000 -50.1000
v -1.5500 10.8000 -49.9000
v 0.0500 10.8000 -49.9000
v -1.5500 10.8000 -50.1000
v 0.0500 10.8000 -50.1000
v -1.5500 12.0000 -49.9000
v 0.0500 12.0000 -49.9000
v -1.5500 12.0000 -50.1000
v 0.0500 12.0000 -50.1000
v 0.0500 8.0000 -49.9000
v 1.7500 8.0000 -49.9000
v 0.0500 8.0000 -50.1000
v 1.7500 8.0000 -50.1000
v 0.0500 12.0000 -49.9000
v 1.7500 12.0000 -49.9000
v 0.0500 12.0000 -50.1000
v 1.7500 12.0000 -50.1000
v -9.9500 8.0000 -49.9000
v -8.5500 8.0000 -49.9000
v -9.9500 8.0000 -50.1000
v -8.5500 8.0000 -50.1000
v -9.9500 12.0000 -49.9000
v -8.5500 12.0000 -49.9000
v -9.9500 12.0000 -50.1000
v -8.5500 12.0000 -50.1000
v -8.5500 10.4000 -49.9000
v -6.9500 10.4000 -49.9000
v -8.5500 10.4000 -50.1000
v -6.9500 10.4000 -50.1000
v -8.5500 12.0000 -49.9000
v -6.9500 12.0000 -49.9000
v -8.5500 12.0000 -50.1000
v -6.9500 12.0000 -50.1000
v -6.9500 8.0000 -49.9000
v -1.9500 8.0000 -49.9000
v -6.9500 8.0000 -50.1000
v -1.9500 8.0000 -50.1000
v -6.9500 12.0000 -49.9000
v -1.9500 12.0000 -49.9000
v -6.9500 12.0000 -50.1000
v -1.9500 12.0000 -50.1000
v 1.9500 8.0000 -49.9000
v 6.9500 8.0000 -49.9000
v 1.9500 8.0000 -50.1000
v 6.9500 8.0000 -50.1000
v 1.9500 12.0000 -49.9000
v 6.9500 12.0000 -49.9000
v 1.9500 12.0000 -50.1000
v 6.9500 12.0000 -50.1000
v 6.9500 10.4000 -49.9000
v 8.5500 10.4000 -49.9000
v 6.9500 10.4000 -50.1000
v 8.5500 10.4000 -50.1000
v 6.9500 12.0000 -49.9000
v 8.5500 12.0000 -49.9000
v 6.9500 12.0000 -50.1000
v 8.5500 12.0000 -50.1000
v 8.5500 8.0000 -49.9000
v 9.9500 8.0000 -49.9000
v 8.5500 8.0000 -50.1000
v 9.9500 8.0000 -50.1000
v 8.5500 12.0000 -49.9000
v 9.9500 12.0000 -49.9000
v 8.5500 12.0000 -50.1000
v 9.9500 12.0000 -50.1000
v -1.9500 8.0000 -60.0000
v -1.7500 8.0000 -60.0000
v -1.9500 8.0000 -63.7000
v -1.7500 8.0000 -63.7000
v -1.9500 12.0000 -60.0000
v -1.7500 12.0000 -60.0000
v -1.9500 12.0000 -63.7000
v -1.7500 12.0000 -63.7000
v -1.9500 10.6000 -63.7000
v -1.7500 10.6000 -63.7000
v -1.9500 10.6000 -66.3000
v -1.7500 10.6000 -66.3000
v -1.9500 12.0000 -63.7000
v -1.7500 12.0000 -63.7000
v -1.9500 12.0000 -66.3000
v -1.7500 12.0000 -66.3000
v -1.9500 8.0000 -66.3000
v -1.7500 8.0000 -66.3000
v -1.9500 8.0000 -70.0000
v -1.7500 8.0000 -70.0000
v -1.9500 12.0000 -66.3000
v -1.7500 12.0000 -66.3000
v -1.9500 12.0000 -70.0000
v -1.7500 12.0000 -70.0000
v 1.7500 8.0000 -60.0000
v 1.9500 8.0000 -60.0000
v 1.7500 8.0000 -64.2000
v 1.9500 8.0000 -64.2000
v 1.7500 12.0000 -60.0000
v 1.9500 12.0000 -60.0000
v 1.7500 12.0000 -64.2000
v 1.9500 12.0000 -64.2000
v 1.7500 10.6000 -64.2000
v 1.9500 10.6000 -64.2000
v 1.7500 10.6000 -65.8000
v 1.9500 10.6000 -65.8000
v 1.7500 12.0000 -64.2000
v 1.9500 12.0000 -64.2000
v 1.7500 12.0000 -65.8000
v 1.9500 12.0000 -65.8000
v 1.7500 8.0000 -65.8000
v 1.9500 8.0000 -65.8000
v 1.7500 8.0000 -70.0000
v 1.9500 8.0000 -70.0000
v 1.7500 12.0000 -65.8000
v 1.9500 12.0000 -65.8000
v 1.7500 12.0000 -70.0000
v 1.9500 12.0000 -70.0000
v -9.9500 8.0000 -59.9000
v -8.3500 8.0000 -59.9000
v -9.9500 8.0000 -60.1000
v -8.3500 8.0000 -60.1000
v -9.9500 12.0000 -59.9000
v -8.3500 12.0000 -59.9000
v -9.9500 12.0000 -60.1000
v -8.3500 12.0000 -60.1000
v -8.3500 10.4000 -59.9000
v -7.1500 10.4000 -59.9000
v -8.3500 10.4000 -60.1000
v -7.1500 10.4000 -60.1000
v -8.3500 12.0000 -59.9000
v -7.1500 12.0000 -59.9000
v -8.3500 12.0000 -60.1000
v -7.1500 12.0000 -60.1000
v -7.1500 8.0000 -59.9000
v -1.9500 8.0000 -59.9000
v -7.1500 8.0000 -60.1000
v -1.9500 8.0000 -60.1000
v -7.1500 12.0000 -59.9000
v -1.9500 12.0000 -59.9000
v -7.1500 12.0000 -60.1000
v -1.9500 12.0000 -60.1000
v 1.9500 8.0000 -59.9000
v 7.1500 8.0000 -59.9000
v 1.9500 8.0000 -60.1000
v 7.1500 8.0000 -60.1000
v 1.9500 12.0000 -59.9000
v 7.1500 12.0000 -59.9000
v 1.9500 12.0000 -60.1000
v 7.1500 12.0000 -60.1000
v 7.1500 10.4000 -59.9000
v 8.3500 10.4000 -59.9000
v 7.1500 10.4000 -60.1000
v 8.3500 10.4000 -60.1000
v 7.1500 12.0000 -59.9000
v 8.3500 12.0000 -59.9000
v 7.1500 12.0000 -60.1000
v 8.3500 12.0000 -60.1000
v 8.3500 8.0000 -59.9000
v 9.9500 8.0000 -59.9000
v 8.3500 8.0000 -60.1000
v 9.9500 8.0000 -60.1000
v 8.3500 12.0000 -59.9000
v 9.9500 12.0000 -59.9000
v 8.3500 12.0000 -60.1000
v 9.9500 12.0000 -60.1000
v -1.9500 8.0000 -70.0000
v -1.7500 8.0000 -70.0000
v -1.9500 8.0000 -74.2000
v -1.7500 8.0000 -74.2000
v -1.9500 12.0000 -70.0000
v -1.7500 12.0000 -70.0000
v -1.9500 12.0000 -74.2000
v -1.7500 12.0000 -74.2000
v -1.9500 10.6000 -74.2000
v -1.7500 10.6000 -74.2000
v -1.9500 10.6000 -75.8000
v -1.7500 10.6000 -75.8000
v -1.9500 12.0000 -74.2000
v -1.7500 12.0000 -74.2000
v -1.9500 12.0000 -75.8000
v -1.7500 12.0000 -75.8000
v -1.9500 8.0000 -75.8000
v -1.7500 8.0000 -75.8000
v -1.9500 8.0000 -80.0000
v -1.7500 8.0000 -80.0000
v -1.9500 12.0000 -75.8000
v -1.7500 12.0000 -75.8000
v -1.9500 12.0000 -80.0000
v -1.7500 12.0000 -80.0000
v 1.7500 8.0000 -70.0000
v 1.9500 8.0000 -70.0000
v 1.7500 8.0000 -74.2000
v 1.9500 8.0000 -74.2000
v 1.7500 12.0000 -70.0000
v 1.9500 12.0000 -70.0000
v 1.7500 12.0000 -74.2000
v 1.9500 12.0000 -74.2000
v 1.7500 10.6000 -74.2000
v 1.9500 10.6000 -74.2000
v 1.7500 10.6000 -75.8000
v 1.9500 10.6000 -75.8000
v 1.7500 12.0000 -74.2000
v 1.9500 12.0000 -74.2000
v 1.7500 12.0000 -75.8000
v 1.9500 12.0000 -75.8000
v 1.7500 8.0000 -75.8000
v 1.9500 8.0000 -75.8000
v 1.7500 8.0000 -80.0000
v 1.9500 8.0000 -80.0000
v 1.7500 12.0000 -75.8000
v 1.9500 12.0000 -75.8000
v 1.7500 12.0000 -80.0000
v 1.9500 12.0000 -80.0000
v -1.7500 8.0000 -69.9000
v -1.5500 8.0000 -69.9000
v -1.7500 8.0000 -70.1000
v -1.5500 8.0000 -70.1000
v -1.7500 12.0000 -69.9000
v -1.5500 12.0000 -69.9000
v -1.7500 12.0000 -70.1000
v -1.5500 12.0000 -70.1000
v -1.5500 10.8000 -69.9000
v 0.0500 10.8000 -69.9000
v -1.5500 10.8000 -70.1000
v 0.0500 10.8000 -70.1000
v -1.5500 12.0000 -69.9000
v 0.0500 12.0000 -69.9000
v -1.5500 12.0000 -70.1000
v 0.0500 12.0000 -70.1000
v 0.0500 8.0000 -69.9000
v 1.7500 8.0000 -69.9000
v 0.0500 8.0000 -70.1000
v 1.7500 8.0000 -70.1000
v 0.0500 12.0000 -69.9000
v 1.7500 12.0000 -69.9000
v 0.0500 12.0000 -70.1000
v 1.7500 12.0000 -70.1000
v -9.9500 8.0000 -69.9000
v -8.5500 8.0000 -69.9000
v -9.9500 8.0000 -70.1000
v -8.5500 8.0000 -70.1000
v -9.9500 12.0000 -69.9000
v -8.5500 12.0000 -69.9000
v -9.9500 12.0000 -70.1000
v -8.5500 12.0000 -70.1000
v -8.5500 10.4000 -69.9000
v -6.9500 10.4000 -69.9000
v -8.5500 10.4000 -70.1000
v -6.9500 10.4000 -70.1000
v -8.5500 12.0000 -69.9000
v -6.9500 12.0000 -69.9000
v -8.5500 12.0000 -70.1000
v -6.9500 12.0000 -70.1000
v -6.9500 8.0000 -69.9000
v -1.9500 8.0000 -69.9000
v -6.9500 8.0000 -70.1000
v -1.9500 8.0000 -70.1000
v -6.9500 12.0000 -69.9000
v -1.9500 12.0000 -69.9000
v -6.9500 12.0000 -70.1000
v -1.9500 12.0000 -70.1000
v 1.9500 8.0000 -69.9000
v 6.9500 8.0000 -69.9000
v 1.9500 8.0000 -70.1000
v 6.9500 8.0000 -70.1000
v 1.9500 12.0000 -69.9000
v 6.9500 12.0000 -69.9000
v 1.9500 12.0000 -70.1000
v 6.9500 12.0000 -70.1000
v 6.9500 10.4000 -69.9000
v 8.5500 10.4000 -69.9000
v 6.9500 10.4000 -70.1000
v 8.5500 10.4000 -70.1000
v 6.9500 12.0000 -69.9000
v 8.5500 12.0000 -69.9000
v 6.9500 12.0000 -70.1000
v 8.5500 12.0000 -70.1000
v 8.5500 8.0000 -69.9000
v 9.9500 8.0000 -69.9000
v 8.5500 8.0000 -70.1000
v 9.9500 8.0000 -70.1000
v 8.5500 12.0000 -69.9000
v 9.9500 12.0000 -69.9000
v 8.5500 12.0000 -70.1000
v 9.9500 12.0000 -70.1000
v -9.9500 8.0000 -79.9000
v -1.5500 8.0000 -79.9000
v -9.9500 8.0000 -80.1000
v -1.5500 8.0000 -80.1000
v -9.9500 12.0000 -79.9000
v -1.5500 12.0000 -79.9000
v -9.9500 12.0000 -80.1000
v -1.5500 12.0000 -80.1000
v -1.5500 10.8000 -79.9000
v 0.0500 10.8000 -79.9000
v -1.5500 10.8000 -80.1000
v 0.0500 10.8000 -80.1000
v -1.5500 12.0000 -79.9000
v 0.0500 12.0000 -79.9000
v -1.5500 12.0000 -80.1000
v 0.0500 12.0000 -80.1000
v 0.0500 8.0000 -79.9000
v 9.9500 8.0000 -79.9000
v 0.0500 8.0000 -80.1000
v 9.9500 8.0000 -80.1000
v 0.0500 12.0000 -79.9000
v 9.9500 12.0000 -79.9000
v 0.0500 12.0000 -80.1000
v 9.9500 12.0000 -80.1000
v -5.1500 0.0000 -10.8000
v -4.9500 0.0000 -10.8000
v -5.1500 0.0000 -14.2000
v -4.9500 0.0000 -14.2000
v -5.1500 12.0000 -10.8000
v -4.9500 12.0000 -10.8000
v -5.1500 12.0000 -14.2000
v -4.9500 12.0000 -14.2000
v -4.9500 0.0000 -10.8000
v -1.9500 0.0000 -10.8000
v -4.9500 0.0000 -11.0000
v -1.9500 0.0000 -11.0000
v -4.9500 12.0000 -10.8000
v -1.9500 12.0000 -10.8000
v -4.9500 12.0000 -11.0000
v -1.9500 12.0000 -11.0000
v -4.9500 0.0000 -14.0000
v -1.9500 0.0000 -14.0000
v -4.9500 0.0000 -14.2000
v -1.9500 0.0000 -14.2000
v -4.9500 12.0000 -14.0000
v -1.9500 12.0000 -14.0000
v -4.9500 12.0000 -14.2000
v -1.9500 12.0000 -14.2000
v -9.6500 0.0000 -1.6000
v -7.4500 0.0000 -1.6000
v -9.6500 0.0000 -8.4000
v -7.4500 0.0000 -8.4000
v -9.6500 0.0200 -1.6000
v -7.4500 0.0200 -1.6000
v -9.6500 4.0000 -8.4000
v -7.4500 4.0000 -8.4000
v 7.4500 4.0000 -21.6000
v 9.6500 4.0000 -21.6000
v 7.4500 4.0000 -28.4000
v 9.6500 4.0000 -28.4000
v 7.4500 4.0200 -21.6000
v 9.6500 4.0200 -21.6000
v 7.4500 8.0000 -28.4000
v 9.6500 8.0000 -28.4000
f 453 455 451 449
f 450 452 456 454
f 449 450 454 453
f 455 456 452 451
f 451 452 450 449
f 453 454 456 455
f 461 463 459 457
f 458 460 464 462
f 457 458 462 461
f 463 464 460 459
f 459 460 458 457
f 461 462 464 463
f 469 471 467 465
f 466 468 472 470
f 465 466 470 469
f 471 472 468 467
f 467 468 466 465
f 469 470 472 471
f 477 479 475 473
f 474 476 480 478
f 473 474 478 477
f 479 480 476 475
f 475 476 474 473
f 477 478 480 479
f 485 487 483 481
f 482 484 488 486
f 481 482 486 485
f 487 488 484 483
f 483 484 482 481
f 485 486 488 487
f 493 495 491 489
f 490 492 496 494
f 489 490 494 493
f 495 496 492 491
f 491 492 490 489
f 493 494 496 495
f 501 503 499 497
f 498 500 504 502
f 497 498 502 501
f 503 504 500 499
f 499 500 498 497
f 501 502 504 503
f 509 511 507 505
f 506 508 512 510
f 505 506 510 509
f 511 512 508 507
f 507 508 506 505
f 509 510 512 511
f 517 519 515 513
f 514 516 520 518
f 513 514 518 517
f 519 520 516 515
f 515 516 514 513
f 517 518 520 519
f 525 527 523 521
f 522 524 528 526
f 521 522 526 525
f 527 528 524 523
f 523 524 522 521
f 525 526 528 527
f 533 535 531 529
f 530 532 536 534
f 529 530 534 533
f 535 536 532 531
f 531 532 530 529
f 533 534 536 535
f 541 543 539 537
f 538 540 544 542
f 537 538 542 541
f 543 544 540 539
f 539 540 538 537
f 541 542 544 543
f 549 551 547 545
f 546 548 552 550
f 545 546 550 549
f 551 552 548 547
f 547 548 546 545
f 549 550 552 551
f 557 559 555 553
f 554 556 560 558
f 553 554 558 557
f 559 560 556 555
f 555 556 554 553
f 557 558 560 559
f 565 567 563 561
f 562 564 568 566
f 561 562 566 565
f 567 568 564 563
f 563 564 562 561
f 565 566 568 567
f 573 575 571 569
f 570 572 576 574
f 569 570 574 573
f 575 576 572 571
f 571 572 570 569
f 573 574 576 575
f 581 583 579 577
f 578 580 584 582
f 577 578 582 581
f 583 584 580 579
f 579 580 578 577
f 581 582 584 583
f 589 591 587 585
f 586 588 592 590
f 585 586 590 589
f 591 592 588 587
f 587 588 586 585
f 589 590 592 591
f 597 599 595 593
f 594 596 600 598
f 593 594 598 597
f 599 600 596 595
f 595 596 594 593
f 597 598 600 599
f 605 607 603 601
f 602 604 608 606
f 601 602 606 605
f 607 608 604 603
f 603 604 602 601
f 605 606 608 607
f 613 615 611 609
f 610 612 616 614
f 609 610 614 613
f 615 616 612 611
f 611 612 610 609
f 613 614 616 615
f 621 623 619 617
f 618 620 624 622
f 617 618 622 621
f 623 624 620 619
f 619 620 618 617
f 621 622 624 623
f 629 631 627 625
f 626 628 632 630
f 625 626 630 629
f 631 632 628 627
f 627 628 626 625
f 629 630 632 631
f 637 639 635 633
f 634 636 640 638
f 633 634 638 637
f 639 640 636 635
f 635 636 634 633
f 637 638 640 639
f 645 647 643 641
f 642 644 648 646
f 641 642 646 645
f 647 648 644 643
f 643 644 642 641
f 645 646 648 647
f 653 655 651 649
f 650 652 656 654
f 649 650 654 653
f 655 656 652 651
f 651 652 650 649
f 653 654 656 655
f 661 663 659 657
f 658 660 664 662
f 657 658 662 661
f 663 664 660 659
f 659 660 658 657
f 661 662 664 663
f 669 671 667 665
f 666 668 672 670
f 665 666 670 669
f 671 672 668 667
f 667 668 666 665
f 669 670 672 671
f 677 679 675 673
f 674 676 680 678
f 673 674 678 677
f 679 680 676 675
f 675 676 674 673
f 677 678 680 679
f 685 687 683 681
f 682 684 688 686
f 681 682 686 685
f 687 688 684 683
f 683 684 682 681
f 685 686 688 687
f 693 695 691 689
f 690 692 696 694
f 689 690 694 693
f 695 696 692 691
f 691 692 690 689
f 693 694 696 695
f 701 703 699 697
f 698 700 704 702
f 697 698 702 701
f 703 704 700 699
f 699 700 698 697
f 701 702 704 703
f 709 711 707 705
f 706 708 712 710
f 705 706 710 709
f 711 712 708 707
f 707 708 706 705
f 709 710 712 711
f 717 719 715 713
f 714 716 720 718
f 713 714 718 717
f 719 720 716 715
f 715 716 714 713
f 717 718 720 719
f 725 727 723 721
f 722 724 728 726
f 721 722 726 725
f 727 728 724 723
f 723 724 722 721
f 725 726 728 727
f 733 735 731 729
f 730 732 736 734
f 729 730 734 733
f 735 736 732 731
f 731 732 730 729
f 733 734 736 735
f 741 743 739 737
f 738 740 744 742
f 737 738 742 741
f 743 744 740 739
f 739 740 738 737
f 741 742 744 743
f 749 751 747 745
f 746 748 752 750
f 745 746 750 749
f 751 752 748 747
f 747 748 746 745
f 749 750 752 751
f 757 759 755 753
f 754 756 760 758
f 753 754 758 757
f 759 760 756 755
f 755 756 754 753
f 757 758 760 759
f 765 767 763 761
f 762 764 768 766
f 761 762 766 765
f 767 768 764 763
f 763 764 762 761
f 765 766 768 767
f 773 775 771 769
f 770 772 776 774
f 769 770 774 773
f 775 776 772 771
f 771 772 770 769
f 773 774 776 775
f 781 783 779 777
f 778 780 784 782
f 777 778 782 781
f 783 784 780 779
f 779 780 778 777
f 781 782 784 783
f 789 791 787 785
f 786 788 792 790
f 785 786 790 789
f 791 792 788 787
f 787 788 786 785
f 789 790 792 791
f 797 799 795 793
f 794 796 800 798
f 793 794 798 797
f 799 800 796 795
f 795 796 794 793
f 797 798 800 799
f 805 807 803 801
f 802 804 808 806
f 801 802 806 805
f 807 808 804 803
f 803 804 802 801
f 805 806 808 807
f 813 815 811 809
f 810 812 816 814
f 809 810 814 813
f 815 816 812 811
f 811 812 810 809
f 813 814 816 815
f 821 823 819 817
f 818 820 824 822
f 817 818 822 821
f 823 824 820 819
f 819 820 818 817
f 821 822 824 823
f 829 831 827 825
f 826 828 832 830
f 825 826 830 829
f 831 832 828 827
f 827 828 826 825
f 829 830 832 831
f 837 839 835 833
f 834 836 840 838
f 833 834 838 837
f 839 840 836 835
f 835 836 834 833
f 837 838 840 839
f 845 847 843 841
f 842 844 848 846
f 841 842 846 845
f 847 848 844 843
f 843 844 842 841
f 845 846 848 847
f 853 855 851 849
f 850 852 856 854
f 849 850 854 853
f 855 856 852 851
f 851 852 850 849
f 853 854 856 855
f 861 863 859 857
f 858 860 864 862
f 857 858 862 861
f 863 864 860 859
f 859 860 858 857
f 861 862 864 863
f 869 871 867 865
f 866 868 872 870
f 865 866 870 869
f 871 872 868 867
f 867 868 866 865
f 869 870 872 871
f 877 879 875 873
f 874 876 880 878
f 873 874 878 877
f 879 880 876 875
f 875 876 874 873
f 877 878 880 879
f 885 887 883 881
f 882 884 888 886
f 881 882 886 885
f 887 888 884 883
f 883 884 882 881
f 885 886 888 887
f 893 895 891 889
f 890 892 896 894
f 889 890 894 893
f 895 896 892 891
f 891 892 890 889
f 893 894 896 895
f 901 903 899 897
f 898 900 904 902
f 897 898 902 901
f 903 904 900 899
f 899 900 898 897
f 901 902 904 903
f 909 911 907 905
f 906 908 912 910
f 905 906 910 909
f 911 912 908 907
f 907 908 906 905
f 909 910 912 911
f 917 919 915 913
f 914 916 920 918
f 913 914 918 917
f 919 920 916 915
f 915 916 914 913
f 917 918 920 919
f 925 927 923 921
f 922 924 928 926
f 921 922 926 925
f 927 928 924 923
f 923 924 922 921
f 925 926 928 927
f 933 935 931 929
f 930 932 936 934
f 929 930 934 933
f 935 936 932 931
f 931 932 930 929
f 933 934 936 935
f 941 943 939 937
f 938 940 944 942
f 937 938 942 941
f 943 944 940 939
f 939 940 938 937
f 941 942 944 943
f 949 951 947 945
f 946 948 952 950
f 945 946 950 949
f 951 952 948 947
f 947 948 946 945
f 949 950 952 951
f 957 959 955 953
f 954 956 960 958
f 953 954 958 957
f 959 960 956 955
f 955 956 954 953
f 957 958 960 959
f 965 967 963 961
f 962 964 968 966
f 961 962 966 965
f 967 968 964 963
f 963 964 962 961
f 965 966 968 967
f 973 975 971 969
f 970 972 976 974
f 969 970 974 973
f 975 976 972 971
f 971 972 970 969
f 973 974 976 975
f 981 983 979 977
f 978 980 984 982
f 977 978 982 981
f 983 984 980 979
f 979 980 978 977
f 981 982 984 983
f 989 991 987 985
f 986 988 992 990
f 985 986 990 989
f 991 992 988 987
f 987 988 986 985
f 989 990 992 991
f 997 999 995 993
f 994 996 1000 998
f 993 994 998 997
f 999 1000 996 995
f 995 996 994 993
f 997 998 1000 999
f 1005 1007 1003 1001
f 1002 1004 1008 1006
f 1001 1002 1006 1005
f 1007 1008 1004 1003
f 1003 1004 1002 1001
f 1005 1006 1008 1007
f 1013 1015 1011 1009
f 1010 1012 1016 1014
f 1009 1010 1014 1013
f 1015 1016 1012 1011
f 1011 1012 1010 1009
f 1013 1014 1016 1015
f 1021 1023 1019 1017
f 1018 1020 1024 1022
f 1017 1018 1022 1021
f 1023 1024 1020 1019
f 1019 1020 1018 1017
f 1021 1022 1024 1023
f 1029 1031 1027 1025
f 1026 1028 1032 1030
f 1025 1026 1030 1029
f 1031 1032 1028 1027
f 1027 1028 1026 1025
f 1029 1030 1032 1031
f 1037 1039 1035 1033
f 1034 1036 1040 1038
f 1033 1034 1038 1037
f 1039 1040 1036 1035
f 1035 1036 1034 1033
f 1037 1038 1040 1039
f 1045 1047 1043 1041
f 1042 1044 1048 1046
f 1041 1042 1046 1045
f 1047 1048 1044 1043
f 1043 1044 1042 1041
f 1045 1046 1048 1047
f 1053 1055 1051 1049
f 1050 1052 1056 1054
f 1049 1050 1054 1053
f 1055 1056 1052 1051
f 1051 1052 1050 1049
f 1053 1054 1056 1055
f 1061 1063 1059 1057
f 1058 1060 1064 1062
f 1057 1058 1062 1061
f 1063 1064 1060 1059
f 1059 1060 1058 1057
f 1061 1062 1064 1063
f 1069 1071 1067 1065
f 1066 1068 1072 1070
f 1065 1066 1070 1069
f 1071 1072 1068 1067
f 1067 1068 1066 1065
f 1069 1070 1072 1071
f 1077 1079 1075 1073
f 1074 1076 1080 1078
f 1073 1074 1078 1077
f 1079 1080 1076 1075
f 1075 1076 1074 1073
f 1077 1078 1080 1079
f 1085 1087 1083 1081
f 1082 1084 1088 1086
f 1081 1082 1086 1085
f 1087 1088 1084 1083
f 1083 1084 1082 1081
f 1085 1086 1088 1087
f 1093 1095 1091 1089
f 1090 1092 1096 1094
f 1089 1090 1094 1093
f 1095 1096 1092 1091
f 1091 1092 1090 1089
f 1093 1094 1096 1095
f 1101 1103 1099 1097
f 1098 1100 1104 1102
f 1097 1098 1102 1101
f 1103 1104 1100 1099
f 1099 1100 1098 1097
f 1101 1102 1104 1103
f 1109 1111 1107 1105
f 1106 1108 1112 1110
f 1105 1106 1110 1109
f 1111 1112 1108 1107
f 1107 1108 1106 1105
f 1109 1110 1112 1111
f 1117 1119 1115 1113
f 1114 1116 1120 1118
f 1113 1114 1118 1117
f 1119 1120 1116 1115
f 1115 1116 1114 1113
f 1117 1118 1120 1119
f 1125 1127 1123 1121
f 1122 1124 1128 1126
f 1121 1122 1126 1125
f 1127 1128 1124 1123
f 1123 1124 1122 1121
f 1125 1126 1128 1127
f 1133 1135 1131 1129
f 1130 1132 1136 1134
f 1129 1130 1134 1133
f 1135 1136 1132 1131
f 1131 1132 1130 1129
f 1133 1134 1136 1135
f 1141 1143 1139 1137
f 1138 1140 1144 1142
f 1137 1138 1142 1141
f 1143 1144 1140 1139
f 1139 1140 1138 1137
f 1141 1142 1144 1143
f 1149 1151 1147 1145
f 1146 1148 1152 1150
f 1145 1146 1150 1149
f 1151 1152 1148 1147
f 1147 1148 1146 1145
f 1149 1150 1152 1151
f 1157 1159 1155 1153
f 1154 1156 1160 1158
f 1153 1154 1158 1157
f 1159 1160 1156 1155
f 1155 1156 1154 1153
f 1157 1158 1160 1159
f 1165 1167 1163 1161
f 1162 1164 1168 1166
f 1161 1162 1166 1165
f 1167 1168 1164 1163
f 1163 1164 1162 1161
f 1165 1166 1168 1167
f 1173 1175 1171 1169
f 1170 1172 1176 1174
f 1169 1170 1174 1173
f 1175 1176 1172 1171
f 1171 1172 1170 1169
f 1173 1174 1176 1175
f 1181 1183 1179 1177
f 1178 1180 1184 1182
f 1177 1178 1182 1181
f 1183 1184 1180 1179
f 1179 1180 1178 1177
f 1181 1182 1184 1183
f 1189 1191 1187 1185
f 1186 1188 1192 1190
f 1185 1186 1190 1189
f 1191 1192 1188 1187
f 1187 1188 1186 1185
f 1189 1190 1192 1191
f 1197 1199 1195 1193
f 1194 1196 1200 1198
f 1193 1194 1198 1197
f 1199 1200 1196 1195
f 1195 1196 1194 1193
f 1197 1198 1200 1199
f 1205 1207 1203 1201
f 1202 1204 1208 1206
f 1201 1202 1206 1205
f 1207 1208 1204 1203
f 1203 1204 1202 1201
f 1205 1206 1208 1207
f 1213 1215 1211 1209
f 1210 1212 1216 1214
f 1209 1210 1214 1213
f 1215 1216 1212 1211
f 1211 1212 1210 1209
f 1213 1214 1216 1215
f 1221 1223 1219 1217
f 1218 1220 1224 1222
f 1217 1218 1222 1221
f 1223 1224 1220 1219
f 1219 1220 1218 1217
f 1221 1222 1224 1223
f 1229 1231 1227 1225
f 1226 1228 1232 1230
f 1225 1226 1230 1229
f 1231 1232 1228 1227
f 1227 1228 1226 1225
f 1229 1230 1232 1231
f 1237 1239 1235 1233
f 1234 1236 1240 1238
f 1233 1234 1238 1237
f 1239 1240 1236 1235
f 1235 1236 1234 1233
f 1237 1238 1240 1239
f 1245 1247 1243 1241
f 1242 1244 1248 1246
f 1241 1242 1246 1245
f 1247 1248 1244 1243
f 1243 1244 1242 1241
f 1245 1246 1248 1247
f 1253 1255 1251 1249
f 1250 1252 1256 1254
f 1249 1250 1254 1253
f 1255 1256 1252 1251
f 1251 1252 1250 1249
f 1253 1254 1256 1255
f 1261 1263 1259 1257
f 1258 1260 1264 1262
f 1257 1258 1262 1261
f 1263 1264 1260 1259
f 1259 1260 1258 1257
f 1261 1262 1264 1263
f 1269 1271 1267 1265
f 1266 1268 1272 1270
f 1265 1266 1270 1269
f 1271 1272 1268 1267
f 1267 1268 1266 1265
f 1269 1270 1272 1271
f 1277 1279 1275 1273
f 1274 1276 1280 1278
f 1273 1274 1278 1277
f 1279 1280 1276 1275
f 1275 1276 1274 1273
f 1277 1278 1280 1279
f 1285 1287 1283 1281
f 1282 1284 1288 1286
f 1281 1282 1286 1285
f 1287 1288 1284 1283
f 1283 1284 1282 1281
f 1285 1286 1288 1287
f 1293 1295 1291 1289
f 1290 1292 1296 1294
f 1289 1290 1294 1293
f 1295 1296 1292 1291
f 1291 1292 1290 1289
f 1293 1294 1296 1295
f 1301 1303 1299 1297
f 1298 1300 1304 1302
f 1297 1298 1302 1301
f 1303 1304 1300 1299
f 1299 1300 1298 1297
f 1301 1302 1304 1303
f 1309 1311 1307 1305
f 1306 1308 1312 1310
f 1305 1306 1310 1309
f 1311 1312 1308 1307
f 1307 1308 1306 1305
f 1309 1310 1312 1311
f 1317 1319 1315 1313
f 1314 1316 1320 1318
f 1313 1314 1318 1317
f 1319 1320 1316 1315
f 1315 1316 1314 1313
f 1317 1318 1320 1319
f 1325 1327 1323 1321
f 1322 1324 1328 1326
f 1321 1322 1326 1325
f 1327 1328 1324 1323
f 1323 1324 1322 1321
f 1325 1326 1328 1327
f 1333 1335 1331 1329
f 1330 1332 1336 1334
f 1329 1330 1334 1333
f 1335 1336 1332 1331
f 1331 1332 1330 1329
f 1333 1334 1336 1335
f 1341 1343 1339 1337
f 1338 1340 1344 1342
f 1337 1338 1342 1341
f 1343 1344 1340 1339
f 1339 1340 1338 1337
f 1341 1342 1344 1343
f 1349 1351 1347 1345
f 1346 1348 1352 1350
f 1345 1346 1350 1349
f 1351 1352 1348 1347
f 1347 1348 1346 1345
f 1349 1350 1352 1351
f 1357 1359 1355 1353
f 1354 1356 1360 1358
f 1353 1354 1358 1357
f 1359 1360 1356 1355
f 1355 1356 1354 1353
f 1357 1358 1360 1359
f 1365 1367 1363 1361
f 1362 1364 1368 1366
f 1361 1362 1366 1365
f 1367 1368 1364 1363
f 1363 1364 1362 1361
f 1365 1366 1368 1367
f 1373 1375 1371 1369
f 1370 1372 1376 1374
f 1369 1370 1374 1373
f 1375 1376 1372 1371
f 1371 1372 1370 1369
f 1373 1374 1376 1375
f 1381 1383 1379 1377
f 1378 1380 1384 1382
f 1377 1378 1382 1381
f 1383 1384 1380 1379
f 1379 1380 1378 1377
f 1381 1382 1384 1383
f 1389 1391 1387 1385
f 1386 1388 1392 1390
f 1385 1386 1390 1389
f 1391 1392 1388 1387
f 1387 1388 1386 1385
f 1389 1390 1392 1391
f 1397 1399 1395 1393
f 1394 1396 1400 1398
f 1393 1394 1398 1397
f 1399 1400 1396 1395
f 1395 1396 1394 1393
f 1397 1398 1400 1399
f 1405 1407 1403 1401
f 1402 1404 1408 1406
f 1401 1402 1406 1405
f 1407 1408 1404 1403
f 1403 1404 1402 1401
f 1405 1406 1408 1407
f 1413 1415 1411 1409
f 1410 1412 1416 1414
f 1409 1410 1414 1413
f 1415 1416 1412 1411
f 1411 1412 1410 1409
f 1413 1414 1416 1415
f 1421 1423 1419 1417
f 1418 1420 1424 1422
f 1417 1418 1422 1421
f 1423 1424 1420 1419
f 1419 1420 1418 1417
f 1421 1422 1424 1423
f 1429 1431 1427 1425
f 1426 1428 1432 1430
f 1425 1426 1430 1429
f 1431 1432 1428 1427
f 1427 1428 1426 1425
f 1429 1430 1432 1431
f 1437 1439 1435 1433
f 1434 1436 1440 1438
f 1433 1434 1438 1437
f 1439 1440 1436 1435
f 1435 1436 1434 1433
f 1437 1438 1440 1439
f 1445 1447 1443 1441
f 1442 1444 1448 1446
f 1441 1442 1446 1445
f 1447 1448 1444 1443
f 1443 1444 1442 1441
f 1445 1446 1448 1447
f 1453 1455 1451 1449
f 1450 1452 1456 1454
f 1449 1450 1454 1453
f 1455 1456 1452 1451
f 1451 1452 1450 1449
f 1453 1454 1456 1455
f 1461 1463 1459 1457
f 1458 1460 1464 1462
f 1457 1458 1462 1461
f 1463 1464 1460 1459
f 1459 1460 1458 1457
f 1461 1462 1464 1463
f 1469 1471 1467 1465
f 1466 1468 1472 1470
f 1465 1466 1470 1469
f 1471 1472 1468 1467
f 1467 1468 1466 1465
f 1469 1470 1472 1471
f 1477 1479 1475 1473
f 1474 1476 1480 1478
f 1473 1474 1478 1477
f 1479 1480 1476 1475
f 1475 1476 1474 1473
f 1477 1478 1480 1479
f 1485 1487 1483 1481
f 1482 1484 1488 1486
f 1481 1482 1486 1485
f 1487 1488 1484 1483
f 1483 1484 1482 1481
f 1485 1486 1488 1487
f 1493 1495 1491 1489
f 1490 1492 1496 1494
f 1489 1490 1494 1493
f 1495 1496 1492 1491
f 1491 1492 1490 1489
f 1493 1494 1496 1495
f 1501 1503 1499 1497
f 1498 1500 1504 1502
f 1497 1498 1502 1501
f 1503 1504 1500 1499
f 1499 1500 1498 1497
f 1501 1502 1504 1503
f 1509 1511 1507 1505
f 1506 1508 1512 1510
f 1505 1506 1510 1509
f 1511 1512 1508 1507
f 1507 1508 1506 1505
f 1509 1510 1512 1511
f 1517 1519 1515 1513
f 1514 1516 1520 1518
f 1513 1514 1518 1517
f 1519 1520 1516 1515
f 1515 1516 1514 1513
f 1517 1518 1520 1519
f 1525 1527 1523 1521
f 1522 1524 1528 1526
f 1521 1522 1526 1525
f 1527 1528 1524 1523
f 1523 1524 1522 1521
f 1525 1526 1528 1527
f 1533 1535 1531 1529
f 1530 1532 1536 1534
f 1529 1530 1534 1533
f 1535 1536 1532 1531
f 1531 1532 1530 1529
f 1533 1534 1536 1535
f 1541 1543 1539 1537
f 1538 1540 1544 1542
f 1537 1538 1542 1541
f 1543 1544 1540 1539
f 1539 1540 1538 1537
f 1541 1542 1544 1543
f 1549 1551 1547 1545
f 1546 1548 1552 1550
f 1545 1546 1550 1549
f 1551 1552 1548 1547
f 1547 1548 1546 1545
f 1549 1550 1552 1551
f 1557 1559 1555 1553
f 1554 1556 1560 1558
f 1553 1554 1558 1557
f 1559 1560 1556 1555
f 1555 1556 1554 1553
f 1557 1558 1560 1559
f 1565 1567 1563 1561
f 1562 1564 1568 1566
f 1561 1562 1566 1565
f 1567 1568 1564 1563
f 1563 1564 1562 1561
f 1565 1566 1568 1567
f 1573 1575 1571 1569
f 1570 1572 1576 1574
f 1569 1570 1574 1573
f 1575 1576 1572 1571
f 1571 1572 1570 1569
f 1573 1574 1576 1575
f 1581 1583 1579 1577
f 1578 1580 1584 1582
f 1577 1578 1582 1581
f 1583 1584 1580 1579
f 1579 1580 1578 1577
f 1581 1582 1584 1583
f 1589 1591 1587 1585
f 1586 1588 1592 1590
f 1585 1586 1590 1589
f 1591 1592 1588 1587
f 1587 1588 1586 1585
f 1589 1590 1592 1591
f 1597 1599 1595 1593
f 1594 1596 1600 1598
f 1593 1594 1598 1597
f 1599 1600 1596 1595
f 1595 1596 1594 1593
f 1597 1598 1600 1599
f 1605 1607 1603 1601
f 1602 1604 1608 1606
f 1601 1602 1606 1605
f 1607 1608 1604 1603
f 1603 1604 1602 1601
f 1605 1606 1608 1607
f 1613 1615 1611 1609
f 1610 1612 1616 1614
f 1609 1610 1614 1613
f 1615 1616 1612 1611
f 1611 1612 1610 1609
f 1613 1614 1616 1615
f 1621 1623 1619 1617
f 1618 1620 1624 1622
f 1617 1618 1622 1621
f 1623 1624 1620 1619
f 1619 1620 1618 1617
f 1621 1622 1624 1623
f 1629 1631 1627 1625
f 1626 1628 1632 1630
f 1625 1626 1630 1629
f 1631 1632 1628 1627
f 1627 1628 1626 1625
f 1629 1630 1632 1631
f 1637 1639 1635 1633
f 1634 1636 1640 1638
f 1633 1634 1638 1637
f 1639 1640 1636 1635
f 1635 1636 1634 1633
f 1637 1638 1640 1639
f 1645 1647 1643 1641
f 1642 1644 1648 1646
f 1641 1642 1646 1645
f 1647 1648 1644 1643
f 1643 1644 1642 1641
f 1645 1646 1648 1647
f 1653 1655 1651 1649
f 1650 1652 1656 1654
f 1649 1650 1654 1653
f 1655 1656 1652 1651
f 1651 1652 1650 1649
f 1653 1654 1656 1655
f 1661 1663 1659 1657
f 1658 1660 1664 1662
f 1657 1658 1662 1661
f 1663 1664 1660 1659
f 1659 1660 1658 1657
f 1661 1662 1664 1663
f 1669 1671 1667 1665
f 1666 1668 1672 1670
f 1665 1666 1670 1669
f 1671 1672 1668 1667
f 1667 1668 1666 1665
f 1669 1670 1672 1671
f 1677 1679 1675 1673
f 1674 1676 1680 1678
f 1673 1674 1678 1677
f 1679 1680 1676 1675
f 1675 1676 1674 1673
f 1677 1678 1680 1679
f 1685 1687 1683 1681
f 1682 1684 1688 1686
f 1681 1682 1686 1685
f 1687 1688 1684 1683
f 1683 1684 1682 1681
f 1685 1686 1688 1687
f 1693 1695 1691 1689
f 1690 1692 1696 1694
f 1689 1690 1694 1693
f 1695 1696 1692 1691
f 1691 1692 1690 1689
f 1693 1694 1696 1695
f 1701 1703 1699 1697
f 1698 1700 1704 1702
f 1697 1698 1702 1701
f 1703 1704 1700 1699
f 1699 1700 1698 1697
f 1701 1702 1704 1703
f 1709 1711 1707 1705
f 1706 1708 1712 1710
f 1705 1706 1710 1709
f 1711 1712 1708 1707
f 1707 1708 1706 1705
f 1709 1710 1712 1711
f 1717 1719 1715 1713
f 1714 1716 1720 1718
f 1713 1714 1718 1717
f 1719 1720 1716 1715
f 1715 1716 1714 1713
f 1717 1718 1720 1719
f 1725 1727 1723 1721
f 1722 1724 1728 1726
f 1721 1722 1726 1725
f 1727 1728 1724 1723
f 1723 1724 1722 1721
f 1725 1726 1728 1727
f 1733 1735 1731 1729
f 1730 1732 1736 1734
f 1729 1730 1734 1733
f 1735 1736 1732 1731
f 1731 1732 1730 1729
f 1733 1734 1736 1735
f 1741 1743 1739 1737
f 1738 1740 1744 1742
f 1737 1738 1742 1741
f 1743 1744 1740 1739
f 1739 1740 1738 1737
f 1741 1742 1744 1743
f 1749 1751 1747 1745
f 1746 1748 1752 1750
f 1745 1746 1750 1749
f 1751 1752 1748 1747
f 1747 1748 1746 1745
f 1749 1750 1752 1751
f 1757 1759 1755 1753
f 1754 1756 1760 1758
f 1753 1754 1758 1757
f 1759 1760 1756 1755
f 1755 1756 1754 1753
f 1757 1758 1760 1759
f 1765 1767 1763 1761
f 1762 1764 1768 1766
f 1761 1762 1766 1765
f 1767 1768 1764 1763
f 1763 1764 1762 1761
f 1765 1766 1768 1767
f 1773 1775 1771 1769
f 1770 1772 1776 1774
f 1769 1770 1774 1773
f 1775 1776 1772 1771
f 1771 1772 1770 1769
f 1773 1774 1776 1775
f 1781 1783 1779 1777
f 1778 1780 1784 1782
f 1777 1778 1782 1781
f 1783 1784 1780 1779
f 1779 1780 1778 1777
f 1781 1782 1784 1783
f 1789 1791 1787 1785
f 1786 1788 1792 1790
f 1785 1786 1790 1789
f 1791 1792 1788 1787
f 1787 1788 1786 1785
f 1789 1790 1792 1791
f 1797 1799 1795 1793
f 1794 1796 1800 1798
f 1793 1794 1798 1797
f 1799 1800 1796 1795
f 1795 1796 1794 1793
f 1797 1798 1800 1799
f 1805 1807 1803 1801
f 1802 1804 1808 1806
f 1801 1802 1806 1805
f 1807 1808 1804 1803
f 1803 1804 1802 1801
f 1805 1806 1808 1807
f 1813 1815 1811 1809
f 1810 1812 1816 1814
f 1809 1810 1814 1813
f 1815 1816 1812 1811
f 1811 1812 1810 1809
f 1813 1814 1816 1815
f 1821 1823 1819 1817
f 1818 1820 1824 1822
f 1817 1818 1822 1821
f 1823 1824 1820 1819
f 1819 1820 1818 1817
f 1821 1822 1824 1823
f 1829 1831 1827 1825
f 1826 1828 1832 1830
f 1825 1826 1830 1829
f 1831 1832 1828 1827
f 1827 1828 1826 1825
f 1829 1830 1832 1831
f 1837 1839 1835 1833
f 1834 1836 1840 1838
f 1833 1834 1838 1837
f 1839 1840 1836 1835
f 1835 1836 1834 1833
f 1837 1838 1840 1839
f 1845 1847 1843 1841
f 1842 1844 1848 1846
f 1841 1842 1846 1845
f 1847 1848 1844 1843
f 1843 1844 1842 1841
f 1845 1846 1848 1847
f 1853 1855 1851 1849
f 1850 1852 1856 1854
f 1849 1850 1854 1853
f 1855 1856 1852 1851
f 1851 1852 1850 1849
f 1853 1854 1856 1855
f 1861 1863 1859 1857
f 1858 1860 1864 1862
f 1857 1858 1862 1861
f 1863 1864 1860 1859
f 1859 1860 1858 1857
f 1861 1862 1864 1863
f 1869 1871 1867 1865
f 1866 1868 1872 1870
f 1865 1866 1870 1869
f 1871 1872 1868 1867
f 1867 1868 1866 1865
f 1869 1870 1872 1871
f 1877 1879 1875 1873
f 1874 1876 1880 1878
f 1873 1874 1878 1877
f 1879 1880 1876 1875
f 1875 1876 1874 1873
f 1877 1878 1880 1879
f 1885 1887 1883 1881
f 1882 1884 1888 1886
f 1881 1882 1886 1885
f 1887 1888 1884 1883
f 1883 1884 1882 1881
f 1885 1886 1888 1887
f 1893 1895 1891 1889
f 1890 1892 1896 1894
f 1889 1890 1894 1893
f 1895 1896 1892 1891
f 1891 1892 1890 1889
f 1893 1894 1896 1895
f 1901 1903 1899 1897
f 1898 1900 1904 1902
f 1897 1898 1902 1901
f 1903 1904 1900 1899
f 1899 1900 1898 1897
f 1901 1902 1904 1903
f 1909 1911 1907 1905
f 1906 1908 1912 1910
f 1905 1906 1910 1909
f 1911 1912 1908 1907
f 1907 1908 1906 1905
f 1909 1910 1912 1911
f 1917 1919 1915 1913
f 1914 1916 1920 1918
f 1913 1914 1918 1917
f 1919 1920 1916 1915
f 1915 1916 1914 1913
f 1917 1918 1920 1919
f 1925 1927 1923 1921
f 1922 1924 1928 1926
f 1921 1922 1926 1925
f 1927 1928 1924 1923
f 1923 1924 1922 1921
f 1925 1926 1928 1927
f 1933 1935 1931 1929
f 1930 1932 1936 1934
f 1929 1930 1934 1933
f 1935 1936 1932 1931
f 1931 1932 1930 1929
f 1933 1934 1936 1935
f 1941 1943 1939 1937
f 1938 1940 1944 1942
f 1937 1938 1942 1941
f 1943 1944 1940 1939
f 1939 1940 1938 1937
f 1941 1942 1944 1943
f 1949 1951 1947 1945
f 1946 1948 1952 1950
f 1945 1946 1950 1949
f 1951 1952 1948 1947
f 1947 1948 1946 1945
f 1949 1950 1952 1951
f 1957 1959 1955 1953
f 1954 1956 1960 1958
f 1953 1954 1958 1957
f 1959 1960 1956 1955
f 1955 1956 1954 1953
f 1957 1958 1960 1959
f 1965 1967 1963 1961
f 1962 1964 1968 1966
f 1961 1962 1966 1965
f 1967 1968 1964 1963
f 1963 1964 1962 1961
f 1965 1966 1968 1967
f 1973 1975 1971 1969
f 1970 1972 1976 1974
f 1969 1970 1974 1973
f 1975 1976 1972 1971
f 1971 1972 1970 1969
f 1973 1974 1976 1975
f 1981 1983 1979 1977
f 1978 1980 1984 1982
f 1977 1978 1982 1981
f 1983 1984 1980 1979
f 1979 1980 1978 1977
f 1981 1982 1984 1983
f 1989 1991 1987 1985
f 1986 1988 1992 1990
f 1985 1986 1990 1989
f 1991 1992 1988 1987
f 1987 1988 1986 1985
f 1989 1990 1992 1991
f 1997 1999 1995 1993
f 1994 1996 2000 1998
f 1993 1994 1998 1997
f 1999 2000 1996 1995
f 1995 1996 1994 1993
f 1997 1998 2000 1999
f 2005 2007 2003 2001
f 2002 2004 2008 2006
f 2001 2002 2006 2005
f 2007 2008 2004 2003
f 2003 2004 2002 2001
f 2005 2006 2008 2007
f 2013 2015 2011 2009
f 2010 2012 2016 2014
f 2009 2010 2014 2013
f 2015 2016 2012 2011
f 2011 2012 2010 2009
f 2013 2014 2016 2015
f 2021 2023 2019 2017
f 2018 2020 2024 2022
f 2017 2018 2022 2021
f 2023 2024 2020 2019
f 2019 2020 2018 2017
f 2021 2022 2024 2023
f 2029 2031 2027 2025
f 2026 2028 2032 2030
f 2025 2026 2030 2029
f 2031 2032 2028 2027
f 2027 2028 2026 2025
f 2029 2030 2032 2031
f 2037 2039 2035 2033
f 2034 2036 2040 2038
f 2033 2034 2038 2037
f 2039 2040 2036 2035
f 2035 2036 2034 2033
f 2037 2038 2040 2039
f 2045 2047 2043 2041
f 2042 2044 2048 2046
f 2041 2042 2046 2045
f 2047 2048 2044 2043
f 2043 2044 2042 2041
f 2045 2046 2048 2047
f 2053 2055 2051 2049
f 2050 2052 2056 2054
f 2049 2050 2054 2053
f 2055 2056 2052 2051
f 2051 2052 2050 2049
f 2053 2054 2056 2055
f 2061 2063 2059 2057
f 2058 2060 2064 2062
f 2057 2058 2062 2061
f 2063 2064 2060 2059
f 2059 2060 2058 2057
f 2061 2062 2064 2063
f 2069 2071 2067 2065
f 2066 2068 2072 2070
f 2065 2066 2070 2069
f 2071 2072 2068 2067
f 2067 2068 2066 2065
f 2069 2070 2072 2071
f 2077 2079 2075 2073
f 2074 2076 2080 2078
f 2073 2074 2078 2077
f 2079 2080 2076 2075
f 2075 2076 2074 2073
f 2077 2078 2080 2079
f 2085 2087 2083 2081
f 2082 2084 2088 2086
f 2081 2082 2086 2085
f 2087 2088 2084 2083
f 2083 2084 2082 2081
f 2085 2086 2088 2087
f 2093 2095 2091 2089
f 2090 2092 2096 2094
f 2089 2090 2094 2093
f 2095 2096 2092 2091
f 2091 2092 2090 2089
f 2093 2094 2096 2095
f 2101 2103 2099 2097
f 2098 2100 2104 2102
f 2097 2098 2102 2101
f 2103 2104 2100 2099
f 2099 2100 2098 2097
f 2101 2102 2104 2103
f 2109 2111 2107 2105
f 2106 2108 2112 2110
f 2105 2106 2110 2109
f 2111 2112 2108 2107
f 2107 2108 2106 2105
f 2109 2110 2112 2111
f 2117 2119 2115 2113
f 2114 2116 2120 2118
f 2113 2114 2118 2117
f 2119 2120 2116 2115
f 2115 2116 2114 2113
f 2117 2118 2120 2119
f 2125 2127 2123 2121
f 2122 2124 2128 2126
f 2121 2122 2126 2125
f 2127 2128 2124 2123
f 2123 2124 2122 2121
f 2125 2126 2128 2127
f 2133 2135 2131 2129
f 2130 2132 2136 2134
f 2129 2130 2134 2133
f 2135 2136 2132 2131
f 2131 2132 2130 2129
f 2133 2134 2136 2135
f 2141 2143 2139 2137
f 2138 2140 2144 2142
f 2137 2138 2142 2141
f 2143 2144 2140 2139
f 2139 2140 2138 2137
f 2141 2142 2144 2143
f 2149 2151 2147 2145
f 2146 2148 2152 2150
f 2145 2146 2150 2149
f 2151 2152 2148 2147
f 2147 2148 2146 2145
f 2149 2150 2152 2151
f 2157 2159 2155 2153
f 2154 2156 2160 2158
f 2153 2154 2158 2157
f 2159 2160 2156 2155
f 2155 2156 2154 2153
f 2157 2158 2160 2159
f 2165 2167 2163 2161
f 2162 2164 2168 2166
f 2161 2162 2166 2165
f 2167 2168 2164 2163
f 2163 2164 2162 2161
f 2165 2166 2168 2167
f 2173 2175 2171 2169
f 2170 2172 2176 2174
f 2169 2170 2174 2173
f 2175 2176 2172 2171
f 2171 2172 2170 2169
f 2173 2174 2176 2175
f 2181 2183 2179 2177
f 2178 2180 2184 2182
f 2177 2178 2182 2181
f 2183 2184 2180 2179
f 2179 2180 2178 2177
f 2181 2182 2184 2183
f 2189 2191 2187 2185
f 2186 2188 2192 2190
f 2185 2186 2190 2189
f 2191 2192 2188 2187
f 2187 2188 2186 2185
f 2189 2190 2192 2191
f 2197 2199 2195 2193
f 2194 2196 2200 2198
f 2193 2194 2198 2197
f 2199 2200 2196 2195
f 2195 2196 2194 2193
f 2197 2198 2200 2199
f 2205 2207 2203 2201
f 2202 2204 2208 2206
f 2201 2202 2206 2205
f 2207 2208 2204 2203
f 2203 2204 2202 2201
f 2205 2206 2208 2207
f 2213 2215 2211 2209
f 2210 2212 2216 2214
f 2209 2210 2214 2213
f 2215 2216 2212 2211
f 2211 2212 2210 2209
f 2213 2214 2216 2215
f 2221 2223 2219 2217
f 2218 2220 2224 2222
f 2217 2218 2222 2221
f 2223 2224 2220 2219
f 2219 2220 2218 2217
f 2221 2222 2224 2223
f 2229 2231 2227 2225
f 2226 2228 2232 2230
f 2225 2226 2230 2229
f 2231 2232 2228 2227
f 2227 2228 2226 2225
f 2229 2230 2232 2231
f 2237 2239 2235 2233
f 2234 2236 2240 2238
f 2233 2234 2238 2237
f 2239 2240 2236 2235
f 2235 2236 2234 2233
f 2237 2238 2240 2239
f 2245 2247 2243 2241
f 2242 2244 2248 2246
f 2241 2242 2246 2245
f 2247 2248 2244 2243
f 2243 2244 2242 2241
f 2245 2246 2248 2247
f 2253 2255 2251 2249
f 2250 2252 2256 2254
f 2249 2250 2254 2253
f 2255 2256 2252 2251
f 2251 2252 2250 2249
f 2253 2254 2256 2255
f 2261 2263 2259 2257
f 2258 2260 2264 2262
f 2257 2258 2262 2261
f 2263 2264 2260 2259
f 2259 2260 2258 2257
f 2261 2262 2264 2263
f 2269 2271 2267 2265
f 2266 2268 2272 2270
f 2265 2266 2270 2269
f 2271 2272 2268 2267
f 2267 2268 2266 2265
f 2269 2270 2272 2271
f 2277 2279 2275 2273
f 2274 2276 2280 2278
f 2273 2274 2278 2277
f 2279 2280 2276 2275
f 2275 2276 2274 2273
f 2277 2278 2280 2279
f 2285 2287 2283 2281
f 2282 2284 2288 2286
f 2281 2282 2286 2285
f 2287 2288 2284 2283
f 2283 2284 2282 2281
f 2285 2286 2288 2287
f 2293 2295 2291 2289
f 2290 2292 2296 2294
f 2289 2290 2294 2293
f 2295 2296 2292 2291
f 2291 2292 2290 2289
f 2293 2294 2296 2295
f 2301 2303 2299 2297
f 2298 2300 2304 2302
f 2297 2298 2302 2301
f 2303 2304 2300 2299
f 2299 2300 2298 2297
f 2301 2302 2304 2303
f 2309 2311 2307 2305
f 2306 2308 2312 2310
f 2305 2306 2310 2309
f 2311 2312 2308 2307
f 2307 2308 2306 2305
f 2309 2310 2312 2311
f 2317 2319 2315 2313
f 2314 2316 2320 2318
f 2313 2314 2318 2317
f 2319 2320 2316 2315
f 2315 2316 2314 2313
f 2317 2318 2320 2319
f 2325 2327 2323 2321
f 2322 2324 2328 2326
f 2321 2322 2326 2325
f 2327 2328 2324 2323
f 2323 2324 2322 2321
f 2325 2326 2328 2327
f 2333 2335 2331 2329
f 2330 2332 2336 2334
f 2329 2330 2334 2333
f 2335 2336 2332 2331
f 2331 2332 2330 2329
f 2333 2334 2336 2335
f 2341 2343 2339 2337
f 2338 2340 2344 2342
f 2337 2338 2342 2341
f 2343 2344 2340 2339
f 2339 2340 2338 2337
f 2341 2342 2344 2343
f 2349 2351 2347 2345
f 2346 2348 2352 2350
f 2345 2346 2350 2349
f 2351 2352 2348 2347
f 2347 2348 2346 2345
f 2349 2350 2352 2351
f 2357 2359 2355 2353
f 2354 2356 2360 2358
f 2353 2354 2358 2357
f 2359 2360 2356 2355
f 2355 2356 2354 2353
f 2357 2358 2360 2359
f 2365 2367 2363 2361
f 2362 2364 2368 2366
f 2361 2362 2366 2365
f 2367 2368 2364 2363
f 2363 2364 2362 2361
f 2365 2366 2368 2367
f 2373 2375 2371 2369
f 2370 2372 2376 2374
f 2369 2370 2374 2373
f 2375 2376 2372 2371
f 2371 2372 2370 2369
f 2373 2374 2376 2375
f 2381 2383 2379 2377
f 2378 2380 2384 2382
f 2377 2378 2382 2381
f 2383 2384 2380 2379
f 2379 2380 2378 2377
f 2381 2382 2384 2383
f 2389 2391 2387 2385
f 2386 2388 2392 2390
f 2385 2386 2390 2389
f 2391 2392 2388 2387
f 2387 2388 2386 2385
f 2389 2390 2392 2391
f 2397 2399 2395 2393
f 2394 2396 2400 2398
f 2393 2394 2398 2397
f 2399 2400 2396 2395
f 2395 2396 2394 2393
f 2397 2398 2400 2399
f 2405 2407 2403 2401
f 2402 2404 2408 2406
f 2401 2402 2406 2405
f 2407 2408 2404 2403
f 2403 2404 2402 2401
f 2405 2406 2408 2407
f 2413 2415 2411 2409
f 2410 2412 2416 2414
f 2409 2410 2414 2413
f 2415 2416 2412 2411
f 2411 2412 2410 2409
f 2413 2414 2416 2415
f 2421 2423 2419 2417
f 2418 2420 2424 2422
f 2417 2418 2422 2421
f 2423 2424 2420 2419
f 2419 2420 2418 2417
f 2421 2422 2424 2423
f 2429 2431 2427 2425
f 2426 2428 2432 2430
f 2425 2426 2430 2429
f 2431 2432 2428 2427
f 2427 2428 2426 2425
f 2429 2430 2432 2431
f 2437 2439 2435 2433
f 2434 2436 2440 2438
f 2433 2434 2438 2437
f 2439 2440 2436 2435
f 2435 2436 2434 2433
f 2437 2438 2440 2439
f 2445 2447 2443 2441
f 2442 2444 2448 2446
f 2441 2442 2446 2445
f 2447 2448 2444 2443
f 2443 2444 2442 2441
f 2445 2446 2448 2447
f 2453 2455 2451 2449
f 2450 2452 2456 2454
f 2449 2450 2454 2453
f 2455 2456 2452 2451
f 2451 2452 2450 2449
f 2453 2454 2456 2455
f 2461 2463 2459 2457
f 2458 2460 2464 2462
f 2457 2458 2462 2461
f 2463 2464 2460 2459
f 2459 2460 2458 2457
f 2461 2462 2464 2463
f 2469 2471 2467 2465
f 2466 2468 2472 2470
f 2465 2466 2470 2469
f 2471 2472 2468 2467
f 2467 2468 2466 2465
f 2469 2470 2472 2471
f 2477 2479 2475 2473
f 2474 2476 2480 2478
f 2473 2474 2478 2477
f 2479 2480 2476 2475
f 2475 2476 2474 2473
f 2477 2478 2480 2479
f 2485 2487 2483 2481
f 2482 2484 2488 2486
f 2481 2482 2486 2485
f 2487 2488 2484 2483
f 2483 2484 2482 2481
f 2485 2486 2488 2487
f 2493 2495 2491 2489
f 2490 2492 2496 2494
f 2489 2490 2494 2493
f 2495 2496 2492 2491
f 2491 2492 2490 2489
f 2493 2494 2496 2495
f 2501 2503 2499 2497
f 2498 2500 2504 2502
f 2497 2498 2502 2501
f 2503 2504 2500 2499
f 2499 2500 2498 2497
f 2501 2502 2504 2503
f 2509 2511 2507 2505
f 2506 2508 2512 2510
f 2505 2506 2510 2509
f 2511 2512 2508 2507
f 2507 2508 2506 2505
f 2509 2510 2512 2511
f 2517 2519 2515 2513
f 2514 2516 2520 2518
f 2513 2514 2518 2517
f 2519 2520 2516 2515
f 2515 2516 2514 2513
f 2517 2518 2520 2519
f 2525 2527 2523 2521
f 2522 2524 2528 2526
f 2521 2522 2526 2525
f 2527 2528 2524 2523
f 2523 2524 2522 2521
f 2525 2526 2528 2527
f 2533 2535 2531 2529
f 2530 2532 2536 2534
f 2529 2530 2534 2533
f 2535 2536 2532 2531
f 2531 2532 2530 2529
f 2533 2534 2536 2535
f 2541 2543 2539 2537
f 2538 2540 2544 2542
f 2537 2538 2542 2541
f 2543 2544 2540 2539
f 2539 2540 2538 2537
f 2541 2542 2544 2543
f 2549 2551 2547 2545
f 2546 2548 2552 2550
f 2545 2546 2550 2549
f 2551 2552 2548 2547
f 2547 2548 2546 2545
f 2549 2550 2552 2551
f 2557 2559 2555 2553
f 2554 2556 2560 2558
f 2553 2554 2558 2557
f 2559 2560 2556 2555
f 2555 2556 2554 2553
f 2557 2558 2560 2559
f 2565 2567 2563 2561
f 2562 2564 2568 2566
f 2561 2562 2566 2565
f 2567 2568 2564 2563
f 2563 2564 2562 2561
f 2565 2566 2568 2567
f 2573 2575 2571 2569
f 2570 2572 2576 2574
f 2569 2570 2574 2573
f 2575 2576 2572 2571
f 2571 2572 2570 2569
f 2573 2574 2576 2575
f 2581 2583 2579 2577
f 2578 2580 2584 2582
f 2577 2578 2582 2581
f 2583 2584 2580 2579
f 2579 2580 2578 2577
f 2581 2582 2584 2583
f 2589 2591 2587 2585
f 2586 2588 2592 2590
f 2585 2586 2590 2589
f 2591 2592 2588 2587
f 2587 2588 2586 2585
f 2589 2590 2592 2591
f 2597 2599 2595 2593
f 2594 2596 2600 2598
f 2593 2594 2598 2597
f 2599 2600 2596 2595
f 2595 2596 2594 2593
f 2597 2598 2600 2599
f 2605 2607 2603 2601
f 2602 2604 2608 2606
f 2601 2602 2606 2605
f 2607 2608 2604 2603
f 2603 2604 2602 2601
f 2605 2606 2608 2607
f 2613 2615 2611 2609
f 2610 2612 2616 2614
f 2609 2610 2614 2613
f 2615 2616 2612 2611
f 2611 2612 2610 2609
f 2613 2614 2616 2615
f 2621 2623 2619 2617
f 2618 2620 2624 2622
f 2617 2618 2622 2621
f 2623 2624 2620 2619
f 2619 2620 2618 2617
f 2621 2622 2624 2623
f 2629 2631 2627 2625
f 2626 2628 2632 2630
f 2625 2626 2630 2629
f 2631 2632 2628 2627
f 2627 2628 2626 2625
f 2629 2630 2632 2631
f 2637 2639 2635 2633
f 2634 2636 2640 2638
f 2633 2634 2638 2637
f 2639 2640 2636 2635
f 2635 2636 2634 2633
f 2637 2638 2640 2639
f 2645 2647 2643 2641
f 2642 2644 2648 2646
f 2641 2642 2646 2645
f 2647 2648 2644 2643
f 2643 2644 2642 2641
f 2645 2646 2648 2647
f 2653 2655 2651 2649
f 2650 2652 2656 2654
f 2649 2650 2654 2653
f 2655 2656 2652 2651
f 2651 2652 2650 2649
f 2653 2654 2656 2655
f 2661 2663 2659 2657
f 2658 2660 2664 2662
f 2657 2658 2662 2661
f 2663 2664 2660 2659
f 2659 2660 2658 2657
f 2661 2662 2664 2663
f 2669 2671 2667 2665
f 2666 2668 2672 2670
f 2665 2666 2670 2669
f 2671 2672 2668 2667
f 2667 2668 2666 2665
f 2669 2670 2672 2671
f 2677 2679 2675 2673
f 2674 2676 2680 2678
f 2673 2674 2678 2677
f 2679 2680 2676 2675
f 2675 2676 2674 2673
f 2677 2678 2680 2679
f 2685 2687 2683 2681
f 2682 2684 2688 2686
f 2681 2682 2686 2685
f 2687 2688 2684 2683
f 2683 2684 2682 2681
f 2685 2686 2688 2687
f 2693 2695 2691 2689
f 2690 2692 2696 2694
f 2689 2690 2694 2693
f 2695 2696 2692 2691
f 2691 2692 2690 2689
f 2693 2694 2696 2695
f 2701 2703 2699 2697
f 2698 2700 2704 2702
f 2697 2698 2702 2701
f 2703 2704 2700 2699
f 2699 2700 2698 2697
f 2701 2702 2704 2703
f 2709 2711 2707 2705
f 2706 2708 2712 2710
f 2705 2706 2710 2709
f 2711 2712 2708 2707
f 2707 2708 2706 2705
f 2709 2710 2712 2711
f 2717 2719 2715 2713
f 2714 2716 2720 2718
f 2713 2714 2718 2717
f 2719 2720 2716 2715
f 2715 2716 2714 2713
f 2717 2718 2720 2719
f 2725 2727 2723 2721
f 2722 2724 2728 2726
f 2721 2722 2726 2725
f 2727 2728 2724 2723
f 2723 2724 2722 2721
f 2725 2726 2728 2727
f 2733 2735 2731 2729
f 2730 2732 2736 2734
f 2729 2730 2734 2733
f 2735 2736 2732 2731
f 2731 2732 2730 2729
f 2733 2734 2736 2735
f 2741 2743 2739 2737
f 2738 2740 2744 2742
f 2737 2738 2742 2741
f 2743 2744 2740 2739
f 2739 2740 2738 2737
f 2741 2742 2744 2743
f 2749 2751 2747 2745
f 2746 2748 2752 2750
f 2745 2746 2750 2749
f 2751 2752 2748 2747
f 2747 2748 2746 2745
f 2749 2750 2752 2751
f 2757 2759 2755 2753
f 2754 2756 2760 2758
f 2753 2754 2758 2757
f 2759 2760 2756 2755
f 2755 2756 2754 2753
f 2757 2758 2760 2759
f 2765 2767 2763 2761
f 2762 2764 2768 2766
f 2761 2762 2766 2765
f 2767 2768 2764 2763
f 2763 2764 2762 2761
f 2765 2766 2768 2767
f 2773 2775 2771 2769
f 2770 2772 2776 2774
f 2769 2770 2774 2773
f 2775 2776 2772 2771
f 2771 2772 2770 2769
f 2773 2774 2776 2775
f 2781 2783 2779 2777
f 2778 2780 2784 2782
f 2777 2778 2782 2781
f 2783 2784 2780 2779
f 2779 2780 2778 2777
f 2781 2782 2784 2783
f 2789 2791 2787 2785
f 2786 2788 2792 2790
f 2785 2786 2790 2789
f 2791 2792 2788 2787
f 2787 2788 2786 2785
f 2789 2790 2792 2791
f 2797 2799 2795 2793
f 2794 2796 2800 2798
f 2793 2794 2798 2797
f 2799 2800 2796 2795
f 2795 2796 2794 2793
f 2797 2798 2800 2799
f 2805 2807 2803 2801
f 2802 2804 2808 2806
f 2801 2802 2806 2805
f 2807 2808 2804 2803
f 2803 2804 2802 2801
f 2805 2806 2808 2807
f 2813 2815 2811 2809
f 2810 2812 2816 2814
f 2809 2810 2814 2813
f 2815 2816 2812 2811
f 2811 2812 2810 2809
f 2813 2814 2816 2815
f 2821 2823 2819 2817
f 2818 2820 2824 2822
f 2817 2818 2822 2821
f 2823 2824 2820 2819
f 2819 2820 2818 2817
f 2821 2822 2824 2823
f 2829 2831 2827 2825
f 2826 2828 2832 2830
f 2825 2826 2830 2829
f 2831 2832 2828 2827
f 2827 2828 2826 2825
f 2829 2830 2832 2831
f 2837 2839 2835 2833
f 2834 2836 2840 2838
f 2833 2834 2838 2837
f 2839 2840 2836 2835
f 2835 2836 2834 2833
f 2837 2838 2840 2839
f 2845 2847 2843 2841
f 2842 2844 2848 2846
f 2841 2842 2846 2845
f 2847 2848 2844 2843
f 2843 2844 2842 2841
f 2845 2846 2848 2847
f 2853 2855 2851 2849
f 2850 2852 2856 2854
f 2849 2850 2854 2853
f 2855 2856 2852 2851
f 2851 2852 2850 2849
f 2853 2854 2856 2855
f 2861 2863 2859 2857
f 2858 2860 2864 2862
f 2857 2858 2862 2861
f 2863 2864 2860 2859
f 2859 2860 2858 2857
f 2861 2862 2864 2863
f 2869 2871 2867 2865
f 2866 2868 2872 2870
f 2865 2866 2870 2869
f 2871 2872 2868 2867
f 2867 2868 2866 2865
f 2869 2870 2872 2871
f 2877 2879 2875 2873
f 2874 2876 2880 2878
f 2873 2874 2878 2877
f 2879 2880 2876 2875
f 2875 2876 2874 2873
f 2877 2878 2880 2879
f 2885 2887 2883 2881
f 2882 2884 2888 2886
f 2881 2882 2886 2885
f 2887 2888 2884 2883
f 2883 2884 2882 2881
f 2885 2886 2888 2887
f 2893 2895 2891 2889
f 2890 2892 2896 2894
f 2889 2890 2894 2893
f 2895 2896 2892 2891
f 2891 2892 2890 2889
f 2893 2894 2896 2895
f 2901 2903 2899 2897
f 2898 2900 2904 2902
f 2897 2898 2902 2901
f 2903 2904 2900 2899
f 2899 2900 2898 2897
f 2901 2902 2904 2903
f 2909 2911 2907 2905
f 2906 2908 2912 2910
f 2905 2906 2910 2909
f 2911 2912 2908 2907
f 2907 2908 2906 2905
f 2909 2910 2912 2911
f 2917 2919 2915 2913
f 2914 2916 2920 2918
f 2913 2914 2918 2917
f 2919 2920 2916 2915
f 2915 2916 2914 2913
f 2917 2918 2920 2919
f 2925 2927 2923 2921
f 2922 2924 2928 2926
f 2921 2922 2926 2925
f 2927 2928 2924 2923
f 2923 2924 2922 2921
f 2925 2926 2928 2927
f 2933 2935 2931 2929
f 2930 2932 2936 2934
f 2929 2930 2934 2933
f 2935 2936 2932 2931
f 2931 2932 2930 2929
f 2933 2934 2936 2935
f 2941 2943 2939 2937
f 2938 2940 2944 2942
f 2937 2938 2942 2941
f 2943 2944 2940 2939
f 2939 2940 2938 2937
f 2941 2942 2944 2943
f 2949 2951 2947 2945
f 2946 2948 2952 2950
f 2945 2946 2950 2949
f 2951 2952 2948 2947
f 2947 2948 2946 2945
f 2949 2950 2952 2951
f 2957 2959 2955 2953
f 2954 2956 2960 2958
f 2953 2954 2958 2957
f 2959 2960 2956 2955
f 2955 2956 2954 2953
f 2957 2958 2960 2959
f 2965 2967 2963 2961
f 2962 2964 2968 2966
f 2961 2962 2966 2965
f 2967 2968 2964 2963
f 2963 2964 2962 2961
f 2965 2966 2968 2967
f 2973 2975 2971 2969
f 2970 2972 2976 2974
f 2969 2970 2974 2973
f 2975 2976 2972 2971
f 2971 2972 2970 2969
f 2973 2974 2976 2975
f 2981 2983 2979 2977
f 2978 2980 2984 2982
f 2977 2978 2982 2981
f 2983 2984 2980 2979
f 2979 2980 2978 2977
f 2981 2982 2984 2983
f 2989 2991 2987 2985
f 2986 2988 2992 2990
f 2985 2986 2990 2989
f 2991 2992 2988 2987
f 2987 2988 2986 2985
f 2989 2990 2992 2991
f 2997 2999 2995 2993
f 2994 2996 3000 2998
f 2993 2994 2998 2997
f 2999 3000 2996 2995
f 2995 2996 2994 2993
f 2997 2998 3000 2999
f 3005 3007 3003 3001
f 3002 3004 3008 3006
f 3001 3002 3006 3005
f 3007 3008 3004 3003
f 3003 3004 3002 3001
f 3005 3006 3008 3007
f 3013 3015 3011 3009
f 3010 3012 3016 3014
f 3009 3010 3014 3013
f 3015 3016 3012 3011
f 3011 3012 3010 3009
f 3013 3014 3016 3015
f 3021 3023 3019 3017
f 3018 3020 3024 3022
f 3017 3018 3022 3021
f 3023 3024 3020 3019
f 3019 3020 3018 3017
f 3021 3022 3024 3023
f 3029 3031 3027 3025
f 3026 3028 3032 3030
f 3025 3026 3030 3029
f 3031 3032 3028 3027
f 3027 3028 3026 3025
f 3029 3030 3032 3031
f 3037 3039 3035 3033
f 3034 3036 3040 3038
f 3033 3034 3038 3037
f 3039 3040 3036 3035
f 3035 3036 3034 3033
f 3037 3038 3040 3039
f 3045 3047 3043 3041
f 3042 3044 3048 3046
f 3041 3042 3046 3045
f 3047 3048 3044 3043
f 3043 3044 3042 3041
f 3045 3046 3048 3047
f 3053 3055 3051 3049
f 3050 3052 3056 3054
f 3049 3050 3054 3053
f 3055 3056 3052 3051
f 3051 3052 3050 3049
f 3053 3054 3056 3055
f 3061 3063 3059 3057
f 3058 3060 3064 3062
f 3057 3058 3062 3061
f 3063 3064 3060 3059
f 3059 3060 3058 3057
f 3061 3062 3064 3063
f 3069 3071 3067 3065
f 3066 3068 3072 3070
f 3065 3066 3070 3069
f 3071 3072 3068 3067
f 3067 3068 3066 3065
f 3069 3070 3072 3071
f 3077 3079 3075 3073
f 3074 3076 3080 3078
f 3073 3074 3078 3077
f 3079 3080 3076 3075
f 3075 3076 3074 3073
f 3077 3078 3080 3079
f 3085 3087 3083 3081
f 3082 3084 3088 3086
f 3081 3082 3086 3085
f 3087 3088 3084 3083
f 3083 3084 3082 3081
f 3085 3086 3088 3087
f 3093 3095 3091 3089
f 3090 3092 3096 3094
f 3089 3090 3094 3093
f 3095 3096 3092 3091
f 3091 3092 3090 3089
f 3093 3094 3096 3095
f 3101 3103 3099 3097
f 3098 3100 3104 3102
f 3097 3098 3102 3101
f 3103 3104 3100 3099
f 3099 3100 3098 3097
f 3101 3102 3104 3103
f 3109 3111 3107 3105
f 3106 3108 3112 3110
f 3105 3106 3110 3109
f 3111 3112 3108 3107
f 3107 3108 3106 3105
f 3109 3110 3112 3111
f 3117 3119 3115 3113
f 3114 3116 3120 3118
f 3113 3114 3118 3117
f 3119 3120 3116 3115
f 3115 3116 3114 3113
f 3117 3118 3120 3119
f 3125 3127 3123 3121
f 3122 3124 3128 3126
f 3121 3122 3126 3125
f 3127 3128 3124 3123
f 3123 3124 3122 3121
f 3125 3126 3128 3127
f 3133 3135 3131 3129
f 3130 3132 3136 3134
f 3129 3130 3134 3133
f 3135 3136 3132 3131
f 3131 3132 3130 3129
f 3133 3134 3136 3135
f 3141 3143 3139 3137
f 3138 3140 3144 3142
f 3137 3138 3142 3141
f 3143 3144 3140 3139
f 3139 3140 3138 3137
f 3141 3142 3144 3143
f 3149 3151 3147 3145
f 3146 3148 3152 3150
f 3145 3146 3150 3149
f 3151 3152 3148 3147
f 3147 3148 3146 3145
f 3149 3150 3152 3151
f 3157 3159 3155 3153
f 3154 3156 3160 3158
f 3153 3154 3158 3157
f 3159 3160 3156 3155
f 3155 3156 3154 3153
f 3157 3158 3160 3159
f 3165 3167 3163 3161
f 3162 3164 3168 3166
f 3161 3162 3166 3165
f 3167 3168 3164 3163
f 3163 3164 3162 3161
f 3165 3166 3168 3167
f 3173 3175 3171 3169
f 3170 3172 3176 3174
f 3169 3170 3174 3173
f 3175 3176 3172 3171
f 3171 3172 3170 3169
f 3173 3174 3176 3175
f 3181 3183 3179 3177
f 3178 3180 3184 3182
f 3177 3178 3182 3181
f 3183 3184 3180 3179
f 3179 3180 3178 3177
f 3181 3182 3184 3183
f 3189 3191 3187 3185
f 3186 3188 3192 3190
f 3185 3186 3190 3189
f 3191 3192 3188 3187
f 3187 3188 3186 3185
f 3189 3190 3192 3191
f 3197 3199 3195 3193
f 3194 3196 3200 3198
f 3193 3194 3198 3197
f 3199 3200 3196 3195
f 3195 3196 3194 3193
f 3197 3198 3200 3199
f 3205 3207 3203 3201
f 3202 3204 3208 3206
f 3201 3202 3206 3205
f 3207 3208 3204 3203
f 3203 3204 3202 3201
f 3205 3206 3208 3207
f 3213 3215 3211 3209
f 3210 3212 3216 3214
f 3209 3210 3214 3213
f 3215 3216 3212 3211
f 3211 3212 3210 3209
f 3213 3214 3216 3215
f 3221 3223 3219 3217
f 3218 3220 3224 3222
f 3217 3218 3222 3221
f 3223 3224 3220 3219
f 3219 3220 3218 3217
f 3221 3222 3224 3223
f 3229 3231 3227 3225
f 3226 3228 3232 3230
f 3225 3226 3230 3229
f 3231 3232 3228 3227
f 3227 3228 3226 3225
f 3229 3230 3232 3231
f 3237 3239 3235 3233
f 3234 3236 3240 3238
f 3233 3234 3238 3237
f 3239 3240 3236 3235
f 3235 3236 3234 3233
f 3237 3238 3240 3239
f 3245 3247 3243 3241
f 3242 3244 3248 3246
f 3241 3242 3246 3245
f 3247 3248 3244 3243
f 3243 3244 3242 3241
f 3245 3246 3248 3247
f 3253 3255 3251 3249
f 3250 3252 3256 3254
f 3249 3250 3254 3253
f 3255 3256 3252 3251
f 3251 3252 3250 3249
f 3253 3254 3256 3255
f 3261 3263 3259 3257
f 3258 3260 3264 3262
f 3257 3258 3262 3261
f 3263 3264 3260 3259
f 3259 3260 3258 3257
f 3261 3262 3264 3263
f 3269 3271 3267 3265
f 3266 3268 3272 3270
f 3265 3266 3270 3269
f 3271 3272 3268 3267
f 3267 3268 3266 3265
f 3269 3270 3272 3271
f 3277 3279 3275 3273
f 3274 3276 3280 3278
f 3273 3274 3278 3277
f 3279 3280 3276 3275
f 3275 3276 3274 3273
f 3277 3278 3280 3279
f 3285 3287 3283 3281
f 3282 3284 3288 3286
f 3281 3282 3286 3285
f 3287 3288 3284 3283
f 3283 3284 3282 3281
f 3285 3286 3288 3287
f 3293 3295 3291 3289
f 3290 3292 3296 3294
f 3289 3290 3294 3293
f 3295 3296 3292 3291
f 3291 3292 3290 3289
f 3293 3294 3296 3295
f 3301 3303 3299 3297
f 3298 3300 3304 3302
f 3297 3298 3302 3301
f 3303 3304 3300 3299
f 3299 3300 3298 3297
f 3301 3302 3304 3303
f 3309 3311 3307 3305
f 3306 3308 3312 3310
f 3305 3306 3310 3309
f 3311 3312 3308 3307
f 3307 3308 3306 3305
f 3309 3310 3312 3311
f 3317 3319 3315 3313
f 3314 3316 3320 3318
f 3313 3314 3318 3317
f 3319 3320 3316 3315
f 3315 3316 3314 3313
f 3317 3318 3320 3319
f 3325 3327 3323 3321
f 3322 3324 3328 3326
f 3321 3322 3326 3325
f 3327 3328 3324 3323
f 3323 3324 3322 3321
f 3325 3326 3328 3327
f 3333 3335 3331 3329
f 3330 3332 3336 3334
f 3329 3330 3334 3333
f 3335 3336 3332 3331
f 3331 3332 3330 3329
f 3333 3334 3336 3335
f 3341 3343 3339 3337
f 3338 3340 3344 3342
f 3337 3338 3342 3341
f 3343 3344 3340 3339
f 3339 3340 3338 3337
f 3341 3342 3344 3343
f 3349 3351 3347 3345
f 3346 3348 3352 3350
f 3345 3346 3350 3349
f 3351 3352 3348 3347
f 3347 3348 3346 3345
f 3349 3350 3352 3351
f 3357 3359 3355 3353
f 3354 3356 3360 3358
f 3353 3354 3358 3357
f 3359 3360 3356 3355
f 3355 3356 3354 3353
f 3357 3358 3360 3359
f 3365 3367 3363 3361
f 3362 3364 3368 3366
f 3361 3362 3366 3365
f 3367 3368 3364 3363
f 3363 3364 3362 3361
f 3365 3366 3368 3367
f 3373 3375 3371 3369
f 3370 3372 3376 3374
f 3369 3370 3374 3373
f 3375 3376 3372 3371
f 3371 3372 3370 3369
f 3373 3374 3376 3375
f 3381 3383 3379 3377
f 3378 3380 3384 3382
f 3377 3378 3382 3381
f 3383 3384 3380 3379
f 3379 3380 3378 3377
f 3381 3382 3384 3383
f 3389 3391 3387 3385
f 3386 3388 3392 3390
f 3385 3386 3390 3389
f 3391 3392 3388 3387
f 3387 3388 3386 3385
f 3389 3390 3392 3391
f 3397 3399 3395 3393
f 3394 3396 3400 3398
f 3393 3394 3398 3397
f 3399 3400 3396 3395
f 3395 3396 3394 3393
f 3397 3398 3400 3399
f 3405 3407 3403 3401
f 3402 3404 3408 3406
f 3401 3402 3406 3405
f 3407 3408 3404 3403
f 3403 3404 3402 3401
f 3405 3406 3408 3407
f 3413 3415 3411 3409
f 3410 3412 3416 3414
f 3409 3410 3414 3413
f 3415 3416 3412 3411
f 3411 3412 3410 3409
f 3413 3414 3416 3415
f 3421 3423 3419 3417
f 3418 3420 3424 3422
f 3417 3418 3422 3421
f 3423 3424 3420 3419
f 3419 3420 3418 3417
f 3421 3422 3424 3423
f 3429 3431 3427 3425
f 3426 3428 3432 3430
f 3425 3426 3430 3429
f 3431 3432 3428 3427
f 3427 3428 3426 3425
f 3429 3430 3432 3431
f 3437 3439 3435 3433
f 3434 3436 3440 3438
f 3433 3434 3438 3437
f 3439 3440 3436 3435
f 3435 3436 3434 3433
f 3437 3438 3440 3439
f 3445 3447 3443 3441
f 3442 3444 3448 3446
f 3441 3442 3446 3445
f 3447 3448 3444 3443
f 3443 3444 3442 3441
f 3445 3446 3448 3447
f 3453 3455 3451 3449
f 3450 3452 3456 3454
f 3449 3450 3454 3453
f 3455 3456 3452 3451
f 3451 3452 3450 3449
f 3453 3454 3456 3455
f 3461 3463 3459 3457
f 3458 3460 3464 3462
f 3457 3458 3462 3461
f 3463 3464 3460 3459
f 3459 3460 3458 3457
f 3461 3462 3464 3463
f 3469 3471 3467 3465
f 3466 3468 3472 3470
f 3465 3466 3470 3469
f 3471 3472 3468 3467
f 3467 3468 3466 3465
f 3469 3470 3472 3471
f 3477 3479 3475 3473
f 3474 3476 3480 3478
f 3473 3474 3478 3477
f 3479 3480 3476 3475
f 3475 3476 3474 3473
f 3477 3478 3480 3479
f 3485 3487 3483 3481
f 3482 3484 3488 3486
f 3481 3482 3486 3485
f 3487 3488 3484 3483
f 3483 3484 3482 3481
f 3485 3486 3488 3487
f 3493 3495 3491 3489
f 3490 3492 3496 3494
f 3489 3490 3494 3493
f 3495 3496 3492 3491
f 3491 3492 3490 3489
f 3493 3494 3496 3495
f 3501 3503 3499 3497
f 3498 3500 3504 3502
f 3497 3498 3502 3501
f 3503 3504 3500 3499
f 3499 3500 3498 3497
f 3501 3502 3504 3503
f 3509 3511 3507 3505
f 3506 3508 3512 3510
f 3505 3506 3510 3509
f 3511 3512 3508 3507
f 3507 3508 3506 3505
f 3509 3510 3512 3511
f 3517 3519 3515 3513
f 3514 3516 3520 3518
f 3513 3514 3518 3517
f 3519 3520 3516 3515
f 3515 3516 3514 3513
f 3517 3518 3520 3519
f 3525 3527 3523 3521
f 3522 3524 3528 3526
f 3521 3522 3526 3525
f 3527 3528 3524 3523
f 3523 3524 3522 3521
f 3525 3526 3528 3527
f 3533 3535 3531 3529
f 3530 3532 3536 3534
f 3529 3530 3534 3533
f 3535 3536 3532 3531
f 3531 3532 3530 3529
f 3533 3534 3536 3535
f 3541 3543 3539 3537
f 3538 3540 3544 3542
f 3537 3538 3542 3541
f 3543 3544 3540 3539
f 3539 3540 3538 3537
f 3541 3542 3544 3543
f 3549 3551 3547 3545
f 3546 3548 3552 3550
f 3545 3546 3550 3549
f 3551 3552 3548 3547
f 3547 3548 3546 3545
f 3549 3550 3552 3551
f 3557 3559 3555 3553
f 3554 3556 3560 3558
f 3553 3554 3558 3557
f 3559 3560 3556 3555
f 3555 3556 3554 3553
f 3557 3558 3560 3559
f 3565 3567 3563 3561
f 3562 3564 3568 3566
f 3561 3562 3566 3565
f 3567 3568 3564 3563
f 3563 3564 3562 3561
f 3565 3566 3568 3567
f 3573 3575 3571 3569
f 3570 3572 3576 3574
f 3569 3570 3574 3573
f 3575 3576 3572 3571
f 3571 3572 3570 3569
f 3573 3574 3576 3575
f 3581 3583 3579 3577
f 3578 3580 3584 3582
f 3577 3578 3582 3581
f 3583 3584 3580 3579
f 3579 3580 3578 3577
f 3581 3582 3584 3583
f 3589 3591 3587 3585
f 3586 3588 3592 3590
f 3585 3586 3590 3589
f 3591 3592 3588 3587
f 3587 3588 3586 3585
f 3589 3590 3592 3591
f 3597 3599 3595 3593
f 3594 3596 3600 3598
f 3593 3594 3598 3597
f 3599 3600 3596 3595
f 3595 3596 3594 3593
f 3597 3598 3600 3599
f 3605 3607 3603 3601
f 3602 3604 3608 3606
f 3601 3602 3606 3605
f 3607 3608 3604 3603
f 3603 3604 3602 3601
f 3605 3606 3608 3607
f 3613 3615 3611 3609
f 3610 3612 3616 3614
f 3609 3610 3614 3613
f 3615 3616 3612 3611
f 3611 3612 3610 3609
f 3613 3614 3616 3615
f 3621 3623 3619 3617
f 3618 3620 3624 3622
f 3617 3618 3622 3621
f 3623 3624 3620 3619
f 3619 3620 3618 3617
f 3621 3622 3624 3623
f 3629 3631 3627 3625
f 3626 3628 3632 3630
f 3625 3626 3630 3629
f 3631 3632 3628 3627
f 3627 3628 3626 3625
f 3629 3630 3632 3631
f 3637 3639 3635 3633
f 3634 3636 3640 3638
f 3633 3634 3638 3637
f 3639 3640 3636 3635
f 3635 3636 3634 3633
f 3637 3638 3640 3639
f 3645 3647 3643 3641
f 3642 3644 3648 3646
f 3641 3642 3646 3645
f 3647 3648 3644 3643
f 3643 3644 3642 3641
f 3645 3646 3648 3647
f 3653 3655 3651 3649
f 3650 3652 3656 3654
f 3649 3650 3654 3653
f 3655 3656 3652 3651
f 3651 3652 3650 3649
f 3653 3654 3656 3655
f 3661 3663 3659 3657
f 3658 3660 3664 3662
f 3657 3658 3662 3661
f 3663 3664 3660 3659
f 3659 3660 3658 3657
f 3661 3662 3664 3663
f 3669 3671 3667 3665
f 3666 3668 3672 3670
f 3665 3666 3670 3669
f 3671 3672 3668 3667
f 3667 3668 3666 3665
f 3669 3670 3672 3671
f 3677 3679 3675 3673
f 3674 3676 3680 3678
f 3673 3674 3678 3677
f 3679 3680 3676 3675
f 3675 3676 3674 3673
f 3677 3678 3680 3679
f 3685 3687 3683 3681
f 3682 3684 3688 3686
f 3681 3682 3686 3685
f 3687 3688 3684 3683
f 3683 3684 3682 3681
f 3685 3686 3688 3687
f 3693 3695 3691 3689
f 3690 3692 3696 3694
f 3689 3690 3694 3693
f 3695 3696 3692 3691
f 3691 3692 3690 3689
f 3693 3694 3696 3695
f 3701 3703 3699 3697
f 3698 3700 3704 3702
f 3697 3698 3702 3701
f 3703 3704 3700 3699
f 3699 3700 3698 3697
f 3701 3702 3704 3703
f 3709 3711 3707 3705
f 3706 3708 3712 3710
f 3705 3706 3710 3709
f 3711 3712 3708 3707
f 3707 3708 3706 3705
f 3709 3710 3712 3711
f 3717 3719 3715 3713
f 3714 3716 3720 3718
f 3713 3714 3718 3717
f 3719 3720 3716 3715
f 3715 3716 3714 3713
f 3717 3718 3720 3719
f 3725 3727 3723 3721
f 3722 3724 3728 3726
f 3721 3722 3726 3725
f 3727 3728 3724 3723
f 3723 3724 3722 3721
f 3725 3726 3728 3727
f 3733 3735 3731 3729
f 3730 3732 3736 3734
f 3729 3730 3734 3733
f 3735 3736 3732 3731
f 3731 3732 3730 3729
f 3733 3734 3736 3735
f 3741 3743 3739 3737
f 3738 3740 3744 3742
f 3737 3738 3742 3741
f 3743 3744 3740 3739
f 3739 3740 3738 3737
f 3741 3742 3744 3743
f 3749 3751 3747 3745
f 3746 3748 3752 3750
f 3745 3746 3750 3749
f 3751 3752 3748 3747
f 3747 3748 3746 3745
f 3749 3750 3752 3751
f 3757 3759 3755 3753
f 3754 3756 3760 3758
f 3753 3754 3758 3757
f 3759 3760 3756 3755
f 3755 3756 3754 3753
f 3757 3758 3760 3759
f 3765 3767 3763 3761
f 3762 3764 3768 3766
f 3761 3762 3766 3765
f 3767 3768 3764 3763
f 3763 3764 3762 3761
f 3765 3766 3768 3767
f 3773 3775 3771 3769
f 3770 3772 3776 3774
f 3769 3770 3774 3773
f 3775 3776 3772 3771
f 3771 3772 3770 3769
f 3773 3774 3776 3775
f 3781 3783 3779 3777
f 3778 3780 3784 3782
f 3777 3778 3782 3781
f 3783 3784 3780 3779
f 3779 3780 3778 3777
f 3781 3782 3784 3783
f 3789 3791 3787 3785
f 3786 3788 3792 3790
f 3785 3786 3790 3789
f 3791 3792 3788 3787
f 3787 3788 3786 3785
f 3789 3790 3792 3791
f 3797 3799 3795 3793
f 3794 3796 3800 3798
f 3793 3794 3798 3797
f 3799 3800 3796 3795
f 3795 3796 3794 3793
f 3797 3798 3800 3799
f 3805 3807 3803 3801
f 3802 3804 3808 3806
f 3801 3802 3806 3805
f 3807 3808 3804 3803
f 3803 3804 3802 3801
f 3805 3806 3808 3807
f 3813 3815 3811 3809
f 3810 3812 3816 3814
f 3809 3810 3814 3813
f 3815 3816 3812 3811
f 3811 3812 3810 3809
f 3813 3814 3816 3815
f 3821 3823 3819 3817
f 3818 3820 3824 3822
f 3817 3818 3822 3821
f 3823 3824 3820 3819
f 3819 3820 3818 3817
f 3821 3822 3824 3823
f 3829 3831 3827 3825
f 3826 3828 3832 3830
f 3825 3826 3830 3829
f 3831 3832 3828 3827
f 3827 3828 3826 3825
f 3829 3830 3832 3831
f 3837 3839 3835 3833
f 3834 3836 3840 3838
f 3833 3834 3838 3837
f 3839 3840 3836 3835
f 3835 3836 3834 3833
f 3837 3838 3840 3839
f 3845 3847 3843 3841
f 3842 3844 3848 3846
f 3841 3842 3846 3845
f 3847 3848 3844 3843
f 3843 3844 3842 3841
f 3845 3846 3848 3847
f 3853 3855 3851 3849
f 3850 3852 3856 3854
f 3849 3850 3854 3853
f 3855 3856 3852 3851
f 3851 3852 3850 3849
f 3853 3854 3856 3855
f 3861 3863 3859 3857
f 3858 3860 3864 3862
f 3857 3858 3862 3861
f 3863 3864 3860 3859
f 3859 3860 3858 3857
f 3861 3862 3864 3863
f 3869 3871 3867 3865
f 3866 3868 3872 3870
f 3865 3866 3870 3869
f 3871 3872 3868 3867
f 3867 3868 3866 3865
f 3869 3870 3872 3871
f 3877 3879 3875 3873
f 3874 3876 3880 3878
f 3873 3874 3878 3877
f 3879 3880 3876 3875
f 3875 3876 3874 3873
f 3877 3878 3880 3879
f 3885 3887 3883 3881
f 3882 3884 3888 3886
f 3881 3882 3886 3885
f 3887 3888 3884 3883
f 3883 3884 3882 3881
f 3885 3886 3888 3887
f 3893 3895 3891 3889
f 3890 3892 3896 3894
f 3889 3890 3894 3893
f 3895 3896 3892 3891
f 3891 3892 3890 3889
f 3893 3894 3896 3895
f 3901 3903 3899 3897
f 3898 3900 3904 3902
f 3897 3898 3902 3901
f 3903 3904 3900 3899
f 3899 3900 3898 3897
f 3901 3902 3904 3903
f 3909 3911 3907 3905
f 3906 3908 3912 3910
f 3905 3906 3910 3909
f 3911 3912 3908 3907
f 3907 3908 3906 3905
f 3909 3910 3912 3911
f 3917 3919 3915 3913
f 3914 3916 3920 3918
f 3913 3914 3918 3917
f 3919 3920 3916 3915
f 3915 3916 3914 3913
f 3917 3918 3920 3919
f 3925 3927 3923 3921
f 3922 3924 3928 3926
f 3921 3922 3926 3925
f 3927 3928 3924 3923
f 3923 3924 3922 3921
f 3925 3926 3928 3927
f 3933 3935 3931 3929
f 3930 3932 3936 3934
f 3929 3930 3934 3933
f 3935 3936 3932 3931
f 3931 3932 3930 3929
f 3933 3934 3936 3935
f 3941 3943 3939 3937
f 3938 3940 3944 3942
f 3937 3938 3942 3941
f 3943 3944 3940 3939
f 3939 3940 3938 3937
f 3941 3942 3944 3943
f 3949 3951 3947 3945
f 3946 3948 3952 3950
f 3945 3946 3950 3949
f 3951 3952 3948 3947
f 3947 3948 3946 3945
f 3949 3950 3952 3951
f 3957 3959 3955 3953
f 3954 3956 3960 3958
f 3953 3954 3958 3957
f 3959 3960 3956 3955
f 3955 3956 3954 3953
f 3957 3958 3960 3959
f 3965 3967 3963 3961
f 3962 3964 3968 3966
f 3961 3962 3966 3965
f 3967 3968 3964 3963
f 3963 3964 3962 3961
f 3965 3966 3968 3967
f 3973 3975 3971 3969
f 3970 3972 3976 3974
f 3969 3970 3974 3973
f 3975 3976 3972 3971
f 3971 3972 3970 3969
f 3973 3974 3976 3975
f 3981 3983 3979 3977
f 3978 3980 3984 3982
f 3977 3978 3982 3981
f 3983 3984 3980 3979
f 3979 3980 3978 3977
f 3981 3982 3984 3983
f 3989 3991 3987 3985
f 3986 3988 3992 3990
f 3985 3986 3990 3989
f 3991 3992 3988 3987
f 3987 3988 3986 3985
f 3989 3990 3992 3991
f 3997 3999 3995 3993
f 3994 3996 4000 3998
f 3993 3994 3998 3997
f 3999 4000 3996 3995
f 3995 3996 3994 3993
f 3997 3998 4000 3999
f 4005 4007 4003 4001
f 4002 4004 4008 4006
f 4001 4002 4006 4005
f 4007 4008 4004 4003
f 4003 4004 4002 4001
f 4005 4006 4008 4007
f 4013 4015 4011 4009
f 4010 4012 4016 4014
f 4009 4010 4014 4013
f 4015 4016 4012 4011
f 4011 4012 4010 4009
f 4013 4014 4016 4015
f 4021 4023 4019 4017
f 4018 4020 4024 4022
f 4017 4018 4022 4021
f 4023 4024 4020 4019
f 4019 4020 4018 4017
f 4021 4022 4024 4023
f 4029 4031 4027 4025
f 4026 4028 4032 4030
f 4025 4026 4030 4029
f 4031 4032 4028 4027
f 4027 4028 4026 4025
f 4029 4030 4032 4031
f 4037 4039 4035 4033
f 4034 4036 4040 4038
f 4033 4034 4038 4037
f 4039 4040 4036 4035
f 4035 4036 4034 4033
f 4037 4038 4040 4039
f 4045 4047 4043 4041
f 4042 4044 4048 4046
f 4041 4042 4046 4045
f 4047 4048 4044 4043
f 4043 4044 4042 4041
f 4045 4046 4048 4047
f 4053 4055 4051 4049
f 4050 4052 4056 4054
f 4049 4050 4054 4053
f 4055 4056 4052 4051
f 4051 4052 4050 4049
f 4053 4054 4056 4055
f 4061 4063 4059 4057
f 4058 4060 4064 4062
f 4057 4058 4062 4061
f 4063 4064 4060 4059
f 4059 4060 4058 4057
f 4061 4062 4064 4063
f 4069 4071 4067 4065
f 4066 4068 4072 4070
f 4065 4066 4070 4069
f 4071 4072 4068 4067
f 4067 4068 4066 4065
f 4069 4070 4072 4071
f 4077 4079 4075 4073
f 4074 4076 4080 4078
f 4073 4074 4078 4077
f 4079 4080 4076 4075
f 4075 4076 4074 4073
f 4077 4078 4080 4079
f 4085 4087 4083 4081
f 4082 4084 4088 4086
f 4081 4082 4086 4085
f 4087 4088 4084 4083
f 4083 4084 4082 4081
f 4085 4086 4088 4087
f 4093 4095 4091 4089
f 4090 4092 4096 4094
f 4089 4090 4094 4093
f 4095 4096 4092 4091
f 4091 4092 4090 4089
f 4093 4094 4096 4095
f 4101 4103 4099 4097
f 4098 4100 4104 4102
f 4097 4098 4102 4101
f 4103 4104 4100 4099
f 4099 4100 4098 4097
f 4101 4102 4104 4103
f 4109 4111 4107 4105
f 4106 4108 4112 4110
f 4105 4106 4110 4109
f 4111 4112 4108 4107
f 4107 4108 4106 4105
f 4109 4110 4112 4111
f 4117 4119 4115 4113
f 4114 4116 4120 4118
f 4113 4114 4118 4117
f 4119 4120 4116 4115
f 4115 4116 4114 4113
f 4117 4118 4120 4119
f 4125 4127 4123 4121
f 4122 4124 4128 4126
f 4121 4122 4126 4125
f 4127 4128 4124 4123
f 4123 4124 4122 4121
f 4125 4126 4128 4127
f 4133 4135 4131 4129
f 4130 4132 4136 4134
f 4129 4130 4134 4133
f 4135 4136 4132 4131
f 4131 4132 4130 4129
f 4133 4134 4136 4135
f 4141 4143 4139 4137
f 4138 4140 4144 4142
f 4137 4138 4142 4141
f 4143 4144 4140 4139
f 4139 4140 4138 4137
f 4141 4142 4144 4143
f 4149 4151 4147 4145
f 4146 4148 4152 4150
f 4145 4146 4150 4149
f 4151 4152 4148 4147
f 4147 4148 4146 4145
f 4149 4150 4152 4151
f 4157 4159 4155 4153
f 4154 4156 4160 4158
f 4153 4154 4158 4157
f 4159 4160 4156 4155
f 4155 4156 4154 4153
f 4157 4158 4160 4159
f 4165 4167 4163 4161
f 4162 4164 4168 4166
f 4161 4162 4166 4165
f 4167 4168 4164 4163
f 4163 4164 4162 4161
f 4165 4166 4168 4167
f 4173 4175 4171 4169
f 4170 4172 4176 4174
f 4169 4170 4174 4173
f 4175 4176 4172 4171
f 4171 4172 4170 4169
f 4173 4174 4176 4175
f 4181 4183 4179 4177
f 4178 4180 4184 4182
f 4177 4178 4182 4181
f 4183 4184 4180 4179
f 4179 4180 4178 4177
f 4181 4182 4184 4183
f 4189 4191 4187 4185
f 4186 4188 4192 4190
f 4185 4186 4190 4189
f 4191 4192 4188 4187
f 4187 4188 4186 4185
f 4189 4190 4192 4191
f 4197 4199 4195 4193
f 4194 4196 4200 4198
f 4193 4194 4198 4197
f 4199 4200 4196 4195
f 4195 4196 4194 4193
f 4197 4198 4200 4199
f 4205 4207 4203 4201
f 4202 4204 4208 4206
f 4201 4202 4206 4205
f 4207 4208 4204 4203
f 4203 4204 4202 4201
f 4205 4206 4208 4207
f 4213 4215 4211 4209
f 4210 4212 4216 4214
f 4209 4210 4214 4213
f 4215 4216 4212 4211
f 4211 4212 4210 4209
f 4213 4214 4216 4215
f 4221 4223 4219 4217
f 4218 4220 4224 4222
f 4217 4218 4222 4221
f 4223 4224 4220 4219
f 4219 4220 4218 4217
f 4221 4222 4224 4223
f 4229 4231 4227 4225
f 4226 4228 4232 4230
f 4225 4226 4230 4229
f 4231 4232 4228 4227
f 4227 4228 4226 4225
f 4229 4230 4232 4231
f 4237 4239 4235 4233
f 4234 4236 4240 4238
f 4233 4234 4238 4237
f 4239 4240 4236 4235
f 4235 4236 4234 4233
f 4237 4238 4240 4239
f 4245 4247 4243 4241
f 4242 4244 4248 4246
f 4241 4242 4246 4245
f 4247 4248 4244 4243
f 4243 4244 4242 4241
f 4245 4246 4248 4247
f 4253 4255 4251 4249
f 4250 4252 4256 4254
f 4249 4250 4254 4253
f 4255 4256 4252 4251
f 4251 4252 4250 4249
f 4253 4254 4256 4255
f 4261 4263 4259 4257
f 4258 4260 4264 4262
f 4257 4258 4262 4261
f 4263 4264 4260 4259
f 4259 4260 4258 4257
f 4261 4262 4264 4263
f 4269 4271 4267 4265
f 4266 4268 4272 4270
f 4265 4266 4270 4269
f 4271 4272 4268 4267
f 4267 4268 4266 4265
f 4269 4270 4272 4271
f 4277 4279 4275 4273
f 4274 4276 4280 4278
f 4273 4274 4278 4277
f 4279 4280 4276 4275
f 4275 4276 4274 4273
f 4277 4278 4280 4279
f 4285 4287 4283 4281
f 4282 4284 4288 4286
f 4281 4282 4286 4285
f 4287 4288 4284 4283
f 4283 4284 4282 4281
f 4285 4286 4288 4287
f 4293 4295 4291 4289
f 4290 4292 4296 4294
f 4289 4290 4294 4293
f 4295 4296 4292 4291
f 4291 4292 4290 4289
f 4293 4294 4296 4295
f 4301 4303 4299 4297
f 4298 4300 4304 4302
f 4297 4298 4302 4301
f 4303 4304 4300 4299
f 4299 4300 4298 4297
f 4301 4302 4304 4303
f 4309 4311 4307 4305
f 4306 4308 4312 4310
f 4305 4306 4310 4309
f 4311 4312 4308 4307
f 4307 4308 4306 4305
f 4309 4310 4312 4311
f 4317 4319 4315 4313
f 4314 4316 4320 4318
f 4313 4314 4318 4317
f 4319 4320 4316 4315
f 4315 4316 4314 4313
f 4317 4318 4320 4319
f 4325 4327 4323 4321
f 4322 4324 4328 4326
f 4321 4322 4326 4325
f 4327 4328 4324 4323
f 4323 4324 4322 4321
f 4325 4326 4328 4327
f 4333 4335 4331 4329
f 4330 4332 4336 4334
f 4329 4330 4334 4333
f 4335 4336 4332 4331
f 4331 4332 4330 4329
f 4333 4334 4336 4335
f 4341 4343 4339 4337
f 4338 4340 4344 4342
f 4337 4338 4342 4341
f 4343 4344 4340 4339
f 4339 4340 4338 4337
f 4341 4342 4344 4343
f 4349 4351 4347 4345
f 4346 4348 4352 4350
f 4345 4346 4350 4349
f 4351 4352 4348 4347
f 4347 4348 4346 4345
f 4349 4350 4352 4351
f 4357 4359 4355 4353
f 4354 4356 4360 4358
f 4353 4354 4358 4357
f 4359 4360 4356 4355
f 4355 4356 4354 4353
f 4357 4358 4360 4359
f 4365 4367 4363 4361
f 4362 4364 4368 4366
f 4361 4362 4366 4365
f 4367 4368 4364 4363
f 4363 4364 4362 4361
f 4365 4366 4368 4367
f 4373 4375 4371 4369
f 4370 4372 4376 4374
f 4369 4370 4374 4373
f 4375 4376 4372 4371
f 4371 4372 4370 4369
f 4373 4374 4376 4375
f 4381 4383 4379 4377
f 4378 4380 4384 4382
f 4377 4378 4382 4381
f 4383 4384 4380 4379
f 4379 4380 4378 4377
f 4381 4382 4384 4383
f 4389 4391 4387 4385
f 4386 4388 4392 4390
f 4385 4386 4390 4389
f 4391 4392 4388 4387
f 4387 4388 4386 4385
f 4389 4390 4392 4391
f 4397 4399 4395 4393
f 4394 4396 4400 4398
f 4393 4394 4398 4397
f 4399 4400 4396 4395
f 4395 4396 4394 4393
f 4397 4398 4400 4399
f 4405 4407 4403 4401
f 4402 4404 4408 4406
f 4401 4402 4406 4405
f 4407 4408 4404 4403
f 4403 4404 4402 4401
f 4405 4406 4408 4407
f 4413 4415 4411 4409
f 4410 4412 4416 4414
f 4409 4410 4414 4413
f 4415 4416 4412 4411
f 4411 4412 4410 4409
f 4413 4414 4416 4415
f 4421 4423 4419 4417
f 4418 4420 4424 4422
f 4417 4418 4422 4421
f 4423 4424 4420 4419
f 4419 4420 4418 4417
f 4421 4422 4424 4423
f 4429 4431 4427 4425
f 4426 4428 4432 4430
f 4425 4426 4430 4429
f 4431 4432 4428 4427
f 4427 4428 4426 4425
f 4429 4430 4432 4431
f 4437 4439 4435 4433
f 4434 4436 4440 4438
f 4433 4434 4438 4437
f 4439 4440 4436 4435
f 4435 4436 4434 4433
f 4437 4438 4440 4439
f 4445 4447 4443 4441
f 4442 4444 4448 4446
f 4441 4442 4446 4445
f 4447 4448 4444 4443
f 4443 4444 4442 4441
f 4445 4446 4448 4447
f 4453 4455 4451 4449
f 4450 4452 4456 4454
f 4449 4450 4454 4453
f 4455 4456 4452 4451
f 4451 4452 4450 4449
f 4453 4454 4456 4455
f 4461 4463 4459 4457
f 4458 4460 4464 4462
f 4457 4458 4462 4461
f 4463 4464 4460 4459
f 4459 4460 4458 4457
f 4461 4462 4464 4463
f 4469 4471 4467 4465
f 4466 4468 4472 4470
f 4465 4466 4470 4469
f 4471 4472 4468 4467
f 4467 4468 4466 4465
f 4469 4470 4472 4471
f 4477 4479 4475 4473
f 4474 4476 4480 4478
f 4473 4474 4478 4477
f 4479 4480 4476 4475
f 4475 4476 4474 4473
f 4477 4478 4480 4479
f 4485 4487 4483 4481
f 4482 4484 4488 4486
f 4481 4482 4486 4485
f 4487 4488 4484 4483
f 4483 4484 4482 4481
f 4485 4486 4488 4487
f 4493 4495 4491 4489
f 4490 4492 4496 4494
f 4489 4490 4494 4493
f 4495 4496 4492 4491
f 4491 4492 4490 4489
f 4493 4494 4496 4495
f 4501 4503 4499 4497
f 4498 4500 4504 4502
f 4497 4498 4502 4501
f 4503 4504 4500 4499
f 4499 4500 4498 4497
f 4501 4502 4504 4503
f 4509 4511 4507 4505
f 4506 4508 4512 4510
f 4505 4506 4510 4509
f 4511 4512 4508 4507
f 4507 4508 4506 4505
f 4509 4510 4512 4511
f 4517 4519 4515 4513
f 4514 4516 4520 4518
f 4513 4514 4518 4517
f 4519 4520 4516 4515
f 4515 4516 4514 4513
f 4517 4518 4520 4519
f 4525 4527 4523 4521
f 4522 4524 4528 4526
f 4521 4522 4526 4525
f 4527 4528 4524 4523
f 4523 4524 4522 4521
f 4525 4526 4528 4527
f 4533 4535 4531 4529
f 4530 4532 4536 4534
f 4529 4530 4534 4533
f 4535 4536 4532 4531
f 4531 4532 4530 4529
f 4533 4534 4536 4535
f 4541 4543 4539 4537
f 4538 4540 4544 4542
f 4537 4538 4542 4541
f 4543 4544 4540 4539
f 4539 4540 4538 4537
f 4541 4542 4544 4543
f 4549 4551 4547 4545
f 4546 4548 4552 4550
f 4545 4546 4550 4549
f 4551 4552 4548 4547
f 4547 4548 4546 4545
f 4549 4550 4552 4551
f 4557 4559 4555 4553
f 4554 4556 4560 4558
f 4553 4554 4558 4557
f 4559 4560 4556 4555
f 4555 4556 4554 4553
f 4557 4558 4560 4559
f 4565 4567 4563 4561
f 4562 4564 4568 4566
f 4561 4562 4566 4565
f 4567 4568 4564 4563
f 4563 4564 4562 4561
f 4565 4566 4568 4567
f 4573 4575 4571 4569
f 4570 4572 4576 4574
f 4569 4570 4574 4573
f 4575 4576 4572 4571
f 4571 4572 4570 4569
f 4573 4574 4576 4575
f 4581 4583 4579 4577
f 4578 4580 4584 4582
f 4577 4578 4582 4581
f 4583 4584 4580 4579
f 4579 4580 4578 4577
f 4581 4582 4584 4583
f 4589 4591 4587 4585
f 4586 4588 4592 4590
f 4585 4586 4590 4589
f 4591 4592 4588 4587
f 4587 4588 4586 4585
f 4589 4590 4592 4591
f 4597 4599 4595 4593
f 4594 4596 4600 4598
f 4593 4594 4598 4597
f 4599 4600 4596 4595
f 4595 4596 4594 4593
f 4597 4598 4600 4599
f 4605 4607 4603 4601
f 4602 4604 4608 4606
f 4601 4602 4606 4605
f 4607 4608 4604 4603
f 4603 4604 4602 4601
f 4605 4606 4608 4607
f 4613 4615 4611 4609
f 4610 4612 4616 4614
f 4609 4610 4614 4613
f 4615 4616 4612 4611
f 4611 4612 4610 4609
f 4613 4614 4616 4615
f 4621 4623 4619 4617
f 4618 4620 4624 4622
f 4617 4618 4622 4621
f 4623 4624 4620 4619
f 4619 4620 4618 4617
f 4621 4622 4624 4623
f 4629 4631 4627 4625
f 4626 4628 4632 4630
f 4625 4626 4630 4629
f 4631 4632 4628 4627
f 4627 4628 4626 4625
f 4629 4630 4632 4631
f 4637 4639 4635 4633
f 4634 4636 4640 4638
f 4633 4634 4638 4637
f 4639 4640 4636 4635
f 4635 4636 4634 4633
f 4637 4638 4640 4639
f 4645 4647 4643 4641
f 4642 4644 4648 4646
f 4641 4642 4646 4645
f 4647 4648 4644 4643
f 4643 4644 4642 4641
f 4645 4646 4648 4647
f 4653 4655 4651 4649
f 4650 4652 4656 4654
f 4649 4650 4654 4653
f 4655 4656 4652 4651
f 4651 4652 4650 4649
f 4653 4654 4656 4655
f 4661 4663 4659 4657
f 4658 4660 4664 4662
f 4657 4658 4662 4661
f 4663 4664 4660 4659
f 4659 4660 4658 4657
f 4661 4662 4664 4663
f 4669 4671 4667 4665
f 4666 4668 4672 4670
f 4665 4666 4670 4669
f 4671 4672 4668 4667
f 4667 4668 4666 4665
f 4669 4670 4672 4671
f 4677 4679 4675 4673
f 4674 4676 4680 4678
f 4673 4674 4678 4677
f 4679 4680 4676 4675
f 4675 4676 4674 4673
f 4677 4678 4680 4679
f 4685 4687 4683 4681
f 4682 4684 4688 4686
f 4681 4682 4686 4685
f 4687 4688 4684 4683
f 4683 4684 4682 4681
f 4685 4686 4688 4687
f 4693 4695 4691 4689
f 4690 4692 4696 4694
f 4689 4690 4694 4693
f 4695 4696 4692 4691
f 4691 4692 4690 4689
f 4693 4694 4696 4695
f 4701 4703 4699 4697
f 4698 4700 4704 4702
f 4697 4698 4702 4701
f 4703 4704 4700 4699
f 4699 4700 4698 4697
f 4701 4702 4704 4703
f 4709 4711 4707 4705
f 4706 4708 4712 4710
f 4705 4706 4710 4709
f 4711 4712 4708 4707
f 4707 4708 4706 4705
f 4709 4710 4712 4711
o XL_Hull-col
usemtl Hull
v -9.9500 11.7000 90.0000
v 9.9500 11.7000 90.0000
v -9.9500 11.7000 80.0000
v 9.9500 11.7000 80.0000
v -9.9500 12.0000 90.0000
v 9.9500 12.0000 90.0000
v -9.9500 12.0000 80.0000
v 9.9500 12.0000 80.0000
v -9.9500 11.7000 80.0000
v 9.9500 11.7000 80.0000
v -9.9500 11.7000 70.0000
v 9.9500 11.7000 70.0000
v -9.9500 12.0000 80.0000
v 9.9500 12.0000 80.0000
v -9.9500 12.0000 70.0000
v 9.9500 12.0000 70.0000
v -9.9500 11.7000 70.0000
v 9.9500 11.7000 70.0000
v -9.9500 11.7000 60.0000
v 9.9500 11.7000 60.0000
v -9.9500 12.0000 70.0000
v 9.9500 12.0000 70.0000
v -9.9500 12.0000 60.0000
v 9.9500 12.0000 60.0000
v -9.9500 11.7000 60.0000
v 9.9500 11.7000 60.0000
v -9.9500 11.7000 50.0000
v 9.9500 11.7000 50.0000
v -9.9500 12.0000 60.0000
v 9.9500 12.0000 60.0000
v -9.9500 12.0000 50.0000
v 9.9500 12.0000 50.0000
v -9.9500 11.7000 50.0000
v 9.9500 11.7000 50.0000
v -9.9500 11.7000 40.0000
v 9.9500 11.7000 40.0000
v -9.9500 12.0000 50.0000
v 9.9500 12.0000 50.0000
v -9.9500 12.0000 40.0000
v 9.9500 12.0000 40.0000
v -9.9500 11.7000 40.0000
v 9.9500 11.7000 40.0000
v -9.9500 11.7000 30.0000
v 9.9500 11.7000 30.0000
v -9.9500 12.0000 40.0000
v 9.9500 12.0000 40.0000
v -9.9500 12.0000 30.0000
v 9.9500 12.0000 30.0000
v -9.9500 11.7000 30.0000
v 9.9500 11.7000 30.0000
v -9.9500 11.7000 20.0000
v 9.9500 11.7000 20.0000
v -9.9500 12.0000 30.0000
v 9.9500 12.0000 30.0000
v -9.9500 12.0000 20.0000
v 9.9500 12.0000 20.0000
v -9.9500 11.7000 20.0000
v 9.9500 11.7000 20.0000
v -9.9500 11.7000 10.0000
v 9.9500 11.7000 10.0000
v -9.9500 12.0000 20.0000
v 9.9500 12.0000 20.0000
v -9.9500 12.0000 10.0000
v 9.9500 12.0000 10.0000
v -9.9500 11.7000 10.0000
v 9.9500 11.7000 10.0000
v -9.9500 11.7000 -0.0000
v 9.9500 11.7000 -0.0000
v -9.9500 12.0000 10.0000
v 9.9500 12.0000 10.0000
v -9.9500 12.0000 -0.0000
v 9.9500 12.0000 -0.0000
v -9.9500 11.7000 -0.0000
v 9.9500 11.7000 -0.0000
v -9.9500 11.7000 -10.0000
v 9.9500 11.7000 -10.0000
v -9.9500 12.0000 -0.0000
v 9.9500 12.0000 -0.0000
v -9.9500 12.0000 -10.0000
v 9.9500 12.0000 -10.0000
v -9.9500 11.7000 -10.0000
v 9.9500 11.7000 -10.0000
v -9.9500 11.7000 -20.0000
v 9.9500 11.7000 -20.0000
v -9.9500 12.0000 -10.0000
v 9.9500 12.0000 -10.0000
v -9.9500 12.0000 -20.0000
v 9.9500 12.0000 -20.0000
v -9.9500 11.7000 -20.0000
v 9.9500 11.7000 -20.0000
v -9.9500 11.7000 -30.0000
v 9.9500 11.7000 -30.0000
v -9.9500 12.0000 -20.0000
v 9.9500 12.0000 -20.0000
v -9.9500 12.0000 -30.0000
v 9.9500 12.0000 -30.0000
v -9.9500 11.7000 -30.0000
v 9.9500 11.7000 -30.0000
v -9.9500 11.7000 -40.0000
v 9.9500 11.7000 -40.0000
v -9.9500 12.0000 -30.0000
v 9.9500 12.0000 -30.0000
v -9.9500 12.0000 -40.0000
v 9.9500 12.0000 -40.0000
v -9.9500 11.7000 -40.0000
v 9.9500 11.7000 -40.0000
v -9.9500 11.7000 -50.0000
v 9.9500 11.7000 -50.0000
v -9.9500 12.0000 -40.0000
v 9.9500 12.0000 -40.0000
v -9.9500 12.0000 -50.0000
v 9.9500 12.0000 -50.0000
v -9.9500 11.7000 -50.0000
v 9.9500 11.7000 -50.0000
v -9.9500 11.7000 -60.0000
v 9.9500 11.7000 -60.0000
v -9.9500 12.0000 -50.0000
v 9.9500 12.0000 -50.0000
v -9.9500 12.0000 -60.0000
v 9.9500 12.0000 -60.0000
v -9.9500 11.7000 -60.0000
v 9.9500 11.7000 -60.0000
v -9.9500 11.7000 -70.0000
v 9.9500 11.7000 -70.0000
v -9.9500 12.0000 -60.0000
v 9.9500 12.0000 -60.0000
v -9.9500 12.0000 -70.0000
v 9.9500 12.0000 -70.0000
v -9.9500 11.7000 -70.0000
v 9.9500 11.7000 -70.0000
v -9.9500 11.7000 -80.0000
v 9.9500 11.7000 -80.0000
v -9.9500 12.0000 -70.0000
v 9.9500 12.0000 -70.0000
v -9.9500 12.0000 -80.0000
v 9.9500 12.0000 -80.0000
v -9.9500 11.7000 -80.0000
v 9.9500 11.7000 -80.0000
v -9.9500 11.7000 -90.0000
v 9.9500 11.7000 -90.0000
v -9.9500 12.0000 -80.0000
v 9.9500 12.0000 -80.0000
v -9.9500 12.0000 -90.0000
v 9.9500 12.0000 -90.0000
v -10.4500 -0.3000 -90.0000
v -5.0000 -0.3000 -90.0000
v -10.4500 -0.3000 -90.5000
v -5.0000 -0.3000 -90.5000
v -10.4500 12.0000 -90.0000
v -5.0000 12.0000 -90.0000
v -10.4500 12.0000 -90.5000
v -5.0000 12.0000 -90.5000
v -5.0000 -0.3000 -90.0000
v 5.0000 -0.3000 -90.0000
v -5.0000 -0.3000 -90.5000
v 5.0000 -0.3000 -90.5000
v -5.0000 9.4000 -90.0000
v 5.0000 9.4000 -90.0000
v -5.0000 9.4000 -90.5000
v 5.0000 9.4000 -90.5000
v -5.0000 10.8000 -90.0000
v 5.0000 10.8000 -90.0000
v -5.0000 10.8000 -90.5000
v 5.0000 10.8000 -90.5000
v -5.0000 12.0000 -90.0000
v 5.0000 12.0000 -90.0000
v -5.0000 12.0000 -90.5000
v 5.0000 12.0000 -90.5000
v 5.0000 -0.3000 -90.0000
v 10.4500 -0.3000 -90.0000
v 5.0000 -0.3000 -90.5000
v 10.4500 -0.3000 -90.5000
v 5.0000 12.0000 -90.0000
v 10.4500 12.0000 -90.0000
v 5.0000 12.0000 -90.5000
v 10.4500 12.0000 -90.5000
v -10.4500 -0.3000 90.5000
v 10.4500 -0.3000 90.5000
v -10.4500 -0.3000 90.0000
v 10.4500 -0.3000 90.0000
v -10.4500 12.0000 90.5000
v 10.4500 12.0000 90.5000
v -10.4500 12.0000 90.0000
v 10.4500 12.0000 90.0000
v -10.4500 -0.3000 90.0000
v -9.9500 -0.3000 90.0000
v -10.4500 -0.3000 79.0000
v -9.9500 -0.3000 79.0000
v -10.4500 8.0000 90.0000
v -9.9500 8.0000 90.0000
v -10.4500 8.0000 79.0000
v -9.9500 8.0000 79.0000
v -10.4500 -0.3000 79.0000
v -9.9500 -0.3000 79.0000
v -10.4500 -0.3000 51.0000
v -9.9500 -0.3000 51.0000
v -10.4500 0.5000 79.0000
v -9.9500 0.5000 79.0000
v -10.4500 0.5000 51.0000
v -9.9500 0.5000 51.0000
v -10.4500 6.8000 79.0000
v -9.9500 6.8000 79.0000
v -10.4500 6.8000 51.0000
v -9.9500 6.8000 51.0000
v -10.4500 8.0000 79.0000
v -9.9500 8.0000 79.0000
v -10.4500 8.0000 51.0000
v -9.9500 8.0000 51.0000
v -10.4500 -0.3000 51.0000
v -9.9500 -0.3000 51.0000
v -10.4500 -0.3000 10.0000
v -9.9500 -0.3000 10.0000
v -10.4500 8.0000 51.0000
v -9.9500 8.0000 51.0000
v -10.4500 8.0000 10.0000
v -9.9500 8.0000 10.0000
v -10.4500 8.0000 90.0000
v -9.9500 8.0000 90.0000
v -10.4500 8.0000 10.0000
v -9.9500 8.0000 10.0000
v -10.4500 12.0000 90.0000
v -9.9500 12.0000 90.0000
v -10.4500 12.0000 10.0000
v -9.9500 12.0000 10.0000
v -10.4500 -0.3000 10.0000
v -9.9500 -0.3000 10.0000
v -10.4500 -0.3000 -23.4000
v -9.9500 -0.3000 -23.4000
v -10.4500 4.0000 10.0000
v -9.9500 4.0000 10.0000
v -10.4500 4.0000 -23.4000
v -9.9500 4.0000 -23.4000
v -10.4500 -0.3000 -23.4000
v -9.9500 -0.3000 -23.4000
v -10.4500 -0.3000 -26.6000
v -9.9500 -0.3000 -26.6000
v -10.4500 0.3000 -23.4000
v -9.9500 0.3000 -23.4000
v -10.4500 0.3000 -26.6000
v -9.9500 0.3000 -26.6000
v -10.4500 3.3000 -23.4000
v -9.9500 3.3000 -23.4000
v -10.4500 3.3000 -26.6000
v -9.9500 3.3000 -26.6000
v -10.4500 4.0000 -23.4000
v -9.9500 4.0000 -23.4000
v -10.4500 4.0000 -26.6000
v -9.9500 4.0000 -26.6000
v -10.4500 -0.3000 -26.6000
v -9.9500 -0.3000 -26.6000
v -10.4500 -0.3000 -90.0000
v -9.9500 -0.3000 -90.0000
v -10.4500 4.0000 -26.6000
v -9.9500 4.0000 -26.6000
v -10.4500 4.0000 -90.0000
v -9.9500 4.0000 -90.0000
v -10.4500 4.0000 10.0000
v -9.9500 4.0000 10.0000
v -10.4500 4.0000 6.6000
v -9.9500 4.0000 6.6000
v -10.4500 8.0000 10.0000
v -9.9500 8.0000 10.0000
v -10.4500 8.0000 6.6000
v -9.9500 8.0000 6.6000
v -10.4500 4.0000 6.6000
v -9.9500 4.0000 6.6000
v -10.4500 4.0000 3.4000
v -9.9500 4.0000 3.4000
v -10.4500 4.3000 6.6000
v -9.9500 4.3000 6.6000
v -10.4500 4.3000 3.4000
v -9.9500 4.3000 3.4000
v -10.4500 7.3000 6.6000
v -9.9500 7.3000 6.6000
v -10.4500 7.3000 3.4000
v -9.9500 7.3000 3.4000
v -10.4500 8.0000 6.6000
v -9.9500 8.0000 6.6000
v -10.4500 8.0000 3.4000
v -9.9500 8.0000 3.4000
v -10.4500 4.0000 3.4000
v -9.9500 4.0000 3.4000
v -10.4500 4.0000 -83.4000
v -9.9500 4.0000 -83.4000
v -10.4500 8.0000 3.4000
v -9.9500 8.0000 3.4000
v -10.4500 8.0000 -83.4000
v -9.9500 8.0000 -83.4000
v -10.4500 4.0000 -83.4000
v -9.9500 4.0000 -83.4000
v -10.4500 4.0000 -86.6000
v -9.9500 4.0000 -86.6000
v -10.4500 4.3000 -83.4000
v -9.9500 4.3000 -83.4000
v -10.4500 4.3000 -86.6000
v -9.9500 4.3000 -86.6000
v -10.4500 7.3000 -83.4000
v -9.9500 7.3000 -83.4000
v -10.4500 7.3000 -86.6000
v -9.9500 7.3000 -86.6000
v -10.4500 8.0000 -83.4000
v -9.9500 8.0000 -83.4000
v -10.4500 8.0000 -86.6000
v -9.9500 8.0000 -86.6000
v -10.4500 4.0000 -86.6000
v -9.9500 4.0000 -86.6000
v -10.4500 4.0000 -90.0000
v -9.9500 4.0000 -90.0000
v -10.4500 8.0000 -86.6000
v -9.9500 8.0000 -86.6000
v -10.4500 8.0000 -90.0000
v -9.9500 8.0000 -90.0000
v -10.4500 8.0000 10.0000
v -9.9500 8.0000 10.0000
v -10.4500 8.0000 -63.4000
v -9.9500 8.0000 -63.4000
v -10.4500 12.0000 10.0000
v -9.9500 12.0000 10.0000
v -10.4500 12.0000 -63.4000
v -9.9500 12.0000 -63.4000
v -10.4500 8.0000 -63.4000
v -9.9500 8.0000 -63.4000
v -10.4500 8.0000 -66.6000
v -9.9500 8.0000 -66.6000
v -10.4500 8.3000 -63.4000
v -9.9500 8.3000 -63.4000
v -10.4500 8.3000 -66.6000
v -9.9500 8.3000 -66.6000
v -10.4500 11.3000 -63.4000
v -9.9500 11.3000 -63.4000
v -10.4500 11.3000 -66.6000
v -9.9500 11.3000 -66.6000
v -10.4500 12.0000 -63.4000
v -9.9500 12.0000 -63.4000
v -10.4500 12.0000 -66.6000
v -9.9500 12.0000 -66.6000
v -10.4500 8.0000 -66.6000
v -9.9500 8.0000 -66.6000
v -10.4500 8.0000 -90.0000
v -9.9500 8.0000 -90.0000
v -10.4500 12.0000 -66.6000
v -9.9500 12.0000 -66.6000
v -10.4500 12.0000 -90.0000
v -9.9500 12.0000 -90.0000
v 9.9500 -0.3000 90.0000
v 10.4500 -0.3000 90.0000
v 9.9500 -0.3000 79.0000
v 10.4500 -0.3000 79.0000
v 9.9500 8.0000 90.0000
v 10.4500 8.0000 90.0000
v 9.9500 8.0000 79.0000
v 10.4500 8.0000 79.0000
v 9.9500 -0.3000 79.0000
v 10.4500 -0.3000 79.0000
v 9.9500 -0.3000 51.0000
v 10.4500 -0.3000 51.0000
v 9.9500 0.5000 79.0000
v 10.4500 0.5000 79.0000
v 9.9500 0.5000 51.0000
v 10.4500 0.5000 51.0000
v 9.9500 6.8000 79.0000
v 10.4500 6.8000 79.0000
v 9.9500 6.8000 51.0000
v 10.4500 6.8000 51.0000
v 9.9500 8.0000 79.0000
v 10.4500 8.0000 79.0000
v 9.9500 8.0000 51.0000
v 10.4500 8.0000 51.0000
v 9.9500 -0.3000 51.0000
v 10.4500 -0.3000 51.0000
v 9.9500 -0.3000 49.2000
v 10.4500 -0.3000 49.2000
v 9.9500 8.0000 51.0000
v 10.4500 8.0000 51.0000
v 9.9500 8.0000 49.2000
v 10.4500 8.0000 49.2000
v 9.9500 -0.3000 49.2000
v 10.4500 -0.3000 49.2000
v 9.9500 -0.3000 10.8000
v 10.4500 -0.3000 10.8000
v 9.9500 0.2000 49.2000
v 10.4500 0.2000 49.2000
v 9.9500 0.2000 10.8000
v 10.4500 0.2000 10.8000
v 9.9500 6.8000 49.2000
v 10.4500 6.8000 49.2000
v 9.9500 6.8000 10.8000
v 10.4500 6.8000 10.8000
v 9.9500 8.0000 49.2000
v 10.4500 8.0000 49.2000
v 9.9500 8.0000 10.8000
v 10.4500 8.0000 10.8000
v 9.9500 -0.3000 10.8000
v 10.4500 -0.3000 10.8000
v 9.9500 -0.3000 10.0000
v 10.4500 -0.3000 10.0000
v 9.9500 8.0000 10.8000
v 10.4500 8.0000 10.8000
v 9.9500 8.0000 10.0000
v 10.4500 8.0000 10.0000
v 9.9500 8.0000 90.0000
v 10.4500 8.0000 90.0000
v 9.9500 8.0000 10.0000
v 10.4500 8.0000 10.0000
v 9.9500 12.0000 90.0000
v 10.4500 12.0000 90.0000
v 9.9500 12.0000 10.0000
v 10.4500 12.0000 10.0000
v 9.9500 -0.3000 10.0000
v 10.4500 -0.3000 10.0000
v 9.9500 -0.3000 -33.4000
v 10.4500 -0.3000 -33.4000
v 9.9500 4.0000 10.0000
v 10.4500 4.0000 10.0000
v 9.9500 4.0000 -33.4000
v 10.4500 4.0000 -33.4000
v 9.9500 -0.3000 -33.4000
v 10.4500 -0.3000 -33.4000
v 9.9500 -0.3000 -36.6000
v 10.4500 -0.3000 -36.6000
v 9.9500 0.3000 -33.4000
v 10.4500 0.3000 -33.4000
v 9.9500 0.3000 -36.6000
v 10.4500 0.3000 -36.6000
v 9.9500 3.3000 -33.4000
v 10.4500 3.3000 -33.4000
v 9.9500 3.3000 -36.6000
v 10.4500 3.3000 -36.6000
v 9.9500 4.0000 -33.4000
v 10.4500 4.0000 -33.4000
v 9.9500 4.0000 -36.6000
v 10.4500 4.0000 -36.6000
v 9.9500 -0.3000 -36.6000
v 10.4500 -0.3000 -36.6000
v 9.9500 -0.3000 -90.0000
v 10.4500 -0.3000 -90.0000
v 9.9500 4.0000 -36.6000
v 10.4500 4.0000 -36.6000
v 9.9500 4.0000 -90.0000
v 10.4500 4.0000 -90.0000
v 9.9500 4.0000 10.0000
v 10.4500 4.0000 10.0000
v 9.9500 4.0000 -90.0000
v 10.4500 4.0000 -90.0000
v 9.9500 8.0000 10.0000
v 10.4500 8.0000 10.0000
v 9.9500 8.0000 -90.0000
v 10.4500 8.0000 -90.0000
v 9.9500 8.0000 10.0000
v 10.4500 8.0000 10.0000
v 9.9500 8.0000 -43.4000
v 10.4500 8.0000 -43.4000
v 9.9500 12.0000 10.0000
v 10.4500 12.0000 10.0000
v 9.9500 12.0000 -43.4000
v 10.4500 12.0000 -43.4000
v 9.9500 8.0000 -43.4000
v 10.4500 8.0000 -43.4000
v 9.9500 8.0000 -46.6000
v 10.4500 8.0000 -46.6000
v 9.9500 8.3000 -43.4000
v 10.4500 8.3000 -43.4000
v 9.9500 8.3000 -46.6000
v 10.4500 8.3000 -46.6000
v 9.9500 11.3000 -43.4000
v 10.4500 11.3000 -43.4000
v 9.9500 11.3000 -46.6000
v 10.4500 11.3000 -46.6000
v 9.9500 12.0000 -43.4000
v 10.4500 12.0000 -43.4000
v 9.9500 12.0000 -46.6000
v 10.4500 12.0000 -46.6000
v 9.9500 8.0000 -46.6000
v 10.4500 8.0000 -46.6000
v 9.9500 8.0000 -90.0000
v 10.4500 8.0000 -90.0000
v 9.9500 12.0000 -46.6000
v 10.4500 12.0000 -46.6000
v 9.9500 12.0000 -90.0000
v 10.4500 12.0000 -90.0000
v -10.4500 12.0000 90.5000
v 10.4500 12.0000 90.5000
v -10.4500 12.0000 -90.5000
v 10.4500 12.0000 -90.5000
v -10.4500 12.4000 90.5000
v 10.4500 12.4000 90.5000
v -10.4500 12.4000 -90.5000
v 10.4500 12.4000 -90.5000
v -10.4500 -0.7000 90.5000
v 10.4500 -0.7000 90.5000
v -10.4500 -0.7000 -90.5000
v 10.4500 -0.7000 -90.5000
v -10.4500 -0.3000 90.5000
v 10.4500 -0.3000 90.5000
v -10.4500 -0.3000 -90.5000
v 10.4500 -0.3000 -90.5000
v -10.7500 -2.4000 -90.5000
v 10.7500 -2.4000 -90.5000
v -4.3890 -1.6000 -112.5000
v 4.3890 -1.6000 -112.5000
v -10.7500 9.0000 -90.5000
v 10.7500 9.0000 -90.5000
v -4.3890 6.1500 -112.5000
v 4.3890 6.1500 -112.5000
v -10.7500 11.2000 -88.5000
v 10.7500 11.2000 -88.5000
v -5.9565 11.8800 -103.7000
v 5.9565 11.8800 -103.7000
v -10.7500 12.9000 -88.5000
v 10.7500 12.9000 -88.5000
v -5.9565 12.5000 -103.7000
v 5.9565 12.5000 -103.7000
v -2.9850 -2.4000 86.5000
v 2.9850 -2.4000 86.5000
v -2.9850 -2.4000 -92.5000
v 2.9850 -2.4000 -92.5000
v -5.9700 -0.7000 86.5000
v 5.9700 -0.7000 86.5000
v -5.9700 -0.7000 -92.5000
v 5.9700 -0.7000 -92.5000
v -10.4500 -1.0000 87.5000
v -12.6500 -0.8000 87.5000
v -10.4500 -1.0000 -99.3000
v -12.6500 -0.8000 -99.3000
v -10.4500 0.0000 87.5000
v -12.6500 -0.4000 87.5000
v -10.4500 0.0000 -99.3000
v -12.6500 -0.4000 -99.3000
v 10.4500 -1.0000 87.5000
v 12.6500 -0.8000 87.5000
v 10.4500 -1.0000 -99.3000
v 12.6500 -0.8000 -99.3000
v 10.4500 0.0000 87.5000
v 12.6500 -0.4000 87.5000
v 10.4500 0.0000 -99.3000
v 12.6500 -0.4000 -99.3000
v -5.4725 12.4000 84.5000
v 5.4725 12.4000 84.5000
v -5.4725 12.4000 17.8000
v 5.4725 12.4000 17.8000
v -3.7810 14.2000 84.5000
v 3.7810 14.2000 84.5000
v -3.7810 14.2000 17.8000
v 3.7810 14.2000 17.8000
v -5.4725 12.4000 -17.8000
v 5.4725 12.4000 -17.8000
v -5.4725 12.4000 -86.5000
v 5.4725 12.4000 -86.5000
v -3.7810 14.2000 -17.8000
v 3.7810 14.2000 -17.8000
v -3.7810 14.2000 -86.5000
v 3.7810 14.2000 -86.5000
v -3.2835 14.2000 78.5000
v 3.2835 14.2000 78.5000
v -3.2835 14.2000 17.8000
v 3.2835 14.2000 17.8000
v -2.3880 15.4000 78.5000
v 2.3880 15.4000 78.5000
v -2.3880 15.4000 17.8000
v 2.3880 15.4000 17.8000
v -3.2835 14.2000 -17.8000
v 3.2835 14.2000 -17.8000
v -3.2835 14.2000 -74.5000
v 3.2835 14.2000 -74.5000
v -2.3880 15.4000 -17.8000
v 2.3880 15.4000 -17.8000
v -2.3880 15.4000 -74.5000
v 2.3880 15.4000 -74.5000
v -5.6000 12.4000 17.4000
v -5.2000 12.4000 17.4000
v -5.6000 12.4000 -17.4000
v -5.2000 12.4000 -17.4000
v -5.6000 15.9000 17.4000
v -5.2000 15.9000 17.4000
v -5.6000 15.9000 -17.4000
v -5.2000 15.9000 -17.4000
v -2.0000 12.4000 17.4000
v -1.6000 12.4000 17.4000
v -2.0000 12.4000 -17.4000
v -1.6000 12.4000 -17.4000
v -2.0000 15.9000 17.4000
v -1.6000 15.9000 17.4000
v -2.0000 15.9000 -17.4000
v -1.6000 15.9000 -17.4000
v 1.6000 12.4000 17.4000
v 2.0000 12.4000 17.4000
v 1.6000 12.4000 -17.4000
v 2.0000 12.4000 -17.4000
v 1.6000 15.9000 17.4000
v 2.0000 15.9000 17.4000
v 1.6000 15.9000 -17.4000
v 2.0000 15.9000 -17.4000
v 5.2000 12.4000 17.4000
v 5.6000 12.4000 17.4000
v 5.2000 12.4000 -17.4000
v 5.6000 12.4000 -17.4000
v 5.2000 15.9000 17.4000
v 5.6000 15.9000 17.4000
v 5.2000 15.9000 -17.4000
v 5.6000 15.9000 -17.4000
v -5.6000 12.4000 17.4000
v 5.6000 12.4000 17.4000
v -5.6000 12.4000 17.0000
v 5.6000 12.4000 17.0000
v -5.6000 15.9000 17.4000
v 5.6000 15.9000 17.4000
v -5.6000 15.9000 17.0000
v 5.6000 15.9000 17.0000
v -5.6000 12.4000 8.8000
v 5.6000 12.4000 8.8000
v -5.6000 12.4000 8.4000
v 5.6000 12.4000 8.4000
v -5.6000 15.9000 8.8000
v 5.6000 15.9000 8.8000
v -5.6000 15.9000 8.4000
v 5.6000 15.9000 8.4000
v -5.6000 12.4000 0.2000
v 5.6000 12.4000 0.2000
v -5.6000 12.4000 -0.2000
v 5.6000 12.4000 -0.2000
v -5.6000 15.9000 0.2000
v 5.6000 15.9000 0.2000
v -5.6000 15.9000 -0.2000
v 5.6000 15.9000 -0.2000
v -5.6000 12.4000 -8.4000
v 5.6000 12.4000 -8.4000
v -5.6000 12.4000 -8.8000
v 5.6000 12.4000 -8.8000
v -5.6000 15.9000 -8.4000
v 5.6000 15.9000 -8.4000
v -5.6000 15.9000 -8.8000
v 5.6000 15.9000 -8.8000
f 4717 4719 4715 4713
f 4714 4716 4720 4718
f 4713 4714 4718 4717
f 4719 4720 4716 4715
f 4715 4716 4714 4713
f 4717 4718 4720 4719
f 4725 4727 4723 4721
f 4722 4724 4728 4726
f 4721 4722 4726 4725
f 4727 4728 4724 4723
f 4723 4724 4722 4721
f 4725 4726 4728 4727
f 4733 4735 4731 4729
f 4730 4732 4736 4734
f 4729 4730 4734 4733
f 4735 4736 4732 4731
f 4731 4732 4730 4729
f 4733 4734 4736 4735
f 4741 4743 4739 4737
f 4738 4740 4744 4742
f 4737 4738 4742 4741
f 4743 4744 4740 4739
f 4739 4740 4738 4737
f 4741 4742 4744 4743
f 4749 4751 4747 4745
f 4746 4748 4752 4750
f 4745 4746 4750 4749
f 4751 4752 4748 4747
f 4747 4748 4746 4745
f 4749 4750 4752 4751
f 4757 4759 4755 4753
f 4754 4756 4760 4758
f 4753 4754 4758 4757
f 4759 4760 4756 4755
f 4755 4756 4754 4753
f 4757 4758 4760 4759
f 4765 4767 4763 4761
f 4762 4764 4768 4766
f 4761 4762 4766 4765
f 4767 4768 4764 4763
f 4763 4764 4762 4761
f 4765 4766 4768 4767
f 4773 4775 4771 4769
f 4770 4772 4776 4774
f 4769 4770 4774 4773
f 4775 4776 4772 4771
f 4771 4772 4770 4769
f 4773 4774 4776 4775
f 4781 4783 4779 4777
f 4778 4780 4784 4782
f 4777 4778 4782 4781
f 4783 4784 4780 4779
f 4779 4780 4778 4777
f 4781 4782 4784 4783
f 4789 4791 4787 4785
f 4786 4788 4792 4790
f 4785 4786 4790 4789
f 4791 4792 4788 4787
f 4787 4788 4786 4785
f 4789 4790 4792 4791
f 4797 4799 4795 4793
f 4794 4796 4800 4798
f 4793 4794 4798 4797
f 4799 4800 4796 4795
f 4795 4796 4794 4793
f 4797 4798 4800 4799
f 4805 4807 4803 4801
f 4802 4804 4808 4806
f 4801 4802 4806 4805
f 4807 4808 4804 4803
f 4803 4804 4802 4801
f 4805 4806 4808 4807
f 4813 4815 4811 4809
f 4810 4812 4816 4814
f 4809 4810 4814 4813
f 4815 4816 4812 4811
f 4811 4812 4810 4809
f 4813 4814 4816 4815
f 4821 4823 4819 4817
f 4818 4820 4824 4822
f 4817 4818 4822 4821
f 4823 4824 4820 4819
f 4819 4820 4818 4817
f 4821 4822 4824 4823
f 4829 4831 4827 4825
f 4826 4828 4832 4830
f 4825 4826 4830 4829
f 4831 4832 4828 4827
f 4827 4828 4826 4825
f 4829 4830 4832 4831
f 4837 4839 4835 4833
f 4834 4836 4840 4838
f 4833 4834 4838 4837
f 4839 4840 4836 4835
f 4835 4836 4834 4833
f 4837 4838 4840 4839
f 4845 4847 4843 4841
f 4842 4844 4848 4846
f 4841 4842 4846 4845
f 4847 4848 4844 4843
f 4843 4844 4842 4841
f 4845 4846 4848 4847
f 4853 4855 4851 4849
f 4850 4852 4856 4854
f 4849 4850 4854 4853
f 4855 4856 4852 4851
f 4851 4852 4850 4849
f 4853 4854 4856 4855
f 4861 4863 4859 4857
f 4858 4860 4864 4862
f 4857 4858 4862 4861
f 4863 4864 4860 4859
f 4859 4860 4858 4857
f 4861 4862 4864 4863
f 4869 4871 4867 4865
f 4866 4868 4872 4870
f 4865 4866 4870 4869
f 4871 4872 4868 4867
f 4867 4868 4866 4865
f 4869 4870 4872 4871
f 4877 4879 4875 4873
f 4874 4876 4880 4878
f 4873 4874 4878 4877
f 4879 4880 4876 4875
f 4875 4876 4874 4873
f 4877 4878 4880 4879
f 4885 4887 4883 4881
f 4882 4884 4888 4886
f 4881 4882 4886 4885
f 4887 4888 4884 4883
f 4883 4884 4882 4881
f 4885 4886 4888 4887
f 4893 4895 4891 4889
f 4890 4892 4896 4894
f 4889 4890 4894 4893
f 4895 4896 4892 4891
f 4891 4892 4890 4889
f 4893 4894 4896 4895
f 4901 4903 4899 4897
f 4898 4900 4904 4902
f 4897 4898 4902 4901
f 4903 4904 4900 4899
f 4899 4900 4898 4897
f 4901 4902 4904 4903
f 4909 4911 4907 4905
f 4906 4908 4912 4910
f 4905 4906 4910 4909
f 4911 4912 4908 4907
f 4907 4908 4906 4905
f 4909 4910 4912 4911
f 4917 4919 4915 4913
f 4914 4916 4920 4918
f 4913 4914 4918 4917
f 4919 4920 4916 4915
f 4915 4916 4914 4913
f 4917 4918 4920 4919
f 4925 4927 4923 4921
f 4922 4924 4928 4926
f 4921 4922 4926 4925
f 4927 4928 4924 4923
f 4923 4924 4922 4921
f 4925 4926 4928 4927
f 4933 4935 4931 4929
f 4930 4932 4936 4934
f 4929 4930 4934 4933
f 4935 4936 4932 4931
f 4931 4932 4930 4929
f 4933 4934 4936 4935
f 4941 4943 4939 4937
f 4938 4940 4944 4942
f 4937 4938 4942 4941
f 4943 4944 4940 4939
f 4939 4940 4938 4937
f 4941 4942 4944 4943
f 4949 4951 4947 4945
f 4946 4948 4952 4950
f 4945 4946 4950 4949
f 4951 4952 4948 4947
f 4947 4948 4946 4945
f 4949 4950 4952 4951
f 4957 4959 4955 4953
f 4954 4956 4960 4958
f 4953 4954 4958 4957
f 4959 4960 4956 4955
f 4955 4956 4954 4953
f 4957 4958 4960 4959
f 4965 4967 4963 4961
f 4962 4964 4968 4966
f 4961 4962 4966 4965
f 4967 4968 4964 4963
f 4963 4964 4962 4961
f 4965 4966 4968 4967
f 4973 4975 4971 4969
f 4970 4972 4976 4974
f 4969 4970 4974 4973
f 4975 4976 4972 4971
f 4971 4972 4970 4969
f 4973 4974 4976 4975
f 4981 4983 4979 4977
f 4978 4980 4984 4982
f 4977 4978 4982 4981
f 4983 4984 4980 4979
f 4979 4980 4978 4977
f 4981 4982 4984 4983
f 4989 4991 4987 4985
f 4986 4988 4992 4990
f 4985 4986 4990 4989
f 4991 4992 4988 4987
f 4987 4988 4986 4985
f 4989 4990 4992 4991
f 4997 4999 4995 4993
f 4994 4996 5000 4998
f 4993 4994 4998 4997
f 4999 5000 4996 4995
f 4995 4996 4994 4993
f 4997 4998 5000 4999
f 5005 5007 5003 5001
f 5002 5004 5008 5006
f 5001 5002 5006 5005
f 5007 5008 5004 5003
f 5003 5004 5002 5001
f 5005 5006 5008 5007
f 5013 5015 5011 5009
f 5010 5012 5016 5014
f 5009 5010 5014 5013
f 5015 5016 5012 5011
f 5011 5012 5010 5009
f 5013 5014 5016 5015
f 5021 5023 5019 5017
f 5018 5020 5024 5022
f 5017 5018 5022 5021
f 5023 5024 5020 5019
f 5019 5020 5018 5017
f 5021 5022 5024 5023
f 5029 5031 5027 5025
f 5026 5028 5032 5030
f 5025 5026 5030 5029
f 5031 5032 5028 5027
f 5027 5028 5026 5025
f 5029 5030 5032 5031
f 5037 5039 5035 5033
f 5034 5036 5040 5038
f 5033 5034 5038 5037
f 5039 5040 5036 5035
f 5035 5036 5034 5033
f 5037 5038 5040 5039
f 5045 5047 5043 5041
f 5042 5044 5048 5046
f 5041 5042 5046 5045
f 5047 5048 5044 5043
f 5043 5044 5042 5041
f 5045 5046 5048 5047
f 5053 5055 5051 5049
f 5050 5052 5056 5054
f 5049 5050 5054 5053
f 5055 5056 5052 5051
f 5051 5052 5050 5049
f 5053 5054 5056 5055
f 5061 5063 5059 5057
f 5058 5060 5064 5062
f 5057 5058 5062 5061
f 5063 5064 5060 5059
f 5059 5060 5058 5057
f 5061 5062 5064 5063
f 5069 5071 5067 5065
f 5066 5068 5072 5070
f 5065 5066 5070 5069
f 5071 5072 5068 5067
f 5067 5068 5066 5065
f 5069 5070 5072 5071
f 5077 5079 5075 5073
f 5074 5076 5080 5078
f 5073 5074 5078 5077
f 5079 5080 5076 5075
f 5075 5076 5074 5073
f 5077 5078 5080 5079
f 5085 5087 5083 5081
f 5082 5084 5088 5086
f 5081 5082 5086 5085
f 5087 5088 5084 5083
f 5083 5084 5082 5081
f 5085 5086 5088 5087
f 5093 5095 5091 5089
f 5090 5092 5096 5094
f 5089 5090 5094 5093
f 5095 5096 5092 5091
f 5091 5092 5090 5089
f 5093 5094 5096 5095
f 5101 5103 5099 5097
f 5098 5100 5104 5102
f 5097 5098 5102 5101
f 5103 5104 5100 5099
f 5099 5100 5098 5097
f 5101 5102 5104 5103
f 5109 5111 5107 5105
f 5106 5108 5112 5110
f 5105 5106 5110 5109
f 5111 5112 5108 5107
f 5107 5108 5106 5105
f 5109 5110 5112 5111
f 5117 5119 5115 5113
f 5114 5116 5120 5118
f 5113 5114 5118 5117
f 5119 5120 5116 5115
f 5115 5116 5114 5113
f 5117 5118 5120 5119
f 5125 5127 5123 5121
f 5122 5124 5128 5126
f 5121 5122 5126 5125
f 5127 5128 5124 5123
f 5123 5124 5122 5121
f 5125 5126 5128 5127
f 5133 5135 5131 5129
f 5130 5132 5136 5134
f 5129 5130 5134 5133
f 5135 5136 5132 5131
f 5131 5132 5130 5129
f 5133 5134 5136 5135
f 5141 5143 5139 5137
f 5138 5140 5144 5142
f 5137 5138 5142 5141
f 5143 5144 5140 5139
f 5139 5140 5138 5137
f 5141 5142 5144 5143
f 5149 5151 5147 5145
f 5146 5148 5152 5150
f 5145 5146 5150 5149
f 5151 5152 5148 5147
f 5147 5148 5146 5145
f 5149 5150 5152 5151
f 5157 5159 5155 5153
f 5154 5156 5160 5158
f 5153 5154 5158 5157
f 5159 5160 5156 5155
f 5155 5156 5154 5153
f 5157 5158 5160 5159
f 5165 5167 5163 5161
f 5162 5164 5168 5166
f 5161 5162 5166 5165
f 5167 5168 5164 5163
f 5163 5164 5162 5161
f 5165 5166 5168 5167
f 5173 5175 5171 5169
f 5170 5172 5176 5174
f 5169 5170 5174 5173
f 5175 5176 5172 5171
f 5171 5172 5170 5169
f 5173 5174 5176 5175
f 5181 5183 5179 5177
f 5178 5180 5184 5182
f 5177 5178 5182 5181
f 5183 5184 5180 5179
f 5179 5180 5178 5177
f 5181 5182 5184 5183
f 5189 5191 5187 5185
f 5186 5188 5192 5190
f 5185 5186 5190 5189
f 5191 5192 5188 5187
f 5187 5188 5186 5185
f 5189 5190 5192 5191
f 5197 5199 5195 5193
f 5194 5196 5200 5198
f 5193 5194 5198 5197
f 5199 5200 5196 5195
f 5195 5196 5194 5193
f 5197 5198 5200 5199
f 5205 5207 5203 5201
f 5202 5204 5208 5206
f 5201 5202 5206 5205
f 5207 5208 5204 5203
f 5203 5204 5202 5201
f 5205 5206 5208 5207
f 5213 5215 5211 5209
f 5210 5212 5216 5214
f 5209 5210 5214 5213
f 5215 5216 5212 5211
f 5211 5212 5210 5209
f 5213 5214 5216 5215
f 5221 5223 5219 5217
f 5218 5220 5224 5222
f 5217 5218 5222 5221
f 5223 5224 5220 5219
f 5219 5220 5218 5217
f 5221 5222 5224 5223
f 5229 5231 5227 5225
f 5226 5228 5232 5230
f 5225 5226 5230 5229
f 5231 5232 5228 5227
f 5227 5228 5226 5225
f 5229 5230 5232 5231
f 5233 5235 5239 5237
f 5238 5240 5236 5234
f 5237 5238 5234 5233
f 5235 5236 5240 5239
f 5233 5234 5236 5235
f 5239 5240 5238 5237
f 5245 5247 5243 5241
f 5242 5244 5248 5246
f 5241 5242 5246 5245
f 5247 5248 5244 5243
f 5243 5244 5242 5241
f 5245 5246 5248 5247
f 5253 5255 5251 5249
f 5250 5252 5256 5254
f 5249 5250 5254 5253
f 5255 5256 5252 5251
f 5251 5252 5250 5249
f 5253 5254 5256 5255
f 5261 5263 5259 5257
f 5258 5260 5264 5262
f 5257 5258 5262 5261
f 5263 5264 5260 5259
f 5259 5260 5258 5257
f 5261 5262 5264 5263
f 5269 5271 5267 5265
f 5266 5268 5272 5270
f 5265 5266 5270 5269
f 5271 5272 5268 5267
f 5267 5268 5266 5265
f 5269 5270 5272 5271
f 5277 5279 5275 5273
f 5274 5276 5280 5278
f 5273 5274 5278 5277
f 5279 5280 5276 5275
f 5275 5276 5274 5273
f 5277 5278 5280 5279
f 5285 5287 5283 5281
f 5282 5284 5288 5286
f 5281 5282 5286 5285
f 5287 5288 5284 5283
f 5283 5284 5282 5281
f 5285 5286 5288 5287
f 5293 5295 5291 5289
f 5290 5292 5296 5294
f 5289 5290 5294 5293
f 5295 5296 5292 5291
f 5291 5292 5290 5289
f 5293 5294 5296 5295
f 5301 5303 5299 5297
f 5298 5300 5304 5302
f 5297 5298 5302 5301
f 5303 5304 5300 5299
f 5299 5300 5298 5297
f 5301 5302 5304 5303
f 5309 5311 5307 5305
f 5306 5308 5312 5310
f 5305 5306 5310 5309
f 5311 5312 5308 5307
f 5307 5308 5306 5305
f 5309 5310 5312 5311
f 5317 5319 5315 5313
f 5314 5316 5320 5318
f 5313 5314 5318 5317
f 5319 5320 5316 5315
f 5315 5316 5314 5313
f 5317 5318 5320 5319
f 5325 5327 5323 5321
f 5322 5324 5328 5326
f 5321 5322 5326 5325
f 5327 5328 5324 5323
f 5323 5324 5322 5321
f 5325 5326 5328 5327
f 5333 5335 5331 5329
f 5330 5332 5336 5334
f 5329 5330 5334 5333
f 5335 5336 5332 5331
f 5331 5332 5330 5329
f 5333 5334 5336 5335
f 5341 5343 5339 5337
f 5338 5340 5344 5342
f 5337 5338 5342 5341
f 5343 5344 5340 5339
f 5339 5340 5338 5337
f 5341 5342 5344 5343
o XL_Armor
usemtl Armor
v -10.8000 0.5000 42.8401
v -10.4500 0.5000 42.8401
v -10.8000 0.5000 33.8922
v -10.4500 0.5000 33.8922
v -10.8000 3.5500 42.8401
v -10.4500 3.5500 42.8401
v -10.8000 3.5500 33.8922
v -10.4500 3.5500 33.8922
v -11.0500 1.0000 42.1360
v -10.8000 1.0000 42.1360
v -11.0500 1.0000 34.5963
v -10.8000 1.0000 34.5963
v -11.0500 3.0500 42.1360
v -10.8000 3.0500 42.1360
v -11.0500 3.0500 34.5963
v -10.8000 3.0500 34.5963
v -10.8000 0.5000 33.5422
v -10.4500 0.5000 33.5422
v -10.8000 0.5000 26.6935
v -10.4500 0.5000 26.6935
v -10.8000 3.5500 33.5422
v -10.4500 3.5500 33.5422
v -10.8000 3.5500 26.6935
v -10.4500 3.5500 26.6935
v -11.0500 1.0000 32.8799
v -10.8000 1.0000 32.8799
v -11.0500 1.0000 27.3557
v -10.8000 1.0000 27.3557
v -11.0500 3.0500 32.8799
v -10.8000 3.0500 32.8799
v -11.0500 3.0500 27.3557
v -10.8000 3.0500 27.3557
v -10.8000 0.5000 26.3435
v -10.4500 0.5000 26.3435
v -10.8000 0.5000 20.0556
v -10.4500 0.5000 20.0556
v -10.8000 3.5500 26.3435
v -10.4500 3.5500 26.3435
v -10.8000 3.5500 20.0556
v -10.4500 3.5500 20.0556
v -10.8000 0.5000 19.7056
v -10.4500 0.5000 19.7056
v -10.8000 0.5000 10.3528
v -10.4500 0.5000 10.3528
v -10.8000 3.5500 19.7056
v -10.4500 3.5500 19.7056
v -10.8000 3.5500 10.3528
v -10.4500 3.5500 10.3528
v -10.8000 0.5000 10.0028
v -10.4500 0.5000 10.0028
v -10.8000 0.5000 1.2166
v -10.4500 0.5000 1.2166
v -10.8000 3.5500 10.0028
v -10.4500 3.5500 10.0028
v -10.8000 3.5500 1.2166
v -10.4500 3.5500 1.2166
v -10.8000 0.5000 0.8666
v -10.4500 0.5000 0.8666
v -10.8000 0.5000 -6.7503
v -10.4500 0.5000 -6.7503
v -10.8000 3.5500 0.8666
v -10.4500 3.5500 0.8666
v -10.8000 3.5500 -6.7503
v -10.4500 3.5500 -6.7503
v -11.0500 1.0000 -0.3617
v -10.8000 1.0000 -0.3617
v -11.0500 1.0000 -5.5221
v -10.8000 1.0000 -5.5221
v -11.0500 3.0500 -0.3617
v -10.8000 3.0500 -0.3617
v -11.0500 3.0500 -5.5221
v -10.8000 3.0500 -5.5221
v -10.8000 0.5000 -7.1003
v -10.4500 0.5000 -7.1003
v -10.8000 0.5000 -13.8487
v -10.4500 0.5000 -13.8487
v -10.8000 3.5500 -7.1003
v -10.4500 3.5500 -7.1003
v -10.8000 3.5500 -13.8487
v -10.4500 3.5500 -13.8487
v -11.0500 1.0000 -7.7135
v -10.8000 1.0000 -7.7135
v -11.0500 1.0000 -13.2355
v -10.8000 1.0000 -13.2355
v -11.0500 3.0500 -7.7135
v -10.8000 3.0500 -7.7135
v -11.0500 3.0500 -13.2355
v -10.8000 3.0500 -13.2355
v -10.8000 0.5000 -14.1987
v -10.4500 0.5000 -14.1987
v -10.8000 0.5000 -19.9121
v -10.4500 0.5000 -19.9121
v -10.8000 3.5500 -14.1987
v -10.4500 3.5500 -14.1987
v -10.8000 3.5500 -19.9121
v -10.4500 3.5500 -19.9121
v -10.8000 0.5000 -32.9515
v -10.4500 0.5000 -32.9515
v -10.8000 0.5000 -41.4341
v -10.4500 0.5000 -41.4341
v -10.8000 3.5500 -32.9515
v -10.4500 3.5500 -32.9515
v -10.8000 3.5500 -41.4341
v -10.4500 3.5500 -41.4341
v -10.8000 0.5000 -41.7841
v -10.4500 0.5000 -41.7841
v -10.8000 0.5000 -47.5729
v -10.4500 0.5000 -47.5729
v -10.8000 3.5500 -41.7841
v -10.4500 3.5500 -41.7841
v -10.8000 3.5500 -47.5729
v -10.4500 3.5500 -47.5729
v -10.8000 0.5000 -47.9229
v -10.4500 0.5000 -47.9229
v -10.8000 0.5000 -55.8380
v -10.4500 0.5000 -55.8380
v -10.8000 3.5500 -47.9229
v -10.4500 3.5500 -47.9229
v -10.8000 3.5500 -55.8380
v -10.4500 3.5500 -55.8380
v -10.8000 0.5000 -56.1880
v -10.4500 0.5000 -56.1880
v -10.8000 0.5000 -68.5476
v -10.4500 0.5000 -68.5476
v -10.8000 3.5500 -56.1880
v -10.4500 3.5500 -56.1880
v -10.8000 3.5500 -68.5476
v -10.4500 3.5500 -68.5476
v -11.0500 1.0000 -56.8774
v -10.8000 1.0000 -56.8774
v -11.0500 1.0000 -67.8583
v -10.8000 1.0000 -67.8583
v -11.0500 3.0500 -56.8774
v -10.8000 3.0500 -56.8774
v -11.0500 3.0500 -67.8583
v -10.8000 3.0500 -67.8583
v -10.8000 0.5000 -68.8976
v -10.4500 0.5000 -68.8976
v -10.8000 0.5000 -78.1184
v -10.4500 0.5000 -78.1184
v -10.8000 3.5500 -68.8976
v -10.4500 3.5500 -68.8976
v -10.8000 3.5500 -78.1184
v -10.4500 3.5500 -78.1184
v -10.8000 0.5000 -78.4684
v -10.4500 0.5000 -78.4684
v -10.8000 0.5000 -90.0000
v -10.4500 0.5000 -90.0000
v -10.8000 3.5500 -78.4684
v -10.4500 3.5500 -78.4684
v -10.8000 3.5500 -90.0000
v -10.4500 3.5500 -90.0000
v -10.8000 4.5000 90.0000
v -10.4500 4.5000 90.0000
v -10.8000 4.5000 82.4252
v -10.4500 4.5000 82.4252
v -10.8000 7.5500 90.0000
v -10.4500 7.5500 90.0000
v -10.8000 7.5500 82.4252
v -10.4500 7.5500 82.4252
v -10.8000 4.5000 44.0409
v -10.4500 4.5000 44.0409
v -10.8000 4.5000 36.3722
v -10.4500 4.5000 36.3722
v -10.8000 7.5500 44.0409
v -10.4500 7.5500 44.0409
v -10.8000 7.5500 36.3722
v -10.4500 7.5500 36.3722
v -10.8000 4.5000 36.0222
v -10.4500 4.5000 36.0222
v -10.8000 4.5000 29.8403
v -10.4500 4.5000 29.8403
v -10.8000 7.5500 36.0222
v -10.4500 7.5500 36.0222
v -10.8000 7.5500 29.8403
v -10.4500 7.5500 29.8403
v -11.0500 5.0000 35.3077
v -10.8000 5.0000 35.3077
v -11.0500 5.0000 30.5549
v -10.8000 5.0000 30.5549
v -11.0500 7.0500 35.3077
v -10.8000 7.0500 35.3077
v -11.0500 7.0500 30.5549
v -10.8000 7.0500 30.5549
v -10.8000 4.5000 29.4903
v -10.4500 4.5000 29.4903
v -10.8000 4.5000 19.1481
v -10.4500 4.5000 19.1481
v -10.8000 7.5500 29.4903
v -10.4500 7.5500 29.4903
v -10.8000 7.5500 19.1481
v -10.4500 7.5500 19.1481
v -11.0500 5.0000 28.6598
v -10.8000 5.0000 28.6598
v -11.0500 5.0000 19.9786
v -10.8000 5.0000 19.9786
v -11.0500 7.0500 28.6598
v -10.8000 7.0500 28.6598
v -11.0500 7.0500 19.9786
v -10.8000 7.0500 19.9786
v -10.8000 4.5000 18.7981
v -10.4500 4.5000 18.7981
v -10.8000 4.5000 10.1546
v -10.4500 4.5000 10.1546
v -10.8000 7.5500 18.7981
v -10.4500 7.5500 18.7981
v -10.8000 7.5500 10.1546
v -10.4500 7.5500 10.1546
v -10.8000 4.5000 -1.9445
v -10.4500 4.5000 -1.9445
v -10.8000 4.5000 -14.1813
v -10.4500 4.5000 -14.1813
v -10.8000 7.5500 -1.9445
v -10.4500 7.5500 -1.9445
v -10.8000 7.5500 -14.1813
v -10.4500 7.5500 -14.1813
v -11.0500 5.0000 -3.1756
v -10.8000 5.0000 -3.1756
v -11.0500 5.0000 -12.9502
v -10.8000 5.0000 -12.9502
v -11.0500 7.0500 -3.1756
v -10.8000 7.0500 -3.1756
v -11.0500 7.0500 -12.9502
v -10.8000 7.0500 -12.9502
v -10.8000 4.5000 -38.2409
v -10.4500 4.5000 -38.2409
v -10.8000 4.5000 -43.9897
v -10.4500 4.5000 -43.9897
v -10.8000 7.5500 -38.2409
v -10.4500 7.5500 -38.2409
v -10.8000 7.5500 -43.9897
v -10.4500 7.5500 -43.9897
v -10.8000 4.5000 -44.3397
v -10.4500 4.5000 -44.3397
v -10.8000 4.5000 -54.8497
v -10.4500 4.5000 -54.8497
v -10.8000 7.5500 -44.3397
v -10.4500 7.5500 -44.3397
v -10.8000 7.5500 -54.8497
v -10.4500 7.5500 -54.8497
v -11.0500 5.0000 -45.4430
v -10.8000 5.0000 -45.4430
v -11.0500 5.0000 -53.7465
v -10.8000 5.0000 -53.7465
v -11.0500 7.0500 -45.4430
v -10.8000 7.0500 -45.4430
v -11.0500 7.0500 -53.7465
v -10.8000 7.0500 -53.7465
v -10.8000 4.5000 -55.1997
v -10.4500 4.5000 -55.1997
v -10.8000 4.5000 -64.7728
v -10.4500 4.5000 -64.7728
v -10.8000 7.5500 -55.1997
v -10.4500 7.5500 -55.1997
v -10.8000 7.5500 -64.7728
v -10.4500 7.5500 -64.7728
v -10.8000 4.5000 -65.1228
v -10.4500 4.5000 -65.1228
v -10.8000 4.5000 -76.4252
v -10.4500 4.5000 -76.4252
v -10.8000 7.5500 -65.1228
v -10.4500 7.5500 -65.1228
v -10.8000 7.5500 -76.4252
v -10.4500 7.5500 -76.4252
v -11.0500 5.0000 -65.8651
v -10.8000 5.0000 -65.8651
v -11.0500 5.0000 -75.6829
v -10.8000 5.0000 -75.6829
v -11.0500 7.0500 -65.8651
v -10.8000 7.0500 -65.8651
v -11.0500 7.0500 -75.6829
v -10.8000 7.0500 -75.6829
v -10.8000 8.5000 90.0000
v -10.4500 8.5000 90.0000
v -10.8000 8.5000 84.5864
v -10.4500 8.5000 84.5864
v -10.8000 11.5500 90.0000
v -10.4500 11.5500 90.0000
v -10.8000 11.5500 84.5864
v -10.4500 11.5500 84.5864
v -10.8000 8.5000 84.2364
v -10.4500 8.5000 84.2364
v -10.8000 8.5000 77.5119
v -10.4500 8.5000 77.5119
v -10.8000 11.5500 84.2364
v -10.4500 11.5500 84.2364
v -10.8000 11.5500 77.5119
v -10.4500 11.5500 77.5119
v -11.0500 9.0000 83.2044
v -10.8000 9.0000 83.2044
v -11.0500 9.0000 78.5439
v -10.8000 9.0000 78.5439
v -11.0500 11.0500 83.2044
v -10.8000 11.0500 83.2044
v -11.0500 11.0500 78.5439
v -10.8000 11.0500 78.5439
v -10.8000 8.5000 77.1619
v -10.4500 8.5000 77.1619
v -10.8000 8.5000 69.5431
v -10.4500 8.5000 69.5431
v -10.8000 11.5500 77.1619
v -10.4500 11.5500 77.1619
v -10.8000 11.5500 69.5431
v -10.4500 11.5500 69.5431
v -11.0500 9.0000 75.9434
v -10.8000 9.0000 75.9434
v -11.0500 9.0000 70.7616
v -10.8000 9.0000 70.7616
v -11.0500 11.0500 75.9434
v -10.8000 11.0500 75.9434
v -11.0500 11.0500 70.7616
v -10.8000 11.0500 70.7616
v -10.8000 8.5000 69.1931
v -10.4500 8.5000 69.1931
v -10.8000 8.5000 62.0860
v -10.4500 8.5000 62.0860
v -10.8000 11.5500 69.1931
v -10.4500 11.5500 69.1931
v -10.8000 11.5500 62.0860
v -10.4500 11.5500 62.0860
v -10.8000 8.5000 61.7360
v -10.4500 8.5000 61.7360
v -10.8000 8.5000 51.7023
v -10.4500 8.5000 51.7023
v -10.8000 11.5500 61.7360
v -10.4500 11.5500 61.7360
v -10.8000 11.5500 51.7023
v -10.4500 11.5500 51.7023
v -10.8000 8.5000 51.3523
v -10.4500 8.5000 51.3523
v -10.8000 8.5000 41.2884
v -10.4500 8.5000 41.2884
v -10.8000 11.5500 51.3523
v -10.4500 11.5500 51.3523
v -10.8000 11.5500 41.2884
v -10.4500 11.5500 41.2884
v -10.8000 8.5000 40.9384
v -10.4500 8.5000 40.9384
v -10.8000 8.5000 28.6412
v -10.4500 8.5000 28.6412
v -10.8000 11.5500 40.9384
v -10.4500 11.5500 40.9384
v -10.8000 11.5500 28.6412
v -10.4500 11.5500 28.6412
v -10.8000 8.5000 20.9938
v -10.4500 8.5000 20.9938
v -10.8000 8.5000 9.2271
v -10.4500 8.5000 9.2271
v -10.8000 11.5500 20.9938
v -10.4500 11.5500 20.9938
v -10.8000 11.5500 9.2271
v -10.4500 11.5500 9.2271
v -11.0500 9.0000 19.8995
v -10.8000 9.0000 19.8995
v -11.0500 9.0000 10.3214
v -10.8000 9.0000 10.3214
v -11.0500 11.0500 19.8995
v -10.8000 11.0500 19.8995
v -11.0500 11.0500 10.3214
v -10.8000 11.0500 10.3214
v -10.8000 8.5000 8.8771
v -10.4500 8.5000 8.8771
v -10.8000 8.5000 2.5877
v -10.4500 8.5000 2.5877
v -10.8000 11.5500 8.8771
v -10.4500 11.5500 8.8771
v -10.8000 11.5500 2.5877
v -10.4500 11.5500 2.5877
v -11.0500 9.0000 8.0920
v -10.8000 9.0000 8.0920
v -11.0500 9.0000 3.3728
v -10.8000 9.0000 3.3728
v -11.0500 11.0500 8.0920
v -10.8000 11.0500 8.0920
v -11.0500 11.0500 3.3728
v -10.8000 11.0500 3.3728
v -10.8000 8.5000 2.2377
v -10.4500 8.5000 2.2377
v -10.8000 8.5000 -6.5948
v -10.4500 8.5000 -6.5948
v -10.8000 11.5500 2.2377
v -10.4500 11.5500 2.2377
v -10.8000 11.5500 -6.5948
v -10.4500 11.5500 -6.5948
v -10.8000 8.5000 -6.9448
v -10.4500 8.5000 -6.9448
v -10.8000 8.5000 -16.9370
v -10.4500 8.5000 -16.9370
v -10.8000 11.5500 -6.9448
v -10.4500 11.5500 -6.9448
v -10.8000 11.5500 -16.9370
v -10.4500 11.5500 -16.9370
v -11.0500 9.0000 -7.7195
v -10.8000 9.0000 -7.7195
v -11.0500 9.0000 -16.1622
v -10.8000 9.0000 -16.1622
v -11.0500 11.0500 -7.7195
v -10.8000 11.0500 -7.7195
v -11.0500 11.0500 -16.1622
v -10.8000 11.0500 -16.1622
v -10.8000 8.5000 -17.2870
v -10.4500 8.5000 -17.2870
v -10.8000 8.5000 -26.2567
v -10.4500 8.5000 -26.2567
v -10.8000 11.5500 -17.2870
v -10.4500 11.5500 -17.2870
v -10.8000 11.5500 -26.2567
v -10.4500 11.5500 -26.2567
v -11.0500 9.0000 -18.3013
v -10.8000 9.0000 -18.3013
v -11.0500 9.0000 -25.2423
v -10.8000 9.0000 -25.2423
v -11.0500 11.0500 -18.3013
v -10.8000 11.0500 -18.3013
v -11.0500 11.0500 -25.2423
v -10.8000 11.0500 -25.2423
v -10.8000 8.5000 -26.6067
v -10.4500 8.5000 -26.6067
v -10.8000 8.5000 -37.2443
v -10.4500 8.5000 -37.2443
v -10.8000 11.5500 -26.6067
v -10.4500 11.5500 -26.6067
v -10.8000 11.5500 -37.2443
v -10.4500 11.5500 -37.2443
v -11.0500 9.0000 -27.7469
v -10.8000 9.0000 -27.7469
v -11.0500 9.0000 -36.1042
v -10.8000 9.0000 -36.1042
v -11.0500 11.0500 -27.7469
v -10.8000 11.0500 -27.7469
v -11.0500 11.0500 -36.1042
v -10.8000 11.0500 -36.1042
v -10.8000 8.5000 -37.5943
v -10.4500 8.5000 -37.5943
v -10.8000 8.5000 -44.9869
v -10.4500 8.5000 -44.9869
v -10.8000 11.5500 -37.5943
v -10.4500 11.5500 -37.5943
v -10.8000 11.5500 -44.9869
v -10.4500 11.5500 -44.9869
v -10.8000 8.5000 -45.3369
v -10.4500 8.5000 -45.3369
v -10.8000 8.5000 -55.0656
v -10.4500 8.5000 -55.0656
v -10.8000 11.5500 -45.3369
v -10.4500 11.5500 -45.3369
v -10.8000 11.5500 -55.0656
v -10.4500 11.5500 -55.0656
v -11.0500 9.0000 -46.7009
v -10.8000 9.0000 -46.7009
v -11.0500 9.0000 -53.7016
v -10.8000 9.0000 -53.7016
v -11.0500 11.0500 -46.7009
v -10.8000 11.0500 -46.7009
v -11.0500 11.0500 -53.7016
v -10.8000 11.0500 -53.7016
v -10.8000 8.5000 -72.8097
v -10.4500 8.5000 -72.8097
v -10.8000 8.5000 -81.8456
v -10.4500 8.5000 -81.8456
v -10.8000 11.5500 -72.8097
v -10.4500 11.5500 -72.8097
v -10.8000 11.5500 -81.8456
v -10.4500 11.5500 -81.8456
v -11.0500 9.0000 -74.1255
v -10.8000 9.0000 -74.1255
v -11.0500 9.0000 -80.5298
v -10.8000 9.0000 -80.5298
v -11.0500 11.0500 -74.1255
v -10.8000 11.0500 -74.1255
v -11.0500 11.0500 -80.5298
v -10.8000 11.0500 -80.5298
v -10.8000 8.5000 -82.1956
v -10.4500 8.5000 -82.1956
v -10.8000 8.5000 -90.0000
v -10.4500 8.5000 -90.0000
v -10.8000 11.5500 -82.1956
v -10.4500 11.5500 -82.1956
v -10.8000 11.5500 -90.0000
v -10.4500 11.5500 -90.0000
v 10.4500 0.5000 90.0000
v 10.8000 0.5000 90.0000
v 10.4500 0.5000 80.3420
v 10.8000 0.5000 80.3420
v 10.4500 3.5500 90.0000
v 10.8000 3.5500 90.0000
v 10.4500 3.5500 80.3420
v 10.8000 3.5500 80.3420
v 10.4500 0.5000 5.5445
v 10.8000 0.5000 5.5445
v 10.4500 0.5000 -2.2282
v 10.8000 0.5000 -2.2282
v 10.4500 3.5500 5.5445
v 10.8000 3.5500 5.5445
v 10.4500 3.5500 -2.2282
v 10.8000 3.5500 -2.2282
v 10.4500 0.5000 -37.5845
v 10.8000 0.5000 -37.5845
v 10.4500 0.5000 -47.8462
v 10.8000 0.5000 -47.8462
v 10.4500 3.5500 -37.5845
v 10.8000 3.5500 -37.5845
v 10.4500 3.5500 -47.8462
v 10.8000 3.5500 -47.8462
v 10.8000 1.0000 -38.8807
v 11.0500 1.0000 -38.8807
v 10.8000 1.0000 -46.5500
v 11.0500 1.0000 -46.5500
v 10.8000 3.0500 -38.8807
v 11.0500 3.0500 -38.8807
v 10.8000 3.0500 -46.5500
v 11.0500 3.0500 -46.5500
v 10.4500 0.5000 -48.1962
v 10.8000 0.5000 -48.1962
v 10.4500 0.5000 -55.8709
v 10.8000 0.5000 -55.8709
v 10.4500 3.5500 -48.1962
v 10.8000 3.5500 -48.1962
v 10.4500 3.5500 -55.8709
v 10.8000 3.5500 -55.8709
v 10.8000 1.0000 -49.2421
v 11.0500 1.0000 -49.2421
v 10.8000 1.0000 -54.8250
v 11.0500 1.0000 -54.8250
v 10.8000 3.0500 -49.2421
v 11.0500 3.0500 -49.2421
v 10.8000 3.0500 -54.8250
v 11.0500 3.0500 -54.8250
v 10.4500 0.5000 -56.2209
v 10.8000 0.5000 -56.2209
v 10.4500 0.5000 -67.6071
v 10.8000 0.5000 -67.6071
v 10.4500 3.5500 -56.2209
v 10.8000 3.5500 -56.2209
v 10.4500 3.5500 -67.6071
v 10.8000 3.5500 -67.6071
v 10.8000 1.0000 -57.5668
v 11.0500 1.0000 -57.5668
v 10.8000 1.0000 -66.2612
v 11.0500 1.0000 -66.2612
v 10.8000 3.0500 -57.5668
v 11.0500 3.0500 -57.5668
v 10.8000 3.0500 -66.2612
v 11.0500 3.0500 -66.2612
v 10.4500 0.5000 -67.9571
v 10.8000 0.5000 -67.9571
v 10.4500 0.5000 -74.3400
v 10.8000 0.5000 -74.3400
v 10.4500 3.5500 -67.9571
v 10.8000 3.5500 -67.9571
v 10.4500 3.5500 -74.3400
v 10.8000 3.5500 -74.3400
v 10.4500 0.5000 -74.6900
v 10.8000 0.5000 -74.6900
v 10.4500 0.5000 -86.8466
v 10.8000 0.5000 -86.8466
v 10.4500 3.5500 -74.6900
v 10.8000 3.5500 -74.6900
v 10.4500 3.5500 -86.8466
v 10.8000 3.5500 -86.8466
v 10.4500 0.5000 -87.1966
v 10.8000 0.5000 -87.1966
v 10.4500 0.5000 -90.0000
v 10.8000 0.5000 -90.0000
v 10.4500 3.5500 -87.1966
v 10.8000 3.5500 -87.1966
v 10.4500 3.5500 -90.0000
v 10.8000 3.5500 -90.0000
v 10.4500 4.5000 90.0000
v 10.8000 4.5000 90.0000
v 10.4500 4.5000 81.1322
v 10.8000 4.5000 81.1322
v 10.4500 7.5500 90.0000
v 10.8000 7.5500 90.0000
v 10.4500 7.5500 81.1322
v 10.8000 7.5500 81.1322
v 10.4500 4.5000 4.7750
v 10.8000 4.5000 4.7750
v 10.4500 4.5000 -0.3063
v 10.8000 4.5000 -0.3063
v 10.4500 7.5500 4.7750
v 10.8000 7.5500 4.7750
v 10.4500 7.5500 -0.3063
v 10.8000 7.5500 -0.3063
v 10.4500 4.5000 -0.6563
v 10.8000 4.5000 -0.6563
v 10.4500 4.5000 -9.4559
v 10.8000 4.5000 -9.4559
v 10.4500 7.5500 -0.6563
v 10.8000 7.5500 -0.6563
v 10.4500 7.5500 -9.4559
v 10.8000 7.5500 -9.4559
v 10.8000 5.0000 -1.7988
v 11.0500 5.0000 -1.7988
v 10.8000 5.0000 -8.3134
v 11.0500 5.0000 -8.3134
v 10.8000 7.0500 -1.7988
v 11.0500 7.0500 -1.7988
v 10.8000 7.0500 -8.3134
v 11.0500 7.0500 -8.3134
v 10.4500 4.5000 -9.8059
v 10.8000 4.5000 -9.8059
v 10.4500 4.5000 -21.5115
v 10.8000 4.5000 -21.5115
v 10.4500 7.5500 -9.8059
v 10.8000 7.5500 -9.8059
v 10.4500 7.5500 -21.5115
v 10.8000 7.5500 -21.5115
v 10.8000 5.0000 -10.6969
v 11.0500 5.0000 -10.6969
v 10.8000 5.0000 -20.6205
v 11.0500 5.0000 -20.6205
v 10.8000 7.0500 -10.6969
v 11.0500 7.0500 -10.6969
v 10.8000 7.0500 -20.6205
v 11.0500 7.0500 -20.6205
v 10.4500 4.5000 -21.8615
v 10.8000 4.5000 -21.8615
v 10.4500 4.5000 -34.5131
v 10.8000 4.5000 -34.5131
v 10.4500 7.5500 -21.8615
v 10.8000 7.5500 -21.8615
v 10.4500 7.5500 -34.5131
v 10.8000 7.5500 -34.5131
v 10.8000 5.0000 -23.0941
v 11.0500 5.0000 -23.0941
v 10.8000 5.0000 -33.2804
v 11.0500 5.0000 -33.2804
v 10.8000 7.0500 -23.0941
v 11.0500 7.0500 -23.0941
v 10.8000 7.0500 -33.2804
v 11.0500 7.0500 -33.2804
v 10.4500 4.5000 -34.8631
v 10.8000 4.5000 -34.8631
v 10.4500 4.5000 -46.5420
v 10.8000 4.5000 -46.5420
v 10.4500 7.5500 -34.8631
v 10.8000 7.5500 -34.8631
v 10.4500 7.5500 -46.5420
v 10.8000 7.5500 -46.5420
v 10.4500 4.5000 -46.8920
v 10.8000 4.5000 -46.8920
v 10.4500 4.5000 -58.7871
v 10.8000 4.5000 -58.7871
v 10.4500 7.5500 -46.8920
v 10.8000 7.5500 -46.8920
v 10.4500 7.5500 -58.7871
v 10.8000 7.5500 -58.7871
v 10.4500 4.5000 -59.1371
v 10.8000 4.5000 -59.1371
v 10.4500 4.5000 -64.7348
v 10.8000 4.5000 -64.7348
v 10.4500 7.5500 -59.1371
v 10.8000 7.5500 -59.1371
v 10.4500 7.5500 -64.7348
v 10.8000 7.5500 -64.7348
v 10.8000 5.0000 -59.9998
v 11.0500 5.0000 -59.9998
v 10.8000 5.0000 -63.8722
v 11.0500 5.0000 -63.8722
v 10.8000 7.0500 -59.9998
v 11.0500 7.0500 -59.9998
v 10.8000 7.0500 -63.8722
v 11.0500 7.0500 -63.8722
v 10.4500 4.5000 -65.0848
v 10.8000 4.5000 -65.0848
v 10.4500 4.5000 -76.2905
v 10.8000 4.5000 -76.2905
v 10.4500 7.5500 -65.0848
v 10.8000 7.5500 -65.0848
v 10.4500 7.5500 -76.2905
v 10.8000 7.5500 -76.2905
v 10.8000 5.0000 -66.4283
v 11.0500 5.0000 -66.4283
v 10.8000 5.0000 -74.9470
v 11.0500 5.0000 -74.9470
v 10.8000 7.0500 -66.4283
v 11.0500 7.0500 -66.4283
v 10.8000 7.0500 -74.9470
v 11.0500 7.0500 -74.9470
v 10.4500 4.5000 -76.6405
v 10.8000 4.5000 -76.6405
v 10.4500 4.5000 -84.1295
v 10.8000 4.5000 -84.1295
v 10.4500 7.5500 -76.6405
v 10.8000 7.5500 -76.6405
v 10.4500 7.5500 -84.1295
v 10.8000 7.5500 -84.1295
v 10.8000 5.0000 -77.8238
v 11.0500 5.0000 -77.8238
v 10.8000 5.0000 -82.9462
v 11.0500 5.0000 -82.9462
v 10.8000 7.0500 -77.8238
v 11.0500 7.0500 -77.8238
v 10.8000 7.0500 -82.9462
v 11.0500 7.0500 -82.9462
v 10.4500 4.5000 -84.4795
v 10.8000 4.5000 -84.4795
v 10.4500 4.5000 -90.0000
v 10.8000 4.5000 -90.0000
v 10.4500 7.5500 -84.4795
v 10.8000 7.5500 -84.4795
v 10.4500 7.5500 -90.0000
v 10.8000 7.5500 -90.0000
v 10.8000 5.0000 -85.4102
v 11.0500 5.0000 -85.4102
v 10.8000 5.0000 -89.0693
v 11.0500 5.0000 -89.0693
v 10.8000 7.0500 -85.4102
v 11.0500 7.0500 -85.4102
v 10.8000 7.0500 -89.0693
v 11.0500 7.0500 -89.0693
v 10.4500 8.5000 90.0000
v 10.8000 8.5000 90.0000
v 10.4500 8.5000 81.9525
v 10.8000 8.5000 81.9525
v 10.4500 11.5500 90.0000
v 10.8000 11.5500 90.0000
v 10.4500 11.5500 81.9525
v 10.8000 11.5500 81.9525
v 10.4500 8.5000 81.6025
v 10.8000 8.5000 81.6025
v 10.4500 8.5000 75.6394
v 10.8000 8.5000 75.6394
v 10.4500 11.5500 81.6025
v 10.8000 11.5500 81.6025
v 10.4500 11.5500 75.6394
v 10.8000 11.5500 75.6394
v 10.8000 9.0000 80.6654
v 11.0500 9.0000 80.6654
v 10.8000 9.0000 76.5765
v 11.0500 9.0000 76.5765
v 10.8000 11.0500 80.6654
v 11.0500 11.0500 80.6654
v 10.8000 11.0500 76.5765
v 11.0500 11.0500 76.5765
v 10.4500 8.5000 75.2894
v 10.8000 8.5000 75.2894
v 10.4500 8.5000 68.8125
v 10.8000 8.5000 68.8125
v 10.4500 11.5500 75.2894
v 10.8000 11.5500 75.2894
v 10.4500 11.5500 68.8125
v 10.8000 11.5500 68.8125
v 10.4500 8.5000 68.4625
v 10.8000 8.5000 68.4625
v 10.4500 8.5000 61.6379
v 10.8000 8.5000 61.6379
v 10.4500 11.5500 68.4625
v 10.8000 11.5500 68.4625
v 10.4500 11.5500 61.6379
v 10.8000 11.5500 61.6379
v 10.8000 9.0000 67.3927
v 11.0500 9.0000 67.3927
v 10.8000 9.0000 62.7078
v 11.0500 9.0000 62.7078
v 10.8000 11.0500 67.3927
v 11.0500 11.0500 67.3927
v 10.8000 11.0500 62.7078
v 11.0500 11.0500 62.7078
v 10.4500 8.5000 61.2879
v 10.8000 8.5000 61.2879
v 10.4500 8.5000 50.8541
v 10.8000 8.5000 50.8541
v 10.4500 11.5500 61.2879
v 10.8000 11.5500 61.2879
v 10.4500 11.5500 50.8541
v 10.8000 11.5500 50.8541
v 10.4500 8.5000 50.5041
v 10.8000 8.5000 50.5041
v 10.4500 8.5000 37.9025
v 10.8000 8.5000 37.9025
v 10.4500 11.5500 50.5041
v 10.8000 11.5500 50.5041
v 10.4500 11.5500 37.9025
v 10.8000 11.5500 37.9025
v 10.4500 8.5000 37.5525
v 10.8000 8.5000 37.5525
v 10.4500 8.5000 29.9579
v 10.8000 8.5000 29.9579
v 10.4500 11.5500 37.5525
v 10.8000 11.5500 37.5525
v 10.4500 11.5500 29.9579
v 10.8000 11.5500 29.9579
v 10.4500 8.5000 29.6079
v 10.8000 8.5000 29.6079
v 10.4500 8.5000 19.4216
v 10.8000 8.5000 19.4216
v 10.4500 11.5500 29.6079
v 10.8000 11.5500 29.6079
v 10.4500 11.5500 19.4216
v 10.8000 11.5500 19.4216
v 10.4500 8.5000 19.0716
v 10.8000 8.5000 19.0716
v 10.4500 8.5000 11.8658
v 10.8000 8.5000 11.8658
v 10.4500 11.5500 19.0716
v 10.8000 11.5500 19.0716
v 10.4500 11.5500 11.8658
v 10.8000 11.5500 11.8658
v 10.8000 9.0000 18.2853
v 11.0500 9.0000 18.2853
v 10.8000 9.0000 12.6521
v 11.0500 9.0000 12.6521
v 10.8000 11.0500 18.2853
v 11.0500 11.0500 18.2853
v 10.8000 11.0500 12.6521
v 11.0500 11.0500 12.6521
v 10.4500 8.5000 11.5158
v 10.8000 8.5000 11.5158
v 10.4500 8.5000 0.7222
v 10.8000 8.5000 0.7222
v 10.4500 11.5500 11.5158
v 10.8000 11.5500 11.5158
v 10.4500 11.5500 0.7222
v 10.8000 11.5500 0.7222
v 10.4500 8.5000 0.3722
v 10.8000 8.5000 0.3722
v 10.4500 8.5000 -10.0374
v 10.8000 8.5000 -10.0374
v 10.4500 11.5500 0.3722
v 10.8000 11.5500 0.3722
v 10.4500 11.5500 -10.0374
v 10.8000 11.5500 -10.0374
v 10.8000 9.0000 -0.6393
v 11.0500 9.0000 -0.6393
v 10.8000 9.0000 -9.0260
v 11.0500 9.0000 -9.0260
v 10.8000 11.0500 -0.6393
v 11.0500 11.0500 -0.6393
v 10.8000 11.0500 -9.0260
v 11.0500 11.0500 -9.0260
v 10.4500 8.5000 -10.3874
v 10.8000 8.5000 -10.3874
v 10.4500 8.5000 -18.7182
v 10.8000 8.5000 -18.7182
v 10.4500 11.5500 -10.3874
v 10.8000 11.5500 -10.3874
v 10.4500 11.5500 -18.7182
v 10.8000 11.5500 -18.7182
v 10.8000 9.0000 -11.7019
v 11.0500 9.0000 -11.7019
v 10.8000 9.0000 -17.4037
v 11.0500 9.0000 -17.4037
v 10.8000 11.0500 -11.7019
v 11.0500 11.0500 -11.7019
v 10.8000 11.0500 -17.4037
v 11.0500 11.0500 -17.4037
v 10.4500 8.5000 -19.0682
v 10.8000 8.5000 -19.0682
v 10.4500 8.5000 -24.5482
v 10.8000 8.5000 -24.5482
v 10.4500 11.5500 -19.0682
v 10.8000 11.5500 -19.0682
v 10.4500 11.5500 -24.5482
v 10.8000 11.5500 -24.5482
v 10.8000 9.0000 -19.7892
v 11.0500 9.0000 -19.7892
v 10.8000 9.0000 -23.8272
v 11.0500 9.0000 -23.8272
v 10.8000 11.0500 -19.7892
v 11.0500 11.0500 -19.7892
v 10.8000 11.0500 -23.8272
v 11.0500 11.0500 -23.8272
v 10.4500 8.5000 -24.8982
v 10.8000 8.5000 -24.8982
v 10.4500 8.5000 -33.5241
v 10.8000 8.5000 -33.5241
v 10.4500 11.5500 -24.8982
v 10.8000 11.5500 -24.8982
v 10.4500 11.5500 -33.5241
v 10.8000 11.5500 -33.5241
v 10.4500 8.5000 -56.3817
v 10.8000 8.5000 -56.3817
v 10.4500 8.5000 -63.2857
v 10.8000 8.5000 -63.2857
v 10.4500 11.5500 -56.3817
v 10.8000 11.5500 -56.3817
v 10.4500 11.5500 -63.2857
v 10.8000 11.5500 -63.2857
v 10.8000 9.0000 -57.5940
v 11.0500 9.0000 -57.5940
v 10.8000 9.0000 -62.0734
v 11.0500 9.0000 -62.0734
v 10.8000 11.0500 -57.5940
v 11.0500 11.0500 -57.5940
v 10.8000 11.0500 -62.0734
v 11.0500 11.0500 -62.0734
v 10.4500 8.5000 -63.6357
v 10.8000 8.5000 -63.6357
v 10.4500 8.5000 -74.3073
v 10.8000 8.5000 -74.3073
v 10.4500 11.5500 -63.6357
v 10.8000 11.5500 -63.6357
v 10.4500 11.5500 -74.3073
v 10.8000 11.5500 -74.3073
v 10.4500 8.5000 -74.6573
v 10.8000 8.5000 -74.6573
v 10.4500 8.5000 -80.5402
v 10.8000 8.5000 -80.5402
v 10.4500 11.5500 -74.6573
v 10.8000 11.5500 -74.6573
v 10.4500 11.5500 -80.5402
v 10.8000 11.5500 -80.5402
v 10.4500 8.5000 -80.8902
v 10.8000 8.5000 -80.8902
v 10.4500 8.5000 -89.0974
v 10.8000 8.5000 -89.0974
v 10.4500 11.5500 -80.8902
v 10.8000 11.5500 -80.8902
v 10.4500 11.5500 -89.0974
v 10.8000 11.5500 -89.0974
v 10.8000 9.0000 -82.2307
v 11.0500 9.0000 -82.2307
v 10.8000 9.0000 -87.7570
v 11.0500 9.0000 -87.7570
v 10.8000 11.0500 -82.2307
v 11.0500 11.0500 -82.2307
v 10.8000 11.0500 -87.7570
v 11.0500 11.0500 -87.7570
v 10.4500 8.5000 -89.4474
v 10.8000 8.5000 -89.4474
v 10.4500 8.5000 -90.0000
v 10.8000 8.5000 -90.0000
v 10.4500 11.5500 -89.4474
v 10.8000 11.5500 -89.4474
v 10.4500 11.5500 -90.0000
v 10.8000 11.5500 -90.0000
f 5349 5351 5347 5345
f 5346 5348 5352 5350
f 5345 5346 5350 5349
f 5351 5352 5348 5347
f 5347 5348 5346 5345
f 5349 5350 5352 5351
f 5357 5359 5355 5353
f 5354 5356 5360 5358
f 5353 5354 5358 5357
f 5359 5360 5356 5355
f 5355 5356 5354 5353
f 5357 5358 5360 5359
f 5365 5367 5363 5361
f 5362 5364 5368 5366
f 5361 5362 5366 5365
f 5367 5368 5364 5363
f 5363 5364 5362 5361
f 5365 5366 5368 5367
f 5373 5375 5371 5369
f 5370 5372 5376 5374
f 5369 5370 5374 5373
f 5375 5376 5372 5371
f 5371 5372 5370 5369
f 5373 5374 5376 5375
f 5381 5383 5379 5377
f 5378 5380 5384 5382
f 5377 5378 5382 5381
f 5383 5384 5380 5379
f 5379 5380 5378 5377
f 5381 5382 5384 5383
f 5389 5391 5387 5385
f 5386 5388 5392 5390
f 5385 5386 5390 5389
f 5391 5392 5388 5387
f 5387 5388 5386 5385
f 5389 5390 5392 5391
f 5397 5399 5395 5393
f 5394 5396 5400 5398
f 5393 5394 5398 5397
f 5399 5400 5396 5395
f 5395 5396 5394 5393
f 5397 5398 5400 5399
f 5405 5407 5403 5401
f 5402 5404 5408 5406
f 5401 5402 5406 5405
f 5407 5408 5404 5403
f 5403 5404 5402 5401
f 5405 5406 5408 5407
f 5413 5415 5411 5409
f 5410 5412 5416 5414
f 5409 5410 5414 5413
f 5415 5416 5412 5411
f 5411 5412 5410 5409
f 5413 5414 5416 5415
f 5421 5423 5419 5417
f 5418 5420 5424 5422
f 5417 5418 5422 5421
f 5423 5424 5420 5419
f 5419 5420 5418 5417
f 5421 5422 5424 5423
f 5429 5431 5427 5425
f 5426 5428 5432 5430
f 5425 5426 5430 5429
f 5431 5432 5428 5427
f 5427 5428 5426 5425
f 5429 5430 5432 5431
f 5437 5439 5435 5433
f 5434 5436 5440 5438
f 5433 5434 5438 5437
f 5439 5440 5436 5435
f 5435 5436 5434 5433
f 5437 5438 5440 5439
f 5445 5447 5443 5441
f 5442 5444 5448 5446
f 5441 5442 5446 5445
f 5447 5448 5444 5443
f 5443 5444 5442 5441
f 5445 5446 5448 5447
f 5453 5455 5451 5449
f 5450 5452 5456 5454
f 5449 5450 5454 5453
f 5455 5456 5452 5451
f 5451 5452 5450 5449
f 5453 5454 5456 5455
f 5461 5463 5459 5457
f 5458 5460 5464 5462
f 5457 5458 5462 5461
f 5463 5464 5460 5459
f 5459 5460 5458 5457
f 5461 5462 5464 5463
f 5469 5471 5467 5465
f 5466 5468 5472 5470
f 5465 5466 5470 5469
f 5471 5472 5468 5467
f 5467 5468 5466 5465
f 5469 5470 5472 5471
f 5477 5479 5475 5473
f 5474 5476 5480 5478
f 5473 5474 5478 5477
f 5479 5480 5476 5475
f 5475 5476 5474 5473
f 5477 5478 5480 5479
f 5485 5487 5483 5481
f 5482 5484 5488 5486
f 5481 5482 5486 5485
f 5487 5488 5484 5483
f 5483 5484 5482 5481
f 5485 5486 5488 5487
f 5493 5495 5491 5489
f 5490 5492 5496 5494
f 5489 5490 5494 5493
f 5495 5496 5492 5491
f 5491 5492 5490 5489
f 5493 5494 5496 5495
f 5501 5503 5499 5497
f 5498 5500 5504 5502
f 5497 5498 5502 5501
f 5503 5504 5500 5499
f 5499 5500 5498 5497
f 5501 5502 5504 5503
f 5509 5511 5507 5505
f 5506 5508 5512 5510
f 5505 5506 5510 5509
f 5511 5512 5508 5507
f 5507 5508 5506 5505
f 5509 5510 5512 5511
f 5517 5519 5515 5513
f 5514 5516 5520 5518
f 5513 5514 5518 5517
f 5519 5520 5516 5515
f 5515 5516 5514 5513
f 5517 5518 5520 5519
f 5525 5527 5523 5521
f 5522 5524 5528 5526
f 5521 5522 5526 5525
f 5527 5528 5524 5523
f 5523 5524 5522 5521
f 5525 5526 5528 5527
f 5533 5535 5531 5529
f 5530 5532 5536 5534
f 5529 5530 5534 5533
f 5535 5536 5532 5531
f 5531 5532 5530 5529
f 5533 5534 5536 5535
f 5541 5543 5539 5537
f 5538 5540 5544 5542
f 5537 5538 5542 5541
f 5543 5544 5540 5539
f 5539 5540 5538 5537
f 5541 5542 5544 5543
f 5549 5551 5547 5545
f 5546 5548 5552 5550
f 5545 5546 5550 5549
f 5551 5552 5548 5547
f 5547 5548 5546 5545
f 5549 5550 5552 5551
f 5557 5559 5555 5553
f 5554 5556 5560 5558
f 5553 5554 5558 5557
f 5559 5560 5556 5555
f 5555 5556 5554 5553
f 5557 5558 5560 5559
f 5565 5567 5563 5561
f 5562 5564 5568 5566
f 5561 5562 5566 5565
f 5567 5568 5564 5563
f 5563 5564 5562 5561
f 5565 5566 5568 5567
f 5573 5575 5571 5569
f 5570 5572 5576 5574
f 5569 5570 5574 5573
f 5575 5576 5572 5571
f 5571 5572 5570 5569
f 5573 5574 5576 5575
f 5581 5583 5579 5577
f 5578 5580 5584 5582
f 5577 5578 5582 5581
f 5583 5584 5580 5579
f 5579 5580 5578 5577
f 5581 5582 5584 5583
f 5589 5591 5587 5585
f 5586 5588 5592 5590
f 5585 5586 5590 5589
f 5591 5592 5588 5587
f 5587 5588 5586 5585
f 5589 5590 5592 5591
f 5597 5599 5595 5593
f 5594 5596 5600 5598
f 5593 5594 5598 5597
f 5599 5600 5596 5595
f 5595 5596 5594 5593
f 5597 5598 5600 5599
f 5605 5607 5603 5601
f 5602 5604 5608 5606
f 5601 5602 5606 5605
f 5607 5608 5604 5603
f 5603 5604 5602 5601
f 5605 5606 5608 5607
f 5613 5615 5611 5609
f 5610 5612 5616 5614
f 5609 5610 5614 5613
f 5615 5616 5612 5611
f 5611 5612 5610 5609
f 5613 5614 5616 5615
f 5621 5623 5619 5617
f 5618 5620 5624 5622
f 5617 5618 5622 5621
f 5623 5624 5620 5619
f 5619 5620 5618 5617
f 5621 5622 5624 5623
f 5629 5631 5627 5625
f 5626 5628 5632 5630
f 5625 5626 5630 5629
f 5631 5632 5628 5627
f 5627 5628 5626 5625
f 5629 5630 5632 5631
f 5637 5639 5635 5633
f 5634 5636 5640 5638
f 5633 5634 5638 5637
f 5639 5640 5636 5635
f 5635 5636 5634 5633
f 5637 5638 5640 5639
f 5645 5647 5643 5641
f 5642 5644 5648 5646
f 5641 5642 5646 5645
f 5647 5648 5644 5643
f 5643 5644 5642 5641
f 5645 5646 5648 5647
f 5653 5655 5651 5649
f 5650 5652 5656 5654
f 5649 5650 5654 5653
f 5655 5656 5652 5651
f 5651 5652 5650 5649
f 5653 5654 5656 5655
f 5661 5663 5659 5657
f 5658 5660 5664 5662
f 5657 5658 5662 5661
f 5663 5664 5660 5659
f 5659 5660 5658 5657
f 5661 5662 5664 5663
f 5669 5671 5667 5665
f 5666 5668 5672 5670
f 5665 5666 5670 5669
f 5671 5672 5668 5667
f 5667 5668 5666 5665
f 5669 5670 5672 5671
f 5677 5679 5675 5673
f 5674 5676 5680 5678
f 5673 5674 5678 5677
f 5679 5680 5676 5675
f 5675 5676 5674 5673
f 5677 5678 5680 5679
f 5685 5687 5683 5681
f 5682 5684 5688 5686
f 5681 5682 5686 5685
f 5687 5688 5684 5683
f 5683 5684 5682 5681
f 5685 5686 5688 5687
f 5693 5695 5691 5689
f 5690 5692 5696 5694
f 5689 5690 5694 5693
f 5695 5696 5692 5691
f 5691 5692 5690 5689
f 5693 5694 5696 5695
f 5701 5703 5699 5697
f 5698 5700 5704 5702
f 5697 5698 5702 5701
f 5703 5704 5700 5699
f 5699 5700 5698 5697
f 5701 5702 5704 5703
f 5709 5711 5707 5705
f 5706 5708 5712 5710
f 5705 5706 5710 5709
f 5711 5712 5708 5707
f 5707 5708 5706 5705
f 5709 5710 5712 5711
f 5717 5719 5715 5713
f 5714 5716 5720 5718
f 5713 5714 5718 5717
f 5719 5720 5716 5715
f 5715 5716 5714 5713
f 5717 5718 5720 5719
f 5725 5727 5723 5721
f 5722 5724 5728 5726
f 5721 5722 5726 5725
f 5727 5728 5724 5723
f 5723 5724 5722 5721
f 5725 5726 5728 5727
f 5733 5735 5731 5729
f 5730 5732 5736 5734
f 5729 5730 5734 5733
f 5735 5736 5732 5731
f 5731 5732 5730 5729
f 5733 5734 5736 5735
f 5741 5743 5739 5737
f 5738 5740 5744 5742
f 5737 5738 5742 5741
f 5743 5744 5740 5739
f 5739 5740 5738 5737
f 5741 5742 5744 5743
f 5749 5751 5747 5745
f 5746 5748 5752 5750
f 5745 5746 5750 5749
f 5751 5752 5748 5747
f 5747 5748 5746 5745
f 5749 5750 5752 5751
f 5757 5759 5755 5753
f 5754 5756 5760 5758
f 5753 5754 5758 5757
f 5759 5760 5756 5755
f 5755 5756 5754 5753
f 5757 5758 5760 5759
f 5765 5767 5763 5761
f 5762 5764 5768 5766
f 5761 5762 5766 5765
f 5767 5768 5764 5763
f 5763 5764 5762 5761
f 5765 5766 5768 5767
f 5773 5775 5771 5769
f 5770 5772 5776 5774
f 5769 5770 5774 5773
f 5775 5776 5772 5771
f 5771 5772 5770 5769
f 5773 5774 5776 5775
f 5781 5783 5779 5777
f 5778 5780 5784 5782
f 5777 5778 5782 5781
f 5783 5784 5780 5779
f 5779 5780 5778 5777
f 5781 5782 5784 5783
f 5789 5791 5787 5785
f 5786 5788 5792 5790
f 5785 5786 5790 5789
f 5791 5792 5788 5787
f 5787 5788 5786 5785
f 5789 5790 5792 5791
f 5797 5799 5795 5793
f 5794 5796 5800 5798
f 5793 5794 5798 5797
f 5799 5800 5796 5795
f 5795 5796 5794 5793
f 5797 5798 5800 5799
f 5805 5807 5803 5801
f 5802 5804 5808 5806
f 5801 5802 5806 5805
f 5807 5808 5804 5803
f 5803 5804 5802 5801
f 5805 5806 5808 5807
f 5813 5815 5811 5809
f 5810 5812 5816 5814
f 5809 5810 5814 5813
f 5815 5816 5812 5811
f 5811 5812 5810 5809
f 5813 5814 5816 5815
f 5821 5823 5819 5817
f 5818 5820 5824 5822
f 5817 5818 5822 5821
f 5823 5824 5820 5819
f 5819 5820 5818 5817
f 5821 5822 5824 5823
f 5829 5831 5827 5825
f 5826 5828 5832 5830
f 5825 5826 5830 5829
f 5831 5832 5828 5827
f 5827 5828 5826 5825
f 5829 5830 5832 5831
f 5837 5839 5835 5833
f 5834 5836 5840 5838
f 5833 5834 5838 5837
f 5839 5840 5836 5835
f 5835 5836 5834 5833
f 5837 5838 5840 5839
f 5845 5847 5843 5841
f 5842 5844 5848 5846
f 5841 5842 5846 5845
f 5847 5848 5844 5843
f 5843 5844 5842 5841
f 5845 5846 5848 5847
f 5853 5855 5851 5849
f 5850 5852 5856 5854
f 5849 5850 5854 5853
f 5855 5856 5852 5851
f 5851 5852 5850 5849
f 5853 5854 5856 5855
f 5861 5863 5859 5857
f 5858 5860 5864 5862
f 5857 5858 5862 5861
f 5863 5864 5860 5859
f 5859 5860 5858 5857
f 5861 5862 5864 5863
f 5869 5871 5867 5865
f 5866 5868 5872 5870
f 5865 5866 5870 5869
f 5871 5872 5868 5867
f 5867 5868 5866 5865
f 5869 5870 5872 5871
f 5877 5879 5875 5873
f 5874 5876 5880 5878
f 5873 5874 5878 5877
f 5879 5880 5876 5875
f 5875 5876 5874 5873
f 5877 5878 5880 5879
f 5885 5887 5883 5881
f 5882 5884 5888 5886
f 5881 5882 5886 5885
f 5887 5888 5884 5883
f 5883 5884 5882 5881
f 5885 5886 5888 5887
f 5893 5895 5891 5889
f 5890 5892 5896 5894
f 5889 5890 5894 5893
f 5895 5896 5892 5891
f 5891 5892 5890 5889
f 5893 5894 5896 5895
f 5901 5903 5899 5897
f 5898 5900 5904 5902
f 5897 5898 5902 5901
f 5903 5904 5900 5899
f 5899 5900 5898 5897
f 5901 5902 5904 5903
f 5909 5911 5907 5905
f 5906 5908 5912 5910
f 5905 5906 5910 5909
f 5911 5912 5908 5907
f 5907 5908 5906 5905
f 5909 5910 5912 5911
f 5917 5919 5915 5913
f 5914 5916 5920 5918
f 5913 5914 5918 5917
f 5919 5920 5916 5915
f 5915 5916 5914 5913
f 5917 5918 5920 5919
f 5925 5927 5923 5921
f 5922 5924 5928 5926
f 5921 5922 5926 5925
f 5927 5928 5924 5923
f 5923 5924 5922 5921
f 5925 5926 5928 5927
f 5933 5935 5931 5929
f 5930 5932 5936 5934
f 5929 5930 5934 5933
f 5935 5936 5932 5931
f 5931 5932 5930 5929
f 5933 5934 5936 5935
f 5941 5943 5939 5937
f 5938 5940 5944 5942
f 5937 5938 5942 5941
f 5943 5944 5940 5939
f 5939 5940 5938 5937
f 5941 5942 5944 5943
f 5949 5951 5947 5945
f 5946 5948 5952 5950
f 5945 5946 5950 5949
f 5951 5952 5948 5947
f 5947 5948 5946 5945
f 5949 5950 5952 5951
f 5957 5959 5955 5953
f 5954 5956 5960 5958
f 5953 5954 5958 5957
f 5959 5960 5956 5955
f 5955 5956 5954 5953
f 5957 5958 5960 5959
f 5965 5967 5963 5961
f 5962 5964 5968 5966
f 5961 5962 5966 5965
f 5967 5968 5964 5963
f 5963 5964 5962 5961
f 5965 5966 5968 5967
f 5973 5975 5971 5969
f 5970 5972 5976 5974
f 5969 5970 5974 5973
f 5975 5976 5972 5971
f 5971 5972 5970 5969
f 5973 5974 5976 5975
f 5981 5983 5979 5977
f 5978 5980 5984 5982
f 5977 5978 5982 5981
f 5983 5984 5980 5979
f 5979 5980 5978 5977
f 5981 5982 5984 5983
f 5989 5991 5987 5985
f 5986 5988 5992 5990
f 5985 5986 5990 5989
f 5991 5992 5988 5987
f 5987 5988 5986 5985
f 5989 5990 5992 5991
f 5997 5999 5995 5993
f 5994 5996 6000 5998
f 5993 5994 5998 5997
f 5999 6000 5996 5995
f 5995 5996 5994 5993
f 5997 5998 6000 5999
f 6005 6007 6003 6001
f 6002 6004 6008 6006
f 6001 6002 6006 6005
f 6007 6008 6004 6003
f 6003 6004 6002 6001
f 6005 6006 6008 6007
f 6013 6015 6011 6009
f 6010 6012 6016 6014
f 6009 6010 6014 6013
f 6015 6016 6012 6011
f 6011 6012 6010 6009
f 6013 6014 6016 6015
f 6021 6023 6019 6017
f 6018 6020 6024 6022
f 6017 6018 6022 6021
f 6023 6024 6020 6019
f 6019 6020 6018 6017
f 6021 6022 6024 6023
f 6029 6031 6027 6025
f 6026 6028 6032 6030
f 6025 6026 6030 6029
f 6031 6032 6028 6027
f 6027 6028 6026 6025
f 6029 6030 6032 6031
f 6037 6039 6035 6033
f 6034 6036 6040 6038
f 6033 6034 6038 6037
f 6039 6040 6036 6035
f 6035 6036 6034 6033
f 6037 6038 6040 6039
f 6045 6047 6043 6041
f 6042 6044 6048 6046
f 6041 6042 6046 6045
f 6047 6048 6044 6043
f 6043 6044 6042 6041
f 6045 6046 6048 6047
f 6053 6055 6051 6049
f 6050 6052 6056 6054
f 6049 6050 6054 6053
f 6055 6056 6052 6051
f 6051 6052 6050 6049
f 6053 6054 6056 6055
f 6061 6063 6059 6057
f 6058 6060 6064 6062
f 6057 6058 6062 6061
f 6063 6064 6060 6059
f 6059 6060 6058 6057
f 6061 6062 6064 6063
f 6069 6071 6067 6065
f 6066 6068 6072 6070
f 6065 6066 6070 6069
f 6071 6072 6068 6067
f 6067 6068 6066 6065
f 6069 6070 6072 6071
f 6077 6079 6075 6073
f 6074 6076 6080 6078
f 6073 6074 6078 6077
f 6079 6080 6076 6075
f 6075 6076 6074 6073
f 6077 6078 6080 6079
f 6085 6087 6083 6081
f 6082 6084 6088 6086
f 6081 6082 6086 6085
f 6087 6088 6084 6083
f 6083 6084 6082 6081
f 6085 6086 6088 6087
f 6093 6095 6091 6089
f 6090 6092 6096 6094
f 6089 6090 6094 6093
f 6095 6096 6092 6091
f 6091 6092 6090 6089
f 6093 6094 6096 6095
f 6101 6103 6099 6097
f 6098 6100 6104 6102
f 6097 6098 6102 6101
f 6103 6104 6100 6099
f 6099 6100 6098 6097
f 6101 6102 6104 6103
f 6109 6111 6107 6105
f 6106 6108 6112 6110
f 6105 6106 6110 6109
f 6111 6112 6108 6107
f 6107 6108 6106 6105
f 6109 6110 6112 6111
f 6117 6119 6115 6113
f 6114 6116 6120 6118
f 6113 6114 6118 6117
f 6119 6120 6116 6115
f 6115 6116 6114 6113
f 6117 6118 6120 6119
f 6125 6127 6123 6121
f 6122 6124 6128 6126
f 6121 6122 6126 6125
f 6127 6128 6124 6123
f 6123 6124 6122 6121
f 6125 6126 6128 6127
f 6133 6135 6131 6129
f 6130 6132 6136 6134
f 6129 6130 6134 6133
f 6135 6136 6132 6131
f 6131 6132 6130 6129
f 6133 6134 6136 6135
f 6141 6143 6139 6137
f 6138 6140 6144 6142
f 6137 6138 6142 6141
f 6143 6144 6140 6139
f 6139 6140 6138 6137
f 6141 6142 6144 6143
f 6149 6151 6147 6145
f 6146 6148 6152 6150
f 6145 6146 6150 6149
f 6151 6152 6148 6147
f 6147 6148 6146 6145
f 6149 6150 6152 6151
f 6157 6159 6155 6153
f 6154 6156 6160 6158
f 6153 6154 6158 6157
f 6159 6160 6156 6155
f 6155 6156 6154 6153
f 6157 6158 6160 6159
f 6165 6167 6163 6161
f 6162 6164 6168 6166
f 6161 6162 6166 6165
f 6167 6168 6164 6163
f 6163 6164 6162 6161
f 6165 6166 6168 6167
f 6173 6175 6171 6169
f 6170 6172 6176 6174
f 6169 6170 6174 6173
f 6175 6176 6172 6171
f 6171 6172 6170 6169
f 6173 6174 6176 6175
f 6181 6183 6179 6177
f 6178 6180 6184 6182
f 6177 6178 6182 6181
f 6183 6184 6180 6179
f 6179 6180 6178 6177
f 6181 6182 6184 6183
f 6189 6191 6187 6185
f 6186 6188 6192 6190
f 6185 6186 6190 6189
f 6191 6192 6188 6187
f 6187 6188 6186 6185
f 6189 6190 6192 6191
f 6197 6199 6195 6193
f 6194 6196 6200 6198
f 6193 6194 6198 6197
f 6199 6200 6196 6195
f 6195 6196 6194 6193
f 6197 6198 6200 6199
f 6205 6207 6203 6201
f 6202 6204 6208 6206
f 6201 6202 6206 6205
f 6207 6208 6204 6203
f 6203 6204 6202 6201
f 6205 6206 6208 6207
f 6213 6215 6211 6209
f 6210 6212 6216 6214
f 6209 6210 6214 6213
f 6215 6216 6212 6211
f 6211 6212 6210 6209
f 6213 6214 6216 6215
f 6221 6223 6219 6217
f 6218 6220 6224 6222
f 6217 6218 6222 6221
f 6223 6224 6220 6219
f 6219 6220 6218 6217
f 6221 6222 6224 6223
f 6229 6231 6227 6225
f 6226 6228 6232 6230
f 6225 6226 6230 6229
f 6231 6232 6228 6227
f 6227 6228 6226 6225
f 6229 6230 6232 6231
f 6237 6239 6235 6233
f 6234 6236 6240 6238
f 6233 6234 6238 6237
f 6239 6240 6236 6235
f 6235 6236 6234 6233
f 6237 6238 6240 6239
f 6245 6247 6243 6241
f 6242 6244 6248 6246
f 6241 6242 6246 6245
f 6247 6248 6244 6243
f 6243 6244 6242 6241
f 6245 6246 6248 6247
f 6253 6255 6251 6249
f 6250 6252 6256 6254
f 6249 6250 6254 6253
f 6255 6256 6252 6251
f 6251 6252 6250 6249
f 6253 6254 6256 6255
f 6261 6263 6259 6257
f 6258 6260 6264 6262
f 6257 6258 6262 6261
f 6263 6264 6260 6259
f 6259 6260 6258 6257
f 6261 6262 6264 6263
f 6269 6271 6267 6265
f 6266 6268 6272 6270
f 6265 6266 6270 6269
f 6271 6272 6268 6267
f 6267 6268 6266 6265
f 6269 6270 6272 6271
o XL_Trim
usemtl Trim
v -11.0500 -0.1000 79.6000
v -10.4500 -0.1000 79.6000
v -11.0500 -0.1000 79.0000
v -10.4500 -0.1000 79.0000
v -11.0500 7.4000 79.6000
v -10.4500 7.4000 79.6000
v -11.0500 7.4000 79.0000
v -10.4500 7.4000 79.0000
v -11.0500 -0.1000 51.0000
v -10.4500 -0.1000 51.0000
v -11.0500 -0.1000 50.4000
v -10.4500 -0.1000 50.4000
v -11.0500 7.4000 51.0000
v -10.4500 7.4000 51.0000
v -11.0500 7.4000 50.4000
v -10.4500 7.4000 50.4000
v -11.0500 6.8000 79.0000
v -10.4500 6.8000 79.0000
v -11.0500 6.8000 51.0000
v -10.4500 6.8000 51.0000
v -11.0500 7.4000 79.0000
v -10.4500 7.4000 79.0000
v -11.0500 7.4000 51.0000
v -10.4500 7.4000 51.0000
v -11.0500 -0.1000 79.0000
v -10.4500 -0.1000 79.0000
v -11.0500 -0.1000 51.0000
v -10.4500 -0.1000 51.0000
v -11.0500 0.5000 79.0000
v -10.4500 0.5000 79.0000
v -11.0500 0.5000 51.0000
v -10.4500 0.5000 51.0000
v 10.4500 -0.1000 79.6000
v 11.0500 -0.1000 79.6000
v 10.4500 -0.1000 79.0000
v 11.0500 -0.1000 79.0000
v 10.4500 7.4000 79.6000
v 11.0500 7.4000 79.6000
v 10.4500 7.4000 79.0000
v 11.0500 7.4000 79.0000
v 10.4500 -0.1000 51.0000
v 11.0500 -0.1000 51.0000
v 10.4500 -0.1000 50.4000
v 11.0500 -0.1000 50.4000
v 10.4500 7.4000 51.0000
v 11.0500 7.4000 51.0000
v 10.4500 7.4000 50.4000
v 11.0500 7.4000 50.4000
v 10.4500 6.8000 79.0000
v 11.0500 6.8000 79.0000
v 10.4500 6.8000 51.0000
v 11.0500 6.8000 51.0000
v 10.4500 7.4000 79.0000
v 11.0500 7.4000 79.0000
v 10.4500 7.4000 51.0000
v 11.0500 7.4000 51.0000
v 10.4500 -0.1000 79.0000
v 11.0500 -0.1000 79.0000
v 10.4500 -0.1000 51.0000
v 11.0500 -0.1000 51.0000
v 10.4500 0.5000 79.0000
v 11.0500 0.5000 79.0000
v 10.4500 0.5000 51.0000
v 11.0500 0.5000 51.0000
v 2.4000 0.0000 85.0000
v 2.2825 0.0000 84.2584
v 1.9416 0.0000 83.5893
v 1.4107 0.0000 83.0584
v 0.7416 0.0000 82.7175
v 0.0000 0.0000 82.6000
v -0.7416 0.0000 82.7175
v -1.4107 0.0000 83.0584
v -1.9416 0.0000 83.5893
v -2.2825 0.0000 84.2584
v -2.4000 0.0000 85.0000
v -2.2825 0.0000 85.7416
v -1.9416 0.0000 86.4107
v -1.4107 0.0000 86.9416
v -0.7416 0.0000 87.2825
v -0.0000 0.0000 87.4000
v 0.7416 0.0000 87.2825
v 1.4107 0.0000 86.9416
v 1.9416 0.0000 86.4107
v 2.2825 0.0000 85.7416
v 2.4000 0.6000 85.0000
v 2.2825 0.6000 84.2584
v 1.9416 0.6000 83.5893
v 1.4107 0.6000 83.0584
v 0.7416 0.6000 82.7175
v 0.0000 0.6000 82.6000
v -0.7416 0.6000 82.7175
v -1.4107 0.6000 83.0584
v -1.9416 0.6000 83.5893
v -2.2825 0.6000 84.2584
v -2.4000 0.6000 85.0000
v -2.2825 0.6000 85.7416
v -1.9416 0.6000 86.4107
v -1.4107 0.6000 86.9416
v -0.7416 0.6000 87.2825
v -0.0000 0.6000 87.4000
v 0.7416 0.6000 87.2825
v 1.4107 0.6000 86.9416
v 1.9416 0.6000 86.4107
v 2.2825 0.6000 85.7416
v 2.4000 7.1000 85.0000
v 2.2825 7.1000 84.2584
v 1.9416 7.1000 83.5893
v 1.4107 7.1000 83.0584
v 0.7416 7.1000 82.7175
v 0.0000 7.1000 82.6000
v -0.7416 7.1000 82.7175
v -1.4107 7.1000 83.0584
v -1.9416 7.1000 83.5893
v -2.2825 7.1000 84.2584
v -2.4000 7.1000 85.0000
v -2.2825 7.1000 85.7416
v -1.9416 7.1000 86.4107
v -1.4107 7.1000 86.9416
v -0.7416 7.1000 87.2825
v -0.0000 7.1000 87.4000
v 0.7416 7.1000 87.2825
v 1.4107 7.1000 86.9416
v 1.9416 7.1000 86.4107
v 2.2825 7.1000 85.7416
v 2.4000 7.7000 85.0000
v 2.2825 7.7000 84.2584
v 1.9416 7.7000 83.5893
v 1.4107 7.7000 83.0584
v 0.7416 7.7000 82.7175
v 0.0000 7.7000 82.6000
v -0.7416 7.7000 82.7175
v -1.4107 7.7000 83.0584
v -1.9416 7.7000 83.5893
v -2.2825 7.7000 84.2584
v -2.4000 7.7000 85.0000
v -2.2825 7.7000 85.7416
v -1.9416 7.7000 86.4107
v -1.4107 7.7000 86.9416
v -0.7416 7.7000 87.2825
v -0.0000 7.7000 87.4000
v 0.7416 7.7000 87.2825
v 1.4107 7.7000 86.9416
v 1.9416 7.7000 86.4107
v 2.2825 7.7000 85.7416
v 10.4500 -0.3000 49.7000
v 10.9500 -0.3000 49.7000
v 10.4500 -0.3000 49.2000
v 10.9500 -0.3000 49.2000
v 10.4500 7.3000 49.7000
v 10.9500 7.3000 49.7000
v 10.4500 7.3000 49.2000
v 10.9500 7.3000 49.2000
v 10.4500 -0.3000 10.8000
v 10.9500 -0.3000 10.8000
v 10.4500 -0.3000 10.3000
v 10.9500 -0.3000 10.3000
v 10.4500 7.3000 10.8000
v 10.9500 7.3000 10.8000
v 10.4500 7.3000 10.3000
v 10.9500 7.3000 10.3000
v 10.4500 6.8000 49.2000
v 10.9500 6.8000 49.2000
v 10.4500 6.8000 10.8000
v 10.9500 6.8000 10.8000
v 10.4500 7.3000 49.2000
v 10.9500 7.3000 49.2000
v 10.4500 7.3000 10.8000
v 10.9500 7.3000 10.8000
v -2.9700 0.0000 -70.4500
v -3.0227 0.0000 -70.5773
v -3.1500 0.0000 -70.6300
v -3.2773 0.0000 -70.5773
v -3.3300 0.0000 -70.4500
v -3.2773 0.0000 -70.3227
v -3.1500 0.0000 -70.2700
v -3.0227 0.0000 -70.3227
v -2.9700 3.7000 -70.4500
v -3.0227 3.7000 -70.5773
v -3.1500 3.7000 -70.6300
v -3.2773 3.7000 -70.5773
v -3.3300 3.7000 -70.4500
v -3.2773 3.7000 -70.3227
v -3.1500 3.7000 -70.2700
v -3.0227 3.7000 -70.3227
v -3.6700 0.0000 -70.4500
v -3.7227 0.0000 -70.5773
v -3.8500 0.0000 -70.6300
v -3.9773 0.0000 -70.5773
v -4.0300 0.0000 -70.4500
v -3.9773 0.0000 -70.3227
v -3.8500 0.0000 -70.2700
v -3.7227 0.0000 -70.3227
v -3.6700 3.7000 -70.4500
v -3.7227 3.7000 -70.5773
v -3.8500 3.7000 -70.6300
v -3.9773 3.7000 -70.5773
v -4.0300 3.7000 -70.4500
v -3.9773 3.7000 -70.3227
v -3.8500 3.7000 -70.2700
v -3.7227 3.7000 -70.3227
v -4.3700 0.0000 -70.4500
v -4.4227 0.0000 -70.5773
v -4.5500 0.0000 -70.6300
v -4.6773 0.0000 -70.5773
v -4.7300 0.0000 -70.4500
v -4.6773 0.0000 -70.3227
v -4.5500 0.0000 -70.2700
v -4.4227 0.0000 -70.3227
v -4.3700 3.7000 -70.4500
v -4.4227 3.7000 -70.5773
v -4.5500 3.7000 -70.6300
v -4.6773 3.7000 -70.5773
v -4.7300 3.7000 -70.4500
v -4.6773 3.7000 -70.3227
v -4.5500 3.7000 -70.2700
v -4.4227 3.7000 -70.3227
v 3.3300 4.0000 -0.4500
v 3.2773 4.0000 -0.5773
v 3.1500 4.0000 -0.6300
v 3.0227 4.0000 -0.5773
v 2.9700 4.0000 -0.4500
v 3.0227 4.0000 -0.3227
v 3.1500 4.0000 -0.2700
v 3.2773 4.0000 -0.3227
v 3.3300 7.7000 -0.4500
v 3.2773 7.7000 -0.5773
v 3.1500 7.7000 -0.6300
v 3.0227 7.7000 -0.5773
v 2.9700 7.7000 -0.4500
v 3.0227 7.7000 -0.3227
v 3.1500 7.7000 -0.2700
v 3.2773 7.7000 -0.3227
v 4.0300 4.0000 -0.4500
v 3.9773 4.0000 -0.5773
v 3.8500 4.0000 -0.6300
v 3.7227 4.0000 -0.5773
v 3.6700 4.0000 -0.4500
v 3.7227 4.0000 -0.3227
v 3.8500 4.0000 -0.2700
v 3.9773 4.0000 -0.3227
v 4.0300 7.7000 -0.4500
v 3.9773 7.7000 -0.5773
v 3.8500 7.7000 -0.6300
v 3.7227 7.7000 -0.5773
v 3.6700 7.7000 -0.4500
v 3.7227 7.7000 -0.3227
v 3.8500 7.7000 -0.2700
v 3.9773 7.7000 -0.3227
v 4.7300 4.0000 -0.4500
v 4.6773 4.0000 -0.5773
v 4.5500 4.0000 -0.6300
v 4.4227 4.0000 -0.5773
v 4.3700 4.0000 -0.4500
v 4.4227 4.0000 -0.3227
v 4.5500 4.0000 -0.2700
v 4.6773 4.0000 -0.3227
v 4.7300 7.7000 -0.4500
v 4.6773 7.7000 -0.5773
v 4.5500 7.7000 -0.6300
v 4.4227 7.7000 -0.5773
v 4.3700 7.7000 -0.4500
v 4.4227 7.7000 -0.3227
v 4.5500 7.7000 -0.2700
v 4.6773 7.7000 -0.3227
v 3.3300 4.0000 -10.4500
v 3.2773 4.0000 -10.5773
v 3.1500 4.0000 -10.6300
v 3.0227 4.0000 -10.5773
v 2.9700 4.0000 -10.4500
v 3.0227 4.0000 -10.3227
v 3.1500 4.0000 -10.2700
v 3.2773 4.0000 -10.3227
v 3.3300 7.7000 -10.4500
v 3.2773 7.7000 -10.5773
v 3.1500 7.7000 -10.6300
v 3.0227 7.7000 -10.5773
v 2.9700 7.7000 -10.4500
v 3.0227 7.7000 -10.3227
v 3.1500 7.7000 -10.2700
v 3.2773 7.7000 -10.3227
v 4.0300 4.0000 -10.4500
v 3.9773 4.0000 -10.5773
v 3.8500 4.0000 -10.6300
v 3.7227 4.0000 -10.5773
v 3.6700 4.0000 -10.4500
v 3.7227 4.0000 -10.3227
v 3.8500 4.0000 -10.2700
v 3.9773 4.0000 -10.3227
v 4.0300 7.7000 -10.4500
v 3.9773 7.7000 -10.5773
v 3.8500 7.7000 -10.6300
v 3.7227 7.7000 -10.5773
v 3.6700 7.7000 -10.4500
v 3.7227 7.7000 -10.3227
v 3.8500 7.7000 -10.2700
v 3.9773 7.7000 -10.3227
v 4.7300 4.0000 -10.4500
v 4.6773 4.0000 -10.5773
v 4.5500 4.0000 -10.6300
v 4.4227 4.0000 -10.5773
v 4.3700 4.0000 -10.4500
v 4.4227 4.0000 -10.3227
v 4.5500 4.0000 -10.2700
v 4.6773 4.0000 -10.3227
v 4.7300 7.7000 -10.4500
v 4.6773 7.7000 -10.5773
v 4.5500 7.7000 -10.6300
v 4.4227 7.7000 -10.5773
v 4.3700 7.7000 -10.4500
v 4.4227 7.7000 -10.3227
v 4.5500 7.7000 -10.2700
v 4.6773 7.7000 -10.3227
v 3.3300 4.0000 -60.4500
v 3.2773 4.0000 -60.5773
v 3.1500 4.0000 -60.6300
v 3.0227 4.0000 -60.5773
v 2.9700 4.0000 -60.4500
v 3.0227 4.0000 -60.3227
v 3.1500 4.0000 -60.2700
v 3.2773 4.0000 -60.3227
v 3.3300 7.7000 -60.4500
v 3.2773 7.7000 -60.5773
v 3.1500 7.7000 -60.6300
v 3.0227 7.7000 -60.5773
v 2.9700 7.7000 -60.4500
v 3.0227 7.7000 -60.3227
v 3.1500 7.7000 -60.2700
v 3.2773 7.7000 -60.3227
v 4.0300 4.0000 -60.4500
v 3.9773 4.0000 -60.5773
v 3.8500 4.0000 -60.6300
v 3.7227 4.0000 -60.5773
v 3.6700 4.0000 -60.4500
v 3.7227 4.0000 -60.3227
v 3.8500 4.0000 -60.2700
v 3.9773 4.0000 -60.3227
v 4.0300 7.7000 -60.4500
v 3.9773 7.7000 -60.5773
v 3.8500 7.7000 -60.6300
v 3.7227 7.7000 -60.5773
v 3.6700 7.7000 -60.4500
v 3.7227 7.7000 -60.3227
v 3.8500 7.7000 -60.2700
v 3.9773 7.7000 -60.3227
v 4.7300 4.0000 -60.4500
v 4.6773 4.0000 -60.5773
v 4.5500 4.0000 -60.6300
v 4.4227 4.0000 -60.5773
v 4.3700 4.0000 -60.4500
v 4.4227 4.0000 -60.3227
v 4.5500 4.0000 -60.2700
v 4.6773 4.0000 -60.3227
v 4.7300 7.7000 -60.4500
v 4.6773 7.7000 -60.5773
v 4.5500 7.7000 -60.6300
v 4.4227 7.7000 -60.5773
v 4.3700 7.7000 -60.4500
v 4.4227 7.7000 -60.3227
v 4.5500 7.7000 -60.2700
v 4.6773 7.7000 -60.3227
v -2.9700 8.0000 89.5500
v -3.0227 8.0000 89.4227
v -3.1500 8.0000 89.3700
v -3.2773 8.0000 89.4227
v -3.3300 8.0000 89.5500
v -3.2773 8.0000 89.6773
v -3.1500 8.0000 89.7300
v -3.0227 8.0000 89.6773
v -2.9700 11.7000 89.5500
v -3.0227 11.7000 89.4227
v -3.1500 11.7000 89.3700
v -3.2773 11.7000 89.4227
v -3.3300 11.7000 89.5500
v -3.2773 11.7000 89.6773
v -3.1500 11.7000 89.7300
v -3.0227 11.7000 89.6773
v -3.6700 8.0000 89.5500
v -3.7227 8.0000 89.4227
v -3.8500 8.0000 89.3700
v -3.9773 8.0000 89.4227
v -4.0300 8.0000 89.5500
v -3.9773 8.0000 89.6773
v -3.8500 8.0000 89.7300
v -3.7227 8.0000 89.6773
v -3.6700 11.7000 89.5500
v -3.7227 11.7000 89.4227
v -3.8500 11.7000 89.3700
v -3.9773 11.7000 89.4227
v -4.0300 11.7000 89.5500
v -3.9773 11.7000 89.6773
v -3.8500 11.7000 89.7300
v -3.7227 11.7000 89.6773
v -4.3700 8.0000 89.5500
v -4.4227 8.0000 89.4227
v -4.5500 8.0000 89.3700
v -4.6773 8.0000 89.4227
v -4.7300 8.0000 89.5500
v -4.6773 8.0000 89.6773
v -4.5500 8.0000 89.7300
v -4.4227 8.0000 89.6773
v -4.3700 11.7000 89.5500
v -4.4227 11.7000 89.4227
v -4.5500 11.7000 89.3700
v -4.6773 11.7000 89.4227
v -4.7300 11.7000 89.5500
v -4.6773 11.7000 89.6773
v -4.5500 11.7000 89.7300
v -4.4227 11.7000 89.6773
v 3.3300 8.0000 79.5500
v 3.2773 8.0000 79.4227
v 3.1500 8.0000 79.3700
v 3.0227 8.0000 79.4227
v 2.9700 8.0000 79.5500
v 3.0227 8.0000 79.6773
v 3.1500 8.0000 79.7300
v 3.2773 8.0000 79.6773
v 3.3300 11.7000 79.5500
v 3.2773 11.7000 79.4227
v 3.1500 11.7000 79.3700
v 3.0227 11.7000 79.4227
v 2.9700 11.7000 79.5500
v 3.0227 11.7000 79.6773
v 3.1500 11.7000 79.7300
v 3.2773 11.7000 79.6773
v 4.0300 8.0000 79.5500
v 3.9773 8.0000 79.4227
v 3.8500 8.0000 79.3700
v 3.7227 8.0000 79.4227
v 3.6700 8.0000 79.5500
v 3.7227 8.0000 79.6773
v 3.8500 8.0000 79.7300
v 3.9773 8.0000 79.6773
v 4.0300 11.7000 79.5500
v 3.9773 11.7000 79.4227
v 3.8500 11.7000 79.3700
v 3.7227 11.7000 79.4227
v 3.6700 11.7000 79.5500
v 3.7227 11.7000 79.6773
v 3.8500 11.7000 79.7300
v 3.9773 11.7000 79.6773
v 4.7300 8.0000 79.5500
v 4.6773 8.0000 79.4227
v 4.5500 8.0000 79.3700
v 4.4227 8.0000 79.4227
v 4.3700 8.0000 79.5500
v 4.4227 8.0000 79.6773
v 4.5500 8.0000 79.7300
v 4.6773 8.0000 79.6773
v 4.7300 11.7000 79.5500
v 4.6773 11.7000 79.4227
v 4.5500 11.7000 79.3700
v 4.4227 11.7000 79.4227
v 4.3700 11.7000 79.5500
v 4.4227 11.7000 79.6773
v 4.5500 11.7000 79.7300
v 4.6773 11.7000 79.6773
v -2.9700 8.0000 39.5500
v -3.0227 8.0000 39.4227
v -3.1500 8.0000 39.3700
v -3.2773 8.0000 39.4227
v -3.3300 8.0000 39.5500
v -3.2773 8.0000 39.6773
v -3.1500 8.0000 39.7300
v -3.0227 8.0000 39.6773
v -2.9700 11.7000 39.5500
v -3.0227 11.7000 39.4227
v -3.1500 11.7000 39.3700
v -3.2773 11.7000 39.4227
v -3.3300 11.7000 39.5500
v -3.2773 11.7000 39.6773
v -3.1500 11.7000 39.7300
v -3.0227 11.7000 39.6773
v -3.6700 8.0000 39.5500
v -3.7227 8.0000 39.4227
v -3.8500 8.0000 39.3700
v -3.9773 8.0000 39.4227
v -4.0300 8.0000 39.5500
v -3.9773 8.0000 39.6773
v -3.8500 8.0000 39.7300
v -3.7227 8.0000 39.6773
v -3.6700 11.7000 39.5500
v -3.7227 11.7000 39.4227
v -3.8500 11.7000 39.3700
v -3.9773 11.7000 39.4227
v -4.0300 11.7000 39.5500
v -3.9773 11.7000 39.6773
v -3.8500 11.7000 39.7300
v -3.7227 11.7000 39.6773
v -4.3700 8.0000 39.5500
v -4.4227 8.0000 39.4227
v -4.5500 8.0000 39.3700
v -4.6773 8.0000 39.4227
v -4.7300 8.0000 39.5500
v -4.6773 8.0000 39.6773
v -4.5500 8.0000 39.7300
v -4.4227 8.0000 39.6773
v -4.3700 11.7000 39.5500
v -4.4227 11.7000 39.4227
v -4.5500 11.7000 39.3700
v -4.6773 11.7000 39.4227
v -4.7300 11.7000 39.5500
v -4.6773 11.7000 39.6773
v -4.5500 11.7000 39.7300
v -4.4227 11.7000 39.6773
v 3.3300 8.0000 29.5500
v 3.2773 8.0000 29.4227
v 3.1500 8.0000 29.3700
v 3.0227 8.0000 29.4227
v 2.9700 8.0000 29.5500
v 3.0227 8.0000 29.6773
v 3.1500 8.0000 29.7300
v 3.2773 8.0000 29.6773
v 3.3300 11.7000 29.5500
v 3.2773 11.7000 29.4227
v 3.1500 11.7000 29.3700
v 3.0227 11.7000 29.4227
v 2.9700 11.7000 29.5500
v 3.0227 11.7000 29.6773
v 3.1500 11.7000 29.7300
v 3.2773 11.7000 29.6773
v 4.0300 8.0000 29.5500
v 3.9773 8.0000 29.4227
v 3.8500 8.0000 29.3700
v 3.7227 8.0000 29.4227
v 3.6700 8.0000 29.5500
v 3.7227 8.0000 29.6773
v 3.8500 8.0000 29.7300
v 3.9773 8.0000 29.6773
v 4.0300 11.7000 29.5500
v 3.9773 11.7000 29.4227
v 3.8500 11.7000 29.3700
v 3.7227 11.7000 29.4227
v 3.6700 11.7000 29.5500
v 3.7227 11.7000 29.6773
v 3.8500 11.7000 29.7300
v 3.9773 11.7000 29.6773
v 4.7300 8.0000 29.5500
v 4.6773 8.0000 29.4227
v 4.5500 8.0000 29.3700
v 4.4227 8.0000 29.4227
v 4.3700 8.0000 29.5500
v 4.4227 8.0000 29.6773
v 4.5500 8.0000 29.7300
v 4.6773 8.0000 29.6773
v 4.7300 11.7000 29.5500
v 4.6773 11.7000 29.4227
v 4.5500 11.7000 29.3700
v 4.4227 11.7000 29.4227
v 4.3700 11.7000 29.5500
v 4.4227 11.7000 29.6773
v 4.5500 11.7000 29.7300
v 4.6773 11.7000 29.6773
v -10.9500 3.6500 90.5000
v -10.4500 3.6500 90.5000
v -10.9500 3.6500 79.8000
v -10.4500 3.6500 79.8000
v -10.9500 4.1000 90.5000
v -10.4500 4.1000 90.5000
v -10.9500 4.1000 79.8000
v -10.4500 4.1000 79.8000
v -10.9500 3.6500 50.2000
v -10.4500 3.6500 50.2000
v -10.9500 3.6500 -90.5000
v -10.4500 3.6500 -90.5000
v -10.9500 4.1000 50.2000
v -10.4500 4.1000 50.2000
v -10.9500 4.1000 -90.5000
v -10.4500 4.1000 -90.5000
v -10.9500 7.6500 90.5000
v -10.4500 7.6500 90.5000
v -10.9500 7.6500 -90.5000
v -10.4500 7.6500 -90.5000
v -10.9500 8.1000 90.5000
v -10.4500 8.1000 90.5000
v -10.9500 8.1000 -90.5000
v -10.4500 8.1000 -90.5000
v 10.4500 3.6500 90.5000
v 10.9500 3.6500 90.5000
v 10.4500 3.6500 79.8000
v 10.9500 3.6500 79.8000
v 10.4500 4.1000 90.5000
v 10.9500 4.1000 90.5000
v 10.4500 4.1000 79.8000
v 10.9500 4.1000 79.8000
v 10.4500 3.6500 10.0000
v 10.9500 3.6500 10.0000
v 10.4500 3.6500 -90.5000
v 10.9500 3.6500 -90.5000
v 10.4500 4.1000 10.0000
v 10.9500 4.1000 10.0000
v 10.4500 4.1000 -90.5000
v 10.9500 4.1000 -90.5000
v 10.4500 7.6500 90.5000
v 10.9500 7.6500 90.5000
v 10.4500 7.6500 -90.5000
v 10.9500 7.6500 -90.5000
v 10.4500 8.1000 90.5000
v 10.9500 8.1000 90.5000
v 10.4500 8.1000 -90.5000
v 10.9500 8.1000 -90.5000
f 6277 6279 6275 6273
f 6274 6276 6280 6278
f 6273 6274 6278 6277
f 6279 6280 6276 6275
f 6275 6276 6274 6273
f 6277 6278 6280 6279
f 6285 6287 6283 6281
f 6282 6284 6288 6286
f 6281 6282 6286 6285
f 6287 6288 6284 6283
f 6283 6284 6282 6281
f 6285 6286 6288 6287
f 6293 6295 6291 6289
f 6290 6292 6296 6294
f 6289 6290 6294 6293
f 6295 6296 6292 6291
f 6291 6292 6290 6289
f 6293 6294 6296 6295
f 6301 6303 6299 6297
f 6298 6300 6304 6302
f 6297 6298 6302 6301
f 6303 6304 6300 6299
f 6299 6300 6298 6297
f 6301 6302 6304 6303
f 6309 6311 6307 6305
f 6306 6308 6312 6310
f 6305 6306 6310 6309
f 6311 6312 6308 6307
f 6307 6308 6306 6305
f 6309 6310 6312 6311
f 6317 6319 6315 6313
f 6314 6316 6320 6318
f 6313 6314 6318 6317
f 6319 6320 6316 6315
f 6315 6316 6314 6313
f 6317 6318 6320 6319
f 6325 6327 6323 6321
f 6322 6324 6328 6326
f 6321 6322 6326 6325
f 6327 6328 6324 6323
f 6323 6324 6322 6321
f 6325 6326 6328 6327
f 6333 6335 6331 6329
f 6330 6332 6336 6334
f 6329 6330 6334 6333
f 6335 6336 6332 6331
f 6331 6332 6330 6329
f 6333 6334 6336 6335
f 6337 6338 6358 6357
f 6338 6339 6359 6358
f 6339 6340 6360 6359
f 6340 6341 6361 6360
f 6341 6342 6362 6361
f 6342 6343 6363 6362
f 6343 6344 6364 6363
f 6344 6345 6365 6364
f 6345 6346 6366 6365
f 6346 6347 6367 6366
f 6347 6348 6368 6367
f 6348 6349 6369 6368
f 6349 6350 6370 6369
f 6350 6351 6371 6370
f 6351 6352 6372 6371
f 6352 6353 6373 6372
f 6353 6354 6374 6373
f 6354 6355 6375 6374
f 6355 6356 6376 6375
f 6356 6337 6357 6376
f 6356 6355 6354 6353 6352 6351 6350 6349 6348 6347 6346 6345 6344 6343 6342 6341 6340 6339 6338 6337
f 6357 6358 6359 6360 6361 6362 6363 6364 6365 6366 6367 6368 6369 6370 6371 6372 6373 6374 6375 6376
f 6377 6378 6398 6397
f 6378 6379 6399 6398
f 6379 6380 6400 6399
f 6380 6381 6401 6400
f 6381 6382 6402 6401
f 6382 6383 6403 6402
f 6383 6384 6404 6403
f 6384 6385 6405 6404
f 6385 6386 6406 6405
f 6386 6387 6407 6406
f 6387 6388 6408 6407
f 6388 6389 6409 6408
f 6389 6390 6410 6409
f 6390 6391 6411 6410
f 6391 6392 6412 6411
f 6392 6393 6413 6412
f 6393 6394 6414 6413
f 6394 6395 6415 6414
f 6395 6396 6416 6415
f 6396 6377 6397 6416
f 6396 6395 6394 6393 6392 6391 6390 6389 6388 6387 6386 6385 6384 6383 6382 6381 6380 6379 6378 6377
f 6397 6398 6399 6400 6401 6402 6403 6404 6405 6406 6407 6408 6409 6410 6411 6412 6413 6414 6415 6416
f 6421 6423 6419 6417
f 6418 6420 6424 6422
f 6417 6418 6422 6421
f 6423 6424 6420 6419
f 6419 6420 6418 6417
f 6421 6422 6424 6423
f 6429 6431 6427 6425
f 6426 6428 6432 6430
f 6425 6426 6430 6429
f 6431 6432 6428 6427
f 6427 6428 6426 6425
f 6429 6430 6432 6431
f 6437 6439 6435 6433
f 6434 6436 6440 6438
f 6433 6434 6438 6437
f 6439 6440 6436 6435
f 6435 6436 6434 6433
f 6437 6438 6440 6439
f 6441 6442 6450 6449
f 6442 6443 6451 6450
f 6443 6444 6452 6451
f 6444 6445 6453 6452
f 6445 6446 6454 6453
f 6446 6447 6455 6454
f 6447 6448 6456 6455
f 6448 6441 6449 6456
f 6448 6447 6446 6445 6444 6443 6442 6441
f 6449 6450 6451 6452 6453 6454 6455 6456
f 6457 6458 6466 6465
f 6458 6459 6467 6466
f 6459 6460 6468 6467
f 6460 6461 6469 6468
f 6461 6462 6470 6469
f 6462 6463 6471 6470
f 6463 6464 6472 6471
f 6464 6457 6465 6472
f 6464 6463 6462 6461 6460 6459 6458 6457
f 6465 6466 6467 6468 6469 6470 6471 6472
f 6473 6474 6482 6481
f 6474 6475 6483 6482
f 6475 6476 6484 6483
f 6476 6477 6485 6484
f 6477 6478 6486 6485
f 6478 6479 6487 6486
f 6479 6480 6488 6487
f 6480 6473 6481 6488
f 6480 6479 6478 6477 6476 6475 6474 6473
f 6481 6482 6483 6484 6485 6486 6487 6488
f 6489 6490 6498 6497
f 6490 6491 6499 6498
f 6491 6492 6500 6499
f 6492 6493 6501 6500
f 6493 6494 6502 6501
f 6494 6495 6503 6502
f 6495 6496 6504 6503
f 6496 6489 6497 6504
f 6496 6495 6494 6493 6492 6491 6490 6489
f 6497 6498 6499 6500 6501 6502 6503 6504
f 6505 6506 6514 6513
f 6506 6507 6515 6514
f 6507 6508 6516 6515
f 6508 6509 6517 6516
f 6509 6510 6518 6517
f 6510 6511 6519 6518
f 6511 6512 6520 6519
f 6512 6505 6513 6520
f 6512 6511 6510 6509 6508 6507 6506 6505
f 6513 6514 6515 6516 6517 6518 6519 6520
f 6521 6522 6530 6529
f 6522 6523 6531 6530
f 6523 6524 6532 6531
f 6524 6525 6533 6532
f 6525 6526 6534 6533
f 6526 6527 6535 6534
f 6527 6528 6536 6535
f 6528 6521 6529 6536
f 6528 6527 6526 6525 6524 6523 6522 6521
f 6529 6530 6531 6532 6533 6534 6535 6536
f 6537 6538 6546 6545
f 6538 6539 6547 6546
f 6539 6540 6548 6547
f 6540 6541 6549 6548
f 6541 6542 6550 6549
f 6542 6543 6551 6550
f 6543 6544 6552 6551
f 6544 6537 6545 6552
f 6544 6543 6542 6541 6540 6539 6538 6537
f 6545 6546 6547 6548 6549 6550 6551 6552
f 6553 6554 6562 6561
f 6554 6555 6563 6562
f 6555 6556 6564 6563
f 6556 6557 6565 6564
f 6557 6558 6566 6565
f 6558 6559 6567 6566
f 6559 6560 6568 6567
f 6560 6553 6561 6568
f 6560 6559 6558 6557 6556 6555 6554 6553
f 6561 6562 6563 6564 6565 6566 6567 6568
f 6569 6570 6578 6577
f 6570 6571 6579 6578
f 6571 6572 6580 6579
f 6572 6573 6581 6580
f 6573 6574 6582 6581
f 6574 6575 6583 6582
f 6575 6576 6584 6583
f 6576 6569 6577 6584
f 6576 6575 6574 6573 6572 6571 6570 6569
f 6577 6578 6579 6580 6581 6582 6583 6584
f 6585 6586 6594 6593
f 6586 6587 6595 6594
f 6587 6588 6596 6595
f 6588 6589 6597 6596
f 6589 6590 6598 6597
f 6590 6591 6599 6598
f 6591 6592 6600 6599
f 6592 6585 6593 6600
f 6592 6591 6590 6589 6588 6587 6586 6585
f 6593 6594 6595 6596 6597 6598 6599 6600
f 6601 6602 6610 6609
f 6602 6603 6611 6610
f 6603 6604 6612 6611
f 6604 6605 6613 6612
f 6605 6606 6614 6613
f 6606 6607 6615 6614
f 6607 6608 6616 6615
f 6608 6601 6609 6616
f 6608 6607 6606 6605 6604 6603 6602 6601
f 6609 6610 6611 6612 6613 6614 6615 6616
f 6617 6618 6626 6625
f 6618 6619 6627 6626
f 6619 6620 6628 6627
f 6620 6621 6629 6628
f 6621 6622 6630 6629
f 6622 6623 6631 6630
f 6623 6624 6632 6631
f 6624 6617 6625 6632
f 6624 6623 6622 6621 6620 6619 6618 6617
f 6625 6626 6627 6628 6629 6630 6631 6632
f 6633 6634 6642 6641
f 6634 6635 6643 6642
f 6635 6636 6644 6643
f 6636 6637 6645 6644
f 6637 6638 6646 6645
f 6638 6639 6647 6646
f 6639 6640 6648 6647
f 6640 6633 6641 6648
f 6640 6639 6638 6637 6636 6635 6634 6633
f 6641 6642 6643 6644 6645 6646 6647 6648
f 6649 6650 6658 6657
f 6650 6651 6659 6658
f 6651 6652 6660 6659
f 6652 6653 6661 6660
f 6653 6654 6662 6661
f 6654 6655 6663 6662
f 6655 6656 6664 6663
f 6656 6649 6657 6664
f 6656 6655 6654 6653 6652 6651 6650 6649
f 6657 6658 6659 6660 6661 6662 6663 6664
f 6665 6666 6674 6673
f 6666 6667 6675 6674
f 6667 6668 6676 6675
f 6668 6669 6677 6676
f 6669 6670 6678 6677
f 6670 6671 6679 6678
f 6671 6672 6680 6679
f 6672 6665 6673 6680
f 6672 6671 6670 6669 6668 6667 6666 6665
f 6673 6674 6675 6676 6677 6678 6679 6680
f 6681 6682 6690 6689
f 6682 6683 6691 6690
f 6683 6684 6692 6691
f 6684 6685 6693 6692
f 6685 6686 6694 6693
f 6686 6687 6695 6694
f 6687 6688 6696 6695
f 6688 6681 6689 6696
f 6688 6687 6686 6685 6684 6683 6682 6681
f 6689 6690 6691 6692 6693 6694 6695 6696
f 6697 6698 6706 6705
f 6698 6699 6707 6706
f 6699 6700 6708 6707
f 6700 6701 6709 6708
f 6701 6702 6710 6709
f 6702 6703 6711 6710
f 6703 6704 6712 6711
f 6704 6697 6705 6712
f 6704 6703 6702 6701 6700 6699 6698 6697
f 6705 6706 6707 6708 6709 6710 6711 6712
f 6713 6714 6722 6721
f 6714 6715 6723 6722
f 6715 6716 6724 6723
f 6716 6717 6725 6724
f 6717 6718 6726 6725
f 6718 6719 6727 6726
f 6719 6720 6728 6727
f 6720 6713 6721 6728
f 6720 6719 6718 6717 6716 6715 6714 6713
f 6721 6722 6723 6724 6725 6726 6727 6728
f 6729 6730 6738 6737
f 6730 6731 6739 6738
f 6731 6732 6740 6739
f 6732 6733 6741 6740
f 6733 6734 6742 6741
f 6734 6735 6743 6742
f 6735 6736 6744 6743
f 6736 6729 6737 6744
f 6736 6735 6734 6733 6732 6731 6730 6729
f 6737 6738 6739 6740 6741 6742 6743 6744
f 6745 6746 6754 6753
f 6746 6747 6755 6754
f 6747 6748 6756 6755
f 6748 6749 6757 6756
f 6749 6750 6758 6757
f 6750 6751 6759 6758
f 6751 6752 6760 6759
f 6752 6745 6753 6760
f 6752 6751 6750 6749 6748 6747 6746 6745
f 6753 6754 6755 6756 6757 6758 6759 6760
f 6761 6762 6770 6769
f 6762 6763 6771 6770
f 6763 6764 6772 6771
f 6764 6765 6773 6772
f 6765 6766 6774 6773
f 6766 6767 6775 6774
f 6767 6768 6776 6775
f 6768 6761 6769 6776
f 6768 6767 6766 6765 6764 6763 6762 6761
f 6769 6770 6771 6772 6773 6774 6775 6776
f 6777 6778 6786 6785
f 6778 6779 6787 6786
f 6779 6780 6788 6787
f 6780 6781 6789 6788
f 6781 6782 6790 6789
f 6782 6783 6791 6790
f 6783 6784 6792 6791
f 6784 6777 6785 6792
f 6784 6783 6782 6781 6780 6779 6778 6777
f 6785 6786 6787 6788 6789 6790 6791 6792
f 6793 6794 6802 6801
f 6794 6795 6803 6802
f 6795 6796 6804 6803
f 6796 6797 6805 6804
f 6797 6798 6806 6805
f 6798 6799 6807 6806
f 6799 6800 6808 6807
f 6800 6793 6801 6808
f 6800 6799 6798 6797 6796 6795 6794 6793
f 6801 6802 6803 6804 6805 6806 6807 6808
f 6809 6810 6818 6817
f 6810 6811 6819 6818
f 6811 6812 6820 6819
f 6812 6813 6821 6820
f 6813 6814 6822 6821
f 6814 6815 6823 6822
f 6815 6816 6824 6823
f 6816 6809 6817 6824
f 6816 6815 6814 6813 6812 6811 6810 6809
f 6817 6818 6819 6820 6821 6822 6823 6824
f 6829 6831 6827 6825
f 6826 6828 6832 6830
f 6825 6826 6830 6829
f 6831 6832 6828 6827
f 6827 6828 6826 6825
f 6829 6830 6832 6831
f 6837 6839 6835 6833
f 6834 6836 6840 6838
f 6833 6834 6838 6837
f 6839 6840 6836 6835
f 6835 6836 6834 6833
f 6837 6838 6840 6839
f 6845 6847 6843 6841
f 6842 6844 6848 6846
f 6841 6842 6846 6845
f 6847 6848 6844 6843
f 6843 6844 6842 6841
f 6845 6846 6848 6847
f 6853 6855 6851 6849
f 6850 6852 6856 6854
f 6849 6850 6854 6853
f 6855 6856 6852 6851
f 6851 6852 6850 6849
f 6853 6854 6856 6855
f 6861 6863 6859 6857
f 6858 6860 6864 6862
f 6857 6858 6862 6861
f 6863 6864 6860 6859
f 6859 6860 6858 6857
f 6861 6862 6864 6863
f 6869 6871 6867 6865
f 6866 6868 6872 6870
f 6865 6866 6870 6869
f 6871 6872 6868 6867
f 6867 6868 6866 6865
f 6869 6870 6872 6871
o XL_Hazard
usemtl Hazard
v 1.7300 2.4500 2.8000
v 1.7500 2.4500 2.8000
v 1.7300 2.4500 1.2000
v 1.7500 2.4500 1.2000
v 1.7300 2.6000 2.8000
v 1.7500 2.6000 2.8000
v 1.7300 2.6000 1.2000
v 1.7500 2.6000 1.2000
v 1.7300 0.0000 2.8000
v 1.7500 0.0000 2.8000
v 1.7300 0.0000 1.2000
v 1.7500 0.0000 1.2000
v 1.7300 0.1500 2.8000
v 1.7500 0.1500 2.8000
v 1.7300 0.1500 1.2000
v 1.7500 0.1500 1.2000
v 1.9500 2.4500 2.8000
v 1.9700 2.4500 2.8000
v 1.9500 2.4500 1.2000
v 1.9700 2.4500 1.2000
v 1.9500 2.6000 2.8000
v 1.9700 2.6000 2.8000
v 1.9500 2.6000 1.2000
v 1.9700 2.6000 1.2000
v 1.9500 0.0000 2.8000
v 1.9700 0.0000 2.8000
v 1.9500 0.0000 1.2000
v 1.9700 0.0000 1.2000
v 1.9500 0.1500 2.8000
v 1.9700 0.1500 2.8000
v 1.9500 0.1500 1.2000
v 1.9700 0.1500 1.2000
v 1.7300 2.4500 -7.2000
v 1.7500 2.4500 -7.2000
v 1.7300 2.4500 -8.8000
v 1.7500 2.4500 -8.8000
v 1.7300 2.6000 -7.2000
v 1.7500 2.6000 -7.2000
v 1.7300 2.6000 -8.8000
v 1.7500 2.6000 -8.8000
v 1.7300 0.0000 -7.2000
v 1.7500 0.0000 -7.2000
v 1.7300 0.0000 -8.8000
v 1.7500 0.0000 -8.8000
v 1.7300 0.1500 -7.2000
v 1.7500 0.1500 -7.2000
v 1.7300 0.1500 -8.8000
v 1.7500 0.1500 -8.8000
v 1.9500 2.4500 -7.2000
v 1.9700 2.4500 -7.2000
v 1.9500 2.4500 -8.8000
v 1.9700 2.4500 -8.8000
v 1.9500 2.6000 -7.2000
v 1.9700 2.6000 -7.2000
v 1.9500 2.6000 -8.8000
v 1.9700 2.6000 -8.8000
v 1.9500 0.0000 -7.2000
v 1.9700 0.0000 -7.2000
v 1.9500 0.0000 -8.8000
v 1.9700 0.0000 -8.8000
v 1.9500 0.1500 -7.2000
v 1.9700 0.1500 -7.2000
v 1.9500 0.1500 -8.8000
v 1.9700 0.1500 -8.8000
v 1.7300 2.4500 -17.2000
v 1.7500 2.4500 -17.2000
v 1.7300 2.4500 -18.8000
v 1.7500 2.4500 -18.8000
v 1.7300 2.6000 -17.2000
v 1.7500 2.6000 -17.2000
v 1.7300 2.6000 -18.8000
v 1.7500 2.6000 -18.8000
v 1.7300 0.0000 -17.2000
v 1.7500 0.0000 -17.2000
v 1.7300 0.0000 -18.8000
v 1.7500 0.0000 -18.8000
v 1.7300 0.1500 -17.2000
v 1.7500 0.1500 -17.2000
v 1.7300 0.1500 -18.8000
v 1.7500 0.1500 -18.8000
v 1.9500 2.4500 -17.2000
v 1.9700 2.4500 -17.2000
v 1.9500 2.4500 -18.8000
v 1.9700 2.4500 -18.8000
v 1.9500 2.6000 -17.2000
v 1.9700 2.6000 -17.2000
v 1.9500 2.6000 -18.8000
v 1.9700 2.6000 -18.8000
v 1.9500 0.0000 -17.2000
v 1.9700 0.0000 -17.2000
v 1.9500 0.0000 -18.8000
v 1.9700 0.0000 -18.8000
v 1.9500 0.1500 -17.2000
v 1.9700 0.1500 -17.2000
v 1.9500 0.1500 -18.8000
v 1.9700 0.1500 -18.8000
v -8.5500 2.2500 -9.8800
v -6.9500 2.2500 -9.8800
v -8.5500 2.2500 -9.9000
v -6.9500 2.2500 -9.9000
v -8.5500 2.4000 -9.8800
v -6.9500 2.4000 -9.8800
v -8.5500 2.4000 -9.9000
v -6.9500 2.4000 -9.9000
v -8.5500 0.0000 -9.8800
v -6.9500 0.0000 -9.8800
v -8.5500 0.0000 -9.9000
v -6.9500 0.0000 -9.9000
v -8.5500 0.1500 -9.8800
v -6.9500 0.1500 -9.8800
v -8.5500 0.1500 -9.9000
v -6.9500 0.1500 -9.9000
v -8.5500 2.2500 -10.1000
v -6.9500 2.2500 -10.1000
v -8.5500 2.2500 -10.1200
v -6.9500 2.2500 -10.1200
v -8.5500 2.4000 -10.1000
v -6.9500 2.4000 -10.1000
v -8.5500 2.4000 -10.1200
v -6.9500 2.4000 -10.1200
v -8.5500 0.0000 -10.1000
v -6.9500 0.0000 -10.1000
v -8.5500 0.0000 -10.1200
v -6.9500 0.0000 -10.1200
v -8.5500 0.1500 -10.1000
v -6.9500 0.1500 -10.1000
v -8.5500 0.1500 -10.1200
v -6.9500 0.1500 -10.1200
v 6.9500 2.2500 -9.8800
v 8.5500 2.2500 -9.8800
v 6.9500 2.2500 -9.9000
v 8.5500 2.2500 -9.9000
v 6.9500 2.4000 -9.8800
v 8.5500 2.4000 -9.8800
v 6.9500 2.4000 -9.9000
v 8.5500 2.4000 -9.9000
v 6.9500 0.0000 -9.8800
v 8.5500 0.0000 -9.8800
v 6.9500 0.0000 -9.9000
v 8.5500 0.0000 -9.9000
v 6.9500 0.1500 -9.8800
v 8.5500 0.1500 -9.8800
v 6.9500 0.1500 -9.9000
v 8.5500 0.1500 -9.9000
v 6.9500 2.2500 -10.1000
v 8.5500 2.2500 -10.1000
v 6.9500 2.2500 -10.1200
v 8.5500 2.2500 -10.1200
v 6.9500 2.4000 -10.1000
v 8.5500 2.4000 -10.1000
v 6.9500 2.4000 -10.1200
v 8.5500 2.4000 -10.1200
v 6.9500 0.0000 -10.1000
v 8.5500 0.0000 -10.1000
v 6.9500 0.0000 -10.1200
v 8.5500 0.0000 -10.1200
v 6.9500 0.1500 -10.1000
v 8.5500 0.1500 -10.1000
v 6.9500 0.1500 -10.1200
v 8.5500 0.1500 -10.1200
v -8.5500 2.2500 -29.8800
v -6.9500 2.2500 -29.8800
v -8.5500 2.2500 -29.9000
v -6.9500 2.2500 -29.9000
v -8.5500 2.4000 -29.8800
v -6.9500 2.4000 -29.8800
v -8.5500 2.4000 -29.9000
v -6.9500 2.4000 -29.9000
v -8.5500 0.0000 -29.8800
v -6.9500 0.0000 -29.8800
v -8.5500 0.0000 -29.9000
v -6.9500 0.0000 -29.9000
v -8.5500 0.1500 -29.8800
v -6.9500 0.1500 -29.8800
v -8.5500 0.1500 -29.9000
v -6.9500 0.1500 -29.9000
v -8.5500 2.2500 -30.1000
v -6.9500 2.2500 -30.1000
v -8.5500 2.2500 -30.1200
v -6.9500 2.2500 -30.1200
v -8.5500 2.4000 -30.1000
v -6.9500 2.4000 -30.1000
v -8.5500 2.4000 -30.1200
v -6.9500 2.4000 -30.1200
v -8.5500 0.0000 -30.1000
v -6.9500 0.0000 -30.1000
v -8.5500 0.0000 -30.1200
v -6.9500 0.0000 -30.1200
v -8.5500 0.1500 -30.1000
v -6.9500 0.1500 -30.1000
v -8.5500 0.1500 -30.1200
v -6.9500 0.1500 -30.1200
v 6.9500 2.2500 -29.8800
v 8.5500 2.2500 -29.8800
v 6.9500 2.2500 -29.9000
v 8.5500 2.2500 -29.9000
v 6.9500 2.4000 -29.8800
v 8.5500 2.4000 -29.8800
v 6.9500 2.4000 -29.9000
v 8.5500 2.4000 -29.9000
v 6.9500 0.0000 -29.8800
v 8.5500 0.0000 -29.8800
v 6.9500 0.0000 -29.9000
v 8.5500 0.0000 -29.9000
v 6.9500 0.1500 -29.8800
v 8.5500 0.1500 -29.8800
v 6.9500 0.1500 -29.9000
v 8.5500 0.1500 -29.9000
v 6.9500 2.2500 -30.1000
v 8.5500 2.2500 -30.1000
v 6.9500 2.2500 -30.1200
v 8.5500 2.2500 -30.1200
v 6.9500 2.4000 -30.1000
v 8.5500 2.4000 -30.1000
v 6.9500 2.4000 -30.1200
v 8.5500 2.4000 -30.1200
v 6.9500 0.0000 -30.1000
v 8.5500 0.0000 -30.1000
v 6.9500 0.0000 -30.1200
v 8.5500 0.0000 -30.1200
v 6.9500 0.1500 -30.1000
v 8.5500 0.1500 -30.1000
v 6.9500 0.1500 -30.1200
v 8.5500 0.1500 -30.1200
v -1.9700 2.4500 -44.2000
v -1.9500 2.4500 -44.2000
v -1.9700 2.4500 -45.8000
v -1.9500 2.4500 -45.8000
v -1.9700 2.6000 -44.2000
v -1.9500 2.6000 -44.2000
v -1.9700 2.6000 -45.8000
v -1.9500 2.6000 -45.8000
v -1.9700 0.0000 -44.2000
v -1.9500 0.0000 -44.2000
v -1.9700 0.0000 -45.8000
v -1.9500 0.0000 -45.8000
v -1.9700 0.1500 -44.2000
v -1.9500 0.1500 -44.2000
v -1.9700 0.1500 -45.8000
v -1.9500 0.1500 -45.8000
v -1.7500 2.4500 -44.2000
v -1.7300 2.4500 -44.2000
v -1.7500 2.4500 -45.8000
v -1.7300 2.4500 -45.8000
v -1.7500 2.6000 -44.2000
v -1.7300 2.6000 -44.2000
v -1.7500 2.6000 -45.8000
v -1.7300 2.6000 -45.8000
v -1.7500 0.0000 -44.2000
v -1.7300 0.0000 -44.2000
v -1.7500 0.0000 -45.8000
v -1.7300 0.0000 -45.8000
v -1.7500 0.1500 -44.2000
v -1.7300 0.1500 -44.2000
v -1.7500 0.1500 -45.8000
v -1.7300 0.1500 -45.8000
v -8.5500 2.2500 -49.8800
v -6.9500 2.2500 -49.8800
v -8.5500 2.2500 -49.9000
v -6.9500 2.2500 -49.9000
v -8.5500 2.4000 -49.8800
v -6.9500 2.4000 -49.8800
v -8.5500 2.4000 -49.9000
v -6.9500 2.4000 -49.9000
v -8.5500 0.0000 -49.8800
v -6.9500 0.0000 -49.8800
v -8.5500 0.0000 -49.9000
v -6.9500 0.0000 -49.9000
v -8.5500 0.1500 -49.8800
v -6.9500 0.1500 -49.8800
v -8.5500 0.1500 -49.9000
v -6.9500 0.1500 -49.9000
v -8.5500 2.2500 -50.1000
v -6.9500 2.2500 -50.1000
v -8.5500 2.2500 -50.1200
v -6.9500 2.2500 -50.1200
v -8.5500 2.4000 -50.1000
v -6.9500 2.4000 -50.1000
v -8.5500 2.4000 -50.1200
v -6.9500 2.4000 -50.1200
v -8.5500 0.0000 -50.1000
v -6.9500 0.0000 -50.1000
v -8.5500 0.0000 -50.1200
v -6.9500 0.0000 -50.1200
v -8.5500 0.1500 -50.1000
v -6.9500 0.1500 -50.1000
v -8.5500 0.1500 -50.1200
v -6.9500 0.1500 -50.1200
v 6.9500 2.2500 -49.8800
v 8.5500 2.2500 -49.8800
v 6.9500 2.2500 -49.9000
v 8.5500 2.2500 -49.9000
v 6.9500 2.4000 -49.8800
v 8.5500 2.4000 -49.8800
v 6.9500 2.4000 -49.9000
v 8.5500 2.4000 -49.9000
v 6.9500 0.0000 -49.8800
v 8.5500 0.0000 -49.8800
v 6.9500 0.0000 -49.9000
v 8.5500 0.0000 -49.9000
v 6.9500 0.1500 -49.8800
v 8.5500 0.1500 -49.8800
v 6.9500 0.1500 -49.9000
v 8.5500 0.1500 -49.9000
v 6.9500 2.2500 -50.1000
v 8.5500 2.2500 -50.1000
v 6.9500 2.2500 -50.1200
v 8.5500 2.2500 -50.1200
v 6.9500 2.4000 -50.1000
v 8.5500 2.4000 -50.1000
v 6.9500 2.4000 -50.1200
v 8.5500 2.4000 -50.1200
v 6.9500 0.0000 -50.1000
v 8.5500 0.0000 -50.1000
v 6.9500 0.0000 -50.1200
v 8.5500 0.0000 -50.1200
v 6.9500 0.1500 -50.1000
v 8.5500 0.1500 -50.1000
v 6.9500 0.1500 -50.1200
v 8.5500 0.1500 -50.1200
v -1.9700 2.4500 -67.2000
v -1.9500 2.4500 -67.2000
v -1.9700 2.4500 -68.8000
v -1.9500 2.4500 -68.8000
v -1.9700 2.6000 -67.2000
v -1.9500 2.6000 -67.2000
v -1.9700 2.6000 -68.8000
v -1.9500 2.6000 -68.8000
v -1.9700 0.0000 -67.2000
v -1.9500 0.0000 -67.2000
v -1.9700 0.0000 -68.8000
v -1.9500 0.0000 -68.8000
v -1.9700 0.1500 -67.2000
v -1.9500 0.1500 -67.2000
v -1.9700 0.1500 -68.8000
v -1.9500 0.1500 -68.8000
v -1.7500 2.4500 -67.2000
v -1.7300 2.4500 -67.2000
v -1.7500 2.4500 -68.8000
v -1.7300 2.4500 -68.8000
v -1.7500 2.6000 -67.2000
v -1.7300 2.6000 -67.2000
v -1.7500 2.6000 -68.8000
v -1.7300 2.6000 -68.8000
v -1.7500 0.0000 -67.2000
v -1.7300 0.0000 -67.2000
v -1.7500 0.0000 -68.8000
v -1.7300 0.0000 -68.8000
v -1.7500 0.1500 -67.2000
v -1.7300 0.1500 -67.2000
v -1.7500 0.1500 -68.8000
v -1.7300 0.1500 -68.8000
v 1.7300 2.4500 -67.2000
v 1.7500 2.4500 -67.2000
v 1.7300 2.4500 -68.8000
v 1.7500 2.4500 -68.8000
v 1.7300 2.6000 -67.2000
v 1.7500 2.6000 -67.2000
v 1.7300 2.6000 -68.8000
v 1.7500 2.6000 -68.8000
v 1.7300 0.0000 -67.2000
v 1.7500 0.0000 -67.2000
v 1.7300 0.0000 -68.8000
v 1.7500 0.0000 -68.8000
v 1.7300 0.1500 -67.2000
v 1.7500 0.1500 -67.2000
v 1.7300 0.1500 -68.8000
v 1.7500 0.1500 -68.8000
v 1.9500 2.4500 -67.2000
v 1.9700 2.4500 -67.2000
v 1.9500 2.4500 -68.8000
v 1.9700 2.4500 -68.8000
v 1.9500 2.6000 -67.2000
v 1.9700 2.6000 -67.2000
v 1.9500 2.6000 -68.8000
v 1.9700 2.6000 -68.8000
v 1.9500 0.0000 -67.2000
v 1.9700 0.0000 -67.2000
v 1.9500 0.0000 -68.8000
v 1.9700 0.0000 -68.8000
v 1.9500 0.1500 -67.2000
v 1.9700 0.1500 -67.2000
v 1.9500 0.1500 -68.8000
v 1.9700 0.1500 -68.8000
v -1.9700 2.4500 -74.2000
v -1.9500 2.4500 -74.2000
v -1.9700 2.4500 -75.8000
v -1.9500 2.4500 -75.8000
v -1.9700 2.6000 -74.2000
v -1.9500 2.6000 -74.2000
v -1.9700 2.6000 -75.8000
v -1.9500 2.6000 -75.8000
v -1.9700 0.0000 -74.2000
v -1.9500 0.0000 -74.2000
v -1.9700 0.0000 -75.8000
v -1.9500 0.0000 -75.8000
v -1.9700 0.1500 -74.2000
v -1.9500 0.1500 -74.2000
v -1.9700 0.1500 -75.8000
v -1.9500 0.1500 -75.8000
v -1.7500 2.4500 -74.2000
v -1.7300 2.4500 -74.2000
v -1.7500 2.4500 -75.8000
v -1.7300 2.4500 -75.8000
v -1.7500 2.6000 -74.2000
v -1.7300 2.6000 -74.2000
v -1.7500 2.6000 -75.8000
v -1.7300 2.6000 -75.8000
v -1.7500 0.0000 -74.2000
v -1.7300 0.0000 -74.2000
v -1.7500 0.0000 -75.8000
v -1.7300 0.0000 -75.8000
v -1.7500 0.1500 -74.2000
v -1.7300 0.1500 -74.2000
v -1.7500 0.1500 -75.8000
v -1.7300 0.1500 -75.8000
v -8.5500 2.2500 -69.8800
v -6.9500 2.2500 -69.8800
v -8.5500 2.2500 -69.9000
v -6.9500 2.2500 -69.9000
v -8.5500 2.4000 -69.8800
v -6.9500 2.4000 -69.8800
v -8.5500 2.4000 -69.9000
v -6.9500 2.4000 -69.9000
v -8.5500 0.0000 -69.8800
v -6.9500 0.0000 -69.8800
v -8.5500 0.0000 -69.9000
v -6.9500 0.0000 -69.9000
v -8.5500 0.1500 -69.8800
v -6.9500 0.1500 -69.8800
v -8.5500 0.1500 -69.9000
v -6.9500 0.1500 -69.9000
v -8.5500 2.2500 -70.1000
v -6.9500 2.2500 -70.1000
v -8.5500 2.2500 -70.1200
v -6.9500 2.2500 -70.1200
v -8.5500 2.4000 -70.1000
v -6.9500 2.4000 -70.1000
v -8.5500 2.4000 -70.1200
v -6.9500 2.4000 -70.1200
v -8.5500 0.0000 -70.1000
v -6.9500 0.0000 -70.1000
v -8.5500 0.0000 -70.1200
v -6.9500 0.0000 -70.1200
v -8.5500 0.1500 -70.1000
v -6.9500 0.1500 -70.1000
v -8.5500 0.1500 -70.1200
v -6.9500 0.1500 -70.1200
v 6.9500 2.2500 -69.8800
v 8.5500 2.2500 -69.8800
v 6.9500 2.2500 -69.9000
v 8.5500 2.2500 -69.9000
v 6.9500 2.4000 -69.8800
v 8.5500 2.4000 -69.8800
v 6.9500 2.4000 -69.9000
v 8.5500 2.4000 -69.9000
v 6.9500 0.0000 -69.8800
v 8.5500 0.0000 -69.8800
v 6.9500 0.0000 -69.9000
v 8.5500 0.0000 -69.9000
v 6.9500 0.1500 -69.8800
v 8.5500 0.1500 -69.8800
v 6.9500 0.1500 -69.9000
v 8.5500 0.1500 -69.9000
v 6.9500 2.2500 -70.1000
v 8.5500 2.2500 -70.1000
v 6.9500 2.2500 -70.1200
v 8.5500 2.2500 -70.1200
v 6.9500 2.4000 -70.1000
v 8.5500 2.4000 -70.1000
v 6.9500 2.4000 -70.1200
v 8.5500 2.4000 -70.1200
v 6.9500 0.0000 -70.1000
v 8.5500 0.0000 -70.1000
v 6.9500 0.0000 -70.1200
v 8.5500 0.0000 -70.1200
v 6.9500 0.1500 -70.1000
v 8.5500 0.1500 -70.1000
v 6.9500 0.1500 -70.1200
v 8.5500 0.1500 -70.1200
v 1.7300 6.4500 -4.2000
v 1.7500 6.4500 -4.2000
v 1.7300 6.4500 -5.8000
v 1.7500 6.4500 -5.8000
v 1.7300 6.6000 -4.2000
v 1.7500 6.6000 -4.2000
v 1.7300 6.6000 -5.8000
v 1.7500 6.6000 -5.8000
v 1.7300 4.0000 -4.2000
v 1.7500 4.0000 -4.2000
v 1.7300 4.0000 -5.8000
v 1.7500 4.0000 -5.8000
v 1.7300 4.1500 -4.2000
v 1.7500 4.1500 -4.2000
v 1.7300 4.1500 -5.8000
v 1.7500 4.1500 -5.8000
v 1.9500 6.4500 -4.2000
v 1.9700 6.4500 -4.2000
v 1.9500 6.4500 -5.8000
v 1.9700 6.4500 -5.8000
v 1.9500 6.6000 -4.2000
v 1.9700 6.6000 -4.2000
v 1.9500 6.6000 -5.8000
v 1.9700 6.6000 -5.8000
v 1.9500 4.0000 -4.2000
v 1.9700 4.0000 -4.2000
v 1.9500 4.0000 -5.8000
v 1.9700 4.0000 -5.8000
v 1.9500 4.1500 -4.2000
v 1.9700 4.1500 -4.2000
v 1.9500 4.1500 -5.8000
v 1.9700 4.1500 -5.8000
v 1.7300 6.4500 -17.2000
v 1.7500 6.4500 -17.2000
v 1.7300 6.4500 -18.8000
v 1.7500 6.4500 -18.8000
v 1.7300 6.6000 -17.2000
v 1.7500 6.6000 -17.2000
v 1.7300 6.6000 -18.8000
v 1.7500 6.6000 -18.8000
v 1.7300 4.0000 -17.2000
v 1.7500 4.0000 -17.2000
v 1.7300 4.0000 -18.8000
v 1.7500 4.0000 -18.8000
v 1.7300 4.1500 -17.2000
v 1.7500 4.1500 -17.2000
v 1.7300 4.1500 -18.8000
v 1.7500 4.1500 -18.8000
v 1.9500 6.4500 -17.2000
v 1.9700 6.4500 -17.2000
v 1.9500 6.4500 -18.8000
v 1.9700 6.4500 -18.8000
v 1.9500 6.6000 -17.2000
v 1.9700 6.6000 -17.2000
v 1.9500 6.6000 -18.8000
v 1.9700 6.6000 -18.8000
v 1.9500 4.0000 -17.2000
v 1.9700 4.0000 -17.2000
v 1.9500 4.0000 -18.8000
v 1.9700 4.0000 -18.8000
v 1.9500 4.1500 -17.2000
v 1.9700 4.1500 -17.2000
v 1.9500 4.1500 -18.8000
v 1.9700 4.1500 -18.8000
v 1.7300 6.4500 -14.2000
v 1.7500 6.4500 -14.2000
v 1.7300 6.4500 -15.8000
v 1.7500 6.4500 -15.8000
v 1.7300 6.6000 -14.2000
v 1.7500 6.6000 -14.2000
v 1.7300 6.6000 -15.8000
v 1.7500 6.6000 -15.8000
v 1.7300 4.0000 -14.2000
v 1.7500 4.0000 -14.2000
v 1.7300 4.0000 -15.8000
v 1.7500 4.0000 -15.8000
v 1.7300 4.1500 -14.2000
v 1.7500 4.1500 -14.2000
v 1.7300 4.1500 -15.8000
v 1.7500 4.1500 -15.8000
v 1.9500 6.4500 -14.2000
v 1.9700 6.4500 -14.2000
v 1.9500 6.4500 -15.8000
v 1.9700 6.4500 -15.8000
v 1.9500 6.6000 -14.2000
v 1.9700 6.6000 -14.2000
v 1.9500 6.6000 -15.8000
v 1.9700 6.6000 -15.8000
v 1.9500 4.0000 -14.2000
v 1.9700 4.0000 -14.2000
v 1.9500 4.0000 -15.8000
v 1.9700 4.0000 -15.8000
v 1.9500 4.1500 -14.2000
v 1.9700 4.1500 -14.2000
v 1.9500 4.1500 -15.8000
v 1.9700 4.1500 -15.8000
v -8.5500 6.2500 -9.8800
v -6.9500 6.2500 -9.8800
v -8.5500 6.2500 -9.9000
v -6.9500 6.2500 -9.9000
v -8.5500 6.4000 -9.8800
v -6.9500 6.4000 -9.8800
v -8.5500 6.4000 -9.9000
v -6.9500 6.4000 -9.9000
v -8.5500 4.0000 -9.8800
v -6.9500 4.0000 -9.8800
v -8.5500 4.0000 -9.9000
v -6.9500 4.0000 -9.9000
v -8.5500 4.1500 -9.8800
v -6.9500 4.1500 -9.8800
v -8.5500 4.1500 -9.9000
v -6.9500 4.1500 -9.9000
v -8.5500 6.2500 -10.1000
v -6.9500 6.2500 -10.1000
v -8.5500 6.2500 -10.1200
v -6.9500 6.2500 -10.1200
v -8.5500 6.4000 -10.1000
v -6.9500 6.4000 -10.1000
v -8.5500 6.4000 -10.1200
v -6.9500 6.4000 -10.1200
v -8.5500 4.0000 -10.1000
v -6.9500 4.0000 -10.1000
v -8.5500 4.0000 -10.1200
v -6.9500 4.0000 -10.1200
v -8.5500 4.1500 -10.1000
v -6.9500 4.1500 -10.1000
v -8.5500 4.1500 -10.1200
v -6.9500 4.1500 -10.1200
v 6.9500 6.2500 -9.8800
v 8.5500 6.2500 -9.8800
v 6.9500 6.2500 -9.9000
v 8.5500 6.2500 -9.9000
v 6.9500 6.4000 -9.8800
v 8.5500 6.4000 -9.8800
v 6.9500 6.4000 -9.9000
v 8.5500 6.4000 -9.9000
v 6.9500 4.0000 -9.8800
v 8.5500 4.0000 -9.8800
v 6.9500 4.0000 -9.9000
v 8.5500 4.0000 -9.9000
v 6.9500 4.1500 -9.8800
v 8.5500 4.1500 -9.8800
v 6.9500 4.1500 -9.9000
v 8.5500 4.1500 -9.9000
v 6.9500 6.2500 -10.1000
v 8.5500 6.2500 -10.1000
v 6.9500 6.2500 -10.1200
v 8.5500 6.2500 -10.1200
v 6.9500 6.4000 -10.1000
v 8.5500 6.4000 -10.1000
v 6.9500 6.4000 -10.1200
v 8.5500 6.4000 -10.1200
v 6.9500 4.0000 -10.1000
v 8.5500 4.0000 -10.1000
v 6.9500 4.0000 -10.1200
v 8.5500 4.0000 -10.1200
v 6.9500 4.1500 -10.1000
v 8.5500 4.1500 -10.1000
v 6.9500 4.1500 -10.1200
v 8.5500 4.1500 -10.1200
v -8.5500 6.2500 -29.8800
v -6.9500 6.2500 -29.8800
v -8.5500 6.2500 -29.9000
v -6.9500 6.2500 -29.9000
v -8.5500 6.4000 -29.8800
v -6.9500 6.4000 -29.8800
v -8.5500 6.4000 -29.9000
v -6.9500 6.4000 -29.9000
v -8.5500 4.0000 -29.8800
v -6.9500 4.0000 -29.8800
v -8.5500 4.0000 -29.9000
v -6.9500 4.0000 -29.9000
v -8.5500 4.1500 -29.8800
v -6.9500 4.1500 -29.8800
v -8.5500 4.1500 -29.9000
v -6.9500 4.1500 -29.9000
v -8.5500 6.2500 -30.1000
v -6.9500 6.2500 -30.1000
v -8.5500 6.2500 -30.1200
v -6.9500 6.2500 -30.1200
v -8.5500 6.4000 -30.1000
v -6.9500 6.4000 -30.1000
v -8.5500 6.4000 -30.1200
v -6.9500 6.4000 -30.1200
v -8.5500 4.0000 -30.1000
v -6.9500 4.0000 -30.1000
v -8.5500 4.0000 -30.1200
v -6.9500 4.0000 -30.1200
v -8.5500 4.1500 -30.1000
v -6.9500 4.1500 -30.1000
v -8.5500 4.1500 -30.1200
v -6.9500 4.1500 -30.1200
v 6.9500 6.2500 -29.8800
v 8.5500 6.2500 -29.8800
v 6.9500 6.2500 -29.9000
v 8.5500 6.2500 -29.9000
v 6.9500 6.4000 -29.8800
v 8.5500 6.4000 -29.8800
v 6.9500 6.4000 -29.9000
v 8.5500 6.4000 -29.9000
v 6.9500 4.0000 -29.8800
v 8.5500 4.0000 -29.8800
v 6.9500 4.0000 -29.9000
v 8.5500 4.0000 -29.9000
v 6.9500 4.1500 -29.8800
v 8.5500 4.1500 -29.8800
v 6.9500 4.1500 -29.9000
v 8.5500 4.1500 -29.9000
v 6.9500 6.2500 -30.1000
v 8.5500 6.2500 -30.1000
v 6.9500 6.2500 -30.1200
v 8.5500 6.2500 -30.1200
v 6.9500 6.4000 -30.1000
v 8.5500 6.4000 -30.1000
v 6.9500 6.4000 -30.1200
v 8.5500 6.4000 -30.1200
v 6.9500 4.0000 -30.1000
v 8.5500 4.0000 -30.1000
v 6.9500 4.0000 -30.1200
v 8.5500 4.0000 -30.1200
v 6.9500 4.1500 -30.1000
v 8.5500 4.1500 -30.1000
v 6.9500 4.1500 -30.1200
v 8.5500 4.1500 -30.1200
v -1.9700 6.4500 -44.2000
v -1.9500 6.4500 -44.2000
v -1.9700 6.4500 -45.8000
v -1.9500 6.4500 -45.8000
v -1.9700 6.6000 -44.2000
v -1.9500 6.6000 -44.2000
v -1.9700 6.6000 -45.8000
v -1.9500 6.6000 -45.8000
v -1.9700 4.0000 -44.2000
v -1.9500 4.0000 -44.2000
v -1.9700 4.0000 -45.8000
v -1.9500 4.0000 -45.8000
v -1.9700 4.1500 -44.2000
v -1.9500 4.1500 -44.2000
v -1.9700 4.1500 -45.8000
v -1.9500 4.1500 -45.8000
v -1.7500 6.4500 -44.2000
v -1.7300 6.4500 -44.2000
v -1.7500 6.4500 -45.8000
v -1.7300 6.4500 -45.8000
v -1.7500 6.6000 -44.2000
v -1.7300 6.6000 -44.2000
v -1.7500 6.6000 -45.8000
v -1.7300 6.6000 -45.8000
v -1.7500 4.0000 -44.2000
v -1.7300 4.0000 -44.2000
v -1.7500 4.0000 -45.8000
v -1.7300 4.0000 -45.8000
v -1.7500 4.1500 -44.2000
v -1.7300 4.1500 -44.2000
v -1.7500 4.1500 -45.8000
v -1.7300 4.1500 -45.8000
v 1.7300 6.4500 -47.2000
v 1.7500 6.4500 -47.2000
v 1.7300 6.4500 -48.8000
v 1.7500 6.4500 -48.8000
v 1.7300 6.6000 -47.2000
v 1.7500 6.6000 -47.2000
v 1.7300 6.6000 -48.8000
v 1.7500 6.6000 -48.8000
v 1.7300 4.0000 -47.2000
v 1.7500 4.0000 -47.2000
v 1.7300 4.0000 -48.8000
v 1.7500 4.0000 -48.8000
v 1.7300 4.1500 -47.2000
v 1.7500 4.1500 -47.2000
v 1.7300 4.1500 -48.8000
v 1.7500 4.1500 -48.8000
v 1.9500 6.4500 -47.2000
v 1.9700 6.4500 -47.2000
v 1.9500 6.4500 -48.8000
v 1.9700 6.4500 -48.8000
v 1.9500 6.6000 -47.2000
v 1.9700 6.6000 -47.2000
v 1.9500 6.6000 -48.8000
v 1.9700 6.6000 -48.8000
v 1.9500 4.0000 -47.2000
v 1.9700 4.0000 -47.2000
v 1.9500 4.0000 -48.8000
v 1.9700 4.0000 -48.8000
v 1.9500 4.1500 -47.2000
v 1.9700 4.1500 -47.2000
v 1.9500 4.1500 -48.8000
v 1.9700 4.1500 -48.8000
v -1.9700 6.4500 -57.2000
v -1.9500 6.4500 -57.2000
v -1.9700 6.4500 -58.8000
v -1.9500 6.4500 -58.8000
v -1.9700 6.6000 -57.2000
v -1.9500 6.6000 -57.2000
v -1.9700 6.6000 -58.8000
v -1.9500 6.6000 -58.8000
v -1.9700 4.0000 -57.2000
v -1.9500 4.0000 -57.2000
v -1.9700 4.0000 -58.8000
v -1.9500 4.0000 -58.8000
v -1.9700 4.1500 -57.2000
v -1.9500 4.1500 -57.2000
v -1.9700 4.1500 -58.8000
v -1.9500 4.1500 -58.8000
v -1.7500 6.4500 -57.2000
v -1.7300 6.4500 -57.2000
v -1.7500 6.4500 -58.8000
v -1.7300 6.4500 -58.8000
v -1.7500 6.6000 -57.2000
v -1.7300 6.6000 -57.2000
v -1.7500 6.6000 -58.8000
v -1.7300 6.6000 -58.8000
v -1.7500 4.0000 -57.2000
v -1.7300 4.0000 -57.2000
v -1.7500 4.0000 -58.8000
v -1.7300 4.0000 -58.8000
v -1.7500 4.1500 -57.2000
v -1.7300 4.1500 -57.2000
v -1.7500 4.1500 -58.8000
v -1.7300 4.1500 -58.8000
v 1.7300 6.4500 -57.2000
v 1.7500 6.4500 -57.2000
v 1.7300 6.4500 -58.8000
v 1.7500 6.4500 -58.8000
v 1.7300 6.6000 -57.2000
v 1.7500 6.6000 -57.2000
v 1.7300 6.6000 -58.8000
v 1.7500 6.6000 -58.8000
v 1.7300 4.0000 -57.2000
v 1.7500 4.0000 -57.2000
v 1.7300 4.0000 -58.8000
v 1.7500 4.0000 -58.8000
v 1.7300 4.1500 -57.2000
v 1.7500 4.1500 -57.2000
v 1.7300 4.1500 -58.8000
v 1.7500 4.1500 -58.8000
v 1.9500 6.4500 -57.2000
v 1.9700 6.4500 -57.2000
v 1.9500 6.4500 -58.8000
v 1.9700 6.4500 -58.8000
v 1.9500 6.6000 -57.2000
v 1.9700 6.6000 -57.2000
v 1.9500 6.6000 -58.8000
v 1.9700 6.6000 -58.8000
v 1.9500 4.0000 -57.2000
v 1.9700 4.0000 -57.2000
v 1.9500 4.0000 -58.8000
v 1.9700 4.0000 -58.8000
v 1.9500 4.1500 -57.2000
v 1.9700 4.1500 -57.2000
v 1.9500 4.1500 -58.8000
v 1.9700 4.1500 -58.8000
v -8.5500 6.2500 -49.8800
v -6.9500 6.2500 -49.8800
v -8.5500 6.2500 -49.9000
v -6.9500 6.2500 -49.9000
v -8.5500 6.4000 -49.8800
v -6.9500 6.4000 -49.8800
v -8.5500 6.4000 -49.9000
v -6.9500 6.4000 -49.9000
v -8.5500 4.0000 -49.8800
v -6.9500 4.0000 -49.8800
v -8.5500 4.0000 -49.9000
v -6.9500 4.0000 -49.9000
v -8.5500 4.1500 -49.8800
v -6.9500 4.1500 -49.8800
v -8.5500 4.1500 -49.9000
v -6.9500 4.1500 -49.9000
v -8.5500 6.2500 -50.1000
v -6.9500 6.2500 -50.1000
v -8.5500 6.2500 -50.1200
v -6.9500 6.2500 -50.1200
v -8.5500 6.4000 -50.1000
v -6.9500 6.4000 -50.1000
v -8.5500 6.4000 -50.1200
v -6.9500 6.4000 -50.1200
v -8.5500 4.0000 -50.1000
v -6.9500 4.0000 -50.1000
v -8.5500 4.0000 -50.1200
v -6.9500 4.0000 -50.1200
v -8.5500 4.1500 -50.1000
v -6.9500 4.1500 -50.1000
v -8.5500 4.1500 -50.1200
v -6.9500 4.1500 -50.1200
v 6.9500 6.2500 -49.8800
v 8.5500 6.2500 -49.8800
v 6.9500 6.2500 -49.9000
v 8.5500 6.2500 -49.9000
v 6.9500 6.4000 -49.8800
v 8.5500 6.4000 -49.8800
v 6.9500 6.4000 -49.9000
v 8.5500 6.4000 -49.9000
v 6.9500 4.0000 -49.8800
v 8.5500 4.0000 -49.8800
v 6.9500 4.0000 -49.9000
v 8.5500 4.0000 -49.9000
v 6.9500 4.1500 -49.8800
v 8.5500 4.1500 -49.8800
v 6.9500 4.1500 -49.9000
v 8.5500 4.1500 -49.9000
v 6.9500 6.2500 -50.1000
v 8.5500 6.2500 -50.1000
v 6.9500 6.2500 -50.1200
v 8.5500 6.2500 -50.1200
v 6.9500 6.4000 -50.1000
v 8.5500 6.4000 -50.1000
v 6.9500 6.4000 -50.1200
v 8.5500 6.4000 -50.1200
v 6.9500 4.0000 -50.1000
v 8.5500 4.0000 -50.1000
v 6.9500 4.0000 -50.1200
v 8.5500 4.0000 -50.1200
v 6.9500 4.1500 -50.1000
v 8.5500 4.1500 -50.1000
v 6.9500 4.1500 -50.1200
v 8.5500 4.1500 -50.1200
v -1.9700 6.4500 -67.2000
v -1.9500 6.4500 -67.2000
v -1.9700 6.4500 -68.8000
v -1.9500 6.4500 -68.8000
v -1.9700 6.6000 -67.2000
v -1.9500 6.6000 -67.2000
v -1.9700 6.6000 -68.8000
v -1.9500 6.6000 -68.8000
v -1.9700 4.0000 -67.2000
v -1.9500 4.0000 -67.2000
v -1.9700 4.0000 -68.8000
v -1.9500 4.0000 -68.8000
v -1.9700 4.1500 -67.2000
v -1.9500 4.1500 -67.2000
v -1.9700 4.1500 -68.8000
v -1.9500 4.1500 -68.8000
v -1.7500 6.4500 -67.2000
v -1.7300 6.4500 -67.2000
v -1.7500 6.4500 -68.8000
v -1.7300 6.4500 -68.8000
v -1.7500 6.6000 -67.2000
v -1.7300 6.6000 -67.2000
v -1.7500 6.6000 -68.8000
v -1.7300 6.6000 -68.8000
v -1.7500 4.0000 -67.2000
v -1.7300 4.0000 -67.2000
v -1.7500 4.0000 -68.8000
v -1.7300 4.0000 -68.8000
v -1.7500 4.1500 -67.2000
v -1.7300 4.1500 -67.2000
v -1.7500 4.1500 -68.8000
v -1.7300 4.1500 -68.8000
v 1.7300 6.4500 -64.2000
v 1.7500 6.4500 -64.2000
v 1.7300 6.4500 -65.8000
v 1.7500 6.4500 -65.8000
v 1.7300 6.6000 -64.2000
v 1.7500 6.6000 -64.2000
v 1.7300 6.6000 -65.8000
v 1.7500 6.6000 -65.8000
v 1.7300 4.0000 -64.2000
v 1.7500 4.0000 -64.2000
v 1.7300 4.0000 -65.8000
v 1.7500 4.0000 -65.8000
v 1.7300 4.1500 -64.2000
v 1.7500 4.1500 -64.2000
v 1.7300 4.1500 -65.8000
v 1.7500 4.1500 -65.8000
v 1.9500 6.4500 -64.2000
v 1.9700 6.4500 -64.2000
v 1.9500 6.4500 -65.8000
v 1.9700 6.4500 -65.8000
v 1.9500 6.6000 -64.2000
v 1.9700 6.6000 -64.2000
v 1.9500 6.6000 -65.8000
v 1.9700 6.6000 -65.8000
v 1.9500 4.0000 -64.2000
v 1.9700 4.0000 -64.2000
v 1.9500 4.0000 -65.8000
v 1.9700 4.0000 -65.8000
v 1.9500 4.1500 -64.2000
v 1.9700 4.1500 -64.2000
v 1.9500 4.1500 -65.8000
v 1.9700 4.1500 -65.8000
v -1.9700 6.4500 -77.2000
v -1.9500 6.4500 -77.2000
v -1.9700 6.4500 -78.8000
v -1.9500 6.4500 -78.8000
v -1.9700 6.6000 -77.2000
v -1.9500 6.6000 -77.2000
v -1.9700 6.6000 -78.8000
v -1.9500 6.6000 -78.8000
v -1.9700 4.0000 -77.2000
v -1.9500 4.0000 -77.2000
v -1.9700 4.0000 -78.8000
v -1.9500 4.0000 -78.8000
v -1.9700 4.1500 -77.2000
v -1.9500 4.1500 -77.2000
v -1.9700 4.1500 -78.8000
v -1.9500 4.1500 -78.8000
v -1.7500 6.4500 -77.2000
v -1.7300 6.4500 -77.2000
v -1.7500 6.4500 -78.8000
v -1.7300 6.4500 -78.8000
v -1.7500 6.6000 -77.2000
v -1.7300 6.6000 -77.2000
v -1.7500 6.6000 -78.8000
v -1.7300 6.6000 -78.8000
v -1.7500 4.0000 -77.2000
v -1.7300 4.0000 -77.2000
v -1.7500 4.0000 -78.8000
v -1.7300 4.0000 -78.8000
v -1.7500 4.1500 -77.2000
v -1.7300 4.1500 -77.2000
v -1.7500 4.1500 -78.8000
v -1.7300 4.1500 -78.8000
v -8.5500 6.2500 -69.8800
v -6.9500 6.2500 -69.8800
v -8.5500 6.2500 -69.9000
v -6.9500 6.2500 -69.9000
v -8.5500 6.4000 -69.8800
v -6.9500 6.4000 -69.8800
v -8.5500 6.4000 -69.9000
v -6.9500 6.4000 -69.9000
v -8.5500 4.0000 -69.8800
v -6.9500 4.0000 -69.8800
v -8.5500 4.0000 -69.9000
v -6.9500 4.0000 -69.9000
v -8.5500 4.1500 -69.8800
v -6.9500 4.1500 -69.8800
v -8.5500 4.1500 -69.9000
v -6.9500 4.1500 -69.9000
v -8.5500 6.2500 -70.1000
v -6.9500 6.2500 -70.1000
v -8.5500 6.2500 -70.1200
v -6.9500 6.2500 -70.1200
v -8.5500 6.4000 -70.1000
v -6.9500 6.4000 -70.1000
v -8.5500 6.4000 -70.1200
v -6.9500 6.4000 -70.1200
v -8.5500 4.0000 -70.1000
v -6.9500 4.0000 -70.1000
v -8.5500 4.0000 -70.1200
v -6.9500 4.0000 -70.1200
v -8.5500 4.1500 -70.1000
v -6.9500 4.1500 -70.1000
v -8.5500 4.1500 -70.1200
v -6.9500 4.1500 -70.1200
v 6.9500 6.2500 -69.8800
v 8.5500 6.2500 -69.8800
v 6.9500 6.2500 -69.9000
v 8.5500 6.2500 -69.9000
v 6.9500 6.4000 -69.8800
v 8.5500 6.4000 -69.8800
v 6.9500 6.4000 -69.9000
v 8.5500 6.4000 -69.9000
v 6.9500 4.0000 -69.8800
v 8.5500 4.0000 -69.8800
v 6.9500 4.0000 -69.9000
v 8.5500 4.0000 -69.9000
v 6.9500 4.1500 -69.8800
v 8.5500 4.1500 -69.8800
v 6.9500 4.1500 -69.9000
v 8.5500 4.1500 -69.9000
v 6.9500 6.2500 -70.1000
v 8.5500 6.2500 -70.1000
v 6.9500 6.2500 -70.1200
v 8.5500 6.2500 -70.1200
v 6.9500 6.4000 -70.1000
v 8.5500 6.4000 -70.1000
v 6.9500 6.4000 -70.1200
v 8.5500 6.4000 -70.1200
v 6.9500 4.0000 -70.1000
v 8.5500 4.0000 -70.1000
v 6.9500 4.0000 -70.1200
v 8.5500 4.0000 -70.1200
v 6.9500 4.1500 -70.1000
v 8.5500 4.1500 -70.1000
v 6.9500 4.1500 -70.1200
v 8.5500 4.1500 -70.1200
v -1.9700 10.4500 85.8000
v -1.9500 10.4500 85.8000
v -1.9700 10.4500 84.2000
v -1.9500 10.4500 84.2000
v -1.9700 10.6000 85.8000
v -1.9500 10.6000 85.8000
v -1.9700 10.6000 84.2000
v -1.9500 10.6000 84.2000
v -1.9700 8.0000 85.8000
v -1.9500 8.0000 85.8000
v -1.9700 8.0000 84.2000
v -1.9500 8.0000 84.2000
v -1.9700 8.1500 85.8000
v -1.9500 8.1500 85.8000
v -1.9700 8.1500 84.2000
v -1.9500 8.1500 84.2000
v -1.7500 10.4500 85.8000
v -1.7300 10.4500 85.8000
v -1.7500 10.4500 84.2000
v -1.7300 10.4500 84.2000
v -1.7500 10.6000 85.8000
v -1.7300 10.6000 85.8000
v -1.7500 10.6000 84.2000
v -1.7300 10.6000 84.2000
v -1.7500 8.0000 85.8000
v -1.7300 8.0000 85.8000
v -1.7500 8.0000 84.2000
v -1.7300 8.0000 84.2000
v -1.7500 8.1500 85.8000
v -1.7300 8.1500 85.8000
v -1.7500 8.1500 84.2000
v -1.7300 8.1500 84.2000
v -1.9700 10.4500 72.8000
v -1.9500 10.4500 72.8000
v -1.9700 10.4500 71.2000
v -1.9500 10.4500 71.2000
v -1.9700 10.6000 72.8000
v -1.9500 10.6000 72.8000
v -1.9700 10.6000 71.2000
v -1.9500 10.6000 71.2000
v -1.9700 8.0000 72.8000
v -1.9500 8.0000 72.8000
v -1.9700 8.0000 71.2000
v -1.9500 8.0000 71.2000
v -1.9700 8.1500 72.8000
v -1.9500 8.1500 72.8000
v -1.9700 8.1500 71.2000
v -1.9500 8.1500 71.2000
v -1.7500 10.4500 72.8000
v -1.7300 10.4500 72.8000
v -1.7500 10.4500 71.2000
v -1.7300 10.4500 71.2000
v -1.7500 10.6000 72.8000
v -1.7300 10.6000 72.8000
v -1.7500 10.6000 71.2000
v -1.7300 10.6000 71.2000
v -1.7500 8.0000 72.8000
v -1.7300 8.0000 72.8000
v -1.7500 8.0000 71.2000
v -1.7300 8.0000 71.2000
v -1.7500 8.1500 72.8000
v -1.7300 8.1500 72.8000
v -1.7500 8.1500 71.2000
v -1.7300 8.1500 71.2000
v 1.7300 10.4500 75.8000
v 1.7500 10.4500 75.8000
v 1.7300 10.4500 74.2000
v 1.7500 10.4500 74.2000
v 1.7300 10.6000 75.8000
v 1.7500 10.6000 75.8000
v 1.7300 10.6000 74.2000
v 1.7500 10.6000 74.2000
v 1.7300 8.0000 75.8000
v 1.7500 8.0000 75.8000
v 1.7300 8.0000 74.2000
v 1.7500 8.0000 74.2000
v 1.7300 8.1500 75.8000
v 1.7500 8.1500 75.8000
v 1.7300 8.1500 74.2000
v 1.7500 8.1500 74.2000
v 1.9500 10.4500 75.8000
v 1.9700 10.4500 75.8000
v 1.9500 10.4500 74.2000
v 1.9700 10.4500 74.2000
v 1.9500 10.6000 75.8000
v 1.9700 10.6000 75.8000
v 1.9500 10.6000 74.2000
v 1.9700 10.6000 74.2000
v 1.9500 8.0000 75.8000
v 1.9700 8.0000 75.8000
v 1.9500 8.0000 74.2000
v 1.9700 8.0000 74.2000
v 1.9500 8.1500 75.8000
v 1.9700 8.1500 75.8000
v 1.9500 8.1500 74.2000
v 1.9700 8.1500 74.2000
v -8.5500 10.2500 80.1200
v -6.9500 10.2500 80.1200
v -8.5500 10.2500 80.1000
v -6.9500 10.2500 80.1000
v -8.5500 10.4000 80.1200
v -6.9500 10.4000 80.1200
v -8.5500 10.4000 80.1000
v -6.9500 10.4000 80.1000
v -8.5500 8.0000 80.1200
v -6.9500 8.0000 80.1200
v -8.5500 8.0000 80.1000
v -6.9500 8.0000 80.1000
v -8.5500 8.1500 80.1200
v -6.9500 8.1500 80.1200
v -8.5500 8.1500 80.1000
v -6.9500 8.1500 80.1000
v -8.5500 10.2500 79.9000
v -6.9500 10.2500 79.9000
v -8.5500 10.2500 79.8800
v -6.9500 10.2500 79.8800
v -8.5500 10.4000 79.9000
v -6.9500 10.4000 79.9000
v -8.5500 10.4000 79.8800
v -6.9500 10.4000 79.8800
v -8.5500 8.0000 79.9000
v -6.9500 8.0000 79.9000
v -8.5500 8.0000 79.8800
v -6.9500 8.0000 79.8800
v -8.5500 8.1500 79.9000
v -6.9500 8.1500 79.9000
v -8.5500 8.1500 79.8800
v -6.9500 8.1500 79.8800
v 6.9500 10.2500 80.1200
v 8.5500 10.2500 80.1200
v 6.9500 10.2500 80.1000
v 8.5500 10.2500 80.1000
v 6.9500 10.4000 80.1200
v 8.5500 10.4000 80.1200
v 6.9500 10.4000 80.1000
v 8.5500 10.4000 80.1000
v 6.9500 8.0000 80.1200
v 8.5500 8.0000 80.1200
v 6.9500 8.0000 80.1000
v 8.5500 8.0000 80.1000
v 6.9500 8.1500 80.1200
v 8.5500 8.1500 80.1200
v 6.9500 8.1500 80.1000
v 8.5500 8.1500 80.1000
v 6.9500 10.2500 79.9000
v 8.5500 10.2500 79.9000
v 6.9500 10.2500 79.8800
v 8.5500 10.2500 79.8800
v 6.9500 10.4000 79.9000
v 8.5500 10.4000 79.9000
v 6.9500 10.4000 79.8800
v 8.5500 10.4000 79.8800
v 6.9500 8.0000 79.9000
v 8.5500 8.0000 79.9000
v 6.9500 8.0000 79.8800
v 8.5500 8.0000 79.8800
v 6.9500 8.1500 79.9000
v 8.5500 8.1500 79.9000
v 6.9500 8.1500 79.8800
v 8.5500 8.1500 79.8800
v 1.7300 10.4500 62.8000
v 1.7500 10.4500 62.8000
v 1.7300 10.4500 61.2000
v 1.7500 10.4500 61.2000
v 1.7300 10.6000 62.8000
v 1.7500 10.6000 62.8000
v 1.7300 10.6000 61.2000
v 1.7500 10.6000 61.2000
v 1.7300 8.0000 62.8000
v 1.7500 8.0000 62.8000
v 1.7300 8.0000 61.2000
v 1.7500 8.0000 61.2000
v 1.7300 8.1500 62.8000
v 1.7500 8.1500 62.8000
v 1.7300 8.1500 61.2000
v 1.7500 8.1500 61.2000
v 1.9500 10.4500 62.8000
v 1.9700 10.4500 62.8000
v 1.9500 10.4500 61.2000
v 1.9700 10.4500 61.2000
v 1.9500 10.6000 62.8000
v 1.9700 10.6000 62.8000
v 1.9500 10.6000 61.2000
v 1.9700 10.6000 61.2000
v 1.9500 8.0000 62.8000
v 1.9700 8.0000 62.8000
v 1.9500 8.0000 61.2000
v 1.9700 8.0000 61.2000
v 1.9500 8.1500 62.8000
v 1.9700 8.1500 62.8000
v 1.9500 8.1500 61.2000
v 1.9700 8.1500 61.2000
v 1.7300 10.4500 42.8000
v 1.7500 10.4500 42.8000
v 1.7300 10.4500 41.2000
v 1.7500 10.4500 41.2000
v 1.7300 10.6000 42.8000
v 1.7500 10.6000 42.8000
v 1.7300 10.6000 41.2000
v 1.7500 10.6000 41.2000
v 1.7300 8.0000 42.8000
v 1.7500 8.0000 42.8000
v 1.7300 8.0000 41.2000
v 1.7500 8.0000 41.2000
v 1.7300 8.1500 42.8000
v 1.7500 8.1500 42.8000
v 1.7300 8.1500 41.2000
v 1.7500 8.1500 41.2000
v 1.9500 10.4500 42.8000
v 1.9700 10.4500 42.8000
v 1.9500 10.4500 41.2000
v 1.9700 10.4500 41.2000
v 1.9500 10.6000 42.8000
v 1.9700 10.6000 42.8000
v 1.9500 10.6000 41.2000
v 1.9700 10.6000 41.2000
v 1.9500 8.0000 42.8000
v 1.9700 8.0000 42.8000
v 1.9500 8.0000 41.2000
v 1.9700 8.0000 41.2000
v 1.9500 8.1500 42.8000
v 1.9700 8.1500 42.8000
v 1.9500 8.1500 41.2000
v 1.9700 8.1500 41.2000
v -8.5500 10.2500 50.1200
v -6.9500 10.2500 50.1200
v -8.5500 10.2500 50.1000
v -6.9500 10.2500 50.1000
v -8.5500 10.4000 50.1200
v -6.9500 10.4000 50.1200
v -8.5500 10.4000 50.1000
v -6.9500 10.4000 50.1000
v -8.5500 8.0000 50.1200
v -6.9500 8.0000 50.1200
v -8.5500 8.0000 50.1000
v -6.9500 8.0000 50.1000
v -8.5500 8.1500 50.1200
v -6.9500 8.1500 50.1200
v -8.5500 8.1500 50.1000
v -6.9500 8.1500 50.1000
v -8.5500 10.2500 49.9000
v -6.9500 10.2500 49.9000
v -8.5500 10.2500 49.8800
v -6.9500 10.2500 49.8800
v -8.5500 10.4000 49.9000
v -6.9500 10.4000 49.9000
v -8.5500 10.4000 49.8800
v -6.9500 10.4000 49.8800
v -8.5500 8.0000 49.9000
v -6.9500 8.0000 49.9000
v -8.5500 8.0000 49.8800
v -6.9500 8.0000 49.8800
v -8.5500 8.1500 49.9000
v -6.9500 8.1500 49.9000
v -8.5500 8.1500 49.8800
v -6.9500 8.1500 49.8800
v 6.9500 10.2500 50.1200
v 8.5500 10.2500 50.1200
v 6.9500 10.2500 50.1000
v 8.5500 10.2500 50.1000
v 6.9500 10.4000 50.1200
v 8.5500 10.4000 50.1200
v 6.9500 10.4000 50.1000
v 8.5500 10.4000 50.1000
v 6.9500 8.0000 50.1200
v 8.5500 8.0000 50.1200
v 6.9500 8.0000 50.1000
v 8.5500 8.0000 50.1000
v 6.9500 8.1500 50.1200
v 8.5500 8.1500 50.1200
v 6.9500 8.1500 50.1000
v 8.5500 8.1500 50.1000
v 6.9500 10.2500 49.9000
v 8.5500 10.2500 49.9000
v 6.9500 10.2500 49.8800
v 8.5500 10.2500 49.8800
v 6.9500 10.4000 49.9000
v 8.5500 10.4000 49.9000
v 6.9500 10.4000 49.8800
v 8.5500 10.4000 49.8800
v 6.9500 8.0000 49.9000
v 8.5500 8.0000 49.9000
v 6.9500 8.0000 49.8800
v 8.5500 8.0000 49.8800
v 6.9500 8.1500 49.9000
v 8.5500 8.1500 49.9000
v 6.9500 8.1500 49.8800
v 8.5500 8.1500 49.8800
v -1.9700 10.4500 35.8000
v -1.9500 10.4500 35.8000
v -1.9700 10.4500 34.2000
v -1.9500 10.4500 34.2000
v -1.9700 10.6000 35.8000
v -1.9500 10.6000 35.8000
v -1.9700 10.6000 34.2000
v -1.9500 10.6000 34.2000
v -1.9700 8.0000 35.8000
v -1.9500 8.0000 35.8000
v -1.9700 8.0000 34.2000
v -1.9500 8.0000 34.2000
v -1.9700 8.1500 35.8000
v -1.9500 8.1500 35.8000
v -1.9700 8.1500 34.2000
v -1.9500 8.1500 34.2000
v -1.7500 10.4500 35.8000
v -1.7300 10.4500 35.8000
v -1.7500 10.4500 34.2000
v -1.7300 10.4500 34.2000
v -1.7500 10.6000 35.8000
v -1.7300 10.6000 35.8000
v -1.7500 10.6000 34.2000
v -1.7300 10.6000 34.2000
v -1.7500 8.0000 35.8000
v -1.7300 8.0000 35.8000
v -1.7500 8.0000 34.2000
v -1.7300 8.0000 34.2000
v -1.7500 8.1500 35.8000
v -1.7300 8.1500 35.8000
v -1.7500 8.1500 34.2000
v -1.7300 8.1500 34.2000
v 1.7300 10.4500 22.8000
v 1.7500 10.4500 22.8000
v 1.7300 10.4500 21.2000
v 1.7500 10.4500 21.2000
v 1.7300 10.6000 22.8000
v 1.7500 10.6000 22.8000
v 1.7300 10.6000 21.2000
v 1.7500 10.6000 21.2000
v 1.7300 8.0000 22.8000
v 1.7500 8.0000 22.8000
v 1.7300 8.0000 21.2000
v 1.7500 8.0000 21.2000
v 1.7300 8.1500 22.8000
v 1.7500 8.1500 22.8000
v 1.7300 8.1500 21.2000
v 1.7500 8.1500 21.2000
v 1.9500 10.4500 22.8000
v 1.9700 10.4500 22.8000
v 1.9500 10.4500 21.2000
v 1.9700 10.4500 21.2000
v 1.9500 10.6000 22.8000
v 1.9700 10.6000 22.8000
v 1.9500 10.6000 21.2000
v 1.9700 10.6000 21.2000
v 1.9500 8.0000 22.8000
v 1.9700 8.0000 22.8000
v 1.9500 8.0000 21.2000
v 1.9700 8.0000 21.2000
v 1.9500 8.1500 22.8000
v 1.9700 8.1500 22.8000
v 1.9500 8.1500 21.2000
v 1.9700 8.1500 21.2000
v 1.7300 10.4500 25.8000
v 1.7500 10.4500 25.8000
v 1.7300 10.4500 24.2000
v 1.7500 10.4500 24.2000
v 1.7300 10.6000 25.8000
v 1.7500 10.6000 25.8000
v 1.7300 10.6000 24.2000
v 1.7500 10.6000 24.2000
v 1.7300 8.0000 25.8000
v 1.7500 8.0000 25.8000
v 1.7300 8.0000 24.2000
v 1.7500 8.0000 24.2000
v 1.7300 8.1500 25.8000
v 1.7500 8.1500 25.8000
v 1.7300 8.1500 24.2000
v 1.7500 8.1500 24.2000
v 1.9500 10.4500 25.8000
v 1.9700 10.4500 25.8000
v 1.9500 10.4500 24.2000
v 1.9700 10.4500 24.2000
v 1.9500 10.6000 25.8000
v 1.9700 10.6000 25.8000
v 1.9500 10.6000 24.2000
v 1.9700 10.6000 24.2000
v 1.9500 8.0000 25.8000
v 1.9700 8.0000 25.8000
v 1.9500 8.0000 24.2000
v 1.9700 8.0000 24.2000
v 1.9500 8.1500 25.8000
v 1.9700 8.1500 25.8000
v 1.9500 8.1500 24.2000
v 1.9700 8.1500 24.2000
v -8.5500 10.2500 10.1200
v -6.9500 10.2500 10.1200
v -8.5500 10.2500 10.1000
v -6.9500 10.2500 10.1000
v -8.5500 10.4000 10.1200
v -6.9500 10.4000 10.1200
v -8.5500 10.4000 10.1000
v -6.9500 10.4000 10.1000
v -8.5500 8.0000 10.1200
v -6.9500 8.0000 10.1200
v -8.5500 8.0000 10.1000
v -6.9500 8.0000 10.1000
v -8.5500 8.1500 10.1200
v -6.9500 8.1500 10.1200
v -8.5500 8.1500 10.1000
v -6.9500 8.1500 10.1000
v -8.5500 10.2500 9.9000
v -6.9500 10.2500 9.9000
v -8.5500 10.2500 9.8800
v -6.9500 10.2500 9.8800
v -8.5500 10.4000 9.9000
v -6.9500 10.4000 9.9000
v -8.5500 10.4000 9.8800
v -6.9500 10.4000 9.8800
v -8.5500 8.0000 9.9000
v -6.9500 8.0000 9.9000
v -8.5500 8.0000 9.8800
v -6.9500 8.0000 9.8800
v -8.5500 8.1500 9.9000
v -6.9500 8.1500 9.9000
v -8.5500 8.1500 9.8800
v -6.9500 8.1500 9.8800
v 6.9500 10.2500 10.1200
v 8.5500 10.2500 10.1200
v 6.9500 10.2500 10.1000
v 8.5500 10.2500 10.1000
v 6.9500 10.4000 10.1200
v 8.5500 10.4000 10.1200
v 6.9500 10.4000 10.1000
v 8.5500 10.4000 10.1000
v 6.9500 8.0000 10.1200
v 8.5500 8.0000 10.1200
v 6.9500 8.0000 10.1000
v 8.5500 8.0000 10.1000
v 6.9500 8.1500 10.1200
v 8.5500 8.1500 10.1200
v 6.9500 8.1500 10.1000
v 8.5500 8.1500 10.1000
v 6.9500 10.2500 9.9000
v 8.5500 10.2500 9.9000
v 6.9500 10.2500 9.8800
v 8.5500 10.2500 9.8800
v 6.9500 10.4000 9.9000
v 8.5500 10.4000 9.9000
v 6.9500 10.4000 9.8800
v 8.5500 10.4000 9.8800
v 6.9500 8.0000 9.9000
v 8.5500 8.0000 9.9000
v 6.9500 8.0000 9.8800
v 8.5500 8.0000 9.8800
v 6.9500 8.1500 9.9000
v 8.5500 8.1500 9.9000
v 6.9500 8.1500 9.8800
v 8.5500 8.1500 9.8800
v -8.5500 10.2500 -9.8800
v -6.9500 10.2500 -9.8800
v -8.5500 10.2500 -9.9000
v -6.9500 10.2500 -9.9000
v -8.5500 10.4000 -9.8800
v -6.9500 10.4000 -9.8800
v -8.5500 10.4000 -9.9000
v -6.9500 10.4000 -9.9000
v -8.5500 8.0000 -9.8800
v -6.9500 8.0000 -9.8800
v -8.5500 8.0000 -9.9000
v -6.9500 8.0000 -9.9000
v -8.5500 8.1500 -9.8800
v -6.9500 8.1500 -9.8800
v -8.5500 8.1500 -9.9000
v -6.9500 8.1500 -9.9000
v -8.5500 10.2500 -10.1000
v -6.9500 10.2500 -10.1000
v -8.5500 10.2500 -10.1200
v -6.9500 10.2500 -10.1200
v -8.5500 10.4000 -10.1000
v -6.9500 10.4000 -10.1000
v -8.5500 10.4000 -10.1200
v -6.9500 10.4000 -10.1200
v -8.5500 8.0000 -10.1000
v -6.9500 8.0000 -10.1000
v -8.5500 8.0000 -10.1200
v -6.9500 8.0000 -10.1200
v -8.5500 8.1500 -10.1000
v -6.9500 8.1500 -10.1000
v -8.5500 8.1500 -10.1200
v -6.9500 8.1500 -10.1200
v 6.9500 10.2500 -9.8800
v 8.5500 10.2500 -9.8800
v 6.9500 10.2500 -9.9000
v 8.5500 10.2500 -9.9000
v 6.9500 10.4000 -9.8800
v 8.5500 10.4000 -9.8800
v 6.9500 10.4000 -9.9000
v 8.5500 10.4000 -9.9000
v 6.9500 8.0000 -9.8800
v 8.5500 8.0000 -9.8800
v 6.9500 8.0000 -9.9000
v 8.5500 8.0000 -9.9000
v 6.9500 8.1500 -9.8800
v 8.5500 8.1500 -9.8800
v 6.9500 8.1500 -9.9000
v 8.5500 8.1500 -9.9000
v 6.9500 10.2500 -10.1000
v 8.5500 10.2500 -10.1000
v 6.9500 10.2500 -10.1200
v 8.5500 10.2500 -10.1200
v 6.9500 10.4000 -10.1000
v 8.5500 10.4000 -10.1000
v 6.9500 10.4000 -10.1200
v 8.5500 10.4000 -10.1200
v 6.9500 8.0000 -10.1000
v 8.5500 8.0000 -10.1000
v 6.9500 8.0000 -10.1200
v 8.5500 8.0000 -10.1200
v 6.9500 8.1500 -10.1000
v 8.5500 8.1500 -10.1000
v 6.9500 8.1500 -10.1200
v 8.5500 8.1500 -10.1200
v -1.9700 10.4500 -37.2000
v -1.9500 10.4500 -37.2000
v -1.9700 10.4500 -38.8000
v -1.9500 10.4500 -38.8000
v -1.9700 10.6000 -37.2000
v -1.9500 10.6000 -37.2000
v -1.9700 10.6000 -38.8000
v -1.9500 10.6000 -38.8000
v -1.9700 8.0000 -37.2000
v -1.9500 8.0000 -37.2000
v -1.9700 8.0000 -38.8000
v -1.9500 8.0000 -38.8000
v -1.9700 8.1500 -37.2000
v -1.9500 8.1500 -37.2000
v -1.9700 8.1500 -38.8000
v -1.9500 8.1500 -38.8000
v -1.7500 10.4500 -37.2000
v -1.7300 10.4500 -37.2000
v -1.7500 10.4500 -38.8000
v -1.7300 10.4500 -38.8000
v -1.7500 10.6000 -37.2000
v -1.7300 10.6000 -37.2000
v -1.7500 10.6000 -38.8000
v -1.7300 10.6000 -38.8000
v -1.7500 8.0000 -37.2000
v -1.7300 8.0000 -37.2000
v -1.7500 8.0000 -38.8000
v -1.7300 8.0000 -38.8000
v -1.7500 8.1500 -37.2000
v -1.7300 8.1500 -37.2000
v -1.7500 8.1500 -38.8000
v -1.7300 8.1500 -38.8000
v 1.7300 10.4500 -37.2000
v 1.7500 10.4500 -37.2000
v 1.7300 10.4500 -38.8000
v 1.7500 10.4500 -38.8000
v 1.7300 10.6000 -37.2000
v 1.7500 10.6000 -37.2000
v 1.7300 10.6000 -38.8000
v 1.7500 10.6000 -38.8000
v 1.7300 8.0000 -37.2000
v 1.7500 8.0000 -37.2000
v 1.7300 8.0000 -38.8000
v 1.7500 8.0000 -38.8000
v 1.7300 8.1500 -37.2000
v 1.7500 8.1500 -37.2000
v 1.7300 8.1500 -38.8000
v 1.7500 8.1500 -38.8000
v 1.9500 10.4500 -37.2000
v 1.9700 10.4500 -37.2000
v 1.9500 10.4500 -38.8000
v 1.9700 10.4500 -38.8000
v 1.9500 10.6000 -37.2000
v 1.9700 10.6000 -37.2000
v 1.9500 10.6000 -38.8000
v 1.9700 10.6000 -38.8000
v 1.9500 8.0000 -37.2000
v 1.9700 8.0000 -37.2000
v 1.9500 8.0000 -38.8000
v 1.9700 8.0000 -38.8000
v 1.9500 8.1500 -37.2000
v 1.9700 8.1500 -37.2000
v 1.9500 8.1500 -38.8000
v 1.9700 8.1500 -38.8000
v -8.5500 10.2500 -29.8800
v -6.9500 10.2500 -29.8800
v -8.5500 10.2500 -29.9000
v -6.9500 10.2500 -29.9000
v -8.5500 10.4000 -29.8800
v -6.9500 10.4000 -29.8800
v -8.5500 10.4000 -29.9000
v -6.9500 10.4000 -29.9000
v -8.5500 8.0000 -29.8800
v -6.9500 8.0000 -29.8800
v -8.5500 8.0000 -29.9000
v -6.9500 8.0000 -29.9000
v -8.5500 8.1500 -29.8800
v -6.9500 8.1500 -29.8800
v -8.5500 8.1500 -29.9000
v -6.9500 8.1500 -29.9000
v -8.5500 10.2500 -30.1000
v -6.9500 10.2500 -30.1000
v -8.5500 10.2500 -30.1200
v -6.9500 10.2500 -30.1200
v -8.5500 10.4000 -30.1000
v -6.9500 10.4000 -30.1000
v -8.5500 10.4000 -30.1200
v -6.9500 10.4000 -30.1200
v -8.5500 8.0000 -30.1000
v -6.9500 8.0000 -30.1000
v -8.5500 8.0000 -30.1200
v -6.9500 8.0000 -30.1200
v -8.5500 8.1500 -30.1000
v -6.9500 8.1500 -30.1000
v -8.5500 8.1500 -30.1200
v -6.9500 8.1500 -30.1200
v 6.9500 10.2500 -29.8800
v 8.5500 10.2500 -29.8800
v 6.9500 10.2500 -29.9000
v 8.5500 10.2500 -29.9000
v 6.9500 10.4000 -29.8800
v 8.5500 10.4000 -29.8800
v 6.9500 10.4000 -29.9000
v 8.5500 10.4000 -29.9000
v 6.9500 8.0000 -29.8800
v 8.5500 8.0000 -29.8800
v 6.9500 8.0000 -29.9000
v 8.5500 8.0000 -29.9000
v 6.9500 8.1500 -29.8800
v 8.5500 8.1500 -29.8800
v 6.9500 8.1500 -29.9000
v 8.5500 8.1500 -29.9000
v 6.9500 10.2500 -30.1000
v 8.5500 10.2500 -30.1000
v 6.9500 10.2500 -30.1200
v 8.5500 10.2500 -30.1200
v 6.9500 10.4000 -30.1000
v 8.5500 10.4000 -30.1000
v 6.9500 10.4000 -30.1200
v 8.5500 10.4000 -30.1200
v 6.9500 8.0000 -30.1000
v 8.5500 8.0000 -30.1000
v 6.9500 8.0000 -30.1200
v 8.5500 8.0000 -30.1200
v 6.9500 8.1500 -30.1000
v 8.5500 8.1500 -30.1000
v 6.9500 8.1500 -30.1200
v 8.5500 8.1500 -30.1200
v -1.9700 10.4500 -44.2000
v -1.9500 10.4500 -44.2000
v -1.9700 10.4500 -45.8000
v -1.9500 10.4500 -45.8000
v -1.9700 10.6000 -44.2000
v -1.9500 10.6000 -44.2000
v -1.9700 10.6000 -45.8000
v -1.9500 10.6000 -45.8000
v -1.9700 8.0000 -44.2000
v -1.9500 8.0000 -44.2000
v -1.9700 8.0000 -45.8000
v -1.9500 8.0000 -45.8000
v -1.9700 8.1500 -44.2000
v -1.9500 8.1500 -44.2000
v -1.9700 8.1500 -45.8000
v -1.9500 8.1500 -45.8000
v -1.7500 10.4500 -44.2000
v -1.7300 10.4500 -44.2000
v -1.7500 10.4500 -45.8000
v -1.7300 10.4500 -45.8000
v -1.7500 10.6000 -44.2000
v -1.7300 10.6000 -44.2000
v -1.7500 10.6000 -45.8000
v -1.7300 10.6000 -45.8000
v -1.7500 8.0000 -44.2000
v -1.7300 8.0000 -44.2000
v -1.7500 8.0000 -45.8000
v -1.7300 8.0000 -45.8000
v -1.7500 8.1500 -44.2000
v -1.7300 8.1500 -44.2000
v -1.7500 8.1500 -45.8000
v -1.7300 8.1500 -45.8000
v -1.9700 10.4500 -57.2000
v -1.9500 10.4500 -57.2000
v -1.9700 10.4500 -58.8000
v -1.9500 10.4500 -58.8000
v -1.9700 10.6000 -57.2000
v -1.9500 10.6000 -57.2000
v -1.9700 10.6000 -58.8000
v -1.9500 10.6000 -58.8000
v -1.9700 8.0000 -57.2000
v -1.9500 8.0000 -57.2000
v -1.9700 8.0000 -58.8000
v -1.9500 8.0000 -58.8000
v -1.9700 8.1500 -57.2000
v -1.9500 8.1500 -57.2000
v -1.9700 8.1500 -58.8000
v -1.9500 8.1500 -58.8000
v -1.7500 10.4500 -57.2000
v -1.7300 10.4500 -57.2000
v -1.7500 10.4500 -58.8000
v -1.7300 10.4500 -58.8000
v -1.7500 10.6000 -57.2000
v -1.7300 10.6000 -57.2000
v -1.7500 10.6000 -58.8000
v -1.7300 10.6000 -58.8000
v -1.7500 8.0000 -57.2000
v -1.7300 8.0000 -57.2000
v -1.7500 8.0000 -58.8000
v -1.7300 8.0000 -58.8000
v -1.7500 8.1500 -57.2000
v -1.7300 8.1500 -57.2000
v -1.7500 8.1500 -58.8000
v -1.7300 8.1500 -58.8000
v -8.5500 10.2500 -49.8800
v -6.9500 10.2500 -49.8800
v -8.5500 10.2500 -49.9000
v -6.9500 10.2500 -49.9000
v -8.5500 10.4000 -49.8800
v -6.9500 10.4000 -49.8800
v -8.5500 10.4000 -49.9000
v -6.9500 10.4000 -49.9000
v -8.5500 8.0000 -49.8800
v -6.9500 8.0000 -49.8800
v -8.5500 8.0000 -49.9000
v -6.9500 8.0000 -49.9000
v -8.5500 8.1500 -49.8800
v -6.9500 8.1500 -49.8800
v -8.5500 8.1500 -49.9000
v -6.9500 8.1500 -49.9000
v -8.5500 10.2500 -50.1000
v -6.9500 10.2500 -50.1000
v -8.5500 10.2500 -50.1200
v -6.9500 10.2500 -50.1200
v -8.5500 10.4000 -50.1000
v -6.9500 10.4000 -50.1000
v -8.5500 10.4000 -50.1200
v -6.9500 10.4000 -50.1200
v -8.5500 8.0000 -50.1000
v -6.9500 8.0000 -50.1000
v -8.5500 8.0000 -50.1200
v -6.9500 8.0000 -50.1200
v -8.5500 8.1500 -50.1000
v -6.9500 8.1500 -50.1000
v -8.5500 8.1500 -50.1200
v -6.9500 8.1500 -50.1200
v 6.9500 10.2500 -49.8800
v 8.5500 10.2500 -49.8800
v 6.9500 10.2500 -49.9000
v 8.5500 10.2500 -49.9000
v 6.9500 10.4000 -49.8800
v 8.5500 10.4000 -49.8800
v 6.9500 10.4000 -49.9000
v 8.5500 10.4000 -49.9000
v 6.9500 8.0000 -49.8800
v 8.5500 8.0000 -49.8800
v 6.9500 8.0000 -49.9000
v 8.5500 8.0000 -49.9000
v 6.9500 8.1500 -49.8800
v 8.5500 8.1500 -49.8800
v 6.9500 8.1500 -49.9000
v 8.5500 8.1500 -49.9000
v 6.9500 10.2500 -50.1000
v 8.5500 10.2500 -50.1000
v 6.9500 10.2500 -50.1200
v 8.5500 10.2500 -50.1200
v 6.9500 10.4000 -50.1000
v 8.5500 10.4000 -50.1000
v 6.9500 10.4000 -50.1200
v 8.5500 10.4000 -50.1200
v 6.9500 8.0000 -50.1000
v 8.5500 8.0000 -50.1000
v 6.9500 8.0000 -50.1200
v 8.5500 8.0000 -50.1200
v 6.9500 8.1500 -50.1000
v 8.5500 8.1500 -50.1000
v 6.9500 8.1500 -50.1200
v 8.5500 8.1500 -50.1200
v 1.7300 10.4500 -74.2000
v 1.7500 10.4500 -74.2000
v 1.7300 10.4500 -75.8000
v 1.7500 10.4500 -75.8000
v 1.7300 10.6000 -74.2000
v 1.7500 10.6000 -74.2000
v 1.7300 10.6000 -75.8000
v 1.7500 10.6000 -75.8000
v 1.7300 8.0000 -74.2000
v 1.7500 8.0000 -74.2000
v 1.7300 8.0000 -75.8000
v 1.7500 8.0000 -75.8000
v 1.7300 8.1500 -74.2000
v 1.7500 8.1500 -74.2000
v 1.7300 8.1500 -75.8000
v 1.7500 8.1500 -75.8000
v 1.9500 10.4500 -74.2000
v 1.9700 10.4500 -74.2000
v 1.9500 10.4500 -75.8000
v 1.9700 10.4500 -75.8000
v 1.9500 10.6000 -74.2000
v 1.9700 10.6000 -74.2000
v 1.9500 10.6000 -75.8000
v 1.9700 10.6000 -75.8000
v 1.9500 8.0000 -74.2000
v 1.9700 8.0000 -74.2000
v 1.9500 8.0000 -75.8000
v 1.9700 8.0000 -75.8000
v 1.9500 8.1500 -74.2000
v 1.9700 8.1500 -74.2000
v 1.9500 8.1500 -75.8000
v 1.9700 8.1500 -75.8000
v -8.5500 10.2500 -69.8800
v -6.9500 10.2500 -69.8800
v -8.5500 10.2500 -69.9000
v -6.9500 10.2500 -69.9000
v -8.5500 10.4000 -69.8800
v -6.9500 10.4000 -69.8800
v -8.5500 10.4000 -69.9000
v -6.9500 10.4000 -69.9000
v -8.5500 8.0000 -69.8800
v -6.9500 8.0000 -69.8800
v -8.5500 8.0000 -69.9000
v -6.9500 8.0000 -69.9000
v -8.5500 8.1500 -69.8800
v -6.9500 8.1500 -69.8800
v -8.5500 8.1500 -69.9000
v -6.9500 8.1500 -69.9000
v -8.5500 10.2500 -70.1000
v -6.9500 10.2500 -70.1000
v -8.5500 10.2500 -70.1200
v -6.9500 10.2500 -70.1200
v -8.5500 10.4000 -70.1000
v -6.9500 10.4000 -70.1000
v -8.5500 10.4000 -70.1200
v -6.9500 10.4000 -70.1200
v -8.5500 8.0000 -70.1000
v -6.9500 8.0000 -70.1000
v -8.5500 8.0000 -70.1200
v -6.9500 8.0000 -70.1200
v -8.5500 8.1500 -70.1000
v -6.9500 8.1500 -70.1000
v -8.5500 8.1500 -70.1200
v -6.9500 8.1500 -70.1200
v 6.9500 10.2500 -69.8800
v 8.5500 10.2500 -69.8800
v 6.9500 10.2500 -69.9000
v 8.5500 10.2500 -69.9000
v 6.9500 10.4000 -69.8800
v 8.5500 10.4000 -69.8800
v 6.9500 10.4000 -69.9000
v 8.5500 10.4000 -69.9000
v 6.9500 8.0000 -69.8800
v 8.5500 8.0000 -69.8800
v 6.9500 8.0000 -69.9000
v 8.5500 8.0000 -69.9000
v 6.9500 8.1500 -69.8800
v 8.5500 8.1500 -69.8800
v 6.9500 8.1500 -69.9000
v 8.5500 8.1500 -69.9000
v 6.9500 10.2500 -70.1000
v 8.5500 10.2500 -70.1000
v 6.9500 10.2500 -70.1200
v 8.5500 10.2500 -70.1200
v 6.9500 10.4000 -70.1000
v 8.5500 10.4000 -70.1000
v 6.9500 10.4000 -70.1200
v 8.5500 10.4000 -70.1200
v 6.9500 8.0000 -70.1000
v 8.5500 8.0000 -70.1000
v 6.9500 8.0000 -70.1200
v 8.5500 8.0000 -70.1200
v 6.9500 8.1500 -70.1000
v 8.5500 8.1500 -70.1000
v 6.9500 8.1500 -70.1200
v 8.5500 8.1500 -70.1200
v -1.7500 0.0000 -11.4500
v -1.6300 0.0000 -11.4500
v -1.7500 0.0000 -11.6000
v -1.6300 0.0000 -11.6000
v -1.7500 2.7000 -11.4500
v -1.6300 2.7000 -11.4500
v -1.7500 2.7000 -11.6000
v -1.6300 2.7000 -11.6000
v -1.7500 0.0000 -13.4000
v -1.6300 0.0000 -13.4000
v -1.7500 0.0000 -13.5500
v -1.6300 0.0000 -13.5500
v -1.7500 2.7000 -13.4000
v -1.6300 2.7000 -13.4000
v -1.7500 2.7000 -13.5500
v -1.6300 2.7000 -13.5500
v -1.7500 4.0000 -11.4500
v -1.6300 4.0000 -11.4500
v -1.7500 4.0000 -11.6000
v -1.6300 4.0000 -11.6000
v -1.7500 6.7000 -11.4500
v -1.6300 6.7000 -11.4500
v -1.7500 6.7000 -11.6000
v -1.6300 6.7000 -11.6000
v -1.7500 4.0000 -13.4000
v -1.6300 4.0000 -13.4000
v -1.7500 4.0000 -13.5500
v -1.6300 4.0000 -13.5500
v -1.7500 6.7000 -13.4000
v -1.6300 6.7000 -13.4000
v -1.7500 6.7000 -13.5500
v -1.6300 6.7000 -13.5500
v -1.7500 8.0000 -11.4500
v -1.6300 8.0000 -11.4500
v -1.7500 8.0000 -11.6000
v -1.6300 8.0000 -11.6000
v -1.7500 10.7000 -11.4500
v -1.6300 10.7000 -11.4500
v -1.7500 10.7000 -11.6000
v -1.6300 10.7000 -11.6000
v -1.7500 8.0000 -13.4000
v -1.6300 8.0000 -13.4000
v -1.7500 8.0000 -13.5500
v -1.6300 8.0000 -13.5500
v -1.7500 10.7000 -13.4000
v -1.6300 10.7000 -13.4000
v -1.7500 10.7000 -13.5500
v -1.6300 10.7000 -13.5500
v -10.9000 -0.0500 -23.0500
v -10.4500 -0.0500 -23.0500
v -10.9000 -0.0500 -23.4000
v -10.4500 -0.0500 -23.4000
v -10.9000 3.6500 -23.0500
v -10.4500 3.6500 -23.0500
v -10.9000 3.6500 -23.4000
v -10.4500 3.6500 -23.4000
v -10.9000 -0.0500 -26.6000
v -10.4500 -0.0500 -26.6000
v -10.9000 -0.0500 -26.9500
v -10.4500 -0.0500 -26.9500
v -10.9000 3.6500 -26.6000
v -10.4500 3.6500 -26.6000
v -10.9000 3.6500 -26.9500
v -10.4500 3.6500 -26.9500
v -10.9000 3.3000 -23.4000
v -10.4500 3.3000 -23.4000
v -10.9000 3.3000 -26.6000
v -10.4500 3.3000 -26.6000
v -10.9000 3.6500 -23.4000
v -10.4500 3.6500 -23.4000
v -10.9000 3.6500 -26.6000
v -10.4500 3.6500 -26.6000
v -10.9000 -0.0500 -23.4000
v -10.4500 -0.0500 -23.4000
v -10.9000 -0.0500 -26.6000
v -10.4500 -0.0500 -26.6000
v -10.9000 0.3000 -23.4000
v -10.4500 0.3000 -23.4000
v -10.9000 0.3000 -26.6000
v -10.4500 0.3000 -26.6000
v 10.4500 -0.0500 -33.0500
v 10.9000 -0.0500 -33.0500
v 10.4500 -0.0500 -33.4000
v 10.9000 -0.0500 -33.4000
v 10.4500 3.6500 -33.0500
v 10.9000 3.6500 -33.0500
v 10.4500 3.6500 -33.4000
v 10.9000 3.6500 -33.4000
v 10.4500 -0.0500 -36.6000
v 10.9000 -0.0500 -36.6000
v 10.4500 -0.0500 -36.9500
v 10.9000 -0.0500 -36.9500
v 10.4500 3.6500 -36.6000
v 10.9000 3.6500 -36.6000
v 10.4500 3.6500 -36.9500
v 10.9000 3.6500 -36.9500
v 10.4500 3.3000 -33.4000
v 10.9000 3.3000 -33.4000
v 10.4500 3.3000 -36.6000
v 10.9000 3.3000 -36.6000
v 10.4500 3.6500 -33.4000
v 10.9000 3.6500 -33.4000
v 10.4500 3.6500 -36.6000
v 10.9000 3.6500 -36.6000
v 10.4500 -0.0500 -33.4000
v 10.9000 -0.0500 -33.4000
v 10.4500 -0.0500 -36.6000
v 10.9000 -0.0500 -36.6000
v 10.4500 0.3000 -33.4000
v 10.9000 0.3000 -33.4000
v 10.4500 0.3000 -36.6000
v 10.9000 0.3000 -36.6000
v -10.9000 3.9500 6.9500
v -10.4500 3.9500 6.9500
v -10.9000 3.9500 6.6000
v -10.4500 3.9500 6.6000
v -10.9000 7.6500 6.9500
v -10.4500 7.6500 6.9500
v -10.9000 7.6500 6.6000
v -10.4500 7.6500 6.6000
v -10.9000 3.9500 3.4000
v -10.4500 3.9500 3.4000
v -10.9000 3.9500 3.0500
v -10.4500 3.9500 3.0500
v -10.9000 7.6500 3.4000
v -10.4500 7.6500 3.4000
v -10.9000 7.6500 3.0500
v -10.4500 7.6500 3.0500
v -10.9000 7.3000 6.6000
v -10.4500 7.3000 6.6000
v -10.9000 7.3000 3.4000
v -10.4500 7.3000 3.4000
v -10.9000 7.6500 6.6000
v -10.4500 7.6500 6.6000
v -10.9000 7.6500 3.4000
v -10.4500 7.6500 3.4000
v -10.9000 3.9500 6.6000
v -10.4500 3.9500 6.6000
v -10.9000 3.9500 3.4000
v -10.4500 3.9500 3.4000
v -10.9000 4.3000 6.6000
v -10.4500 4.3000 6.6000
v -10.9000 4.3000 3.4000
v -10.4500 4.3000 3.4000
v -10.9000 3.9500 -83.0500
v -10.4500 3.9500 -83.0500
v -10.9000 3.9500 -83.4000
v -10.4500 3.9500 -83.4000
v -10.9000 7.6500 -83.0500
v -10.4500 7.6500 -83.0500
v -10.9000 7.6500 -83.4000
v -10.4500 7.6500 -83.4000
v -10.9000 3.9500 -86.6000
v -10.4500 3.9500 -86.6000
v -10.9000 3.9500 -86.9500
v -10.4500 3.9500 -86.9500
v -10.9000 7.6500 -86.6000
v -10.4500 7.6500 -86.6000
v -10.9000 7.6500 -86.9500
v -10.4500 7.6500 -86.9500
v -10.9000 7.3000 -83.4000
v -10.4500 7.3000 -83.4000
v -10.9000 7.3000 -86.6000
v -10.4500 7.3000 -86.6000
v -10.9000 7.6500 -83.4000
v -10.4500 7.6500 -83.4000
v -10.9000 7.6500 -86.6000
v -10.4500 7.6500 -86.6000
v -10.9000 3.9500 -83.4000
v -10.4500 3.9500 -83.4000
v -10.9000 3.9500 -86.6000
v -10.4500 3.9500 -86.6000
v -10.9000 4.3000 -83.4000
v -10.4500 4.3000 -83.4000
v -10.9000 4.3000 -86.6000
v -10.4500 4.3000 -86.6000
v 10.4500 7.9500 -43.0500
v 10.9000 7.9500 -43.0500
v 10.4500 7.9500 -43.4000
v 10.9000 7.9500 -43.4000
v 10.4500 11.6500 -43.0500
v 10.9000 11.6500 -43.0500
v 10.4500 11.6500 -43.4000
v 10.9000 11.6500 -43.4000
v 10.4500 7.9500 -46.6000
v 10.9000 7.9500 -46.6000
v 10.4500 7.9500 -46.9500
v 10.9000 7.9500 -46.9500
v 10.4500 11.6500 -46.6000
v 10.9000 11.6500 -46.6000
v 10.4500 11.6500 -46.9500
v 10.9000 11.6500 -46.9500
v 10.4500 11.3000 -43.4000
v 10.9000 11.3000 -43.4000
v 10.4500 11.3000 -46.6000
v 10.9000 11.3000 -46.6000
v 10.4500 11.6500 -43.4000
v 10.9000 11.6500 -43.4000
v 10.4500 11.6500 -46.6000
v 10.9000 11.6500 -46.6000
v 10.4500 7.9500 -43.4000
v 10.9000 7.9500 -43.4000
v 10.4500 7.9500 -46.6000
v 10.9000 7.9500 -46.6000
v 10.4500 8.3000 -43.4000
v 10.9000 8.3000 -43.4000
v 10.4500 8.3000 -46.6000
v 10.9000 8.3000 -46.6000
v -10.9000 7.9500 -63.0500
v -10.4500 7.9500 -63.0500
v -10.9000 7.9500 -63.4000
v -10.4500 7.9500 -63.4000
v -10.9000 11.6500 -63.0500
v -10.4500 11.6500 -63.0500
v -10.9000 11.6500 -63.4000
v -10.4500 11.6500 -63.4000
v -10.9000 7.9500 -66.6000
v -10.4500 7.9500 -66.6000
v -10.9000 7.9500 -66.9500
v -10.4500 7.9500 -66.9500
v -10.9000 11.6500 -66.6000
v -10.4500 11.6500 -66.6000
v -10.9000 11.6500 -66.9500
v -10.4500 11.6500 -66.9500
v -10.9000 11.3000 -63.4000
v -10.4500 11.3000 -63.4000
v -10.9000 11.3000 -66.6000
v -10.4500 11.3000 -66.6000
v -10.9000 11.6500 -63.4000
v -10.4500 11.6500 -63.4000
v -10.9000 11.6500 -66.6000
v -10.4500 11.6500 -66.6000
v -10.9000 7.9500 -63.4000
v -10.4500 7.9500 -63.4000
v -10.9000 7.9500 -66.6000
v -10.4500 7.9500 -66.6000
v -10.9000 8.3000 -63.4000
v -10.4500 8.3000 -63.4000
v -10.9000 8.3000 -66.6000
v -10.4500 8.3000 -66.6000
v -3.0000 0.0000 78.0000
v 3.0000 0.0000 78.0000
v -3.0000 0.0000 77.8000
v 3.0000 0.0000 77.8000
v -3.0000 0.0200 78.0000
v 3.0000 0.0200 78.0000
v -3.0000 0.0200 77.8000
v 3.0000 0.0200 77.8000
v -3.0000 0.0000 72.2000
v 3.0000 0.0000 72.2000
v -3.0000 0.0000 72.0000
v 3.0000 0.0000 72.0000
v -3.0000 0.0200 72.2000
v 3.0000 0.0200 72.2000
v -3.0000 0.0200 72.0000
v 3.0000 0.0200 72.0000
v -3.0000 0.0000 77.8000
v -2.8000 0.0000 77.8000
v -3.0000 0.0000 72.2000
v -2.8000 0.0000 72.2000
v -3.0000 0.0200 77.8000
v -2.8000 0.0200 77.8000
v -3.0000 0.0200 72.2000
v -2.8000 0.0200 72.2000
v 2.8000 0.0000 77.8000
v 3.0000 0.0000 77.8000
v 2.8000 0.0000 72.2000
v 3.0000 0.0000 72.2000
v 2.8000 0.0200 77.8000
v 3.0000 0.0200 77.8000
v 2.8000 0.0200 72.2000
v 3.0000 0.0200 72.2000
v -3.0000 0.0000 68.0000
v 3.0000 0.0000 68.0000
v -3.0000 0.0000 67.8000
v 3.0000 0.0000 67.8000
v -3.0000 0.0200 68.0000
v 3.0000 0.0200 68.0000
v -3.0000 0.0200 67.8000
v 3.0000 0.0200 67.8000
v -3.0000 0.0000 62.2000
v 3.0000 0.0000 62.2000
v -3.0000 0.0000 62.0000
v 3.0000 0.0000 62.0000
v -3.0000 0.0200 62.2000
v 3.0000 0.0200 62.2000
v -3.0000 0.0200 62.0000
v 3.0000 0.0200 62.0000
v -3.0000 0.0000 67.8000
v -2.8000 0.0000 67.8000
v -3.0000 0.0000 62.2000
v -2.8000 0.0000 62.2000
v -3.0000 0.0200 67.8000
v -2.8000 0.0200 67.8000
v -3.0000 0.0200 62.2000
v -2.8000 0.0200 62.2000
v 2.8000 0.0000 67.8000
v 3.0000 0.0000 67.8000
v 2.8000 0.0000 62.2000
v 3.0000 0.0000 62.2000
v 2.8000 0.0200 67.8000
v 3.0000 0.0200 67.8000
v 2.8000 0.0200 62.2000
v 3.0000 0.0200 62.2000
v -3.0000 0.0000 58.0000
v 3.0000 0.0000 58.0000
v -3.0000 0.0000 57.8000
v 3.0000 0.0000 57.8000
v -3.0000 0.0200 58.0000
v 3.0000 0.0200 58.0000
v -3.0000 0.0200 57.8000
v 3.0000 0.0200 57.8000
v -3.0000 0.0000 52.2000
v 3.0000 0.0000 52.2000
v -3.0000 0.0000 52.0000
v 3.0000 0.0000 52.0000
v -3.0000 0.0200 52.2000
v 3.0000 0.0200 52.2000
v -3.0000 0.0200 52.0000
v 3.0000 0.0200 52.0000
v -3.0000 0.0000 57.8000
v -2.8000 0.0000 57.8000
v -3.0000 0.0000 52.2000
v -2.8000 0.0000 52.2000
v -3.0000 0.0200 57.8000
v -2.8000 0.0200 57.8000
v -3.0000 0.0200 52.2000
v -2.8000 0.0200 52.2000
v 2.8000 0.0000 57.8000
v 3.0000 0.0000 57.8000
v 2.8000 0.0000 52.2000
v 3.0000 0.0000 52.2000
v 2.8000 0.0200 57.8000
v 3.0000 0.0200 57.8000
v 2.8000 0.0200 52.2000
v 3.0000 0.0200 52.2000
v 10.4500 -0.3000 49.2000
v 11.0000 -0.3000 49.2000
v 10.4500 -0.3000 10.8000
v 11.0000 -0.3000 10.8000
v 10.4500 0.2000 49.2000
v 11.0000 0.2000 49.2000
v 10.4500 0.2000 10.8000
v 11.0000 0.2000 10.8000
v -5.2000 0.0000 48.2000
v 5.2000 0.0000 48.2000
v -5.2000 0.0000 48.0000
v 5.2000 0.0000 48.0000
v -5.2000 0.0200 48.2000
v 5.2000 0.0200 48.2000
v -5.2000 0.0200 48.0000
v 5.2000 0.0200 48.0000
v -5.2000 0.0000 42.0000
v 5.2000 0.0000 42.0000
v -5.2000 0.0000 41.8000
v 5.2000 0.0000 41.8000
v -5.2000 0.0200 42.0000
v 5.2000 0.0200 42.0000
v -5.2000 0.0200 41.8000
v 5.2000 0.0200 41.8000
v -5.2000 0.0000 48.2000
v -5.0000 0.0000 48.2000
v -5.2000 0.0000 41.8000
v -5.0000 0.0000 41.8000
v -5.2000 0.0200 48.2000
v -5.0000 0.0200 48.2000
v -5.2000 0.0200 41.8000
v -5.0000 0.0200 41.8000
v 5.0000 0.0000 48.2000
v 5.2000 0.0000 48.2000
v 5.0000 0.0000 41.8000
v 5.2000 0.0000 41.8000
v 5.0000 0.0200 48.2000
v 5.2000 0.0200 48.2000
v 5.0000 0.0200 41.8000
v 5.2000 0.0200 41.8000
v -5.2000 0.0000 38.2000
v 5.2000 0.0000 38.2000
v -5.2000 0.0000 38.0000
v 5.2000 0.0000 38.0000
v -5.2000 0.0200 38.2000
v 5.2000 0.0200 38.2000
v -5.2000 0.0200 38.0000
v 5.2000 0.0200 38.0000
v -5.2000 0.0000 32.0000
v 5.2000 0.0000 32.0000
v -5.2000 0.0000 31.8000
v 5.2000 0.0000 31.8000
v -5.2000 0.0200 32.0000
v 5.2000 0.0200 32.0000
v -5.2000 0.0200 31.8000
v 5.2000 0.0200 31.8000
v -5.2000 0.0000 38.2000
v -5.0000 0.0000 38.2000
v -5.2000 0.0000 31.8000
v -5.0000 0.0000 31.8000
v -5.2000 0.0200 38.2000
v -5.0000 0.0200 38.2000
v -5.2000 0.0200 31.8000
v -5.0000 0.0200 31.8000
v 5.0000 0.0000 38.2000
v 5.2000 0.0000 38.2000
v 5.0000 0.0000 31.8000
v 5.2000 0.0000 31.8000
v 5.0000 0.0200 38.2000
v 5.2000 0.0200 38.2000
v 5.0000 0.0200 31.8000
v 5.2000 0.0200 31.8000
v -5.2000 0.0000 28.2000
v 5.2000 0.0000 28.2000
v -5.2000 0.0000 28.0000
v 5.2000 0.0000 28.0000
v -5.2000 0.0200 28.2000
v 5.2000 0.0200 28.2000
v -5.2000 0.0200 28.0000
v 5.2000 0.0200 28.0000
v -5.2000 0.0000 22.0000
v 5.2000 0.0000 22.0000
v -5.2000 0.0000 21.8000
v 5.2000 0.0000 21.8000
v -5.2000 0.0200 22.0000
v 5.2000 0.0200 22.0000
v -5.2000 0.0200 21.8000
v 5.2000 0.0200 21.8000
v -5.2000 0.0000 28.2000
v -5.0000 0.0000 28.2000
v -5.2000 0.0000 21.8000
v -5.0000 0.0000 21.8000
v -5.2000 0.0200 28.2000
v -5.0000 0.0200 28.2000
v -5.2000 0.0200 21.8000
v -5.0000 0.0200 21.8000
v 5.0000 0.0000 28.2000
v 5.2000 0.0000 28.2000
v 5.0000 0.0000 21.8000
v 5.2000 0.0000 21.8000
v 5.0000 0.0200 28.2000
v 5.2000 0.0200 28.2000
v 5.0000 0.0200 21.8000
v 5.2000 0.0200 21.8000
v -5.2000 0.0000 18.2000
v 5.2000 0.0000 18.2000
v -5.2000 0.0000 18.0000
v 5.2000 0.0000 18.0000
v -5.2000 0.0200 18.2000
v 5.2000 0.0200 18.2000
v -5.2000 0.0200 18.0000
v 5.2000 0.0200 18.0000
v -5.2000 0.0000 12.0000
v 5.2000 0.0000 12.0000
v -5.2000 0.0000 11.8000
v 5.2000 0.0000 11.8000
v -5.2000 0.0200 12.0000
v 5.2000 0.0200 12.0000
v -5.2000 0.0200 11.8000
v 5.2000 0.0200 11.8000
v -5.2000 0.0000 18.2000
v -5.0000 0.0000 18.2000
v -5.2000 0.0000 11.8000
v -5.0000 0.0000 11.8000
v -5.2000 0.0200 18.2000
v -5.0000 0.0200 18.2000
v -5.2000 0.0200 11.8000
v -5.0000 0.0200 11.8000
v 5.0000 0.0000 18.2000
v 5.2000 0.0000 18.2000
v 5.0000 0.0000 11.8000
v 5.2000 0.0000 11.8000
v 5.0000 0.0200 18.2000
v 5.2000 0.0200 18.2000
v 5.0000 0.0200 11.8000
v 5.2000 0.0200 11.8000
v 9.8000 0.0000 -11.7000
v 9.9500 0.0000 -11.7000
v 9.8000 0.0000 -11.9000
v 9.9500 0.0000 -11.9000
v 9.8000 2.4000 -11.7000
v 9.9500 2.4000 -11.7000
v 9.8000 2.4000 -11.9000
v 9.9500 2.4000 -11.9000
v 9.8000 0.0000 -13.3000
v 9.9500 0.0000 -13.3000
v 9.8000 0.0000 -13.5000
v 9.9500 0.0000 -13.5000
v 9.8000 2.4000 -13.3000
v 9.9500 2.4000 -13.3000
v 9.8000 2.4000 -13.5000
v 9.9500 2.4000 -13.5000
v 9.8000 2.2000 -11.7000
v 9.9500 2.2000 -11.7000
v 9.8000 2.2000 -13.5000
v 9.9500 2.2000 -13.5000
v 9.8000 2.4000 -11.7000
v 9.9500 2.4000 -11.7000
v 9.8000 2.4000 -13.5000
v 9.9500 2.4000 -13.5000
v 9.8000 0.0000 -16.5000
v 9.9500 0.0000 -16.5000
v 9.8000 0.0000 -16.7000
v 9.9500 0.0000 -16.7000
v 9.8000 2.4000 -16.5000
v 9.9500 2.4000 -16.5000
v 9.8000 2.4000 -16.7000
v 9.9500 2.4000 -16.7000
v 9.8000 0.0000 -18.1000
v 9.9500 0.0000 -18.1000
v 9.8000 0.0000 -18.3000
v 9.9500 0.0000 -18.3000
v 9.8000 2.4000 -18.1000
v 9.9500 2.4000 -18.1000
v 9.8000 2.4000 -18.3000
v 9.9500 2.4000 -18.3000
v 9.8000 2.2000 -16.5000
v 9.9500 2.2000 -16.5000
v 9.8000 2.2000 -18.3000
v 9.9500 2.2000 -18.3000
v 9.8000 2.4000 -16.5000
v 9.9500 2.4000 -16.5000
v 9.8000 2.4000 -18.3000
v 9.9500 2.4000 -18.3000
v -9.9500 4.0000 -21.7000
v -9.8000 4.0000 -21.7000
v -9.9500 4.0000 -21.9000
v -9.8000 4.0000 -21.9000
v -9.9500 6.4000 -21.7000
v -9.8000 6.4000 -21.7000
v -9.9500 6.4000 -21.9000
v -9.8000 6.4000 -21.9000
v -9.9500 4.0000 -23.3000
v -9.8000 4.0000 -23.3000
v -9.9500 4.0000 -23.5000
v -9.8000 4.0000 -23.5000
v -9.9500 6.4000 -23.3000
v -9.8000 6.4000 -23.3000
v -9.9500 6.4000 -23.5000
v -9.8000 6.4000 -23.5000
v -9.9500 6.2000 -21.7000
v -9.8000 6.2000 -21.7000
v -9.9500 6.2000 -23.5000
v -9.8000 6.2000 -23.5000
v -9.9500 6.4000 -21.7000
v -9.8000 6.4000 -21.7000
v -9.9500 6.4000 -23.5000
v -9.8000 6.4000 -23.5000
v -9.9500 4.0000 -26.5000
v -9.8000 4.0000 -26.5000
v -9.9500 4.0000 -26.7000
v -9.8000 4.0000 -26.7000
v -9.9500 6.4000 -26.5000
v -9.8000 6.4000 -26.5000
v -9.9500 6.4000 -26.7000
v -9.8000 6.4000 -26.7000
v -9.9500 4.0000 -28.1000
v -9.8000 4.0000 -28.1000
v -9.9500 4.0000 -28.3000
v -9.8000 4.0000 -28.3000
v -9.9500 6.4000 -28.1000
v -9.8000 6.4000 -28.1000
v -9.9500 6.4000 -28.3000
v -9.8000 6.4000 -28.3000
v -9.9500 6.2000 -26.5000
v -9.8000 6.2000 -26.5000
v -9.9500 6.2000 -28.3000
v -9.8000 6.2000 -28.3000
v -9.9500 6.4000 -26.5000
v -9.8000 6.4000 -26.5000
v -9.9500 6.4000 -28.3000
v -9.8000 6.4000 -28.3000
v -9.9500 8.0000 28.3000
v -9.8000 8.0000 28.3000
v -9.9500 8.0000 28.1000
v -9.8000 8.0000 28.1000
v -9.9500 10.4000 28.3000
v -9.8000 10.4000 28.3000
v -9.9500 10.4000 28.1000
v -9.8000 10.4000 28.1000
v -9.9500 8.0000 26.7000
v -9.8000 8.0000 26.7000
v -9.9500 8.0000 26.5000
v -9.8000 8.0000 26.5000
v -9.9500 10.4000 26.7000
v -9.8000 10.4000 26.7000
v -9.9500 10.4000 26.5000
v -9.8000 10.4000 26.5000
v -9.9500 10.2000 28.3000
v -9.8000 10.2000 28.3000
v -9.9500 10.2000 26.5000
v -9.8000 10.2000 26.5000
v -9.9500 10.4000 28.3000
v -9.8000 10.4000 28.3000
v -9.9500 10.4000 26.5000
v -9.8000 10.4000 26.5000
v -9.9500 8.0000 23.5000
v -9.8000 8.0000 23.5000
v -9.9500 8.0000 23.3000
v -9.8000 8.0000 23.3000
v -9.9500 10.4000 23.5000
v -9.8000 10.4000 23.5000
v -9.9500 10.4000 23.3000
v -9.8000 10.4000 23.3000
v -9.9500 8.0000 21.9000
v -9.8000 8.0000 21.9000
v -9.9500 8.0000 21.7000
v -9.8000 8.0000 21.7000
v -9.9500 10.4000 21.9000
v -9.8000 10.4000 21.9000
v -9.9500 10.4000 21.7000
v -9.8000 10.4000 21.7000
v -9.9500 10.2000 23.5000
v -9.8000 10.2000 23.5000
v -9.9500 10.2000 21.7000
v -9.8000 10.2000 21.7000
v -9.9500 10.4000 23.5000
v -9.8000 10.4000 23.5000
v -9.9500 10.4000 21.7000
v -9.8000 10.4000 21.7000
v -5.6000 15.9000 17.4000
v -5.2000 15.9000 17.4000
v -5.6000 15.9000 -17.4000
v -5.2000 15.9000 -17.4000
v -5.6000 15.9400 17.4000
v -5.2000 15.9400 17.4000
v -5.6000 15.9400 -17.4000
v -5.2000 15.9400 -17.4000
v -2.0000 15.9000 17.4000
v -1.6000 15.9000 17.4000
v -2.0000 15.9000 -17.4000
v -1.6000 15.9000 -17.4000
v -2.0000 15.9400 17.4000
v -1.6000 15.9400 17.4000
v -2.0000 15.9400 -17.4000
v -1.6000 15.9400 -17.4000
v 1.6000 15.9000 17.4000
v 2.0000 15.9000 17.4000
v 1.6000 15.9000 -17.4000
v 2.0000 15.9000 -17.4000
v 1.6000 15.9400 17.4000
v 2.0000 15.9400 17.4000
v 1.6000 15.9400 -17.4000
v 2.0000 15.9400 -17.4000
v 5.2000 15.9000 17.4000
v 5.6000 15.9000 17.4000
v 5.2000 15.9000 -17.4000
v 5.6000 15.9000 -17.4000
v 5.2000 15.9400 17.4000
v 5.6000 15.9400 17.4000
v 5.2000 15.9400 -17.4000
v 5.6000 15.9400 -17.4000
f 6877 6879 6875 6873
f 6874 6876 6880 6878
f 6873 6874 6878 6877
f 6879 6880 6876 6875
f 6875 6876 6874 6873
f 6877 6878 6880 6879
f 6885 6887 6883 6881
f 6882 6884 6888 6886
f 6881 6882 6886 6885
f 6887 6888 6884 6883
f 6883 6884 6882 6881
f 6885 6886 6888 6887
f 6893 6895 6891 6889
f 6890 6892 6896 6894
f 6889 6890 6894 6893
f 6895 6896 6892 6891
f 6891 6892 6890 6889
f 6893 6894 6896 6895
f 6901 6903 6899 6897
f 6898 6900 6904 6902
f 6897 6898 6902 6901
f 6903 6904 6900 6899
f 6899 6900 6898 6897
f 6901 6902 6904 6903
f 6909 6911 6907 6905
f 6906 6908 6912 6910
f 6905 6906 6910 6909
f 6911 6912 6908 6907
f 6907 6908 6906 6905
f 6909 6910 6912 6911
f 6917 6919 6915 6913
f 6914 6916 6920 6918
f 6913 6914 6918 6917
f 6919 6920 6916 6915
f 6915 6916 6914 6913
f 6917 6918 6920 6919
f 6925 6927 6923 6921
f 6922 6924 6928 6926
f 6921 6922 6926 6925
f 6927 6928 6924 6923
f 6923 6924 6922 6921
f 6925 6926 6928 6927
f 6933 6935 6931 6929
f 6930 6932 6936 6934
f 6929 6930 6934 6933
f 6935 6936 6932 6931
f 6931 6932 6930 6929
f 6933 6934 6936 6935
f 6941 6943 6939 6937
f 6938 6940 6944 6942
f 6937 6938 6942 6941
f 6943 6944 6940 6939
f 6939 6940 6938 6937
f 6941 6942 6944 6943
f 6949 6951 6947 6945
f 6946 6948 6952 6950
f 6945 6946 6950 6949
f 6951 6952 6948 6947
f 6947 6948 6946 6945
f 6949 6950 6952 6951
f 6957 6959 6955 6953
f 6954 6956 6960 6958
f 6953 6954 6958 6957
f 6959 6960 6956 6955
f 6955 6956 6954 6953
f 6957 6958 6960 6959
f 6965 6967 6963 6961
f 6962 6964 6968 6966
f 6961 6962 6966 6965
f 6967 6968 6964 6963
f 6963 6964 6962 6961
f 6965 6966 6968 6967
f 6973 6975 6971 6969
f 6970 6972 6976 6974
f 6969 6970 6974 6973
f 6975 6976 6972 6971
f 6971 6972 6970 6969
f 6973 6974 6976 6975
f 6981 6983 6979 6977
f 6978 6980 6984 6982
f 6977 6978 6982 6981
f 6983 6984 6980 6979
f 6979 6980 6978 6977
f 6981 6982 6984 6983
f 6989 6991 6987 6985
f 6986 6988 6992 6990
f 6985 6986 6990 6989
f 6991 6992 6988 6987
f 6987 6988 6986 6985
f 6989 6990 6992 6991
f 6997 6999 6995 6993
f 6994 6996 7000 6998
f 6993 6994 6998 6997
f 6999 7000 6996 6995
f 6995 6996 6994 6993
f 6997 6998 7000 6999
f 7005 7007 7003 7001
f 7002 7004 7008 7006
f 7001 7002 7006 7005
f 7007 7008 7004 7003
f 7003 7004 7002 7001
f 7005 7006 7008 7007
f 7013 7015 7011 7009
f 7010 7012 7016 7014
f 7009 7010 7014 7013
f 7015 7016 7012 7011
f 7011 7012 7010 7009
f 7013 7014 7016 7015
f 7021 7023 7019 7017
f 7018 7020 7024 7022
f 7017 7018 7022 7021
f 7023 7024 7020 7019
f 7019 7020 7018 7017
f 7021 7022 7024 7023
f 7029 7031 7027 7025
f 7026 7028 7032 7030
f 7025 7026 7030 7029
f 7031 7032 7028 7027
f 7027 7028 7026 7025
f 7029 7030 7032 7031
f 7037 7039 7035 7033
f 7034 7036 7040 7038
f 7033 7034 7038 7037
f 7039 7040 7036 7035
f 7035 7036 7034 7033
f 7037 7038 7040 7039
f 7045 7047 7043 7041
f 7042 7044 7048 7046
f 7041 7042 7046 7045
f 7047 7048 7044 7043
f 7043 7044 7042 7041
f 7045 7046 7048 7047
f 7053 7055 7051 7049
f 7050 7052 7056 7054
f 7049 7050 7054 7053
f 7055 7056 7052 7051
f 7051 7052 7050 7049
f 7053 7054 7056 7055
f 7061 7063 7059 7057
f 7058 7060 7064 7062
f 7057 7058 7062 7061
f 7063 7064 7060 7059
f 7059 7060 7058 7057
f 7061 7062 7064 7063
f 7069 7071 7067 7065
f 7066 7068 7072 7070
f 7065 7066 7070 7069
f 7071 7072 7068 7067
f 7067 7068 7066 7065
f 7069 7070 7072 7071
f 7077 7079 7075 7073
f 7074 7076 7080 7078
f 7073 7074 7078 7077
f 7079 7080 7076 7075
f 7075 7076 7074 7073
f 7077 7078 7080 7079
f 7085 7087 7083 7081
f 7082 7084 7088 7086
f 7081 7082 7086 7085
f 7087 7088 7084 7083
f 7083 7084 7082 7081
f 7085 7086 7088 7087
f 7093 7095 7091 7089
f 7090 7092 7096 7094
f 7089 7090 7094 7093
f 7095 7096 7092 7091
f 7091 7092 7090 7089
f 7093 7094 7096 7095
f 7101 7103 7099 7097
f 7098 7100 7104 7102
f 7097 7098 7102 7101
f 7103 7104 7100 7099
f 7099 7100 7098 7097
f 7101 7102 7104 7103
f 7109 7111 7107 7105
f 7106 7108 7112 7110
f 7105 7106 7110 7109
f 7111 7112 7108 7107
f 7107 7108 7106 7105
f 7109 7110 7112 7111
f 7117 7119 7115 7113
f 7114 7116 7120 7118
f 7113 7114 7118 7117
f 7119 7120 7116 7115
f 7115 7116 7114 7113
f 7117 7118 7120 7119
f 7125 7127 7123 7121
f 7122 7124 7128 7126
f 7121 7122 7126 7125
f 7127 7128 7124 7123
f 7123 7124 7122 7121
f 7125 7126 7128 7127
f 7133 7135 7131 7129
f 7130 7132 7136 7134
f 7129 7130 7134 7133
f 7135 7136 7132 7131
f 7131 7132 7130 7129
f 7133 7134 7136 7135
f 7141 7143 7139 7137
f 7138 7140 7144 7142
f 7137 7138 7142 7141
f 7143 7144 7140 7139
f 7139 7140 7138 7137
f 7141 7142 7144 7143
f 7149 7151 7147 7145
f 7146 7148 7152 7150
f 7145 7146 7150 7149
f 7151 7152 7148 7147
f 7147 7148 7146 7145
f 7149 7150 7152 7151
f 7157 7159 7155 7153
f 7154 7156 7160 7158
f 7153 7154 7158 7157
f 7159 7160 7156 7155
f 7155 7156 7154 7153
f 7157 7158 7160 7159
f 7165 7167 7163 7161
f 7162 7164 7168 7166
f 7161 7162 7166 7165
f 7167 7168 7164 7163
f 7163 7164 7162 7161
f 7165 7166 7168 7167
f 7173 7175 7171 7169
f 7170 7172 7176 7174
f 7169 7170 7174 7173
f 7175 7176 7172 7171
f 7171 7172 7170 7169
f 7173 7174 7176 7175
f 7181 7183 7179 7177
f 7178 7180 7184 7182
f 7177 7178 7182 7181
f 7183 7184 7180 7179
f 7179 7180 7178 7177
f 7181 7182 7184 7183
f 7189 7191 7187 7185
f 7186 7188 7192 7190
f 7185 7186 7190 7189
f 7191 7192 7188 7187
f 7187 7188 7186 7185
f 7189 7190 7192 7191
f 7197 7199 7195 7193
f 7194 7196 7200 7198
f 7193 7194 7198 7197
f 7199 7200 7196 7195
f 7195 7196 7194 7193
f 7197 7198 7200 7199
f 7205 7207 7203 7201
f 7202 7204 7208 7206
f 7201 7202 7206 7205
f 7207 7208 7204 7203
f 7203 7204 7202 7201
f 7205 7206 7208 7207
f 7213 7215 7211 7209
f 7210 7212 7216 7214
f 7209 7210 7214 7213
f 7215 7216 7212 7211
f 7211 7212 7210 7209
f 7213 7214 7216 7215
f 7221 7223 7219 7217
f 7218 7220 7224 7222
f 7217 7218 7222 7221
f 7223 7224 7220 7219
f 7219 7220 7218 7217
f 7221 7222 7224 7223
f 7229 7231 7227 7225
f 7226 7228 7232 7230
f 7225 7226 7230 7229
f 7231 7232 7228 7227
f 7227 7228 7226 7225
f 7229 7230 7232 7231
f 7237 7239 7235 7233
f 7234 7236 7240 7238
f 7233 7234 7238 7237
f 7239 7240 7236 7235
f 7235 7236 7234 7233
f 7237 7238 7240 7239
f 7245 7247 7243 7241
f 7242 7244 7248 7246
f 7241 7242 7246 7245
f 7247 7248 7244 7243
f 7243 7244 7242 7241
f 7245 7246 7248 7247
f 7253 7255 7251 7249
f 7250 7252 7256 7254
f 7249 7250 7254 7253
f 7255 7256 7252 7251
f 7251 7252 7250 7249
f 7253 7254 7256 7255
f 7261 7263 7259 7257
f 7258 7260 7264 7262
f 7257 7258 7262 7261
f 7263 7264 7260 7259
f 7259 7260 7258 7257
f 7261 7262 7264 7263
f 7269 7271 7267 7265
f 7266 7268 7272 7270
f 7265 7266 7270 7269
f 7271 7272 7268 7267
f 7267 7268 7266 7265
f 7269 7270 7272 7271
f 7277 7279 7275 7273
f 7274 7276 7280 7278
f 7273 7274 7278 7277
f 7279 7280 7276 7275
f 7275 7276 7274 7273
f 7277 7278 7280 7279
f 7285 7287 7283 7281
f 7282 7284 7288 7286
f 7281 7282 7286 7285
f 7287 7288 7284 7283
f 7283 7284 7282 7281
f 7285 7286 7288 7287
f 7293 7295 7291 7289
f 7290 7292 7296 7294
f 7289 7290 7294 7293
f 7295 7296 7292 7291
f 7291 7292 7290 7289
f 7293 7294 7296 7295
f 7301 7303 7299 7297
f 7298 7300 7304 7302
f 7297 7298 7302 7301
f 7303 7304 7300 7299
f 7299 7300 7298 7297
f 7301 7302 7304 7303
f 7309 7311 7307 7305
f 7306 7308 7312 7310
f 7305 7306 7310 7309
f 7311 7312 7308 7307
f 7307 7308 7306 7305
f 7309 7310 7312 7311
f 7317 7319 7315 7313
f 7314 7316 7320 7318
f 7313 7314 7318 7317
f 7319 7320 7316 7315
f 7315 7316 7314 7313
f 7317 7318 7320 7319
f 7325 7327 7323 7321
f 7322 7324 7328 7326
f 7321 7322 7326 7325
f 7327 7328 7324 7323
f 7323 7324 7322 7321
f 7325 7326 7328 7327
f 7333 7335 7331 7329
f 7330 7332 7336 7334
f 7329 7330 7334 7333
f 7335 7336 7332 7331
f 7331 7332 7330 7329
f 7333 7334 7336 7335
f 7341 7343 7339 7337
f 7338 7340 7344 7342
f 7337 7338 7342 7341
f 7343 7344 7340 7339
f 7339 7340 7338 7337
f 7341 7342 7344 7343
f 7349 7351 7347 7345
f 7346 7348 7352 7350
f 7345 7346 7350 7349
f 7351 7352 7348 7347
f 7347 7348 7346 7345
f 7349 7350 7352 7351
f 7357 7359 7355 7353
f 7354 7356 7360 7358
f 7353 7354 7358 7357
f 7359 7360 7356 7355
f 7355 7356 7354 7353
f 7357 7358 7360 7359
f 7365 7367 7363 7361
f 7362 7364 7368 7366
f 7361 7362 7366 7365
f 7367 7368 7364 7363
f 7363 7364 7362 7361
f 7365 7366 7368 7367
f 7373 7375 7371 7369
f 7370 7372 7376 7374
f 7369 7370 7374 7373
f 7375 7376 7372 7371
f 7371 7372 7370 7369
f 7373 7374 7376 7375
f 7381 7383 7379 7377
f 7378 7380 7384 7382
f 7377 7378 7382 7381
f 7383 7384 7380 7379
f 7379 7380 7378 7377
f 7381 7382 7384 7383
f 7389 7391 7387 7385
f 7386 7388 7392 7390
f 7385 7386 7390 7389
f 7391 7392 7388 7387
f 7387 7388 7386 7385
f 7389 7390 7392 7391
f 7397 7399 7395 7393
f 7394 7396 7400 7398
f 7393 7394 7398 7397
f 7399 7400 7396 7395
f 7395 7396 7394 7393
f 7397 7398 7400 7399
f 7405 7407 7403 7401
f 7402 7404 7408 7406
f 7401 7402 7406 7405
f 7407 7408 7404 7403
f 7403 7404 7402 7401
f 7405 7406 7408 7407
f 7413 7415 7411 7409
f 7410 7412 7416 7414
f 7409 7410 7414 7413
f 7415 7416 7412 7411
f 7411 7412 7410 7409
f 7413 7414 7416 7415
f 7421 7423 7419 7417
f 7418 7420 7424 7422
f 7417 7418 7422 7421
f 7423 7424 7420 7419
f 7419 7420 7418 7417
f 7421 7422 7424 7423
f 7429 7431 7427 7425
f 7426 7428 7432 7430
f 7425 7426 7430 7429
f 7431 7432 7428 7427
f 7427 7428 7426 7425
f 7429 7430 7432 7431
f 7437 7439 7435 7433
f 7434 7436 7440 7438
f 7433 7434 7438 7437
f 7439 7440 7436 7435
f 7435 7436 7434 7433
f 7437 7438 7440 7439
f 7445 7447 7443 7441
f 7442 7444 7448 7446
f 7441 7442 7446 7445
f 7447 7448 7444 7443
f 7443 7444 7442 7441
f 7445 7446 7448 7447
f 7453 7455 7451 7449
f 7450 7452 7456 7454
f 7449 7450 7454 7453
f 7455 7456 7452 7451
f 7451 7452 7450 7449
f 7453 7454 7456 7455
f 7461 7463 7459 7457
f 7458 7460 7464 7462
f 7457 7458 7462 7461
f 7463 7464 7460 7459
f 7459 7460 7458 7457
f 7461 7462 7464 7463
f 7469 7471 7467 7465
f 7466 7468 7472 7470
f 7465 7466 7470 7469
f 7471 7472 7468 7467
f 7467 7468 7466 7465
f 7469 7470 7472 7471
f 7477 7479 7475 7473
f 7474 7476 7480 7478
f 7473 7474 7478 7477
f 7479 7480 7476 7475
f 7475 7476 7474 7473
f 7477 7478 7480 7479
f 7485 7487 7483 7481
f 7482 7484 7488 7486
f 7481 7482 7486 7485
f 7487 7488 7484 7483
f 7483 7484 7482 7481
f 7485 7486 7488 7487
f 7493 7495 7491 7489
f 7490 7492 7496 7494
f 7489 7490 7494 7493
f 7495 7496 7492 7491
f 7491 7492 7490 7489
f 7493 7494 7496 7495
f 7501 7503 7499 7497
f 7498 7500 7504 7502
f 7497 7498 7502 7501
f 7503 7504 7500 7499
f 7499 7500 7498 7497
f 7501 7502 7504 7503
f 7509 7511 7507 7505
f 7506 7508 7512 7510
f 7505 7506 7510 7509
f 7511 7512 7508 7507
f 7507 7508 7506 7505
f 7509 7510 7512 7511
f 7517 7519 7515 7513
f 7514 7516 7520 7518
f 7513 7514 7518 7517
f 7519 7520 7516 7515
f 7515 7516 7514 7513
f 7517 7518 7520 7519
f 7525 7527 7523 7521
f 7522 7524 7528 7526
f 7521 7522 7526 7525
f 7527 7528 7524 7523
f 7523 7524 7522 7521
f 7525 7526 7528 7527
f 7533 7535 7531 7529
f 7530 7532 7536 7534
f 7529 7530 7534 7533
f 7535 7536 7532 7531
f 7531 7532 7530 7529
f 7533 7534 7536 7535
f 7541 7543 7539 7537
f 7538 7540 7544 7542
f 7537 7538 7542 7541
f 7543 7544 7540 7539
f 7539 7540 7538 7537
f 7541 7542 7544 7543
f 7549 7551 7547 7545
f 7546 7548 7552 7550
f 7545 7546 7550 7549
f 7551 7552 7548 7547
f 7547 7548 7546 7545
f 7549 7550 7552 7551
f 7557 7559 7555 7553
f 7554 7556 7560 7558
f 7553 7554 7558 7557
f 7559 7560 7556 7555
f 7555 7556 7554 7553
f 7557 7558 7560 7559
f 7565 7567 7563 7561
f 7562 7564 7568 7566
f 7561 7562 7566 7565
f 7567 7568 7564 7563
f 7563 7564 7562 7561
f 7565 7566 7568 7567
f 7573 7575 7571 7569
f 7570 7572 7576 7574
f 7569 7570 7574 7573
f 7575 7576 7572 7571
f 7571 7572 7570 7569
f 7573 7574 7576 7575
f 7581 7583 7579 7577
f 7578 7580 7584 7582
f 7577 7578 7582 7581
f 7583 7584 7580 7579
f 7579 7580 7578 7577
f 7581 7582 7584 7583
f 7589 7591 7587 7585
f 7586 7588 7592 7590
f 7585 7586 7590 7589
f 7591 7592 7588 7587
f 7587 7588 7586 7585
f 7589 7590 7592 7591
f 7597 7599 7595 7593
f 7594 7596 7600 7598
f 7593 7594 7598 7597
f 7599 7600 7596 7595
f 7595 7596 7594 7593
f 7597 7598 7600 7599
f 7605 7607 7603 7601
f 7602 7604 7608 7606
f 7601 7602 7606 7605
f 7607 7608 7604 7603
f 7603 7604 7602 7601
f 7605 7606 7608 7607
f 7613 7615 7611 7609
f 7610 7612 7616 7614
f 7609 7610 7614 7613
f 7615 7616 7612 7611
f 7611 7612 7610 7609
f 7613 7614 7616 7615
f 7621 7623 7619 7617
f 7618 7620 7624 7622
f 7617 7618 7622 7621
f 7623 7624 7620 7619
f 7619 7620 7618 7617
f 7621 7622 7624 7623
f 7629 7631 7627 7625
f 7626 7628 7632 7630
f 7625 7626 7630 7629
f 7631 7632 7628 7627
f 7627 7628 7626 7625
f 7629 7630 7632 7631
f 7637 7639 7635 7633
f 7634 7636 7640 7638
f 7633 7634 7638 7637
f 7639 7640 7636 7635
f 7635 7636 7634 7633
f 7637 7638 7640 7639
f 7645 7647 7643 7641
f 7642 7644 7648 7646
f 7641 7642 7646 7645
f 7647 7648 7644 7643
f 7643 7644 7642 7641
f 7645 7646 7648 7647
f 7653 7655 7651 7649
f 7650 7652 7656 7654
f 7649 7650 7654 7653
f 7655 7656 7652 7651
f 7651 7652 7650 7649
f 7653 7654 7656 7655
f 7661 7663 7659 7657
f 7658 7660 7664 7662
f 7657 7658 7662 7661
f 7663 7664 7660 7659
f 7659 7660 7658 7657
f 7661 7662 7664 7663
f 7669 7671 7667 7665
f 7666 7668 7672 7670
f 7665 7666 7670 7669
f 7671 7672 7668 7667
f 7667 7668 7666 7665
f 7669 7670 7672 7671
f 7677 7679 7675 7673
f 7674 7676 7680 7678
f 7673 7674 7678 7677
f 7679 7680 7676 7675
f 7675 7676 7674 7673
f 7677 7678 7680 7679
f 7685 7687 7683 7681
f 7682 7684 7688 7686
f 7681 7682 7686 7685
f 7687 7688 7684 7683
f 7683 7684 7682 7681
f 7685 7686 7688 7687
f 7693 7695 7691 7689
f 7690 7692 7696 7694
f 7689 7690 7694 7693
f 7695 7696 7692 7691
f 7691 7692 7690 7689
f 7693 7694 7696 7695
f 7701 7703 7699 7697
f 7698 7700 7704 7702
f 7697 7698 7702 7701
f 7703 7704 7700 7699
f 7699 7700 7698 7697
f 7701 7702 7704 7703
f 7709 7711 7707 7705
f 7706 7708 7712 7710
f 7705 7706 7710 7709
f 7711 7712 7708 7707
f 7707 7708 7706 7705
f 7709 7710 7712 7711
f 7717 7719 7715 7713
f 7714 7716 7720 7718
f 7713 7714 7718 7717
f 7719 7720 7716 7715
f 7715 7716 7714 7713
f 7717 7718 7720 7719
f 7725 7727 7723 7721
f 7722 7724 7728 7726
f 7721 7722 7726 7725
f 7727 7728 7724 7723
f 7723 7724 7722 7721
f 7725 7726 7728 7727
f 7733 7735 7731 7729
f 7730 7732 7736 7734
f 7729 7730 7734 7733
f 7735 7736 7732 7731
f 7731 7732 7730 7729
f 7733 7734 7736 7735
f 7741 7743 7739 7737
f 7738 7740 7744 7742
f 7737 7738 7742 7741
f 7743 7744 7740 7739
f 7739 7740 7738 7737
f 7741 7742 7744 7743
f 7749 7751 7747 7745
f 7746 7748 7752 7750
f 7745 7746 7750 7749
f 7751 7752 7748 7747
f 7747 7748 7746 7745
f 7749 7750 7752 7751
f 7757 7759 7755 7753
f 7754 7756 7760 7758
f 7753 7754 7758 7757
f 7759 7760 7756 7755
f 7755 7756 7754 7753
f 7757 7758 7760 7759
f 7765 7767 7763 7761
f 7762 7764 7768 7766
f 7761 7762 7766 7765
f 7767 7768 7764 7763
f 7763 7764 7762 7761
f 7765 7766 7768 7767
f 7773 7775 7771 7769
f 7770 7772 7776 7774
f 7769 7770 7774 7773
f 7775 7776 7772 7771
f 7771 7772 7770 7769
f 7773 7774 7776 7775
f 7781 7783 7779 7777
f 7778 7780 7784 7782
f 7777 7778 7782 7781
f 7783 7784 7780 7779
f 7779 7780 7778 7777
f 7781 7782 7784 7783
f 7789 7791 7787 7785
f 7786 7788 7792 7790
f 7785 7786 7790 7789
f 7791 7792 7788 7787
f 7787 7788 7786 7785
f 7789 7790 7792 7791
f 7797 7799 7795 7793
f 7794 7796 7800 7798
f 7793 7794 7798 7797
f 7799 7800 7796 7795
f 7795 7796 7794 7793
f 7797 7798 7800 7799
f 7805 7807 7803 7801
f 7802 7804 7808 7806
f 7801 7802 7806 7805
f 7807 7808 7804 7803
f 7803 7804 7802 7801
f 7805 7806 7808 7807
f 7813 7815 7811 7809
f 7810 7812 7816 7814
f 7809 7810 7814 7813
f 7815 7816 7812 7811
f 7811 7812 7810 7809
f 7813 7814 7816 7815
f 7821 7823 7819 7817
f 7818 7820 7824 7822
f 7817 7818 7822 7821
f 7823 7824 7820 7819
f 7819 7820 7818 7817
f 7821 7822 7824 7823
f 7829 7831 7827 7825
f 7826 7828 7832 7830
f 7825 7826 7830 7829
f 7831 7832 7828 7827
f 7827 7828 7826 7825
f 7829 7830 7832 7831
f 7837 7839 7835 7833
f 7834 7836 7840 7838
f 7833 7834 7838 7837
f 7839 7840 7836 7835
f 7835 7836 7834 7833
f 7837 7838 7840 7839
f 7845 7847 7843 7841
f 7842 7844 7848 7846
f 7841 7842 7846 7845
f 7847 7848 7844 7843
f 7843 7844 7842 7841
f 7845 7846 7848 7847
f 7853 7855 7851 7849
f 7850 7852 7856 7854
f 7849 7850 7854 7853
f 7855 7856 7852 7851
f 7851 7852 7850 7849
f 7853 7854 7856 7855
f 7861 7863 7859 7857
f 7858 7860 7864 7862
f 7857 7858 7862 7861
f 7863 7864 7860 7859
f 7859 7860 7858 7857
f 7861 7862 7864 7863
f 7869 7871 7867 7865
f 7866 7868 7872 7870
f 7865 7866 7870 7869
f 7871 7872 7868 7867
f 7867 7868 7866 7865
f 7869 7870 7872 7871
f 7877 7879 7875 7873
f 7874 7876 7880 7878
f 7873 7874 7878 7877
f 7879 7880 7876 7875
f 7875 7876 7874 7873
f 7877 7878 7880 7879
f 7885 7887 7883 7881
f 7882 7884 7888 7886
f 7881 7882 7886 7885
f 7887 7888 7884 7883
f 7883 7884 7882 7881
f 7885 7886 7888 7887
f 7893 7895 7891 7889
f 7890 7892 7896 7894
f 7889 7890 7894 7893
f 7895 7896 7892 7891
f 7891 7892 7890 7889
f 7893 7894 7896 7895
f 7901 7903 7899 7897
f 7898 7900 7904 7902
f 7897 7898 7902 7901
f 7903 7904 7900 7899
f 7899 7900 7898 7897
f 7901 7902 7904 7903
f 7909 7911 7907 7905
f 7906 7908 7912 7910
f 7905 7906 7910 7909
f 7911 7912 7908 7907
f 7907 7908 7906 7905
f 7909 7910 7912 7911
f 7917 7919 7915 7913
f 7914 7916 7920 7918
f 7913 7914 7918 7917
f 7919 7920 7916 7915
f 7915 7916 7914 7913
f 7917 7918 7920 7919
f 7925 7927 7923 7921
f 7922 7924 7928 7926
f 7921 7922 7926 7925
f 7927 7928 7924 7923
f 7923 7924 7922 7921
f 7925 7926 7928 7927
f 7933 7935 7931 7929
f 7930 7932 7936 7934
f 7929 7930 7934 7933
f 7935 7936 7932 7931
f 7931 7932 7930 7929
f 7933 7934 7936 7935
f 7941 7943 7939 7937
f 7938 7940 7944 7942
f 7937 7938 7942 7941
f 7943 7944 7940 7939
f 7939 7940 7938 7937
f 7941 7942 7944 7943
f 7949 7951 7947 7945
f 7946 7948 7952 7950
f 7945 7946 7950 7949
f 7951 7952 7948 7947
f 7947 7948 7946 7945
f 7949 7950 7952 7951
f 7957 7959 7955 7953
f 7954 7956 7960 7958
f 7953 7954 7958 7957
f 7959 7960 7956 7955
f 7955 7956 7954 7953
f 7957 7958 7960 7959
f 7965 7967 7963 7961
f 7962 7964 7968 7966
f 7961 7962 7966 7965
f 7967 7968 7964 7963
f 7963 7964 7962 7961
f 7965 7966 7968 7967
f 7973 7975 7971 7969
f 7970 7972 7976 7974
f 7969 7970 7974 7973
f 7975 7976 7972 7971
f 7971 7972 7970 7969
f 7973 7974 7976 7975
f 7981 7983 7979 7977
f 7978 7980 7984 7982
f 7977 7978 7982 7981
f 7983 7984 7980 7979
f 7979 7980 7978 7977
f 7981 7982 7984 7983
f 7989 7991 7987 7985
f 7986 7988 7992 7990
f 7985 7986 7990 7989
f 7991 7992 7988 7987
f 7987 7988 7986 7985
f 7989 7990 7992 7991
f 7997 7999 7995 7993
f 7994 7996 8000 7998
f 7993 7994 7998 7997
f 7999 8000 7996 7995
f 7995 7996 7994 7993
f 7997 7998 8000 7999
f 8005 8007 8003 8001
f 8002 8004 8008 8006
f 8001 8002 8006 8005
f 8007 8008 8004 8003
f 8003 8004 8002 8001
f 8005 8006 8008 8007
f 8013 8015 8011 8009
f 8010 8012 8016 8014
f 8009 8010 8014 8013
f 8015 8016 8012 8011
f 8011 8012 8010 8009
f 8013 8014 8016 8015
f 8021 8023 8019 8017
f 8018 8020 8024 8022
f 8017 8018 8022 8021
f 8023 8024 8020 8019
f 8019 8020 8018 8017
f 8021 8022 8024 8023
f 8029 8031 8027 8025
f 8026 8028 8032 8030
f 8025 8026 8030 8029
f 8031 8032 8028 8027
f 8027 8028 8026 8025
f 8029 8030 8032 8031
f 8037 8039 8035 8033
f 8034 8036 8040 8038
f 8033 8034 8038 8037
f 8039 8040 8036 8035
f 8035 8036 8034 8033
f 8037 8038 8040 8039
f 8045 8047 8043 8041
f 8042 8044 8048 8046
f 8041 8042 8046 8045
f 8047 8048 8044 8043
f 8043 8044 8042 8041
f 8045 8046 8048 8047
f 8053 8055 8051 8049
f 8050 8052 8056 8054
f 8049 8050 8054 8053
f 8055 8056 8052 8051
f 8051 8052 8050 8049
f 8053 8054 8056 8055
f 8061 8063 8059 8057
f 8058 8060 8064 8062
f 8057 8058 8062 8061
f 8063 8064 8060 8059
f 8059 8060 8058 8057
f 8061 8062 8064 8063
f 8069 8071 8067 8065
f 8066 8068 8072 8070
f 8065 8066 8070 8069
f 8071 8072 8068 8067
f 8067 8068 8066 8065
f 8069 8070 8072 8071
f 8077 8079 8075 8073
f 8074 8076 8080 8078
f 8073 8074 8078 8077
f 8079 8080 8076 8075
f 8075 8076 8074 8073
f 8077 8078 8080 8079
f 8085 8087 8083 8081
f 8082 8084 8088 8086
f 8081 8082 8086 8085
f 8087 8088 8084 8083
f 8083 8084 8082 8081
f 8085 8086 8088 8087
f 8093 8095 8091 8089
f 8090 8092 8096 8094
f 8089 8090 8094 8093
f 8095 8096 8092 8091
f 8091 8092 8090 8089
f 8093 8094 8096 8095
f 8101 8103 8099 8097
f 8098 8100 8104 8102
f 8097 8098 8102 8101
f 8103 8104 8100 8099
f 8099 8100 8098 8097
f 8101 8102 8104 8103
f 8109 8111 8107 8105
f 8106 8108 8112 8110
f 8105 8106 8110 8109
f 8111 8112 8108 8107
f 8107 8108 8106 8105
f 8109 8110 8112 8111
f 8117 8119 8115 8113
f 8114 8116 8120 8118
f 8113 8114 8118 8117
f 8119 8120 8116 8115
f 8115 8116 8114 8113
f 8117 8118 8120 8119
f 8125 8127 8123 8121
f 8122 8124 8128 8126
f 8121 8122 8126 8125
f 8127 8128 8124 8123
f 8123 8124 8122 8121
f 8125 8126 8128 8127
f 8133 8135 8131 8129
f 8130 8132 8136 8134
f 8129 8130 8134 8133
f 8135 8136 8132 8131
f 8131 8132 8130 8129
f 8133 8134 8136 8135
f 8141 8143 8139 8137
f 8138 8140 8144 8142
f 8137 8138 8142 8141
f 8143 8144 8140 8139
f 8139 8140 8138 8137
f 8141 8142 8144 8143
f 8149 8151 8147 8145
f 8146 8148 8152 8150
f 8145 8146 8150 8149
f 8151 8152 8148 8147
f 8147 8148 8146 8145
f 8149 8150 8152 8151
f 8157 8159 8155 8153
f 8154 8156 8160 8158
f 8153 8154 8158 8157
f 8159 8160 8156 8155
f 8155 8156 8154 8153
f 8157 8158 8160 8159
f 8165 8167 8163 8161
f 8162 8164 8168 8166
f 8161 8162 8166 8165
f 8167 8168 8164 8163
f 8163 8164 8162 8161
f 8165 8166 8168 8167
f 8173 8175 8171 8169
f 8170 8172 8176 8174
f 8169 8170 8174 8173
f 8175 8176 8172 8171
f 8171 8172 8170 8169
f 8173 8174 8176 8175
f 8181 8183 8179 8177
f 8178 8180 8184 8182
f 8177 8178 8182 8181
f 8183 8184 8180 8179
f 8179 8180 8178 8177
f 8181 8182 8184 8183
f 8189 8191 8187 8185
f 8186 8188 8192 8190
f 8185 8186 8190 8189
f 8191 8192 8188 8187
f 8187 8188 8186 8185
f 8189 8190 8192 8191
f 8197 8199 8195 8193
f 8194 8196 8200 8198
f 8193 8194 8198 8197
f 8199 8200 8196 8195
f 8195 8196 8194 8193
f 8197 8198 8200 8199
f 8205 8207 8203 8201
f 8202 8204 8208 8206
f 8201 8202 8206 8205
f 8207 8208 8204 8203
f 8203 8204 8202 8201
f 8205 8206 8208 8207
f 8213 8215 8211 8209
f 8210 8212 8216 8214
f 8209 8210 8214 8213
f 8215 8216 8212 8211
f 8211 8212 8210 8209
f 8213 8214 8216 8215
f 8221 8223 8219 8217
f 8218 8220 8224 8222
f 8217 8218 8222 8221
f 8223 8224 8220 8219
f 8219 8220 8218 8217
f 8221 8222 8224 8223
f 8229 8231 8227 8225
f 8226 8228 8232 8230
f 8225 8226 8230 8229
f 8231 8232 8228 8227
f 8227 8228 8226 8225
f 8229 8230 8232 8231
f 8237 8239 8235 8233
f 8234 8236 8240 8238
f 8233 8234 8238 8237
f 8239 8240 8236 8235
f 8235 8236 8234 8233
f 8237 8238 8240 8239
f 8245 8247 8243 8241
f 8242 8244 8248 8246
f 8241 8242 8246 8245
f 8247 8248 8244 8243
f 8243 8244 8242 8241
f 8245 8246 8248 8247
f 8253 8255 8251 8249
f 8250 8252 8256 8254
f 8249 8250 8254 8253
f 8255 8256 8252 8251
f 8251 8252 8250 8249
f 8253 8254 8256 8255
f 8261 8263 8259 8257
f 8258 8260 8264 8262
f 8257 8258 8262 8261
f 8263 8264 8260 8259
f 8259 8260 8258 8257
f 8261 8262 8264 8263
f 8269 8271 8267 8265
f 8266 8268 8272 8270
f 8265 8266 8270 8269
f 8271 8272 8268 8267
f 8267 8268 8266 8265
f 8269 8270 8272 8271
f 8277 8279 8275 8273
f 8274 8276 8280 8278
f 8273 8274 8278 8277
f 8279 8280 8276 8275
f 8275 8276 8274 8273
f 8277 8278 8280 8279
f 8285 8287 8283 8281
f 8282 8284 8288 8286
f 8281 8282 8286 8285
f 8287 8288 8284 8283
f 8283 8284 8282 8281
f 8285 8286 8288 8287
f 8293 8295 8291 8289
f 8290 8292 8296 8294
f 8289 8290 8294 8293
f 8295 8296 8292 8291
f 8291 8292 8290 8289
f 8293 8294 8296 8295
f 8301 8303 8299 8297
f 8298 8300 8304 8302
f 8297 8298 8302 8301
f 8303 8304 8300 8299
f 8299 8300 8298 8297
f 8301 8302 8304 8303
f 8309 8311 8307 8305
f 8306 8308 8312 8310
f 8305 8306 8310 8309
f 8311 8312 8308 8307
f 8307 8308 8306 8305
f 8309 8310 8312 8311
f 8317 8319 8315 8313
f 8314 8316 8320 8318
f 8313 8314 8318 8317
f 8319 8320 8316 8315
f 8315 8316 8314 8313
f 8317 8318 8320 8319
f 8325 8327 8323 8321
f 8322 8324 8328 8326
f 8321 8322 8326 8325
f 8327 8328 8324 8323
f 8323 8324 8322 8321
f 8325 8326 8328 8327
f 8333 8335 8331 8329
f 8330 8332 8336 8334
f 8329 8330 8334 8333
f 8335 8336 8332 8331
f 8331 8332 8330 8329
f 8333 8334 8336 8335
f 8341 8343 8339 8337
f 8338 8340 8344 8342
f 8337 8338 8342 8341
f 8343 8344 8340 8339
f 8339 8340 8338 8337
f 8341 8342 8344 8343
f 8349 8351 8347 8345
f 8346 8348 8352 8350
f 8345 8346 8350 8349
f 8351 8352 8348 8347
f 8347 8348 8346 8345
f 8349 8350 8352 8351
f 8357 8359 8355 8353
f 8354 8356 8360 8358
f 8353 8354 8358 8357
f 8359 8360 8356 8355
f 8355 8356 8354 8353
f 8357 8358 8360 8359
f 8365 8367 8363 8361
f 8362 8364 8368 8366
f 8361 8362 8366 8365
f 8367 8368 8364 8363
f 8363 8364 8362 8361
f 8365 8366 8368 8367
f 8373 8375 8371 8369
f 8370 8372 8376 8374
f 8369 8370 8374 8373
f 8375 8376 8372 8371
f 8371 8372 8370 8369
f 8373 8374 8376 8375
f 8381 8383 8379 8377
f 8378 8380 8384 8382
f 8377 8378 8382 8381
f 8383 8384 8380 8379
f 8379 8380 8378 8377
f 8381 8382 8384 8383
f 8389 8391 8387 8385
f 8386 8388 8392 8390
f 8385 8386 8390 8389
f 8391 8392 8388 8387
f 8387 8388 8386 8385
f 8389 8390 8392 8391
f 8397 8399 8395 8393
f 8394 8396 8400 8398
f 8393 8394 8398 8397
f 8399 8400 8396 8395
f 8395 8396 8394 8393
f 8397 8398 8400 8399
f 8405 8407 8403 8401
f 8402 8404 8408 8406
f 8401 8402 8406 8405
f 8407 8408 8404 8403
f 8403 8404 8402 8401
f 8405 8406 8408 8407
f 8413 8415 8411 8409
f 8410 8412 8416 8414
f 8409 8410 8414 8413
f 8415 8416 8412 8411
f 8411 8412 8410 8409
f 8413 8414 8416 8415
f 8421 8423 8419 8417
f 8418 8420 8424 8422
f 8417 8418 8422 8421
f 8423 8424 8420 8419
f 8419 8420 8418 8417
f 8421 8422 8424 8423
f 8429 8431 8427 8425
f 8426 8428 8432 8430
f 8425 8426 8430 8429
f 8431 8432 8428 8427
f 8427 8428 8426 8425
f 8429 8430 8432 8431
f 8437 8439 8435 8433
f 8434 8436 8440 8438
f 8433 8434 8438 8437
f 8439 8440 8436 8435
f 8435 8436 8434 8433
f 8437 8438 8440 8439
f 8445 8447 8443 8441
f 8442 8444 8448 8446
f 8441 8442 8446 8445
f 8447 8448 8444 8443
f 8443 8444 8442 8441
f 8445 8446 8448 8447
f 8453 8455 8451 8449
f 8450 8452 8456 8454
f 8449 8450 8454 8453
f 8455 8456 8452 8451
f 8451 8452 8450 8449
f 8453 8454 8456 8455
f 8461 8463 8459 8457
f 8458 8460 8464 8462
f 8457 8458 8462 8461
f 8463 8464 8460 8459
f 8459 8460 8458 8457
f 8461 8462 8464 8463
f 8469 8471 8467 8465
f 8466 8468 8472 8470
f 8465 8466 8470 8469
f 8471 8472 8468 8467
f 8467 8468 8466 8465
f 8469 8470 8472 8471
f 8477 8479 8475 8473
f 8474 8476 8480 8478
f 8473 8474 8478 8477
f 8479 8480 8476 8475
f 8475 8476 8474 8473
f 8477 8478 8480 8479
f 8485 8487 8483 8481
f 8482 8484 8488 8486
f 8481 8482 8486 8485
f 8487 8488 8484 8483
f 8483 8484 8482 8481
f 8485 8486 8488 8487
f 8493 8495 8491 8489
f 8490 8492 8496 8494
f 8489 8490 8494 8493
f 8495 8496 8492 8491
f 8491 8492 8490 8489
f 8493 8494 8496 8495
f 8501 8503 8499 8497
f 8498 8500 8504 8502
f 8497 8498 8502 8501
f 8503 8504 8500 8499
f 8499 8500 8498 8497
f 8501 8502 8504 8503
f 8509 8511 8507 8505
f 8506 8508 8512 8510
f 8505 8506 8510 8509
f 8511 8512 8508 8507
f 8507 8508 8506 8505
f 8509 8510 8512 8511
f 8517 8519 8515 8513
f 8514 8516 8520 8518
f 8513 8514 8518 8517
f 8519 8520 8516 8515
f 8515 8516 8514 8513
f 8517 8518 8520 8519
f 8525 8527 8523 8521
f 8522 8524 8528 8526
f 8521 8522 8526 8525
f 8527 8528 8524 8523
f 8523 8524 8522 8521
f 8525 8526 8528 8527
f 8533 8535 8531 8529
f 8530 8532 8536 8534
f 8529 8530 8534 8533
f 8535 8536 8532 8531
f 8531 8532 8530 8529
f 8533 8534 8536 8535
f 8541 8543 8539 8537
f 8538 8540 8544 8542
f 8537 8538 8542 8541
f 8543 8544 8540 8539
f 8539 8540 8538 8537
f 8541 8542 8544 8543
f 8549 8551 8547 8545
f 8546 8548 8552 8550
f 8545 8546 8550 8549
f 8551 8552 8548 8547
f 8547 8548 8546 8545
f 8549 8550 8552 8551
f 8557 8559 8555 8553
f 8554 8556 8560 8558
f 8553 8554 8558 8557
f 8559 8560 8556 8555
f 8555 8556 8554 8553
f 8557 8558 8560 8559
f 8565 8567 8563 8561
f 8562 8564 8568 8566
f 8561 8562 8566 8565
f 8567 8568 8564 8563
f 8563 8564 8562 8561
f 8565 8566 8568 8567
f 8573 8575 8571 8569
f 8570 8572 8576 8574
f 8569 8570 8574 8573
f 8575 8576 8572 8571
f 8571 8572 8570 8569
f 8573 8574 8576 8575
f 8581 8583 8579 8577
f 8578 8580 8584 8582
f 8577 8578 8582 8581
f 8583 8584 8580 8579
f 8579 8580 8578 8577
f 8581 8582 8584 8583
f 8589 8591 8587 8585
f 8586 8588 8592 8590
f 8585 8586 8590 8589
f 8591 8592 8588 8587
f 8587 8588 8586 8585
f 8589 8590 8592 8591
f 8597 8599 8595 8593
f 8594 8596 8600 8598
f 8593 8594 8598 8597
f 8599 8600 8596 8595
f 8595 8596 8594 8593
f 8597 8598 8600 8599
f 8605 8607 8603 8601
f 8602 8604 8608 8606
f 8601 8602 8606 8605
f 8607 8608 8604 8603
f 8603 8604 8602 8601
f 8605 8606 8608 8607
f 8613 8615 8611 8609
f 8610 8612 8616 8614
f 8609 8610 8614 8613
f 8615 8616 8612 8611
f 8611 8612 8610 8609
f 8613 8614 8616 8615
f 8621 8623 8619 8617
f 8618 8620 8624 8622
f 8617 8618 8622 8621
f 8623 8624 8620 8619
f 8619 8620 8618 8617
f 8621 8622 8624 8623
f 8629 8631 8627 8625
f 8626 8628 8632 8630
f 8625 8626 8630 8629
f 8631 8632 8628 8627
f 8627 8628 8626 8625
f 8629 8630 8632 8631
f 8637 8639 8635 8633
f 8634 8636 8640 8638
f 8633 8634 8638 8637
f 8639 8640 8636 8635
f 8635 8636 8634 8633
f 8637 8638 8640 8639
f 8645 8647 8643 8641
f 8642 8644 8648 8646
f 8641 8642 8646 8645
f 8647 8648 8644 8643
f 8643 8644 8642 8641
f 8645 8646 8648 8647
f 8653 8655 8651 8649
f 8650 8652 8656 8654
f 8649 8650 8654 8653
f 8655 8656 8652 8651
f 8651 8652 8650 8649
f 8653 8654 8656 8655
f 8661 8663 8659 8657
f 8658 8660 8664 8662
f 8657 8658 8662 8661
f 8663 8664 8660 8659
f 8659 8660 8658 8657
f 8661 8662 8664 8663
f 8669 8671 8667 8665
f 8666 8668 8672 8670
f 8665 8666 8670 8669
f 8671 8672 8668 8667
f 8667 8668 8666 8665
f 8669 8670 8672 8671
f 8677 8679 8675 8673
f 8674 8676 8680 8678
f 8673 8674 8678 8677
f 8679 8680 8676 8675
f 8675 8676 8674 8673
f 8677 8678 8680 8679
f 8685 8687 8683 8681
f 8682 8684 8688 8686
f 8681 8682 8686 8685
f 8687 8688 8684 8683
f 8683 8684 8682 8681
f 8685 8686 8688 8687
f 8693 8695 8691 8689
f 8690 8692 8696 8694
f 8689 8690 8694 8693
f 8695 8696 8692 8691
f 8691 8692 8690 8689
f 8693 8694 8696 8695
f 8701 8703 8699 8697
f 8698 8700 8704 8702
f 8697 8698 8702 8701
f 8703 8704 8700 8699
f 8699 8700 8698 8697
f 8701 8702 8704 8703
f 8709 8711 8707 8705
f 8706 8708 8712 8710
f 8705 8706 8710 8709
f 8711 8712 8708 8707
f 8707 8708 8706 8705
f 8709 8710 8712 8711
f 8717 8719 8715 8713
f 8714 8716 8720 8718
f 8713 8714 8718 8717
f 8719 8720 8716 8715
f 8715 8716 8714 8713
f 8717 8718 8720 8719
f 8725 8727 8723 8721
f 8722 8724 8728 8726
f 8721 8722 8726 8725
f 8727 8728 8724 8723
f 8723 8724 8722 8721
f 8725 8726 8728 8727
f 8733 8735 8731 8729
f 8730 8732 8736 8734
f 8729 8730 8734 8733
f 8735 8736 8732 8731
f 8731 8732 8730 8729
f 8733 8734 8736 8735
f 8741 8743 8739 8737
f 8738 8740 8744 8742
f 8737 8738 8742 8741
f 8743 8744 8740 8739
f 8739 8740 8738 8737
f 8741 8742 8744 8743
f 8749 8751 8747 8745
f 8746 8748 8752 8750
f 8745 8746 8750 8749
f 8751 8752 8748 8747
f 8747 8748 8746 8745
f 8749 8750 8752 8751
f 8757 8759 8755 8753
f 8754 8756 8760 8758
f 8753 8754 8758 8757
f 8759 8760 8756 8755
f 8755 8756 8754 8753
f 8757 8758 8760 8759
f 8765 8767 8763 8761
f 8762 8764 8768 8766
f 8761 8762 8766 8765
f 8767 8768 8764 8763
f 8763 8764 8762 8761
f 8765 8766 8768 8767
f 8773 8775 8771 8769
f 8770 8772 8776 8774
f 8769 8770 8774 8773
f 8775 8776 8772 8771
f 8771 8772 8770 8769
f 8773 8774 8776 8775
f 8781 8783 8779 8777
f 8778 8780 8784 8782
f 8777 8778 8782 8781
f 8783 8784 8780 8779
f 8779 8780 8778 8777
f 8781 8782 8784 8783
f 8789 8791 8787 8785
f 8786 8788 8792 8790
f 8785 8786 8790 8789
f 8791 8792 8788 8787
f 8787 8788 8786 8785
f 8789 8790 8792 8791
f 8797 8799 8795 8793
f 8794 8796 8800 8798
f 8793 8794 8798 8797
f 8799 8800 8796 8795
f 8795 8796 8794 8793
f 8797 8798 8800 8799
f 8805 8807 8803 8801
f 8802 8804 8808 8806
f 8801 8802 8806 8805
f 8807 8808 8804 8803
f 8803 8804 8802 8801
f 8805 8806 8808 8807
f 8813 8815 8811 8809
f 8810 8812 8816 8814
f 8809 8810 8814 8813
f 8815 8816 8812 8811
f 8811 8812 8810 8809
f 8813 8814 8816 8815
f 8821 8823 8819 8817
f 8818 8820 8824 8822
f 8817 8818 8822 8821
f 8823 8824 8820 8819
f 8819 8820 8818 8817
f 8821 8822 8824 8823
f 8829 8831 8827 8825
f 8826 8828 8832 8830
f 8825 8826 8830 8829
f 8831 8832 8828 8827
f 8827 8828 8826 8825
f 8829 8830 8832 8831
f 8837 8839 8835 8833
f 8834 8836 8840 8838
f 8833 8834 8838 8837
f 8839 8840 8836 8835
f 8835 8836 8834 8833
f 8837 8838 8840 8839
f 8845 8847 8843 8841
f 8842 8844 8848 8846
f 8841 8842 8846 8845
f 8847 8848 8844 8843
f 8843 8844 8842 8841
f 8845 8846 8848 8847
f 8853 8855 8851 8849
f 8850 8852 8856 8854
f 8849 8850 8854 8853
f 8855 8856 8852 8851
f 8851 8852 8850 8849
f 8853 8854 8856 8855
f 8861 8863 8859 8857
f 8858 8860 8864 8862
f 8857 8858 8862 8861
f 8863 8864 8860 8859
f 8859 8860 8858 8857
f 8861 8862 8864 8863
f 8869 8871 8867 8865
f 8866 8868 8872 8870
f 8865 8866 8870 8869
f 8871 8872 8868 8867
f 8867 8868 8866 8865
f 8869 8870 8872 8871
f 8877 8879 8875 8873
f 8874 8876 8880 8878
f 8873 8874 8878 8877
f 8879 8880 8876 8875
f 8875 8876 8874 8873
f 8877 8878 8880 8879
f 8885 8887 8883 8881
f 8882 8884 8888 8886
f 8881 8882 8886 8885
f 8887 8888 8884 8883
f 8883 8884 8882 8881
f 8885 8886 8888 8887
f 8893 8895 8891 8889
f 8890 8892 8896 8894
f 8889 8890 8894 8893
f 8895 8896 8892 8891
f 8891 8892 8890 8889
f 8893 8894 8896 8895
f 8901 8903 8899 8897
f 8898 8900 8904 8902
f 8897 8898 8902 8901
f 8903 8904 8900 8899
f 8899 8900 8898 8897
f 8901 8902 8904 8903
f 8909 8911 8907 8905
f 8906 8908 8912 8910
f 8905 8906 8910 8909
f 8911 8912 8908 8907
f 8907 8908 8906 8905
f 8909 8910 8912 8911
f 8917 8919 8915 8913
f 8914 8916 8920 8918
f 8913 8914 8918 8917
f 8919 8920 8916 8915
f 8915 8916 8914 8913
f 8917 8918 8920 8919
f 8925 8927 8923 8921
f 8922 8924 8928 8926
f 8921 8922 8926 8925
f 8927 8928 8924 8923
f 8923 8924 8922 8921
f 8925 8926 8928 8927
f 8933 8935 8931 8929
f 8930 8932 8936 8934
f 8929 8930 8934 8933
f 8935 8936 8932 8931
f 8931 8932 8930 8929
f 8933 8934 8936 8935
f 8941 8943 8939 8937
f 8938 8940 8944 8942
f 8937 8938 8942 8941
f 8943 8944 8940 8939
f 8939 8940 8938 8937
f 8941 8942 8944 8943
f 8949 8951 8947 8945
f 8946 8948 8952 8950
f 8945 8946 8950 8949
f 8951 8952 8948 8947
f 8947 8948 8946 8945
f 8949 8950 8952 8951
f 8957 8959 8955 8953
f 8954 8956 8960 8958
f 8953 8954 8958 8957
f 8959 8960 8956 8955
f 8955 8956 8954 8953
f 8957 8958 8960 8959
f 8965 8967 8963 8961
f 8962 8964 8968 8966
f 8961 8962 8966 8965
f 8967 8968 8964 8963
f 8963 8964 8962 8961
f 8965 8966 8968 8967
f 8973 8975 8971 8969
f 8970 8972 8976 8974
f 8969 8970 8974 8973
f 8975 8976 8972 8971
f 8971 8972 8970 8969
f 8973 8974 8976 8975
f 8981 8983 8979 8977
f 8978 8980 8984 8982
f 8977 8978 8982 8981
f 8983 8984 8980 8979
f 8979 8980 8978 8977
f 8981 8982 8984 8983
f 8989 8991 8987 8985
f 8986 8988 8992 8990
f 8985 8986 8990 8989
f 8991 8992 8988 8987
f 8987 8988 8986 8985
f 8989 8990 8992 8991
f 8997 8999 8995 8993
f 8994 8996 9000 8998
f 8993 8994 8998 8997
f 8999 9000 8996 8995
f 8995 8996 8994 8993
f 8997 8998 9000 8999
f 9005 9007 9003 9001
f 9002 9004 9008 9006
f 9001 9002 9006 9005
f 9007 9008 9004 9003
f 9003 9004 9002 9001
f 9005 9006 9008 9007
f 9013 9015 9011 9009
f 9010 9012 9016 9014
f 9009 9010 9014 9013
f 9015 9016 9012 9011
f 9011 9012 9010 9009
f 9013 9014 9016 9015
f 9021 9023 9019 9017
f 9018 9020 9024 9022
f 9017 9018 9022 9021
f 9023 9024 9020 9019
f 9019 9020 9018 9017
f 9021 9022 9024 9023
f 9029 9031 9027 9025
f 9026 9028 9032 9030
f 9025 9026 9030 9029
f 9031 9032 9028 9027
f 9027 9028 9026 9025
f 9029 9030 9032 9031
f 9037 9039 9035 9033
f 9034 9036 9040 9038
f 9033 9034 9038 9037
f 9039 9040 9036 9035
f 9035 9036 9034 9033
f 9037 9038 9040 9039
f 9045 9047 9043 9041
f 9042 9044 9048 9046
f 9041 9042 9046 9045
f 9047 9048 9044 9043
f 9043 9044 9042 9041
f 9045 9046 9048 9047
f 9053 9055 9051 9049
f 9050 9052 9056 9054
f 9049 9050 9054 9053
f 9055 9056 9052 9051
f 9051 9052 9050 9049
f 9053 9054 9056 9055
f 9061 9063 9059 9057
f 9058 9060 9064 9062
f 9057 9058 9062 9061
f 9063 9064 9060 9059
f 9059 9060 9058 9057
f 9061 9062 9064 9063
f 9069 9071 9067 9065
f 9066 9068 9072 9070
f 9065 9066 9070 9069
f 9071 9072 9068 9067
f 9067 9068 9066 9065
f 9069 9070 9072 9071
f 9077 9079 9075 9073
f 9074 9076 9080 9078
f 9073 9074 9078 9077
f 9079 9080 9076 9075
f 9075 9076 9074 9073
f 9077 9078 9080 9079
f 9085 9087 9083 9081
f 9082 9084 9088 9086
f 9081 9082 9086 9085
f 9087 9088 9084 9083
f 9083 9084 9082 9081
f 9085 9086 9088 9087
f 9093 9095 9091 9089
f 9090 9092 9096 9094
f 9089 9090 9094 9093
f 9095 9096 9092 9091
f 9091 9092 9090 9089
f 9093 9094 9096 9095
f 9101 9103 9099 9097
f 9098 9100 9104 9102
f 9097 9098 9102 9101
f 9103 9104 9100 9099
f 9099 9100 9098 9097
f 9101 9102 9104 9103
f 9109 9111 9107 9105
f 9106 9108 9112 9110
f 9105 9106 9110 9109
f 9111 9112 9108 9107
f 9107 9108 9106 9105
f 9109 9110 9112 9111
f 9117 9119 9115 9113
f 9114 9116 9120 9118
f 9113 9114 9118 9117
f 9119 9120 9116 9115
f 9115 9116 9114 9113
f 9117 9118 9120 9119
f 9125 9127 9123 9121
f 9122 9124 9128 9126
f 9121 9122 9126 9125
f 9127 9128 9124 9123
f 9123 9124 9122 9121
f 9125 9126 9128 9127
f 9133 9135 9131 9129
f 9130 9132 9136 9134
f 9129 9130 9134 9133
f 9135 9136 9132 9131
f 9131 9132 9130 9129
f 9133 9134 9136 9135
f 9141 9143 9139 9137
f 9138 9140 9144 9142
f 9137 9138 9142 9141
f 9143 9144 9140 9139
f 9139 9140 9138 9137
f 9141 9142 9144 9143
f 9149 9151 9147 9145
f 9146 9148 9152 9150
f 9145 9146 9150 9149
f 9151 9152 9148 9147
f 9147 9148 9146 9145
f 9149 9150 9152 9151
f 9157 9159 9155 9153
f 9154 9156 9160 9158
f 9153 9154 9158 9157
f 9159 9160 9156 9155
f 9155 9156 9154 9153
f 9157 9158 9160 9159
f 9165 9167 9163 9161
f 9162 9164 9168 9166
f 9161 9162 9166 9165
f 9167 9168 9164 9163
f 9163 9164 9162 9161
f 9165 9166 9168 9167
f 9173 9175 9171 9169
f 9170 9172 9176 9174
f 9169 9170 9174 9173
f 9175 9176 9172 9171
f 9171 9172 9170 9169
f 9173 9174 9176 9175
f 9181 9183 9179 9177
f 9178 9180 9184 9182
f 9177 9178 9182 9181
f 9183 9184 9180 9179
f 9179 9180 9178 9177
f 9181 9182 9184 9183
f 9189 9191 9187 9185
f 9186 9188 9192 9190
f 9185 9186 9190 9189
f 9191 9192 9188 9187
f 9187 9188 9186 9185
f 9189 9190 9192 9191
f 9197 9199 9195 9193
f 9194 9196 9200 9198
f 9193 9194 9198 9197
f 9199 9200 9196 9195
f 9195 9196 9194 9193
f 9197 9198 9200 9199
f 9205 9207 9203 9201
f 9202 9204 9208 9206
f 9201 9202 9206 9205
f 9207 9208 9204 9203
f 9203 9204 9202 9201
f 9205 9206 9208 9207
f 9213 9215 9211 9209
f 9210 9212 9216 9214
f 9209 9210 9214 9213
f 9215 9216 9212 9211
f 9211 9212 9210 9209
f 9213 9214 9216 9215
f 9221 9223 9219 9217
f 9218 9220 9224 9222
f 9217 9218 9222 9221
f 9223 9224 9220 9219
f 9219 9220 9218 9217
f 9221 9222 9224 9223
f 9229 9231 9227 9225
f 9226 9228 9232 9230
f 9225 9226 9230 9229
f 9231 9232 9228 9227
f 9227 9228 9226 9225
f 9229 9230 9232 9231
f 9237 9239 9235 9233
f 9234 9236 9240 9238
f 9233 9234 9238 9237
f 9239 9240 9236 9235
f 9235 9236 9234 9233
f 9237 9238 9240 9239
f 9245 9247 9243 9241
f 9242 9244 9248 9246
f 9241 9242 9246 9245
f 9247 9248 9244 9243
f 9243 9244 9242 9241
f 9245 9246 9248 9247
f 9253 9255 9251 9249
f 9250 9252 9256 9254
f 9249 9250 9254 9253
f 9255 9256 9252 9251
f 9251 9252 9250 9249
f 9253 9254 9256 9255
f 9261 9263 9259 9257
f 9258 9260 9264 9262
f 9257 9258 9262 9261
f 9263 9264 9260 9259
f 9259 9260 9258 9257
f 9261 9262 9264 9263
f 9269 9271 9267 9265
f 9266 9268 9272 9270
f 9265 9266 9270 9269
f 9271 9272 9268 9267
f 9267 9268 9266 9265
f 9269 9270 9272 9271
f 9277 9279 9275 9273
f 9274 9276 9280 9278
f 9273 9274 9278 9277
f 9279 9280 9276 9275
f 9275 9276 9274 9273
f 9277 9278 9280 9279
f 9285 9287 9283 9281
f 9282 9284 9288 9286
f 9281 9282 9286 9285
f 9287 9288 9284 9283
f 9283 9284 9282 9281
f 9285 9286 9288 9287
f 9293 9295 9291 9289
f 9290 9292 9296 9294
f 9289 9290 9294 9293
f 9295 9296 9292 9291
f 9291 9292 9290 9289
f 9293 9294 9296 9295
f 9301 9303 9299 9297
f 9298 9300 9304 9302
f 9297 9298 9302 9301
f 9303 9304 9300 9299
f 9299 9300 9298 9297
f 9301 9302 9304 9303
f 9309 9311 9307 9305
f 9306 9308 9312 9310
f 9305 9306 9310 9309
f 9311 9312 9308 9307
f 9307 9308 9306 9305
f 9309 9310 9312 9311
f 9317 9319 9315 9313
f 9314 9316 9320 9318
f 9313 9314 9318 9317
f 9319 9320 9316 9315
f 9315 9316 9314 9313
f 9317 9318 9320 9319
f 9325 9327 9323 9321
f 9322 9324 9328 9326
f 9321 9322 9326 9325
f 9327 9328 9324 9323
f 9323 9324 9322 9321
f 9325 9326 9328 9327
f 9333 9335 9331 9329
f 9330 9332 9336 9334
f 9329 9330 9334 9333
f 9335 9336 9332 9331
f 9331 9332 9330 9329
f 9333 9334 9336 9335
f 9341 9343 9339 9337
f 9338 9340 9344 9342
f 9337 9338 9342 9341
f 9343 9344 9340 9339
f 9339 9340 9338 9337
f 9341 9342 9344 9343
f 9349 9351 9347 9345
f 9346 9348 9352 9350
f 9345 9346 9350 9349
f 9351 9352 9348 9347
f 9347 9348 9346 9345
f 9349 9350 9352 9351
f 9357 9359 9355 9353
f 9354 9356 9360 9358
f 9353 9354 9358 9357
f 9359 9360 9356 9355
f 9355 9356 9354 9353
f 9357 9358 9360 9359
f 9365 9367 9363 9361
f 9362 9364 9368 9366
f 9361 9362 9366 9365
f 9367 9368 9364 9363
f 9363 9364 9362 9361
f 9365 9366 9368 9367
f 9373 9375 9371 9369
f 9370 9372 9376 9374
f 9369 9370 9374 9373
f 9375 9376 9372 9371
f 9371 9372 9370 9369
f 9373 9374 9376 9375
f 9381 9383 9379 9377
f 9378 9380 9384 9382
f 9377 9378 9382 9381
f 9383 9384 9380 9379
f 9379 9380 9378 9377
f 9381 9382 9384 9383
f 9389 9391 9387 9385
f 9386 9388 9392 9390
f 9385 9386 9390 9389
f 9391 9392 9388 9387
f 9387 9388 9386 9385
f 9389 9390 9392 9391
f 9397 9399 9395 9393
f 9394 9396 9400 9398
f 9393 9394 9398 9397
f 9399 9400 9396 9395
f 9395 9396 9394 9393
f 9397 9398 9400 9399
f 9405 9407 9403 9401
f 9402 9404 9408 9406
f 9401 9402 9406 9405
f 9407 9408 9404 9403
f 9403 9404 9402 9401
f 9405 9406 9408 9407
f 9413 9415 9411 9409
f 9410 9412 9416 9414
f 9409 9410 9414 9413
f 9415 9416 9412 9411
f 9411 9412 9410 9409
f 9413 9414 9416 9415
f 9421 9423 9419 9417
f 9418 9420 9424 9422
f 9417 9418 9422 9421
f 9423 9424 9420 9419
f 9419 9420 9418 9417
f 9421 9422 9424 9423
f 9429 9431 9427 9425
f 9426 9428 9432 9430
f 9425 9426 9430 9429
f 9431 9432 9428 9427
f 9427 9428 9426 9425
f 9429 9430 9432 9431
f 9437 9439 9435 9433
f 9434 9436 9440 9438
f 9433 9434 9438 9437
f 9439 9440 9436 9435
f 9435 9436 9434 9433
f 9437 9438 9440 9439
o XL_Lights
usemtl Lights
v -0.3000 3.6200 8.5000
v 0.3000 3.6200 8.5000
v -0.3000 3.6200 1.5000
v 0.3000 3.6200 1.5000
v -0.3000 3.7000 8.5000
v 0.3000 3.7000 8.5000
v -0.3000 3.7000 1.5000
v 0.3000 3.7000 1.5000
v -0.3000 3.6200 -1.5000
v 0.3000 3.6200 -1.5000
v -0.3000 3.6200 -8.5000
v 0.3000 3.6200 -8.5000
v -0.3000 3.7000 -1.5000
v 0.3000 3.7000 -1.5000
v -0.3000 3.7000 -8.5000
v 0.3000 3.7000 -8.5000
v -0.3000 3.6200 -11.5000
v 0.3000 3.6200 -11.5000
v -0.3000 3.6200 -18.5000
v 0.3000 3.6200 -18.5000
v -0.3000 3.7000 -11.5000
v 0.3000 3.7000 -11.5000
v -0.3000 3.7000 -18.5000
v 0.3000 3.7000 -18.5000
v -0.3000 3.6200 -21.5000
v 0.3000 3.6200 -21.5000
v -0.3000 3.6200 -28.5000
v 0.3000 3.6200 -28.5000
v -0.3000 3.7000 -21.5000
v 0.3000 3.7000 -21.5000
v -0.3000 3.7000 -28.5000
v 0.3000 3.7000 -28.5000
v -0.3000 3.6200 -31.5000
v 0.3000 3.6200 -31.5000
v -0.3000 3.6200 -38.5000
v 0.3000 3.6200 -38.5000
v -0.3000 3.7000 -31.5000
v 0.3000 3.7000 -31.5000
v -0.3000 3.7000 -38.5000
v 0.3000 3.7000 -38.5000
v -0.3000 3.6200 -41.5000
v 0.3000 3.6200 -41.5000
v -0.3000 3.6200 -48.5000
v 0.3000 3.6200 -48.5000
v -0.3000 3.7000 -41.5000
v 0.3000 3.7000 -41.5000
v -0.3000 3.7000 -48.5000
v 0.3000 3.7000 -48.5000
v -0.3000 3.6200 -51.5000
v 0.3000 3.6200 -51.5000
v -0.3000 3.6200 -58.5000
v 0.3000 3.6200 -58.5000
v -0.3000 3.7000 -51.5000
v 0.3000 3.7000 -51.5000
v -0.3000 3.7000 -58.5000
v 0.3000 3.7000 -58.5000
v -0.3000 3.6200 -61.5000
v 0.3000 3.6200 -61.5000
v -0.3000 3.6200 -68.5000
v 0.3000 3.6200 -68.5000
v -0.3000 3.7000 -61.5000
v 0.3000 3.7000 -61.5000
v -0.3000 3.7000 -68.5000
v 0.3000 3.7000 -68.5000
v -0.3000 3.6200 -71.5000
v 0.3000 3.6200 -71.5000
v -0.3000 3.6200 -78.5000
v 0.3000 3.6200 -78.5000
v -0.3000 3.7000 -71.5000
v 0.3000 3.7000 -71.5000
v -0.3000 3.7000 -78.5000
v 0.3000 3.7000 -78.5000
v -0.3000 3.6200 -81.5000
v 0.3000 3.6200 -81.5000
v -0.3000 3.6200 -88.5000
v 0.3000 3.6200 -88.5000
v -0.3000 3.7000 -81.5000
v 0.3000 3.7000 -81.5000
v -0.3000 3.7000 -88.5000
v 0.3000 3.7000 -88.5000
v -0.3000 7.6200 8.5000
v 0.3000 7.6200 8.5000
v -0.3000 7.6200 1.5000
v 0.3000 7.6200 1.5000
v -0.3000 7.7000 8.5000
v 0.3000 7.7000 8.5000
v -0.3000 7.7000 1.5000
v 0.3000 7.7000 1.5000
v -0.3000 7.6200 -1.5000
v 0.3000 7.6200 -1.5000
v -0.3000 7.6200 -8.5000
v 0.3000 7.6200 -8.5000
v -0.3000 7.7000 -1.5000
v 0.3000 7.7000 -1.5000
v -0.3000 7.7000 -8.5000
v 0.3000 7.7000 -8.5000
v -0.3000 7.6200 -11.5000
v 0.3000 7.6200 -11.5000
v -0.3000 7.6200 -18.5000
v 0.3000 7.6200 -18.5000
v -0.3000 7.7000 -11.5000
v 0.3000 7.7000 -11.5000
v -0.3000 7.7000 -18.5000
v 0.3000 7.7000 -18.5000
v -0.3000 7.6200 -21.5000
v 0.3000 7.6200 -21.5000
v -0.3000 7.6200 -28.5000
v 0.3000 7.6200 -28.5000
v -0.3000 7.7000 -21.5000
v 0.3000 7.7000 -21.5000
v -0.3000 7.7000 -28.5000
v 0.3000 7.7000 -28.5000
v -0.3000 7.6200 -31.5000
v 0.3000 7.6200 -31.5000
v -0.3000 7.6200 -38.5000
v 0.3000 7.6200 -38.5000
v -0.3000 7.7000 -31.5000
v 0.3000 7.7000 -31.5000
v -0.3000 7.7000 -38.5000
v 0.3000 7.7000 -38.5000
v -0.3000 7.6200 -41.5000
v 0.3000 7.6200 -41.5000
v -0.3000 7.6200 -48.5000
v 0.3000 7.6200 -48.5000
v -0.3000 7.7000 -41.5000
v 0.3000 7.7000 -41.5000
v -0.3000 7.7000 -48.5000
v 0.3000 7.7000 -48.5000
v -0.3000 7.6200 -51.5000
v 0.3000 7.6200 -51.5000
v -0.3000 7.6200 -58.5000
v 0.3000 7.6200 -58.5000
v -0.3000 7.7000 -51.5000
v 0.3000 7.7000 -51.5000
v -0.3000 7.7000 -58.5000
v 0.3000 7.7000 -58.5000
v -0.3000 7.6200 -61.5000
v 0.3000 7.6200 -61.5000
v -0.3000 7.6200 -68.5000
v 0.3000 7.6200 -68.5000
v -0.3000 7.7000 -61.5000
v 0.3000 7.7000 -61.5000
v -0.3000 7.7000 -68.5000
v 0.3000 7.7000 -68.5000
v -0.3000 7.6200 -71.5000
v 0.3000 7.6200 -71.5000
v -0.3000 7.6200 -78.5000
v 0.3000 7.6200 -78.5000
v -0.3000 7.7000 -71.5000
v 0.3000 7.7000 -71.5000
v -0.3000 7.7000 -78.5000
v 0.3000 7.7000 -78.5000
v -0.3000 7.6200 -81.5000
v 0.3000 7.6200 -81.5000
v -0.3000 7.6200 -88.5000
v 0.3000 7.6200 -88.5000
v -0.3000 7.7000 -81.5000
v 0.3000 7.7000 -81.5000
v -0.3000 7.7000 -88.5000
v 0.3000 7.7000 -88.5000
v -0.3000 11.6200 88.5000
v 0.3000 11.6200 88.5000
v -0.3000 11.6200 81.5000
v 0.3000 11.6200 81.5000
v -0.3000 11.7000 88.5000
v 0.3000 11.7000 88.5000
v -0.3000 11.7000 81.5000
v 0.3000 11.7000 81.5000
v -0.3000 11.6200 78.5000
v 0.3000 11.6200 78.5000
v -0.3000 11.6200 71.5000
v 0.3000 11.6200 71.5000
v -0.3000 11.7000 78.5000
v 0.3000 11.7000 78.5000
v -0.3000 11.7000 71.5000
v 0.3000 11.7000 71.5000
v -0.3000 11.6200 68.5000
v 0.3000 11.6200 68.5000
v -0.3000 11.6200 61.5000
v 0.3000 11.6200 61.5000
v -0.3000 11.7000 68.5000
v 0.3000 11.7000 68.5000
v -0.3000 11.7000 61.5000
v 0.3000 11.7000 61.5000
v -0.3000 11.6200 58.5000
v 0.3000 11.6200 58.5000
v -0.3000 11.6200 51.5000
v 0.3000 11.6200 51.5000
v -0.3000 11.7000 58.5000
v 0.3000 11.7000 58.5000
v -0.3000 11.7000 51.5000
v 0.3000 11.7000 51.5000
v -0.3000 11.6200 48.5000
v 0.3000 11.6200 48.5000
v -0.3000 11.6200 41.5000
v 0.3000 11.6200 41.5000
v -0.3000 11.7000 48.5000
v 0.3000 11.7000 48.5000
v -0.3000 11.7000 41.5000
v 0.3000 11.7000 41.5000
v -0.3000 11.6200 38.5000
v 0.3000 11.6200 38.5000
v -0.3000 11.6200 31.5000
v 0.3000 11.6200 31.5000
v -0.3000 11.7000 38.5000
v 0.3000 11.7000 38.5000
v -0.3000 11.7000 31.5000
v 0.3000 11.7000 31.5000
v -0.3000 11.6200 28.5000
v 0.3000 11.6200 28.5000
v -0.3000 11.6200 21.5000
v 0.3000 11.6200 21.5000
v -0.3000 11.7000 28.5000
v 0.3000 11.7000 28.5000
v -0.3000 11.7000 21.5000
v 0.3000 11.7000 21.5000
v -0.3000 11.6200 18.5000
v 0.3000 11.6200 18.5000
v -0.3000 11.6200 11.5000
v 0.3000 11.6200 11.5000
v -0.3000 11.7000 18.5000
v 0.3000 11.7000 18.5000
v -0.3000 11.7000 11.5000
v 0.3000 11.7000 11.5000
v -0.3000 11.6200 8.5000
v 0.3000 11.6200 8.5000
v -0.3000 11.6200 1.5000
v 0.3000 11.6200 1.5000
v -0.3000 11.7000 8.5000
v 0.3000 11.7000 8.5000
v -0.3000 11.7000 1.5000
v 0.3000 11.7000 1.5000
v -0.3000 11.6200 -1.5000
v 0.3000 11.6200 -1.5000
v -0.3000 11.6200 -8.5000
v 0.3000 11.6200 -8.5000
v -0.3000 11.7000 -1.5000
v 0.3000 11.7000 -1.5000
v -0.3000 11.7000 -8.5000
v 0.3000 11.7000 -8.5000
v -0.3000 11.6200 -11.5000
v 0.3000 11.6200 -11.5000
v -0.3000 11.6200 -18.5000
v 0.3000 11.6200 -18.5000
v -0.3000 11.7000 -11.5000
v 0.3000 11.7000 -11.5000
v -0.3000 11.7000 -18.5000
v 0.3000 11.7000 -18.5000
v -0.3000 11.6200 -21.5000
v 0.3000 11.6200 -21.5000
v -0.3000 11.6200 -28.5000
v 0.3000 11.6200 -28.5000
v -0.3000 11.7000 -21.5000
v 0.3000 11.7000 -21.5000
v -0.3000 11.7000 -28.5000
v 0.3000 11.7000 -28.5000
v -0.3000 11.6200 -31.5000
v 0.3000 11.6200 -31.5000
v -0.3000 11.6200 -38.5000
v 0.3000 11.6200 -38.5000
v -0.3000 11.7000 -31.5000
v 0.3000 11.7000 -31.5000
v -0.3000 11.7000 -38.5000
v 0.3000 11.7000 -38.5000
v -0.3000 11.6200 -41.5000
v 0.3000 11.6200 -41.5000
v -0.3000 11.6200 -48.5000
v 0.3000 11.6200 -48.5000
v -0.3000 11.7000 -41.5000
v 0.3000 11.7000 -41.5000
v -0.3000 11.7000 -48.5000
v 0.3000 11.7000 -48.5000
v -0.3000 11.6200 -51.5000
v 0.3000 11.6200 -51.5000
v -0.3000 11.6200 -58.5000
v 0.3000 11.6200 -58.5000
v -0.3000 11.7000 -51.5000
v 0.3000 11.7000 -51.5000
v -0.3000 11.7000 -58.5000
v 0.3000 11.7000 -58.5000
v -0.3000 11.6200 -61.5000
v 0.3000 11.6200 -61.5000
v -0.3000 11.6200 -68.5000
v 0.3000 11.6200 -68.5000
v -0.3000 11.7000 -61.5000
v 0.3000 11.7000 -61.5000
v -0.3000 11.7000 -68.5000
v 0.3000 11.7000 -68.5000
v -0.3000 11.6200 -71.5000
v 0.3000 11.6200 -71.5000
v -0.3000 11.6200 -78.5000
v 0.3000 11.6200 -78.5000
v -0.3000 11.7000 -71.5000
v 0.3000 11.7000 -71.5000
v -0.3000 11.7000 -78.5000
v 0.3000 11.7000 -78.5000
v -11.1500 7.0000 78.5000
v -11.0500 7.0000 78.5000
v -11.1500 7.0000 51.5000
v -11.0500 7.0000 51.5000
v -11.1500 7.1500 78.5000
v -11.0500 7.1500 78.5000
v -11.1500 7.1500 51.5000
v -11.0500 7.1500 51.5000
v 11.0500 7.0000 78.5000
v 11.1500 7.0000 78.5000
v 11.0500 7.0000 51.5000
v 11.1500 7.0000 51.5000
v 11.0500 7.1500 78.5000
v 11.1500 7.1500 78.5000
v 11.0500 7.1500 51.5000
v 11.1500 7.1500 51.5000
v -0.4000 7.6200 78.5000
v 0.4000 7.6200 78.5000
v -0.4000 7.6200 71.5000
v 0.4000 7.6200 71.5000
v -0.4000 7.7000 78.5000
v 0.4000 7.7000 78.5000
v -0.4000 7.7000 71.5000
v 0.4000 7.7000 71.5000
v -0.4000 7.6200 68.5000
v 0.4000 7.6200 68.5000
v -0.4000 7.6200 61.5000
v 0.4000 7.6200 61.5000
v -0.4000 7.7000 68.5000
v 0.4000 7.7000 68.5000
v -0.4000 7.7000 61.5000
v 0.4000 7.7000 61.5000
v -0.4000 7.6200 58.5000
v 0.4000 7.6200 58.5000
v -0.4000 7.6200 51.5000
v 0.4000 7.6200 51.5000
v -0.4000 7.7000 58.5000
v 0.4000 7.7000 58.5000
v -0.4000 7.7000 51.5000
v 0.4000 7.7000 51.5000
v -2.0000 11.6200 -81.5000
v 2.0000 11.6200 -81.5000
v -2.0000 11.6200 -88.5000
v 2.0000 11.6200 -88.5000
v -2.0000 11.7000 -81.5000
v 2.0000 11.7000 -81.5000
v -2.0000 11.7000 -88.5000
v 2.0000 11.7000 -88.5000
v 10.9500 6.9500 48.8000
v 11.0500 6.9500 48.8000
v 10.9500 6.9500 11.2000
v 11.0500 6.9500 11.2000
v 10.9500 7.1000 48.8000
v 11.0500 7.1000 48.8000
v 10.9500 7.1000 11.2000
v 11.0500 7.1000 11.2000
v -3.0000 7.6200 45.3000
v 3.0000 7.6200 45.3000
v -3.0000 7.6200 44.7000
v 3.0000 7.6200 44.7000
v -3.0000 7.7000 45.3000
v 3.0000 7.7000 45.3000
v -3.0000 7.7000 44.7000
v 3.0000 7.7000 44.7000
v -3.0000 7.6200 35.3000
v 3.0000 7.6200 35.3000
v -3.0000 7.6200 34.7000
v 3.0000 7.6200 34.7000
v -3.0000 7.7000 35.3000
v 3.0000 7.7000 35.3000
v -3.0000 7.7000 34.7000
v 3.0000 7.7000 34.7000
v -3.0000 7.6200 25.3000
v 3.0000 7.6200 25.3000
v -3.0000 7.6200 24.7000
v 3.0000 7.6200 24.7000
v -3.0000 7.7000 25.3000
v 3.0000 7.7000 25.3000
v -3.0000 7.7000 24.7000
v 3.0000 7.7000 24.7000
v -3.0000 7.6200 15.3000
v 3.0000 7.6200 15.3000
v -3.0000 7.6200 14.7000
v 3.0000 7.6200 14.7000
v -3.0000 7.7000 15.3000
v 3.0000 7.7000 15.3000
v -3.0000 7.7000 14.7000
v 3.0000 7.7000 14.7000
v 1.3800 1.7000 8.4000
v 1.4000 1.7000 8.4000
v 1.3800 1.7000 7.4000
v 1.4000 1.7000 7.4000
v 1.3800 1.8500 8.4000
v 1.4000 1.8500 8.4000
v 1.3800 1.8500 7.4000
v 1.4000 1.8500 7.4000
v 1.3800 1.7000 -11.6000
v 1.4000 1.7000 -11.6000
v 1.3800 1.7000 -12.6000
v 1.4000 1.7000 -12.6000
v 1.3800 1.8500 -11.6000
v 1.4000 1.8500 -11.6000
v 1.3800 1.8500 -12.6000
v 1.4000 1.8500 -12.6000
v 1.3800 1.7000 -31.6000
v 1.4000 1.7000 -31.6000
v 1.3800 1.7000 -32.6000
v 1.4000 1.7000 -32.6000
v 1.3800 1.8500 -31.6000
v 1.4000 1.8500 -31.6000
v 1.3800 1.8500 -32.6000
v 1.4000 1.8500 -32.6000
v 1.3800 1.7000 -51.6000
v 1.4000 1.7000 -51.6000
v 1.3800 1.7000 -52.6000
v 1.4000 1.7000 -52.6000
v 1.3800 1.8500 -51.6000
v 1.4000 1.8500 -51.6000
v 1.3800 1.8500 -52.6000
v 1.4000 1.8500 -52.6000
v 1.3800 1.7000 -71.6000
v 1.4000 1.7000 -71.6000
v 1.3800 1.7000 -72.6000
v 1.4000 1.7000 -72.6000
v 1.3800 1.8500 -71.6000
v 1.4000 1.8500 -71.6000
v 1.3800 1.8500 -72.6000
v 1.4000 1.8500 -72.6000
v 1.3800 5.7000 8.4000
v 1.4000 5.7000 8.4000
v 1.3800 5.7000 7.4000
v 1.4000 5.7000 7.4000
v 1.3800 5.8500 8.4000
v 1.4000 5.8500 8.4000
v 1.3800 5.8500 7.4000
v 1.4000 5.8500 7.4000
v 1.3800 5.7000 -11.6000
v 1.4000 5.7000 -11.6000
v 1.3800 5.7000 -12.6000
v 1.4000 5.7000 -12.6000
v 1.3800 5.8500 -11.6000
v 1.4000 5.8500 -11.6000
v 1.3800 5.8500 -12.6000
v 1.4000 5.8500 -12.6000
v 1.3800 5.7000 -31.6000
v 1.4000 5.7000 -31.6000
v 1.3800 5.7000 -32.6000
v 1.4000 5.7000 -32.6000
v 1.3800 5.8500 -31.6000
v 1.4000 5.8500 -31.6000
v 1.3800 5.8500 -32.6000
v 1.4000 5.8500 -32.6000
v 1.3800 5.7000 -51.6000
v 1.4000 5.7000 -51.6000
v 1.3800 5.7000 -52.6000
v 1.4000 5.7000 -52.6000
v 1.3800 5.8500 -51.6000
v 1.4000 5.8500 -51.6000
v 1.3800 5.8500 -52.6000
v 1.4000 5.8500 -52.6000
v 1.3800 5.7000 -71.6000
v 1.4000 5.7000 -71.6000
v 1.3800 5.7000 -72.6000
v 1.4000 5.7000 -72.6000
v 1.3800 5.8500 -71.6000
v 1.4000 5.8500 -71.6000
v 1.3800 5.8500 -72.6000
v 1.4000 5.8500 -72.6000
v 1.3800 9.7000 88.4000
v 1.4000 9.7000 88.4000
v 1.3800 9.7000 87.4000
v 1.4000 9.7000 87.4000
v 1.3800 9.8500 88.4000
v 1.4000 9.8500 88.4000
v 1.3800 9.8500 87.4000
v 1.4000 9.8500 87.4000
v 1.3800 9.7000 78.4000
v 1.4000 9.7000 78.4000
v 1.3800 9.7000 77.4000
v 1.4000 9.7000 77.4000
v 1.3800 9.8500 78.4000
v 1.4000 9.8500 78.4000
v 1.3800 9.8500 77.4000
v 1.4000 9.8500 77.4000
v 1.3800 9.7000 48.4000
v 1.4000 9.7000 48.4000
v 1.3800 9.7000 47.4000
v 1.4000 9.7000 47.4000
v 1.3800 9.8500 48.4000
v 1.4000 9.8500 48.4000
v 1.3800 9.8500 47.4000
v 1.4000 9.8500 47.4000
v 1.3800 9.7000 8.4000
v 1.4000 9.7000 8.4000
v 1.3800 9.7000 7.4000
v 1.4000 9.7000 7.4000
v 1.3800 9.8500 8.4000
v 1.4000 9.8500 8.4000
v 1.3800 9.8500 7.4000
v 1.4000 9.8500 7.4000
v 1.3800 9.7000 -11.6000
v 1.4000 9.7000 -11.6000
v 1.3800 9.7000 -12.6000
v 1.4000 9.7000 -12.6000
v 1.3800 9.8500 -11.6000
v 1.4000 9.8500 -11.6000
v 1.3800 9.8500 -12.6000
v 1.4000 9.8500 -12.6000
v 1.3800 9.7000 -31.6000
v 1.4000 9.7000 -31.6000
v 1.3800 9.7000 -32.6000
v 1.4000 9.7000 -32.6000
v 1.3800 9.8500 -31.6000
v 1.4000 9.8500 -31.6000
v 1.3800 9.8500 -32.6000
v 1.4000 9.8500 -32.6000
v 1.3800 9.7000 -51.6000
v 1.4000 9.7000 -51.6000
v 1.3800 9.7000 -52.6000
v 1.4000 9.7000 -52.6000
v 1.3800 9.8500 -51.6000
v 1.4000 9.8500 -51.6000
v 1.3800 9.8500 -52.6000
v 1.4000 9.8500 -52.6000
v 1.3800 9.7000 -71.6000
v 1.4000 9.7000 -71.6000
v 1.3800 9.7000 -72.6000
v 1.4000 9.7000 -72.6000
v 1.3800 9.8500 -71.6000
v 1.4000 9.8500 -71.6000
v 1.3800 9.8500 -72.6000
v 1.4000 9.8500 -72.6000
v -2.5500 1.2000 2.6000
v -2.5000 1.2000 2.6000
v -2.5500 1.2000 1.6000
v -2.5000 1.2000 1.6000
v -2.5500 1.6000 2.6000
v -2.5000 1.6000 2.6000
v -2.5500 1.6000 1.6000
v -2.5000 1.6000 1.6000
v -2.5500 9.2000 -77.4000
v -2.5000 9.2000 -77.4000
v -2.5500 9.2000 -78.4000
v -2.5000 9.2000 -78.4000
v -2.5500 9.6000 -77.4000
v -2.5000 9.6000 -77.4000
v -2.5500 9.6000 -78.4000
v -2.5000 9.6000 -78.4000
v 4.5500 8.9000 -74.1000
v 5.8500 8.9000 -74.1000
v 4.5500 8.9000 -75.9000
v 5.8500 8.9000 -75.9000
v 4.5500 8.9300 -74.1000
v 5.8500 8.9300 -74.1000
v 4.5500 8.9300 -75.9000
v 5.8500 8.9300 -75.9000
v -3.8010 13.6000 -85.3000
v 3.8010 13.6000 -85.3000
v -3.8010 13.6000 -85.6000
v 3.8010 13.6000 -85.6000
v -3.8010 13.8000 -85.3000
v 3.8010 13.8000 -85.3000
v -3.8010 13.8000 -85.6000
v 3.8010 13.8000 -85.6000
f 9445 9447 9443 9441
f 9442 9444 9448 9446
f 9441 9442 9446 9445
f 9447 9448 9444 9443
f 9443 9444 9442 9441
f 9445 9446 9448 9447
f 9453 9455 9451 9449
f 9450 9452 9456 9454
f 9449 9450 9454 9453
f 9455 9456 9452 9451
f 9451 9452 9450 9449
f 9453 9454 9456 9455
f 9461 9463 9459 9457
f 9458 9460 9464 9462
f 9457 9458 9462 9461
f 9463 9464 9460 9459
f 9459 9460 9458 9457
f 9461 9462 9464 9463
f 9469 9471 9467 9465
f 9466 9468 9472 9470
f 9465 9466 9470 9469
f 9471 9472 9468 9467
f 9467 9468 9466 9465
f 9469 9470 9472 9471
f 9477 9479 9475 9473
f 9474 9476 9480 9478
f 9473 9474 9478 9477
f 9479 9480 9476 9475
f 9475 9476 9474 9473
f 9477 9478 9480 9479
f 9485 9487 9483 9481
f 9482 9484 9488 9486
f 9481 9482 9486 9485
f 9487 9488 9484 9483
f 9483 9484 9482 9481
f 9485 9486 9488 9487
f 9493 9495 9491 9489
f 9490 9492 9496 9494
f 9489 9490 9494 9493
f 9495 9496 9492 9491
f 9491 9492 9490 9489
f 9493 9494 9496 9495
f 9501 9503 9499 9497
f 9498 9500 9504 9502
f 9497 9498 9502 9501
f 9503 9504 9500 9499
f 9499 9500 9498 9497
f 9501 9502 9504 9503
f 9509 9511 9507 9505
f 9506 9508 9512 9510
f 9505 9506 9510 9509
f 9511 9512 9508 9507
f 9507 9508 9506 9505
f 9509 9510 9512 9511
f 9517 9519 9515 9513
f 9514 9516 9520 9518
f 9513 9514 9518 9517
f 9519 9520 9516 9515
f 9515 9516 9514 9513
f 9517 9518 9520 9519
f 9525 9527 9523 9521
f 9522 9524 9528 9526
f 9521 9522 9526 9525
f 9527 9528 9524 9523
f 9523 9524 9522 9521
f 9525 9526 9528 9527
f 9533 9535 9531 9529
f 9530 9532 9536 9534
f 9529 9530 9534 9533
f 9535 9536 9532 9531
f 9531 9532 9530 9529
f 9533 9534 9536 9535
f 9541 9543 9539 9537
f 9538 9540 9544 9542
f 9537 9538 9542 9541
f 9543 9544 9540 9539
f 9539 9540 9538 9537
f 9541 9542 9544 9543
f 9549 9551 9547 9545
f 9546 9548 9552 9550
f 9545 9546 9550 9549
f 9551 9552 9548 9547
f 9547 9548 9546 9545
f 9549 9550 9552 9551
f 9557 9559 9555 9553
f 9554 9556 9560 9558
f 9553 9554 9558 9557
f 9559 9560 9556 9555
f 9555 9556 9554 9553
f 9557 9558 9560 9559
f 9565 9567 9563 9561
f 9562 9564 9568 9566
f 9561 9562 9566 9565
f 9567 9568 9564 9563
f 9563 9564 9562 9561
f 9565 9566 9568 9567
f 9573 9575 9571 9569
f 9570 9572 9576 9574
f 9569 9570 9574 9573
f 9575 9576 9572 9571
f 9571 9572 9570 9569
f 9573 9574 9576 9575
f 9581 9583 9579 9577
f 9578 9580 9584 9582
f 9577 9578 9582 9581
f 9583 9584 9580 9579
f 9579 9580 9578 9577
f 9581 9582 9584 9583
f 9589 9591 9587 9585
f 9586 9588 9592 9590
f 9585 9586 9590 9589
f 9591 9592 9588 9587
f 9587 9588 9586 9585
f 9589 9590 9592 9591
f 9597 9599 9595 9593
f 9594 9596 9600 9598
f 9593 9594 9598 9597
f 9599 9600 9596 9595
f 9595 9596 9594 9593
f 9597 9598 9600 9599
f 9605 9607 9603 9601
f 9602 9604 9608 9606
f 9601 9602 9606 9605
f 9607 9608 9604 9603
f 9603 9604 9602 9601
f 9605 9606 9608 9607
f 9613 9615 9611 9609
f 9610 9612 9616 9614
f 9609 9610 9614 9613
f 9615 9616 9612 9611
f 9611 9612 9610 9609
f 9613 9614 9616 9615
f 9621 9623 9619 9617
f 9618 9620 9624 9622
f 9617 9618 9622 9621
f 9623 9624 9620 9619
f 9619 9620 9618 9617
f 9621 9622 9624 9623
f 9629 9631 9627 9625
f 9626 9628 9632 9630
f 9625 9626 9630 9629
f 9631 9632 9628 9627
f 9627 9628 9626 9625
f 9629 9630 9632 9631
f 9637 9639 9635 9633
f 9634 9636 9640 9638
f 9633 9634 9638 9637
f 9639 9640 9636 9635
f 9635 9636 9634 9633
f 9637 9638 9640 9639
f 9645 9647 9643 9641
f 9642 9644 9648 9646
f 9641 9642 9646 9645
f 9647 9648 9644 9643
f 9643 9644 9642 9641
f 9645 9646 9648 9647
f 9653 9655 9651 9649
f 9650 9652 9656 9654
f 9649 9650 9654 9653
f 9655 9656 9652 9651
f 9651 9652 9650 9649
f 9653 9654 9656 9655
f 9661 9663 9659 9657
f 9658 9660 9664 9662
f 9657 9658 9662 9661
f 9663 9664 9660 9659
f 9659 9660 9658 9657
f 9661 9662 9664 9663
f 9669 9671 9667 9665
f 9666 9668 9672 9670
f 9665 9666 9670 9669
f 9671 9672 9668 9667
f 9667 9668 9666 9665
f 9669 9670 9672 9671
f 9677 9679 9675 9673
f 9674 9676 9680 9678
f 9673 9674 9678 9677
f 9679 9680 9676 9675
f 9675 9676 9674 9673
f 9677 9678 9680 9679
f 9685 9687 9683 9681
f 9682 9684 9688 9686
f 9681 9682 9686 9685
f 9687 9688 9684 9683
f 9683 9684 9682 9681
f 9685 9686 9688 9687
f 9693 9695 9691 9689
f 9690 9692 9696 9694
f 9689 9690 9694 9693
f 9695 9696 9692 9691
f 9691 9692 9690 9689
f 9693 9694 9696 9695
f 9701 9703 9699 9697
f 9698 9700 9704 9702
f 9697 9698 9702 9701
f 9703 9704 9700 9699
f 9699 9700 9698 9697
f 9701 9702 9704 9703
f 9709 9711 9707 9705
f 9706 9708 9712 9710
f 9705 9706 9710 9709
f 9711 9712 9708 9707
f 9707 9708 9706 9705
f 9709 9710 9712 9711
f 9717 9719 9715 9713
f 9714 9716 9720 9718
f 9713 9714 9718 9717
f 9719 9720 9716 9715
f 9715 9716 9714 9713
f 9717 9718 9720 9719
f 9725 9727 9723 9721
f 9722 9724 9728 9726
f 9721 9722 9726 9725
f 9727 9728 9724 9723
f 9723 9724 9722 9721
f 9725 9726 9728 9727
f 9733 9735 9731 9729
f 9730 9732 9736 9734
f 9729 9730 9734 9733
f 9735 9736 9732 9731
f 9731 9732 9730 9729
f 9733 9734 9736 9735
f 9741 9743 9739 9737
f 9738 9740 9744 9742
f 9737 9738 9742 9741
f 9743 9744 9740 9739
f 9739 9740 9738 9737
f 9741 9742 9744 9743
f 9749 9751 9747 9745
f 9746 9748 9752 9750
f 9745 9746 9750 9749
f 9751 9752 9748 9747
f 9747 9748 9746 9745
f 9749 9750 9752 9751
f 9757 9759 9755 9753
f 9754 9756 9760 9758
f 9753 9754 9758 9757
f 9759 9760 9756 9755
f 9755 9756 9754 9753
f 9757 9758 9760 9759
f 9765 9767 9763 9761
f 9762 9764 9768 9766
f 9761 9762 9766 9765
f 9767 9768 9764 9763
f 9763 9764 9762 9761
f 9765 9766 9768 9767
f 9773 9775 9771 9769
f 9770 9772 9776 9774
f 9769 9770 9774 9773
f 9775 9776 9772 9771
f 9771 9772 9770 9769
f 9773 9774 9776 9775
f 9781 9783 9779 9777
f 9778 9780 9784 9782
f 9777 9778 9782 9781
f 9783 9784 9780 9779
f 9779 9780 9778 9777
f 9781 9782 9784 9783
f 9789 9791 9787 9785
f 9786 9788 9792 9790
f 9785 9786 9790 9789
f 9791 9792 9788 9787
f 9787 9788 9786 9785
f 9789 9790 9792 9791
f 9797 9799 9795 9793
f 9794 9796 9800 9798
f 9793 9794 9798 9797
f 9799 9800 9796 9795
f 9795 9796 9794 9793
f 9797 9798 9800 9799
f 9805 9807 9803 9801
f 9802 9804 9808 9806
f 9801 9802 9806 9805
f 9807 9808 9804 9803
f 9803 9804 9802 9801
f 9805 9806 9808 9807
f 9813 9815 9811 9809
f 9810 9812 9816 9814
f 9809 9810 9814 9813
f 9815 9816 9812 9811
f 9811 9812 9810 9809
f 9813 9814 9816 9815
f 9821 9823 9819 9817
f 9818 9820 9824 9822
f 9817 9818 9822 9821
f 9823 9824 9820 9819
f 9819 9820 9818 9817
f 9821 9822 9824 9823
f 9829 9831 9827 9825
f 9826 9828 9832 9830
f 9825 9826 9830 9829
f 9831 9832 9828 9827
f 9827 9828 9826 9825
f 9829 9830 9832 9831
f 9837 9839 9835 9833
f 9834 9836 9840 9838
f 9833 9834 9838 9837
f 9839 9840 9836 9835
f 9835 9836 9834 9833
f 9837 9838 9840 9839
f 9845 9847 9843 9841
f 9842 9844 9848 9846
f 9841 9842 9846 9845
f 9847 9848 9844 9843
f 9843 9844 9842 9841
f 9845 9846 9848 9847
f 9853 9855 9851 9849
f 9850 9852 9856 9854
f 9849 9850 9854 9853
f 9855 9856 9852 9851
f 9851 9852 9850 9849
f 9853 9854 9856 9855
f 9861 9863 9859 9857
f 9858 9860 9864 9862
f 9857 9858 9862 9861
f 9863 9864 9860 9859
f 9859 9860 9858 9857
f 9861 9862 9864 9863
f 9869 9871 9867 9865
f 9866 9868 9872 9870
f 9865 9866 9870 9869
f 9871 9872 9868 9867
f 9867 9868 9866 9865
f 9869 9870 9872 9871
f 9877 9879 9875 9873
f 9874 9876 9880 9878
f 9873 9874 9878 9877
f 9879 9880 9876 9875
f 9875 9876 9874 9873
f 9877 9878 9880 9879
f 9885 9887 9883 9881
f 9882 9884 9888 9886
f 9881 9882 9886 9885
f 9887 9888 9884 9883
f 9883 9884 9882 9881
f 9885 9886 9888 9887
f 9893 9895 9891 9889
f 9890 9892 9896 9894
f 9889 9890 9894 9893
f 9895 9896 9892 9891
f 9891 9892 9890 9889
f 9893 9894 9896 9895
f 9901 9903 9899 9897
f 9898 9900 9904 9902
f 9897 9898 9902 9901
f 9903 9904 9900 9899
f 9899 9900 9898 9897
f 9901 9902 9904 9903
f 9909 9911 9907 9905
f 9906 9908 9912 9910
f 9905 9906 9910 9909
f 9911 9912 9908 9907
f 9907 9908 9906 9905
f 9909 9910 9912 9911
f 9917 9919 9915 9913
f 9914 9916 9920 9918
f 9913 9914 9918 9917
f 9919 9920 9916 9915
f 9915 9916 9914 9913
f 9917 9918 9920 9919
f 9925 9927 9923 9921
f 9922 9924 9928 9926
f 9921 9922 9926 9925
f 9927 9928 9924 9923
f 9923 9924 9922 9921
f 9925 9926 9928 9927
f 9933 9935 9931 9929
f 9930 9932 9936 9934
f 9929 9930 9934 9933
f 9935 9936 9932 9931
f 9931 9932 9930 9929
f 9933 9934 9936 9935
f 9941 9943 9939 9937
f 9938 9940 9944 9942
f 9937 9938 9942 9941
f 9943 9944 9940 9939
f 9939 9940 9938 9937
f 9941 9942 9944 9943
f 9949 9951 9947 9945
f 9946 9948 9952 9950
f 9945 9946 9950 9949
f 9951 9952 9948 9947
f 9947 9948 9946 9945
f 9949 9950 9952 9951
f 9957 9959 9955 9953
f 9954 9956 9960 9958
f 9953 9954 9958 9957
f 9959 9960 9956 9955
f 9955 9956 9954 9953
f 9957 9958 9960 9959
f 9965 9967 9963 9961
f 9962 9964 9968 9966
f 9961 9962 9966 9965
f 9967 9968 9964 9963
f 9963 9964 9962 9961
f 9965 9966 9968 9967
f 9973 9975 9971 9969
f 9970 9972 9976 9974
f 9969 9970 9974 9973
f 9975 9976 9972 9971
f 9971 9972 9970 9969
f 9973 9974 9976 9975
f 9981 9983 9979 9977
f 9978 9980 9984 9982
f 9977 9978 9982 9981
f 9983 9984 9980 9979
f 9979 9980 9978 9977
f 9981 9982 9984 9983
f 9989 9991 9987 9985
f 9986 9988 9992 9990
f 9985 9986 9990 9989
f 9991 9992 9988 9987
f 9987 9988 9986 9985
f 9989 9990 9992 9991
f 9997 9999 9995 9993
f 9994 9996 10000 9998
f 9993 9994 9998 9997
f 9999 10000 9996 9995
f 9995 9996 9994 9993
f 9997 9998 10000 9999
o XL_Glass-col
usemtl Glass
v -5.0000 9.4000 -90.2000
v 5.0000 9.4000 -90.2000
v -5.0000 9.4000 -90.2800
v 5.0000 9.4000 -90.2800
v -5.0000 10.8000 -90.2000
v 5.0000 10.8000 -90.2000
v -5.0000 10.8000 -90.2800
v 5.0000 10.8000 -90.2800
f 10005 10007 10003 10001
f 10002 10004 10008 10006
f 10001 10002 10006 10005
f 10007 10008 10004 10003
f 10003 10004 10002 10001
f 10005 10006 10008 10007
o XL_Cover-col
usemtl Cover
v -6.7500 0.0000 -21.3000
v -6.3500 0.0000 -21.3000
v -6.7500 0.0000 -23.9000
v -6.3500 0.0000 -23.9000
v -6.7500 1.1500 -21.3000
v -6.3500 1.1500 -21.3000
v -6.7500 1.1500 -23.9000
v -6.3500 1.1500 -23.9000
v -5.5500 0.0000 -26.1000
v -5.1500 0.0000 -26.1000
v -5.5500 0.0000 -28.7000
v -5.1500 0.0000 -28.7000
v -5.5500 1.1500 -26.1000
v -5.1500 1.1500 -26.1000
v -5.5500 1.1500 -28.7000
v -5.1500 1.1500 -28.7000
v -3.4500 0.0000 -20.6000
v -2.2500 0.0000 -20.6000
v -3.4500 0.0000 -21.8000
v -2.2500 0.0000 -21.8000
v -3.4500 1.2000 -20.6000
v -2.2500 1.2000 -20.6000
v -3.4500 1.2000 -21.8000
v -2.2500 1.2000 -21.8000
v -3.4500 0.0000 -28.2000
v -2.2500 0.0000 -28.2000
v -3.4500 0.0000 -29.4000
v -2.2500 0.0000 -29.4000
v -3.4500 1.2000 -28.2000
v -2.2500 1.2000 -28.2000
v -3.4500 1.2000 -29.4000
v -2.2500 1.2000 -29.4000
v 6.3500 0.0000 -31.3000
v 6.7500 0.0000 -31.3000
v 6.3500 0.0000 -33.9000
v 6.7500 0.0000 -33.9000
v 6.3500 1.1500 -31.3000
v 6.7500 1.1500 -31.3000
v 6.3500 1.1500 -33.9000
v 6.7500 1.1500 -33.9000
v 5.1500 0.0000 -36.1000
v 5.5500 0.0000 -36.1000
v 5.1500 0.0000 -38.7000
v 5.5500 0.0000 -38.7000
v 5.1500 1.1500 -36.1000
v 5.5500 1.1500 -36.1000
v 5.1500 1.1500 -38.7000
v 5.5500 1.1500 -38.7000
v 2.2500 0.0000 -30.6000
v 3.4500 0.0000 -30.6000
v 2.2500 0.0000 -31.8000
v 3.4500 0.0000 -31.8000
v 2.2500 1.2000 -30.6000
v 3.4500 1.2000 -30.6000
v 2.2500 1.2000 -31.8000
v 3.4500 1.2000 -31.8000
v 2.2500 0.0000 -38.2000
v 3.4500 0.0000 -38.2000
v 2.2500 0.0000 -39.4000
v 3.4500 0.0000 -39.4000
v 2.2500 1.2000 -38.2000
v 3.4500 1.2000 -38.2000
v 2.2500 1.2000 -39.4000
v 3.4500 1.2000 -39.4000
v -6.7500 4.0000 8.7000
v -6.3500 4.0000 8.7000
v -6.7500 4.0000 6.1000
v -6.3500 4.0000 6.1000
v -6.7500 5.1500 8.7000
v -6.3500 5.1500 8.7000
v -6.7500 5.1500 6.1000
v -6.3500 5.1500 6.1000
v -5.5500 4.0000 3.9000
v -5.1500 4.0000 3.9000
v -5.5500 4.0000 1.3000
v -5.1500 4.0000 1.3000
v -5.5500 5.1500 3.9000
v -5.1500 5.1500 3.9000
v -5.5500 5.1500 1.3000
v -5.1500 5.1500 1.3000
v -3.4500 4.0000 9.4000
v -2.2500 4.0000 9.4000
v -3.4500 4.0000 8.2000
v -2.2500 4.0000 8.2000
v -3.4500 5.2000 9.4000
v -2.2500 5.2000 9.4000
v -3.4500 5.2000 8.2000
v -2.2500 5.2000 8.2000
v -3.4500 4.0000 1.8000
v -2.2500 4.0000 1.8000
v -3.4500 4.0000 0.6000
v -2.2500 4.0000 0.6000
v -3.4500 5.2000 1.8000
v -2.2500 5.2000 1.8000
v -3.4500 5.2000 0.6000
v -2.2500 5.2000 0.6000
v -6.7500 4.0000 -81.3000
v -6.3500 4.0000 -81.3000
v -6.7500 4.0000 -83.9000
v -6.3500 4.0000 -83.9000
v -6.7500 5.1500 -81.3000
v -6.3500 5.1500 -81.3000
v -6.7500 5.1500 -83.9000
v -6.3500 5.1500 -83.9000
v -5.5500 4.0000 -86.1000
v -5.1500 4.0000 -86.1000
v -5.5500 4.0000 -88.7000
v -5.1500 4.0000 -88.7000
v -5.5500 5.1500 -86.1000
v -5.1500 5.1500 -86.1000
v -5.5500 5.1500 -88.7000
v -5.1500 5.1500 -88.7000
v -3.4500 4.0000 -80.6000
v -2.2500 4.0000 -80.6000
v -3.4500 4.0000 -81.8000
v -2.2500 4.0000 -81.8000
v -3.4500 5.2000 -80.6000
v -2.2500 5.2000 -80.6000
v -3.4500 5.2000 -81.8000
v -2.2500 5.2000 -81.8000
v -3.4500 4.0000 -88.2000
v -2.2500 4.0000 -88.2000
v -3.4500 4.0000 -89.4000
v -2.2500 4.0000 -89.4000
v -3.4500 5.2000 -88.2000
v -2.2500 5.2000 -88.2000
v -3.4500 5.2000 -89.4000
v -2.2500 5.2000 -89.4000
v 6.3500 8.0000 -41.3000
v 6.7500 8.0000 -41.3000
v 6.3500 8.0000 -43.9000
v 6.7500 8.0000 -43.9000
v 6.3500 9.1500 -41.3000
v 6.7500 9.1500 -41.3000
v 6.3500 9.1500 -43.9000
v 6.7500 9.1500 -43.9000
v 5.1500 8.0000 -46.1000
v 5.5500 8.0000 -46.1000
v 5.1500 8.0000 -48.7000
v 5.5500 8.0000 -48.7000
v 5.1500 9.1500 -46.1000
v 5.5500 9.1500 -46.1000
v 5.1500 9.1500 -48.7000
v 5.5500 9.1500 -48.7000
v 2.2500 8.0000 -40.6000
v 3.4500 8.0000 -40.6000
v 2.2500 8.0000 -41.8000
v 3.4500 8.0000 -41.8000
v 2.2500 9.2000 -40.6000
v 3.4500 9.2000 -40.6000
v 2.2500 9.2000 -41.8000
v 3.4500 9.2000 -41.8000
v 2.2500 8.0000 -48.2000
v 3.4500 8.0000 -48.2000
v 2.2500 8.0000 -49.4000
v 3.4500 8.0000 -49.4000
v 2.2500 9.2000 -48.2000
v 3.4500 9.2000 -48.2000
v 2.2500 9.2000 -49.4000
v 3.4500 9.2000 -49.4000
v -6.7500 8.0000 -61.3000
v -6.3500 8.0000 -61.3000
v -6.7500 8.0000 -63.9000
v -6.3500 8.0000 -63.9000
v -6.7500 9.1500 -61.3000
v -6.3500 9.1500 -61.3000
v -6.7500 9.1500 -63.9000
v -6.3500 9.1500 -63.9000
v -5.5500 8.0000 -66.1000
v -5.1500 8.0000 -66.1000
v -5.5500 8.0000 -68.7000
v -5.1500 8.0000 -68.7000
v -5.5500 9.1500 -66.1000
v -5.1500 9.1500 -66.1000
v -5.5500 9.1500 -68.7000
v -5.1500 9.1500 -68.7000
v -3.4500 8.0000 -60.6000
v -2.2500 8.0000 -60.6000
v -3.4500 8.0000 -61.8000
v -2.2500 8.0000 -61.8000
v -3.4500 9.2000 -60.6000
v -2.2500 9.2000 -60.6000
v -3.4500 9.2000 -61.8000
v -2.2500 9.2000 -61.8000
v -3.4500 8.0000 -68.2000
v -2.2500 8.0000 -68.2000
v -3.4500 8.0000 -69.4000
v -2.2500 8.0000 -69.4000
v -3.4500 9.2000 -68.2000
v -2.2500 9.2000 -68.2000
v -3.4500 9.2000 -69.4000
v -2.2500 9.2000 -69.4000
v -6.6950 0.0000 73.0332
v -5.1410 0.0000 73.0332
v -6.6950 0.0000 71.4792
v -5.1410 0.0000 71.4792
v -6.6950 1.5540 73.0332
v -5.1410 1.5540 73.0332
v -6.6950 1.5540 71.4792
v -5.1410 1.5540 71.4792
v -5.3817 0.0000 52.1552
v -4.2842 0.0000 52.1552
v -5.3817 0.0000 51.0578
v -4.2842 0.0000 51.0578
v -5.3817 1.0974 52.1552
v -4.2842 1.0974 52.1552
v -5.3817 1.0974 51.0578
v -4.2842 1.0974 51.0578
v -7.0000 0.0000 68.4558
v -5.9683 0.0000 68.4558
v -7.0000 0.0000 67.4241
v -5.9683 0.0000 67.4241
v -7.0000 1.0317 68.4558
v -5.9683 1.0317 68.4558
v -7.0000 1.0317 67.4241
v -5.9683 1.0317 67.4241
v 3.9053 0.0000 62.3784
v 5.0276 0.0000 62.3784
v 3.9053 0.0000 61.2561
v 5.0276 0.0000 61.2561
v 3.9053 1.1223 62.3784
v 5.0276 1.1223 62.3784
v 3.9053 1.1223 61.2561
v 5.0276 1.1223 61.2561
v -5.4922 0.0000 60.2225
v -4.5883 0.0000 60.2225
v -5.4922 0.0000 59.3186
v -4.5883 0.0000 59.3186
v -5.4922 0.9039 60.2225
v -4.5883 0.9039 60.2225
v -5.4922 0.9039 59.3186
v -4.5883 0.9039 59.3186
v -6.7327 0.0000 73.1558
v -5.7602 0.0000 73.1558
v -6.7327 0.0000 72.1833
v -5.7602 0.0000 72.1833
v -6.7327 0.9725 73.1558
v -5.7602 0.9725 73.1558
v -6.7327 0.9725 72.1833
v -5.7602 0.9725 72.1833
v -4.6506 0.0000 76.3004
v -3.5831 0.0000 76.3004
v -4.6506 0.0000 75.2328
v -3.5831 0.0000 75.2328
v -4.6506 1.0675 76.3004
v -3.5831 1.0675 76.3004
v -4.6506 1.0675 75.2328
v -3.5831 1.0675 75.2328
v 4.9604 0.0000 76.6086
v 6.1704 0.0000 76.6086
v 4.9604 0.0000 75.3986
v 6.1704 0.0000 75.3986
v 4.9604 1.2100 76.6086
v 6.1704 1.2100 76.6086
v 4.9604 1.2100 75.3986
v 6.1704 1.2100 75.3986
v 5.0814 1.2100 76.4876
v 6.0494 1.2100 76.4876
v 5.0814 1.2100 75.5196
v 6.0494 1.2100 75.5196
v 5.0814 2.1780 76.4876
v 6.0494 2.1780 76.4876
v 5.0814 2.1780 75.5196
v 6.0494 2.1780 75.5196
v 4.0341 0.0000 66.1879
v 5.3015 0.0000 66.1879
v 4.0341 0.0000 64.9205
v 5.3015 0.0000 64.9205
v 4.0341 1.2674 66.1879
v 5.3015 1.2674 66.1879
v 4.0341 1.2674 64.9205
v 5.3015 1.2674 64.9205
v 4.1608 1.2674 66.0611
v 5.1747 1.2674 66.0611
v 4.1608 1.2674 65.0472
v 5.1747 1.2674 65.0472
v 4.1608 2.2813 66.0611
v 5.1747 2.2813 66.0611
v 4.1608 2.2813 65.0472
v 5.1747 2.2813 65.0472
v -5.9906 0.0000 68.4688
v -4.8270 0.0000 68.4688
v -5.9906 0.0000 67.3052
v -4.8270 0.0000 67.3052
v -5.9906 1.1636 68.4688
v -4.8270 1.1636 68.4688
v -5.9906 1.1636 67.3052
v -4.8270 1.1636 67.3052
v -6.4899 0.0000 56.5275
v -5.0886 0.0000 56.5275
v -6.4899 0.0000 55.1263
v -5.0886 0.0000 55.1263
v -6.4899 1.4012 56.5275
v -5.0886 1.4012 56.5275
v -6.4899 1.4012 55.1263
v -5.0886 1.4012 55.1263
v 4.4323 0.0000 70.6224
v 5.7087 0.0000 70.6224
v 4.4323 0.0000 69.3460
v 5.7087 0.0000 69.3460
v 4.4323 1.2764 70.6224
v 5.7087 1.2764 70.6224
v 4.4323 1.2764 69.3460
v 5.7087 1.2764 69.3460
v 4.5600 1.2764 70.4948
v 5.5811 1.2764 70.4948
v 4.5600 1.2764 69.4737
v 5.5811 1.2764 69.4737
v 4.5600 2.2975 70.4948
v 5.5811 2.2975 70.4948
v 4.5600 2.2975 69.4737
v 5.5811 2.2975 69.4737
v -4.1000 8.0000 -87.4000
v -1.9000 8.0000 -87.4000
v -4.1000 8.0000 -88.2000
v -1.9000 8.0000 -88.2000
v -4.1000 9.1000 -87.4000
v -1.9000 9.1000 -87.4000
v -4.1000 9.1000 -88.2000
v -1.9000 9.1000 -88.2000
v -1.1000 8.0000 -87.4000
v 1.1000 8.0000 -87.4000
v -1.1000 8.0000 -88.2000
v 1.1000 8.0000 -88.2000
v -1.1000 9.1000 -87.4000
v 1.1000 9.1000 -87.4000
v -1.1000 9.1000 -88.2000
v 1.1000 9.1000 -88.2000
v 1.9000 8.0000 -87.4000
v 4.1000 8.0000 -87.4000
v 1.9000 8.0000 -88.2000
v 4.1000 8.0000 -88.2000
v 1.9000 9.1000 -87.4000
v 4.1000 9.1000 -87.4000
v 1.9000 9.1000 -88.2000
v 4.1000 9.1000 -88.2000
v -2.5000 8.0000 -83.0000
v 2.5000 8.0000 -83.0000
v -2.5000 8.0000 -84.0000
v 2.5000 8.0000 -84.0000
v -2.5000 9.0000 -83.0000
v 2.5000 9.0000 -83.0000
v -2.5000 9.0000 -84.0000
v 2.5000 9.0000 -84.0000
v -8.9311 0.0000 40.5240
v -7.8601 0.0000 40.5240
v -8.9311 0.0000 39.4530
v -7.8601 0.0000 39.4530
v -8.9311 1.0710 40.5240
v -7.8601 1.0710 40.5240
v -8.9311 1.0710 39.4530
v -7.8601 1.0710 39.4530
v -9.6762 0.0000 24.0285
v -8.4018 0.0000 24.0285
v -9.6762 0.0000 22.7542
v -8.4018 0.0000 22.7542
v -9.6762 1.2743 24.0285
v -8.4018 1.2743 24.0285
v -9.6762 1.2743 22.7542
v -8.4018 1.2743 22.7542
v -8.8989 0.0000 45.7055
v -7.8046 0.0000 45.7055
v -8.8989 0.0000 44.6112
v -7.8046 0.0000 44.6112
v -8.8989 1.0944 45.7055
v -7.8046 1.0944 45.7055
v -8.8989 1.0944 44.6112
v -7.8046 1.0944 44.6112
v -9.2272 0.0000 25.8208
v -7.8521 0.0000 25.8208
v -9.2272 0.0000 24.4456
v -7.8521 0.0000 24.4456
v -9.2272 1.3752 25.8208
v -7.8521 1.3752 25.8208
v -9.2272 1.3752 24.4456
v -7.8521 1.3752 24.4456
v -7.9309 0.0000 37.5425
v -7.0209 0.0000 37.5425
v -7.9309 0.0000 36.6324
v -7.0209 0.0000 36.6324
v -7.9309 0.9101 37.5425
v -7.0209 0.9101 37.5425
v -7.9309 0.9101 36.6324
v -7.0209 0.9101 36.6324
v -6.3837 0.0000 32.9493
v -5.1175 0.0000 32.9493
v -6.3837 0.0000 31.6831
v -5.1175 0.0000 31.6831
v -6.3837 1.2662 32.9493
v -5.1175 1.2662 32.9493
v -6.3837 1.2662 31.6831
v -5.1175 1.2662 31.6831
v -8.0503 0.0000 43.7991
v -7.1346 0.0000 43.7991
v -8.0503 0.0000 42.8834
v -7.1346 0.0000 42.8834
v -8.0503 0.9157 43.7991
v -7.1346 0.9157 43.7991
v -8.0503 0.9157 42.8834
v -7.1346 0.9157 42.8834
v -6.9636 0.0000 46.7769
v -6.0609 0.0000 46.7769
v -6.9636 0.0000 45.8742
v -6.0609 0.0000 45.8742
v -6.9636 0.9027 46.7769
v -6.0609 0.9027 46.7769
v -6.9636 0.9027 45.8742
v -6.0609 0.9027 45.8742
v -8.0883 0.0000 19.0710
v -6.7364 0.0000 19.0710
v -8.0883 0.0000 17.7191
v -6.7364 0.0000 17.7191
v -8.0883 1.3519 19.0710
v -6.7364 1.3519 19.0710
v -8.0883 1.3519 17.7191
v -6.7364 1.3519 17.7191
v -7.2708 0.0000 30.2337
v -5.9382 0.0000 30.2337
v -7.2708 0.0000 28.9011
v -5.9382 0.0000 28.9011
v -7.2708 1.3326 30.2337
v -5.9382 1.3326 30.2337
v -7.2708 1.3326 28.9011
v -5.9382 1.3326 28.9011
v -6.9455 0.0000 15.9146
v -5.7630 0.0000 15.9146
v -6.9455 0.0000 14.7321
v -5.7630 0.0000 14.7321
v -6.9455 1.1825 15.9146
v -5.7630 1.1825 15.9146
v -6.9455 1.1825 14.7321
v -5.7630 1.1825 14.7321
v -9.2462 0.0000 17.9366
v -8.1637 0.0000 17.9366
v -9.2462 0.0000 16.8541
v -8.1637 0.0000 16.8541
v -9.2462 1.0824 17.9366
v -8.1637 1.0824 17.9366
v -9.2462 1.0824 16.8541
v -8.1637 1.0824 16.8541
v -9.1541 0.0000 -11.7408
v -7.8046 0.0000 -11.7408
v -9.1541 0.0000 -13.0902
v -7.8046 0.0000 -13.0902
v -9.1541 1.3494 -11.7408
v -7.8046 1.3494 -11.7408
v -9.1541 1.3494 -13.0902
v -7.8046 1.3494 -13.0902
v -7.6159 0.0000 -15.4379
v -6.5619 0.0000 -15.4379
v -7.6159 0.0000 -16.4919
v -6.5619 0.0000 -16.4919
v -7.6159 1.0540 -15.4379
v -6.5619 1.0540 -15.4379
v -7.6159 1.0540 -16.4919
v -6.5619 1.0540 -16.4919
v -7.2374 0.0000 -14.3036
v -5.8386 0.0000 -14.3036
v -7.2374 0.0000 -15.7024
v -5.8386 0.0000 -15.7024
v -7.2374 1.3988 -14.3036
v -5.8386 1.3988 -14.3036
v -7.2374 1.3988 -15.7024
v -5.8386 1.3988 -15.7024
v -6.9194 0.0000 -13.9042
v -5.6959 0.0000 -13.9042
v -6.9194 0.0000 -15.1277
v -5.6959 0.0000 -15.1277
v -6.9194 1.2235 -13.9042
v -5.6959 1.2235 -13.9042
v -6.9194 1.2235 -15.1277
v -5.6959 1.2235 -15.1277
v -6.9490 0.0000 -15.4372
v -6.0084 0.0000 -15.4372
v -6.9490 0.0000 -16.3779
v -6.0084 0.0000 -16.3779
v -6.9490 0.9407 -15.4372
v -6.0084 0.9407 -15.4372
v -6.9490 0.9407 -16.3779
v -6.0084 0.9407 -16.3779
v 4.9172 0.0000 -26.0939
v 6.2628 0.0000 -26.0939
v 4.9172 0.0000 -27.4395
v 6.2628 0.0000 -27.4395
v 4.9172 1.3456 -26.0939
v 6.2628 1.3456 -26.0939
v 4.9172 1.3456 -27.4395
v 6.2628 1.3456 -27.4395
v 4.3203 0.0000 -26.2770
v 5.3083 0.0000 -26.2770
v 4.3203 0.0000 -27.2650
v 5.3083 0.0000 -27.2650
v 4.3203 0.9880 -26.2770
v 5.3083 0.9880 -26.2770
v 4.3203 0.9880 -27.2650
v 5.3083 0.9880 -27.2650
v 4.8550 0.0000 -24.0428
v 6.1961 0.0000 -24.0428
v 4.8550 0.0000 -25.3839
v 6.1961 0.0000 -25.3839
v 4.8550 1.3411 -24.0428
v 6.1961 1.3411 -24.0428
v 4.8550 1.3411 -25.3839
v 6.1961 1.3411 -25.3839
v 6.5590 0.0000 -25.3974
v 7.7216 0.0000 -25.3974
v 6.5590 0.0000 -26.5601
v 7.7216 0.0000 -26.5601
v 6.5590 1.1627 -25.3974
v 7.7216 1.1627 -25.3974
v 6.5590 1.1627 -26.5601
v 7.7216 1.1627 -26.5601
v 4.4316 0.0000 -23.7274
v 5.5593 0.0000 -23.7274
v 4.4316 0.0000 -24.8552
v 5.5593 0.0000 -24.8552
v 4.4316 1.1278 -23.7274
v 5.5593 1.1278 -23.7274
v 4.4316 1.1278 -24.8552
v 5.5593 1.1278 -24.8552
v -9.3739 0.0000 -57.3780
v -8.2537 0.0000 -57.3780
v -9.3739 0.0000 -58.4982
v -8.2537 0.0000 -58.4982
v -9.3739 1.1201 -57.3780
v -8.2537 1.1201 -57.3780
v -9.3739 1.1201 -58.4982
v -8.2537 1.1201 -58.4982
v -8.1361 0.0000 -54.1478
v -7.2324 0.0000 -54.1478
v -8.1361 0.0000 -55.0514
v -7.2324 0.0000 -55.0514
v -8.1361 0.9036 -54.1478
v -7.2324 0.9036 -54.1478
v -8.1361 0.9036 -55.0514
v -7.2324 0.9036 -55.0514
v -7.5254 0.0000 -53.9697
v -6.4176 0.0000 -53.9697
v -7.5254 0.0000 -55.0775
v -6.4176 0.0000 -55.0775
v -7.5254 1.1078 -53.9697
v -6.4176 1.1078 -53.9697
v -7.5254 1.1078 -55.0775
v -6.4176 1.1078 -55.0775
v -8.8118 0.0000 -50.9503
v -7.4658 0.0000 -50.9503
v -8.8118 0.0000 -52.2962
v -7.4658 0.0000 -52.2962
v -8.8118 1.3459 -50.9503
v -7.4658 1.3459 -50.9503
v -8.8118 1.3459 -52.2962
v -7.4658 1.3459 -52.2962
v -5.7149 0.0000 -65.1197
v -4.5545 0.0000 -65.1197
v -5.7149 0.0000 -66.2801
v -4.5545 0.0000 -66.2801
v -5.7149 1.1604 -65.1197
v -4.5545 1.1604 -65.1197
v -5.7149 1.1604 -66.2801
v -4.5545 1.1604 -66.2801
v -9.3076 0.0000 -67.5326
v -7.9962 0.0000 -67.5326
v -9.3076 0.0000 -68.8441
v -7.9962 0.0000 -68.8441
v -9.3076 1.3114 -67.5326
v -7.9962 1.3114 -67.5326
v -9.3076 1.3114 -68.8441
v -7.9962 1.3114 -68.8441
v -6.8589 0.0000 -65.9664
v -5.8899 0.0000 -65.9664
v -6.8589 0.0000 -66.9355
v -5.8899 0.0000 -66.9355
v -6.8589 0.9690 -65.9664
v -5.8899 0.9690 -65.9664
v -6.8589 0.9690 -66.9355
v -5.8899 0.9690 -66.9355
v -3.8457 0.0000 -62.3252
v -2.7014 0.0000 -62.3252
v -3.8457 0.0000 -63.4695
v -2.7014 0.0000 -63.4695
v -3.8457 1.1443 -62.3252
v -2.7014 1.1443 -62.3252
v -3.8457 1.1443 -63.4695
v -2.7014 1.1443 -63.4695
v -7.3555 0.0000 -60.7043
v -6.2112 0.0000 -60.7043
v -7.3555 0.0000 -61.8486
v -6.2112 0.0000 -61.8486
v -7.3555 1.1443 -60.7043
v -6.2112 1.1443 -60.7043
v -7.3555 1.1443 -61.8486
v -6.2112 1.1443 -61.8486
v 4.0341 0.0000 -64.1696
v 5.0305 0.0000 -64.1696
v 4.0341 0.0000 -65.1660
v 5.0305 0.0000 -65.1660
v 4.0341 0.9963 -64.1696
v 5.0305 0.9963 -64.1696
v 4.0341 0.9963 -65.1660
v 5.0305 0.9963 -65.1660
v 8.2167 0.0000 -65.0021
v 9.5628 0.0000 -65.0021
v 8.2167 0.0000 -66.3482
v 9.5628 0.0000 -66.3482
v 8.2167 1.3461 -65.0021
v 9.5628 1.3461 -65.0021
v 8.2167 1.3461 -66.3482
v 9.5628 1.3461 -66.3482
v 3.3005 0.0000 -68.0887
v 4.3519 0.0000 -68.0887
v 3.3005 0.0000 -69.1402
v 4.3519 0.0000 -69.1402
v 3.3005 1.0514 -68.0887
v 4.3519 1.0514 -68.0887
v 3.3005 1.0514 -69.1402
v 4.3519 1.0514 -69.1402
v 3.1010 0.0000 -66.5836
v 4.2868 0.0000 -66.5836
v 3.1010 0.0000 -67.7693
v 4.2868 0.0000 -67.7693
v 3.1010 1.1857 -66.5836
v 4.2868 1.1857 -66.5836
v 3.1010 1.1857 -67.7693
v 4.2868 1.1857 -67.7693
v 6.0801 0.0000 -67.2379
v 7.2137 0.0000 -67.2379
v 6.0801 0.0000 -68.3715
v 7.2137 0.0000 -68.3715
v 6.0801 1.1336 -67.2379
v 7.2137 1.1336 -67.2379
v 6.0801 1.1336 -68.3715
v 7.2137 1.1336 -68.3715
v 3.3840 0.0000 -72.1746
v 4.3133 0.0000 -72.1746
v 3.3840 0.0000 -73.1039
v 4.3133 0.0000 -73.1039
v 3.3840 0.9293 -72.1746
v 4.3133 0.9293 -72.1746
v 3.3840 0.9293 -73.1039
v 4.3133 0.9293 -73.1039
v 3.9468 0.0000 -77.3753
v 5.0927 0.0000 -77.3753
v 3.9468 0.0000 -78.5212
v 5.0927 0.0000 -78.5212
v 3.9468 1.1458 -77.3753
v 5.0927 1.1458 -77.3753
v 3.9468 1.1458 -78.5212
v 5.0927 1.1458 -78.5212
v 7.8921 0.0000 -77.1867
v 8.8772 0.0000 -77.1867
v 7.8921 0.0000 -78.1718
v 8.8772 0.0000 -78.1718
v 7.8921 0.9851 -77.1867
v 8.8772 0.9851 -77.1867
v 7.8921 0.9851 -78.1718
v 8.8772 0.9851 -78.1718
v 7.3985 0.0000 -77.2103
v 8.7527 0.0000 -77.2103
v 7.3985 0.0000 -78.5646
v 8.7527 0.0000 -78.5646
v 7.3985 1.3543 -77.2103
v 8.7527 1.3543 -77.2103
v 7.3985 1.3543 -78.5646
v 8.7527 1.3543 -78.5646
v 3.9674 0.0000 -74.4156
v 5.0865 0.0000 -74.4156
v 3.9674 0.0000 -75.5347
v 5.0865 0.0000 -75.5347
v 3.9674 1.1191 -74.4156
v 5.0865 1.1191 -74.4156
v 3.9674 1.1191 -75.5347
v 5.0865 1.1191 -75.5347
v -7.6624 4.0000 -14.2869
v -6.5704 4.0000 -14.2869
v -7.6624 4.0000 -15.3788
v -6.5704 4.0000 -15.3788
v -7.6624 5.0919 -14.2869
v -6.5704 5.0919 -14.2869
v -7.6624 5.0919 -15.3788
v -6.5704 5.0919 -15.3788
v -7.1110 4.0000 -10.8933
v -6.1828 4.0000 -10.8933
v -7.1110 4.0000 -11.8215
v -6.1828 4.0000 -11.8215
v -7.1110 4.9282 -10.8933
v -6.1828 4.9282 -10.8933
v -7.1110 4.9282 -11.8215
v -6.1828 4.9282 -11.8215
v -6.0363 4.0000 -12.9004
v -5.0897 4.0000 -12.9004
v -6.0363 4.0000 -13.8471
v -5.0897 4.0000 -13.8471
v -6.0363 4.9467 -12.9004
v -5.0897 4.9467 -12.9004
v -6.0363 4.9467 -13.8471
v -5.0897 4.9467 -13.8471
v -9.5363 4.0000 -11.2669
v -8.2446 4.0000 -11.2669
v -9.5363 4.0000 -12.5587
v -8.2446 4.0000 -12.5587
v -9.5363 5.2917 -11.2669
v -8.2446 5.2917 -11.2669
v -9.5363 5.2917 -12.5587
v -8.2446 5.2917 -12.5587
v -8.9970 4.0000 -12.1314
v -7.7076 4.0000 -12.1314
v -8.9970 4.0000 -13.4207
v -7.7076 4.0000 -13.4207
v -8.9970 5.2894 -12.1314
v -7.7076 5.2894 -12.1314
v -8.9970 5.2894 -13.4207
v -7.7076 5.2894 -13.4207
v 7.6240 4.0000 -33.3187
v 8.8355 4.0000 -33.3187
v 7.6240 4.0000 -34.5301
v 8.8355 4.0000 -34.5301
v 7.6240 5.2115 -33.3187
v 8.8355 5.2115 -33.3187
v 7.6240 5.2115 -34.5301
v 8.8355 5.2115 -34.5301
v 5.8198 4.0000 -30.8815
v 6.8657 4.0000 -30.8815
v 5.8198 4.0000 -31.9274
v 6.8657 4.0000 -31.9274
v 5.8198 5.0459 -30.8815
v 6.8657 5.0459 -30.8815
v 5.8198 5.0459 -31.9274
v 6.8657 5.0459 -31.9274
v 4.0486 4.0000 -34.6210
v 5.3833 4.0000 -34.6210
v 4.0486 4.0000 -35.9557
v 5.3833 4.0000 -35.9557
v 4.0486 5.3347 -34.6210
v 5.3833 5.3347 -34.6210
v 4.0486 5.3347 -35.9557
v 5.3833 5.3347 -35.9557
v 6.8499 4.0000 -33.6984
v 7.8283 4.0000 -33.6984
v 6.8499 4.0000 -34.6768
v 7.8283 4.0000 -34.6768
v 6.8499 4.9784 -33.6984
v 7.8283 4.9784 -33.6984
v 6.8499 4.9784 -34.6768
v 7.8283 4.9784 -34.6768
v 8.2684 4.0000 -36.0965
v 9.5262 4.0000 -36.0965
v 8.2684 4.0000 -37.3543
v 9.5262 4.0000 -37.3543
v 8.2684 5.2578 -36.0965
v 9.5262 5.2578 -36.0965
v 8.2684 5.2578 -37.3543
v 9.5262 5.2578 -37.3543
v 4.1548 4.0000 -43.1920
v 5.0557 4.0000 -43.1920
v 4.1548 4.0000 -44.0928
v 5.0557 4.0000 -44.0928
v 4.1548 4.9009 -43.1920
v 5.0557 4.9009 -43.1920
v 4.1548 4.9009 -44.0928
v 5.0557 4.9009 -44.0928
v 8.1247 4.0000 -48.0940
v 9.0690 4.0000 -48.0940
v 8.1247 4.0000 -49.0383
v 9.0690 4.0000 -49.0383
v 8.1247 4.9443 -48.0940
v 9.0690 4.9443 -48.0940
v 8.1247 4.9443 -49.0383
v 9.0690 4.9443 -49.0383
v 5.5792 4.0000 -42.7169
v 6.9069 4.0000 -42.7169
v 5.5792 4.0000 -44.0446
v 6.9069 4.0000 -44.0446
v 5.5792 5.3277 -42.7169
v 6.9069 5.3277 -42.7169
v 5.5792 5.3277 -44.0446
v 6.9069 5.3277 -44.0446
v 3.7655 4.0000 -47.0786
v 5.0521 4.0000 -47.0786
v 3.7655 4.0000 -48.3651
v 5.0521 4.0000 -48.3651
v 3.7655 5.2865 -47.0786
v 5.0521 5.2865 -47.0786
v 3.7655 5.2865 -48.3651
v 5.0521 5.2865 -48.3651
v 5.4044 4.0000 -44.4141
v 6.4803 4.0000 -44.4141
v 5.4044 4.0000 -45.4900
v 6.4803 4.0000 -45.4900
v 5.4044 5.0759 -44.4141
v 6.4803 5.0759 -44.4141
v 5.4044 5.0759 -45.4900
v 6.4803 5.0759 -45.4900
v -5.9261 4.0000 -60.3425
v -4.5296 4.0000 -60.3425
v -5.9261 4.0000 -61.7390
v -4.5296 4.0000 -61.7390
v -5.9261 5.3965 -60.3425
v -4.5296 5.3965 -60.3425
v -5.9261 5.3965 -61.7390
v -4.5296 5.3965 -61.7390
v -5.6267 4.0000 -61.4028
v -4.2481 4.0000 -61.4028
v -5.6267 4.0000 -62.7813
v -4.2481 4.0000 -62.7813
v -5.6267 5.3786 -61.4028
v -4.2481 5.3786 -61.4028
v -5.6267 5.3786 -62.7813
v -4.2481 5.3786 -62.7813
v -7.8861 4.0000 -67.6741
v -6.9092 4.0000 -67.6741
v -7.8861 4.0000 -68.6511
v -6.9092 4.0000 -68.6511
v -7.8861 4.9770 -67.6741
v -6.9092 4.9770 -67.6741
v -7.8861 4.9770 -68.6511
v -6.9092 4.9770 -68.6511
v -8.3527 4.0000 -60.6531
v -7.1276 4.0000 -60.6531
v -8.3527 4.0000 -61.8781
v -7.1276 4.0000 -61.8781
v -8.3527 5.2250 -60.6531
v -7.1276 5.2250 -60.6531
v -8.3527 5.2250 -61.8781
v -7.1276 5.2250 -61.8781
v -8.7128 4.0000 -66.1947
v -7.6687 4.0000 -66.1947
v -8.7128 4.0000 -67.2387
v -7.6687 4.0000 -67.2387
v -8.7128 5.0441 -66.1947
v -7.6687 5.0441 -66.1947
v -8.7128 5.0441 -67.2387
v -7.6687 5.0441 -67.2387
v -4.6658 4.0000 -78.3837
v -3.7069 4.0000 -78.3837
v -4.6658 4.0000 -79.3426
v -3.7069 4.0000 -79.3426
v -4.6658 4.9589 -78.3837
v -3.7069 4.9589 -78.3837
v -4.6658 4.9589 -79.3426
v -3.7069 4.9589 -79.3426
v -5.4581 4.0000 -72.0371
v -4.4734 4.0000 -72.0371
v -5.4581 4.0000 -73.0218
v -4.4734 4.0000 -73.0218
v -5.4581 4.9847 -72.0371
v -4.4734 4.9847 -72.0371
v -5.4581 4.9847 -73.0218
v -4.4734 4.9847 -73.0218
v -8.9441 4.0000 -73.1241
v -7.7593 4.0000 -73.1241
v -8.9441 4.0000 -74.3089
v -7.7593 4.0000 -74.3089
v -8.9441 5.1848 -73.1241
v -7.7593 5.1848 -73.1241
v -8.9441 5.1848 -74.3089
v -7.7593 5.1848 -74.3089
v -9.2098 4.0000 -72.3278
v -7.9429 4.0000 -72.3278
v -9.2098 4.0000 -73.5948
v -7.9429 4.0000 -73.5948
v -9.2098 5.2669 -72.3278
v -7.9429 5.2669 -72.3278
v -9.2098 5.2669 -73.5948
v -7.9429 5.2669 -73.5948
v -5.1720 4.0000 -73.8017
v -4.0911 4.0000 -73.8017
v -5.1720 4.0000 -74.8825
v -4.0911 4.0000 -74.8825
v -5.1720 5.0809 -73.8017
v -4.0911 5.0809 -73.8017
v -5.1720 5.0809 -74.8825
v -4.0911 5.0809 -74.8825
v 5.0036 4.0000 -81.0696
v 5.9830 4.0000 -81.0696
v 5.0036 4.0000 -82.0490
v 5.9830 4.0000 -82.0490
v 5.0036 4.9794 -81.0696
v 5.9830 4.9794 -81.0696
v 5.0036 4.9794 -82.0490
v 5.9830 4.9794 -82.0490
v 3.7686 4.0000 -82.3698
v 4.8930 4.0000 -82.3698
v 3.7686 4.0000 -83.4942
v 4.8930 4.0000 -83.4942
v 3.7686 5.1244 -82.3698
v 4.8930 5.1244 -82.3698
v 3.7686 5.1244 -83.4942
v 4.8930 5.1244 -83.4942
v 2.6722 4.0000 -81.8337
v 3.8442 4.0000 -81.8337
v 2.6722 4.0000 -83.0058
v 3.8442 4.0000 -83.0058
v 2.6722 5.1720 -81.8337
v 3.8442 5.1720 -81.8337
v 2.6722 5.1720 -83.0058
v 3.8442 5.1720 -83.0058
v 8.2322 4.0000 -84.0782
v 9.3926 4.0000 -84.0782
v 8.2322 4.0000 -85.2385
v 9.3926 4.0000 -85.2385
v 8.2322 5.1604 -84.0782
v 9.3926 5.1604 -84.0782
v 8.2322 5.1604 -85.2385
v 9.3926 5.1604 -85.2385
v 4.6515 4.0000 -83.7898
v 5.6581 4.0000 -83.7898
v 4.6515 4.0000 -84.7964
v 5.6581 4.0000 -84.7964
v 4.6515 5.0066 -83.7898
v 5.6581 5.0066 -83.7898
v 4.6515 5.0066 -84.7964
v 5.6581 5.0066 -84.7964
v 7.7281 8.0000 52.6161
v 8.9911 8.0000 52.6161
v 7.7281 8.0000 51.3531
v 8.9911 8.0000 51.3531
v 7.7281 9.2630 52.6161
v 8.9911 9.2630 52.6161
v 7.7281 9.2630 51.3531
v 8.9911 9.2630 51.3531
v 4.1494 8.0000 59.4059
v 5.1078 8.0000 59.4059
v 4.1494 8.0000 58.4475
v 5.1078 8.0000 58.4475
v 4.1494 8.9585 59.4059
v 5.1078 8.9585 59.4059
v 4.1494 8.9585 58.4475
v 5.1078 8.9585 58.4475
v 4.9587 8.0000 57.8387
v 6.1297 8.0000 57.8387
v 4.9587 8.0000 56.6676
v 6.1297 8.0000 56.6676
v 4.9587 9.1710 57.8387
v 6.1297 9.1710 57.8387
v 4.9587 9.1710 56.6676
v 6.1297 9.1710 56.6676
v 2.7115 8.0000 59.3834
v 3.6242 8.0000 59.3834
v 2.7115 8.0000 58.4707
v 3.6242 8.0000 58.4707
v 2.7115 8.9127 59.3834
v 3.6242 8.9127 59.3834
v 2.7115 8.9127 58.4707
v 3.6242 8.9127 58.4707
v 4.3360 8.0000 53.5176
v 5.5469 8.0000 53.5176
v 4.3360 8.0000 52.3067
v 5.5469 8.0000 52.3067
v 4.3360 9.2109 53.5176
v 5.5469 9.2109 53.5176
v 4.3360 9.2109 52.3067
v 5.5469 9.2109 52.3067
v 4.8932 8.0000 42.0559
v 5.9682 8.0000 42.0559
v 4.8932 8.0000 40.9809
v 5.9682 8.0000 40.9809
v 4.8932 9.0750 42.0559
v 5.9682 9.0750 42.0559
v 4.8932 9.0750 40.9809
v 5.9682 9.0750 40.9809
v 5.3515 8.0000 44.3379
v 6.7134 8.0000 44.3379
v 5.3515 8.0000 42.9760
v 6.7134 8.0000 42.9760
v 5.3515 9.3619 44.3379
v 6.7134 9.3619 44.3379
v 5.3515 9.3619 42.9760
v 6.7134 9.3619 42.9760
v 7.1811 8.0000 44.1692
v 8.3688 8.0000 44.1692
v 7.1811 8.0000 42.9815
v 8.3688 8.0000 42.9815
v 7.1811 9.1877 44.1692
v 8.3688 9.1877 44.1692
v 7.1811 9.1877 42.9815
v 8.3688 9.1877 42.9815
v 4.2098 8.0000 48.0927
v 5.5590 8.0000 48.0927
v 4.2098 8.0000 46.7435
v 5.5590 8.0000 46.7435
v 4.2098 9.3492 48.0927
v 5.5590 9.3492 48.0927
v 4.2098 9.3492 46.7435
v 5.5590 9.3492 46.7435
v 4.0693 8.0000 47.4127
v 5.3862 8.0000 47.4127
v 4.0693 8.0000 46.0958
v 5.3862 8.0000 46.0958
v 4.0693 9.3169 47.4127
v 5.3862 9.3169 47.4127
v 4.0693 9.3169 46.0958
v 5.3862 9.3169 46.0958
v -6.0183 8.0000 13.8632
v -4.6333 8.0000 13.8632
v -6.0183 8.0000 12.4781
v -4.6333 8.0000 12.4781
v -6.0183 9.3851 13.8632
v -4.6333 9.3851 13.8632
v -6.0183 9.3851 12.4781
v -4.6333 9.3851 12.4781
v -6.9336 8.0000 14.6615
v -5.5341 8.0000 14.6615
v -6.9336 8.0000 13.2620
v -5.5341 8.0000 13.2620
v -6.9336 9.3995 14.6615
v -5.5341 9.3995 14.6615
v -6.9336 9.3995 13.2620
v -5.5341 9.3995 13.2620
v -9.1084 8.0000 12.5172
v -7.8282 8.0000 12.5172
v -9.1084 8.0000 11.2370
v -7.8282 8.0000 11.2370
v -9.1084 9.2802 12.5172
v -7.8282 9.2802 12.5172
v -9.1084 9.2802 11.2370
v -7.8282 9.2802 11.2370
v -8.0357 8.0000 14.1604
v -6.7191 8.0000 14.1604
v -8.0357 8.0000 12.8437
v -6.7191 8.0000 12.8437
v -8.0357 9.3166 14.1604
v -6.7191 9.3166 14.1604
v -8.0357 9.3166 12.8437
v -6.7191 9.3166 12.8437
v -8.0337 8.0000 12.5404
v -6.9073 8.0000 12.5404
v -8.0337 8.0000 11.4141
v -6.9073 8.0000 11.4141
v -8.0337 9.1263 12.5404
v -6.9073 9.1263 12.5404
v -8.0337 9.1263 11.4141
v -6.9073 9.1263 11.4141
v -8.5523 8.0000 4.8962
v -7.3279 8.0000 4.8962
v -8.5523 8.0000 3.6718
v -7.3279 8.0000 3.6718
v -8.5523 9.2244 4.8962
v -7.3279 9.2244 4.8962
v -8.5523 9.2244 3.6718
v -7.3279 9.2244 3.6718
v -7.4937 8.0000 2.5843
v -6.4772 8.0000 2.5843
v -7.4937 8.0000 1.5679
v -6.4772 8.0000 1.5679
v -7.4937 9.0165 2.5843
v -6.4772 9.0165 2.5843
v -7.4937 9.0165 1.5679
v -6.4772 9.0165 1.5679
v -3.7277 8.0000 3.1613
v -2.6634 8.0000 3.1613
v -3.7277 8.0000 2.0970
v -2.6634 8.0000 2.0970
v -3.7277 9.0642 3.1613
v -2.6634 9.0642 3.1613
v -3.7277 9.0642 2.0970
v -2.6634 9.0642 2.0970
v -7.2136 8.0000 7.6122
v -6.0025 8.0000 7.6122
v -7.2136 8.0000 6.4010
v -6.0025 8.0000 6.4010
v -7.2136 9.2111 7.6122
v -6.0025 9.2111 7.6122
v -7.2136 9.2111 6.4010
v -6.0025 9.2111 6.4010
v -7.5937 8.0000 6.7892
v -6.4395 8.0000 6.7892
v -7.5937 8.0000 5.6350
v -6.4395 8.0000 5.6350
v -7.5937 9.1542 6.7892
v -6.4395 9.1542 6.7892
v -7.5937 9.1542 5.6350
v -6.4395 9.1542 5.6350
v -5.2017 8.0000 -4.2396
v -3.8792 8.0000 -4.2396
v -5.2017 8.0000 -5.5621
v -3.8792 8.0000 -5.5621
v -5.2017 9.3225 -4.2396
v -3.8792 9.3225 -4.2396
v -5.2017 9.3225 -5.5621
v -3.8792 9.3225 -5.5621
v -5.2892 8.0000 -7.6676
v -3.9247 8.0000 -7.6676
v -5.2892 8.0000 -9.0320
v -3.9247 8.0000 -9.0320
v -5.2892 9.3645 -7.6676
v -3.9247 9.3645 -7.6676
v -5.2892 9.3645 -9.0320
v -3.9247 9.3645 -9.0320
v -4.4849 8.0000 -8.1378
v -3.4458 8.0000 -8.1378
v -4.4849 8.0000 -9.1770
v -3.4458 8.0000 -9.1770
v -4.4849 9.0391 -8.1378
v -3.4458 9.0391 -8.1378
v -4.4849 9.0391 -9.1770
v -3.4458 9.0391 -9.1770
v -5.6426 8.0000 -1.1896
v -4.6542 8.0000 -1.1896
v -5.6426 8.0000 -2.1780
v -4.6542 8.0000 -2.1780
v -5.6426 8.9884 -1.1896
v -4.6542 8.9884 -1.1896
v -5.6426 8.9884 -2.1780
v -4.6542 8.9884 -2.1780
v -6.6219 8.0000 -0.8254
v -5.6996 8.0000 -0.8254
v -6.6219 8.0000 -1.7477
v -5.6996 8.0000 -1.7477
v -6.6219 8.9223 -0.8254
v -5.6996 8.9223 -0.8254
v -6.6219 8.9223 -1.7477
v -5.6996 8.9223 -1.7477
v -8.0108 8.0000 -10.4992
v -6.9164 8.0000 -10.4992
v -8.0108 8.0000 -11.5936
v -6.9164 8.0000 -11.5936
v -8.0108 9.0944 -10.4992
v -6.9164 9.0944 -10.4992
v -8.0108 9.0944 -11.5936
v -6.9164 9.0944 -11.5936
v -7.2231 8.0000 -15.7720
v -6.3208 8.0000 -15.7720
v -7.2231 8.0000 -16.6743
v -6.3208 8.0000 -16.6743
v -7.2231 8.9023 -15.7720
v -6.3208 8.9023 -15.7720
v -7.2231 8.9023 -16.6743
v -6.3208 8.9023 -16.6743
v -7.6438 8.0000 -14.6199
v -6.4792 8.0000 -14.6199
v -7.6438 8.0000 -15.7845
v -6.4792 8.0000 -15.7845
v -7.6438 9.1646 -14.6199
v -6.4792 9.1646 -14.6199
v -7.6438 9.1646 -15.7845
v -6.4792 9.1646 -15.7845
v -8.1077 8.0000 -16.5108
v -7.0760 8.0000 -16.5108
v -8.1077 8.0000 -17.5424
v -7.0760 8.0000 -17.5424
v -8.1077 9.0316 -16.5108
v -7.0760 9.0316 -16.5108
v -8.1077 9.0316 -17.5424
v -7.0760 9.0316 -17.5424
v -7.4114 8.0000 -14.3341
v -6.3953 8.0000 -14.3341
v -7.4114 8.0000 -15.3502
v -6.3953 8.0000 -15.3502
v -7.4114 9.0161 -14.3341
v -6.3953 9.0161 -14.3341
v -7.4114 9.0161 -15.3502
v -6.3953 9.0161 -15.3502
v 6.3057 8.0000 -62.6027
v 7.6395 8.0000 -62.6027
v 6.3057 8.0000 -63.9366
v 7.6395 8.0000 -63.9366
v 6.3057 9.3338 -62.6027
v 7.6395 9.3338 -62.6027
v 6.3057 9.3338 -63.9366
v 7.6395 9.3338 -63.9366
v 4.0877 8.0000 -61.0606
v 5.0087 8.0000 -61.0606
v 4.0877 8.0000 -61.9816
v 5.0087 8.0000 -61.9816
v 4.0877 8.9210 -61.0606
v 5.0087 8.9210 -61.0606
v 4.0877 8.9210 -61.9816
v 5.0087 8.9210 -61.9816
v 5.0862 8.0000 -61.2780
v 6.3678 8.0000 -61.2780
v 5.0862 8.0000 -62.5596
v 6.3678 8.0000 -62.5596
v 5.0862 9.2816 -61.2780
v 6.3678 9.2816 -61.2780
v 5.0862 9.2816 -62.5596
v 6.3678 9.2816 -62.5596
v 3.7345 8.0000 -67.8337
v 4.8210 8.0000 -67.8337
v 3.7345 8.0000 -68.9201
v 4.8210 8.0000 -68.9201
v 3.7345 9.0865 -67.8337
v 4.8210 9.0865 -67.8337
v 3.7345 9.0865 -68.9201
v 4.8210 9.0865 -68.9201
v 7.9406 8.0000 -65.1009
v 8.8487 8.0000 -65.1009
v 7.9406 8.0000 -66.0089
v 8.8487 8.0000 -66.0089
v 7.9406 8.9080 -65.1009
v 8.8487 8.9080 -65.1009
v 7.9406 8.9080 -66.0089
v 8.8487 8.9080 -66.0089
f 10013 10015 10011 10009
f 10010 10012 10016 10014
f 10009 10010 10014 10013
f 10015 10016 10012 10011
f 10011 10012 10010 10009
f 10013 10014 10016 10015
f 10021 10023 10019 10017
f 10018 10020 10024 10022
f 10017 10018 10022 10021
f 10023 10024 10020 10019
f 10019 10020 10018 10017
f 10021 10022 10024 10023
f 10029 10031 10027 10025
f 10026 10028 10032 10030
f 10025 10026 10030 10029
f 10031 10032 10028 10027
f 10027 10028 10026 10025
f 10029 10030 10032 10031
f 10037 10039 10035 10033
f 10034 10036 10040 10038
f 10033 10034 10038 10037
f 10039 10040 10036 10035
f 10035 10036 10034 10033
f 10037 10038 10040 10039
f 10045 10047 10043 10041
f 10042 10044 10048 10046
f 10041 10042 10046 10045
f 10047 10048 10044 10043
f 10043 10044 10042 10041
f 10045 10046 10048 10047
f 10053 10055 10051 10049
f 10050 10052 10056 10054
f 10049 10050 10054 10053
f 10055 10056 10052 10051
f 10051 10052 10050 10049
f 10053 10054 10056 10055
f 10061 10063 10059 10057
f 10058 10060 10064 10062
f 10057 10058 10062 10061
f 10063 10064 10060 10059
f 10059 10060 10058 10057
f 10061 10062 10064 10063
f 10069 10071 10067 10065
f 10066 10068 10072 10070
f 10065 10066 10070 10069
f 10071 10072 10068 10067
f 10067 10068 10066 10065
f 10069 10070 10072 10071
f 10077 10079 10075 10073
f 10074 10076 10080 10078
f 10073 10074 10078 10077
f 10079 10080 10076 10075
f 10075 10076 10074 10073
f 10077 10078 10080 10079
f 10085 10087 10083 10081
f 10082 10084 10088 10086
f 10081 10082 10086 10085
f 10087 10088 10084 10083
f 10083 10084 10082 10081
f 10085 10086 10088 10087
f 10093 10095 10091 10089
f 10090 10092 10096 10094
f 10089 10090 10094 10093
f 10095 10096 10092 10091
f 10091 10092 10090 10089
f 10093 10094 10096 10095
f 10101 10103 10099 10097
f 10098 10100 10104 10102
f 10097 10098 10102 10101
f 10103 10104 10100 10099
f 10099 10100 10098 10097
f 10101 10102 10104 10103
f 10109 10111 10107 10105
f 10106 10108 10112 10110
f 10105 10106 10110 10109
f 10111 10112 10108 10107
f 10107 10108 10106 10105
f 10109 10110 10112 10111
f 10117 10119 10115 10113
f 10114 10116 10120 10118
f 10113 10114 10118 10117
f 10119 10120 10116 10115
f 10115 10116 10114 10113
f 10117 10118 10120 10119
f 10125 10127 10123 10121
f 10122 10124 10128 10126
f 10121 10122 10126 10125
f 10127 10128 10124 10123
f 10123 10124 10122 10121
f 10125 10126 10128 10127
f 10133 10135 10131 10129
f 10130 10132 10136 10134
f 10129 10130 10134 10133
f 10135 10136 10132 10131
f 10131 10132 10130 10129
f 10133 10134 10136 10135
f 10141 10143 10139 10137
f 10138 10140 10144 10142
f 10137 10138 10142 10141
f 10143 10144 10140 10139
f 10139 10140 10138 10137
f 10141 10142 10144 10143
f 10149 10151 10147 10145
f 10146 10148 10152 10150
f 10145 10146 10150 10149
f 10151 10152 10148 10147
f 10147 10148 10146 10145
f 10149 10150 10152 10151
f 10157 10159 10155 10153
f 10154 10156 10160 10158
f 10153 10154 10158 10157
f 10159 10160 10156 10155
f 10155 10156 10154 10153
f 10157 10158 10160 10159
f 10165 10167 10163 10161
f 10162 10164 10168 10166
f 10161 10162 10166 10165
f 10167 10168 10164 10163
f 10163 10164 10162 10161
f 10165 10166 10168 10167
f 10173 10175 10171 10169
f 10170 10172 10176 10174
f 10169 10170 10174 10173
f 10175 10176 10172 10171
f 10171 10172 10170 10169
f 10173 10174 10176 10175
f 10181 10183 10179 10177
f 10178 10180 10184 10182
f 10177 10178 10182 10181
f 10183 10184 10180 10179
f 10179 10180 10178 10177
f 10181 10182 10184 10183
f 10189 10191 10187 10185
f 10186 10188 10192 10190
f 10185 10186 10190 10189
f 10191 10192 10188 10187
f 10187 10188 10186 10185
f 10189 10190 10192 10191
f 10197 10199 10195 10193
f 10194 10196 10200 10198
f 10193 10194 10198 10197
f 10199 10200 10196 10195
f 10195 10196 10194 10193
f 10197 10198 10200 10199
f 10205 10207 10203 10201
f 10202 10204 10208 10206
f 10201 10202 10206 10205
f 10207 10208 10204 10203
f 10203 10204 10202 10201
f 10205 10206 10208 10207
f 10213 10215 10211 10209
f 10210 10212 10216 10214
f 10209 10210 10214 10213
f 10215 10216 10212 10211
f 10211 10212 10210 10209
f 10213 10214 10216 10215
f 10221 10223 10219 10217
f 10218 10220 10224 10222
f 10217 10218 10222 10221
f 10223 10224 10220 10219
f 10219 10220 10218 10217
f 10221 10222 10224 10223
f 10229 10231 10227 10225
f 10226 10228 10232 10230
f 10225 10226 10230 10229
f 10231 10232 10228 10227
f 10227 10228 10226 10225
f 10229 10230 10232 10231
f 10237 10239 10235 10233
f 10234 10236 10240 10238
f 10233 10234 10238 10237
f 10239 10240 10236 10235
f 10235 10236 10234 10233
f 10237 10238 10240 10239
f 10245 10247 10243 10241
f 10242 10244 10248 10246
f 10241 10242 10246 10245
f 10247 10248 10244 10243
f 10243 10244 10242 10241
f 10245 10246 10248 10247
f 10253 10255 10251 10249
f 10250 10252 10256 10254
f 10249 10250 10254 10253
f 10255 10256 10252 10251
f 10251 10252 10250 10249
f 10253 10254 10256 10255
f 10261 10263 10259 10257
f 10258 10260 10264 10262
f 10257 10258 10262 10261
f 10263 10264 10260 10259
f 10259 10260 10258 10257
f 10261 10262 10264 10263
f 10269 10271 10267 10265
f 10266 10268 10272 10270
f 10265 10266 10270 10269
f 10271 10272 10268 10267
f 10267 10268 10266 10265
f 10269 10270 10272 10271
f 10277 10279 10275 10273
f 10274 10276 10280 10278
f 10273 10274 10278 10277
f 10279 10280 10276 10275
f 10275 10276 10274 10273
f 10277 10278 10280 10279
f 10285 10287 10283 10281
f 10282 10284 10288 10286
f 10281 10282 10286 10285
f 10287 10288 10284 10283
f 10283 10284 10282 10281
f 10285 10286 10288 10287
f 10293 10295 10291 10289
f 10290 10292 10296 10294
f 10289 10290 10294 10293
f 10295 10296 10292 10291
f 10291 10292 10290 10289
f 10293 10294 10296 10295
f 10301 10303 10299 10297
f 10298 10300 10304 10302
f 10297 10298 10302 10301
f 10303 10304 10300 10299
f 10299 10300 10298 10297
f 10301 10302 10304 10303
f 10309 10311 10307 10305
f 10306 10308 10312 10310
f 10305 10306 10310 10309
f 10311 10312 10308 10307
f 10307 10308 10306 10305
f 10309 10310 10312 10311
f 10317 10319 10315 10313
f 10314 10316 10320 10318
f 10313 10314 10318 10317
f 10319 10320 10316 10315
f 10315 10316 10314 10313
f 10317 10318 10320 10319
f 10325 10327 10323 10321
f 10322 10324 10328 10326
f 10321 10322 10326 10325
f 10327 10328 10324 10323
f 10323 10324 10322 10321
f 10325 10326 10328 10327
f 10333 10335 10331 10329
f 10330 10332 10336 10334
f 10329 10330 10334 10333
f 10335 10336 10332 10331
f 10331 10332 10330 10329
f 10333 10334 10336 10335
f 10341 10343 10339 10337
f 10338 10340 10344 10342
f 10337 10338 10342 10341
f 10343 10344 10340 10339
f 10339 10340 10338 10337
f 10341 10342 10344 10343
f 10349 10351 10347 10345
f 10346 10348 10352 10350
f 10345 10346 10350 10349
f 10351 10352 10348 10347
f 10347 10348 10346 10345
f 10349 10350 10352 10351
f 10357 10359 10355 10353
f 10354 10356 10360 10358
f 10353 10354 10358 10357
f 10359 10360 10356 10355
f 10355 10356 10354 10353
f 10357 10358 10360 10359
f 10365 10367 10363 10361
f 10362 10364 10368 10366
f 10361 10362 10366 10365
f 10367 10368 10364 10363
f 10363 10364 10362 10361
f 10365 10366 10368 10367
f 10373 10375 10371 10369
f 10370 10372 10376 10374
f 10369 10370 10374 10373
f 10375 10376 10372 10371
f 10371 10372 10370 10369
f 10373 10374 10376 10375
f 10381 10383 10379 10377
f 10378 10380 10384 10382
f 10377 10378 10382 10381
f 10383 10384 10380 10379
f 10379 10380 10378 10377
f 10381 10382 10384 10383
f 10389 10391 10387 10385
f 10386 10388 10392 10390
f 10385 10386 10390 10389
f 10391 10392 10388 10387
f 10387 10388 10386 10385
f 10389 10390 10392 10391
f 10397 10399 10395 10393
f 10394 10396 10400 10398
f 10393 10394 10398 10397
f 10399 10400 10396 10395
f 10395 10396 10394 10393
f 10397 10398 10400 10399
f 10405 10407 10403 10401
f 10402 10404 10408 10406
f 10401 10402 10406 10405
f 10407 10408 10404 10403
f 10403 10404 10402 10401
f 10405 10406 10408 10407
f 10413 10415 10411 10409
f 10410 10412 10416 10414
f 10409 10410 10414 10413
f 10415 10416 10412 10411
f 10411 10412 10410 10409
f 10413 10414 10416 10415
f 10421 10423 10419 10417
f 10418 10420 10424 10422
f 10417 10418 10422 10421
f 10423 10424 10420 10419
f 10419 10420 10418 10417
f 10421 10422 10424 10423
f 10429 10431 10427 10425
f 10426 10428 10432 10430
f 10425 10426 10430 10429
f 10431 10432 10428 10427
f 10427 10428 10426 10425
f 10429 10430 10432 10431
f 10437 10439 10435 10433
f 10434 10436 10440 10438
f 10433 10434 10438 10437
f 10439 10440 10436 10435
f 10435 10436 10434 10433
f 10437 10438 10440 10439
f 10445 10447 10443 10441
f 10442 10444 10448 10446
f 10441 10442 10446 10445
f 10447 10448 10444 10443
f 10443 10444 10442 10441
f 10445 10446 10448 10447
f 10453 10455 10451 10449
f 10450 10452 10456 10454
f 10449 10450 10454 10453
f 10455 10456 10452 10451
f 10451 10452 10450 10449
f 10453 10454 10456 10455
f 10461 10463 10459 10457
f 10458 10460 10464 10462
f 10457 10458 10462 10461
f 10463 10464 10460 10459
f 10459 10460 10458 10457
f 10461 10462 10464 10463
f 10469 10471 10467 10465
f 10466 10468 10472 10470
f 10465 10466 10470 10469
f 10471 10472 10468 10467
f 10467 10468 10466 10465
f 10469 10470 10472 10471
f 10477 10479 10475 10473
f 10474 10476 10480 10478
f 10473 10474 10478 10477
f 10479 10480 10476 10475
f 10475 10476 10474 10473
f 10477 10478 10480 10479
f 10485 10487 10483 10481
f 10482 10484 10488 10486
f 10481 10482 10486 10485
f 10487 10488 10484 10483
f 10483 10484 10482 10481
f 10485 10486 10488 10487
f 10493 10495 10491 10489
f 10490 10492 10496 10494
f 10489 10490 10494 10493
f 10495 10496 10492 10491
f 10491 10492 10490 10489
f 10493 10494 10496 10495
f 10501 10503 10499 10497
f 10498 10500 10504 10502
f 10497 10498 10502 10501
f 10503 10504 10500 10499
f 10499 10500 10498 10497
f 10501 10502 10504 10503
f 10509 10511 10507 10505
f 10506 10508 10512 10510
f 10505 10506 10510 10509
f 10511 10512 10508 10507
f 10507 10508 10506 10505
f 10509 10510 10512 10511
f 10517 10519 10515 10513
f 10514 10516 10520 10518
f 10513 10514 10518 10517
f 10519 10520 10516 10515
f 10515 10516 10514 10513
f 10517 10518 10520 10519
f 10525 10527 10523 10521
f 10522 10524 10528 10526
f 10521 10522 10526 10525
f 10527 10528 10524 10523
f 10523 10524 10522 10521
f 10525 10526 10528 10527
f 10533 10535 10531 10529
f 10530 10532 10536 10534
f 10529 10530 10534 10533
f 10535 10536 10532 10531
f 10531 10532 10530 10529
f 10533 10534 10536 10535
f 10541 10543 10539 10537
f 10538 10540 10544 10542
f 10537 10538 10542 10541
f 10543 10544 10540 10539
f 10539 10540 10538 10537
f 10541 10542 10544 10543
f 10549 10551 10547 10545
f 10546 10548 10552 10550
f 10545 10546 10550 10549
f 10551 10552 10548 10547
f 10547 10548 10546 10545
f 10549 10550 10552 10551
f 10557 10559 10555 10553
f 10554 10556 10560 10558
f 10553 10554 10558 10557
f 10559 10560 10556 10555
f 10555 10556 10554 10553
f 10557 10558 10560 10559
f 10565 10567 10563 10561
f 10562 10564 10568 10566
f 10561 10562 10566 10565
f 10567 10568 10564 10563
f 10563 10564 10562 10561
f 10565 10566 10568 10567
f 10573 10575 10571 10569
f 10570 10572 10576 10574
f 10569 10570 10574 10573
f 10575 10576 10572 10571
f 10571 10572 10570 10569
f 10573 10574 10576 10575
f 10581 10583 10579 10577
f 10578 10580 10584 10582
f 10577 10578 10582 10581
f 10583 10584 10580 10579
f 10579 10580 10578 10577
f 10581 10582 10584 10583
f 10589 10591 10587 10585
f 10586 10588 10592 10590
f 10585 10586 10590 10589
f 10591 10592 10588 10587
f 10587 10588 10586 10585
f 10589 10590 10592 10591
f 10597 10599 10595 10593
f 10594 10596 10600 10598
f 10593 10594 10598 10597
f 10599 10600 10596 10595
f 10595 10596 10594 10593
f 10597 10598 10600 10599
f 10605 10607 10603 10601
f 10602 10604 10608 10606
f 10601 10602 10606 10605
f 10607 10608 10604 10603
f 10603 10604 10602 10601
f 10605 10606 10608 10607
f 10613 10615 10611 10609
f 10610 10612 10616 10614
f 10609 10610 10614 10613
f 10615 10616 10612 10611
f 10611 10612 10610 10609
f 10613 10614 10616 10615
f 10621 10623 10619 10617
f 10618 10620 10624 10622
f 10617 10618 10622 10621
f 10623 10624 10620 10619
f 10619 10620 10618 10617
f 10621 10622 10624 10623
f 10629 10631 10627 10625
f 10626 10628 10632 10630
f 10625 10626 10630 10629
f 10631 10632 10628 10627
f 10627 10628 10626 10625
f 10629 10630 10632 10631
f 10637 10639 10635 10633
f 10634 10636 10640 10638
f 10633 10634 10638 10637
f 10639 10640 10636 10635
f 10635 10636 10634 10633
f 10637 10638 10640 10639
f 10645 10647 10643 10641
f 10642 10644 10648 10646
f 10641 10642 10646 10645
f 10647 10648 10644 10643
f 10643 10644 10642 10641
f 10645 10646 10648 10647
f 10653 10655 10651 10649
f 10650 10652 10656 10654
f 10649 10650 10654 10653
f 10655 10656 10652 10651
f 10651 10652 10650 10649
f 10653 10654 10656 10655
f 10661 10663 10659 10657
f 10658 10660 10664 10662
f 10657 10658 10662 10661
f 10663 10664 10660 10659
f 10659 10660 10658 10657
f 10661 10662 10664 10663
f 10669 10671 10667 10665
f 10666 10668 10672 10670
f 10665 10666 10670 10669
f 10671 10672 10668 10667
f 10667 10668 10666 10665
f 10669 10670 10672 10671
f 10677 10679 10675 10673
f 10674 10676 10680 10678
f 10673 10674 10678 10677
f 10679 10680 10676 10675
f 10675 10676 10674 10673
f 10677 10678 10680 10679
f 10685 10687 10683 10681
f 10682 10684 10688 10686
f 10681 10682 10686 10685
f 10687 10688 10684 10683
f 10683 10684 10682 10681
f 10685 10686 10688 10687
f 10693 10695 10691 10689
f 10690 10692 10696 10694
f 10689 10690 10694 10693
f 10695 10696 10692 10691
f 10691 10692 10690 10689
f 10693 10694 10696 10695
f 10701 10703 10699 10697
f 10698 10700 10704 10702
f 10697 10698 10702 10701
f 10703 10704 10700 10699
f 10699 10700 10698 10697
f 10701 10702 10704 10703
f 10709 10711 10707 10705
f 10706 10708 10712 10710
f 10705 10706 10710 10709
f 10711 10712 10708 10707
f 10707 10708 10706 10705
f 10709 10710 10712 10711
f 10717 10719 10715 10713
f 10714 10716 10720 10718
f 10713 10714 10718 10717
f 10719 10720 10716 10715
f 10715 10716 10714 10713
f 10717 10718 10720 10719
f 10725 10727 10723 10721
f 10722 10724 10728 10726
f 10721 10722 10726 10725
f 10727 10728 10724 10723
f 10723 10724 10722 10721
f 10725 10726 10728 10727
f 10733 10735 10731 10729
f 10730 10732 10736 10734
f 10729 10730 10734 10733
f 10735 10736 10732 10731
f 10731 10732 10730 10729
f 10733 10734 10736 10735
f 10741 10743 10739 10737
f 10738 10740 10744 10742
f 10737 10738 10742 10741
f 10743 10744 10740 10739
f 10739 10740 10738 10737
f 10741 10742 10744 10743
f 10749 10751 10747 10745
f 10746 10748 10752 10750
f 10745 10746 10750 10749
f 10751 10752 10748 10747
f 10747 10748 10746 10745
f 10749 10750 10752 10751
f 10757 10759 10755 10753
f 10754 10756 10760 10758
f 10753 10754 10758 10757
f 10759 10760 10756 10755
f 10755 10756 10754 10753
f 10757 10758 10760 10759
f 10765 10767 10763 10761
f 10762 10764 10768 10766
f 10761 10762 10766 10765
f 10767 10768 10764 10763
f 10763 10764 10762 10761
f 10765 10766 10768 10767
f 10773 10775 10771 10769
f 10770 10772 10776 10774
f 10769 10770 10774 10773
f 10775 10776 10772 10771
f 10771 10772 10770 10769
f 10773 10774 10776 10775
f 10781 10783 10779 10777
f 10778 10780 10784 10782
f 10777 10778 10782 10781
f 10783 10784 10780 10779
f 10779 10780 10778 10777
f 10781 10782 10784 10783
f 10789 10791 10787 10785
f 10786 10788 10792 10790
f 10785 10786 10790 10789
f 10791 10792 10788 10787
f 10787 10788 10786 10785
f 10789 10790 10792 10791
f 10797 10799 10795 10793
f 10794 10796 10800 10798
f 10793 10794 10798 10797
f 10799 10800 10796 10795
f 10795 10796 10794 10793
f 10797 10798 10800 10799
f 10805 10807 10803 10801
f 10802 10804 10808 10806
f 10801 10802 10806 10805
f 10807 10808 10804 10803
f 10803 10804 10802 10801
f 10805 10806 10808 10807
f 10813 10815 10811 10809
f 10810 10812 10816 10814
f 10809 10810 10814 10813
f 10815 10816 10812 10811
f 10811 10812 10810 10809
f 10813 10814 10816 10815
f 10821 10823 10819 10817
f 10818 10820 10824 10822
f 10817 10818 10822 10821
f 10823 10824 10820 10819
f 10819 10820 10818 10817
f 10821 10822 10824 10823
f 10829 10831 10827 10825
f 10826 10828 10832 10830
f 10825 10826 10830 10829
f 10831 10832 10828 10827
f 10827 10828 10826 10825
f 10829 10830 10832 10831
f 10837 10839 10835 10833
f 10834 10836 10840 10838
f 10833 10834 10838 10837
f 10839 10840 10836 10835
f 10835 10836 10834 10833
f 10837 10838 10840 10839
f 10845 10847 10843 10841
f 10842 10844 10848 10846
f 10841 10842 10846 10845
f 10847 10848 10844 10843
f 10843 10844 10842 10841
f 10845 10846 10848 10847
f 10853 10855 10851 10849
f 10850 10852 10856 10854
f 10849 10850 10854 10853
f 10855 10856 10852 10851
f 10851 10852 10850 10849
f 10853 10854 10856 10855
f 10861 10863 10859 10857
f 10858 10860 10864 10862
f 10857 10858 10862 10861
f 10863 10864 10860 10859
f 10859 10860 10858 10857
f 10861 10862 10864 10863
f 10869 10871 10867 10865
f 10866 10868 10872 10870
f 10865 10866 10870 10869
f 10871 10872 10868 10867
f 10867 10868 10866 10865
f 10869 10870 10872 10871
f 10877 10879 10875 10873
f 10874 10876 10880 10878
f 10873 10874 10878 10877
f 10879 10880 10876 10875
f 10875 10876 10874 10873
f 10877 10878 10880 10879
f 10885 10887 10883 10881
f 10882 10884 10888 10886
f 10881 10882 10886 10885
f 10887 10888 10884 10883
f 10883 10884 10882 10881
f 10885 10886 10888 10887
f 10893 10895 10891 10889
f 10890 10892 10896 10894
f 10889 10890 10894 10893
f 10895 10896 10892 10891
f 10891 10892 10890 10889
f 10893 10894 10896 10895
f 10901 10903 10899 10897
f 10898 10900 10904 10902
f 10897 10898 10902 10901
f 10903 10904 10900 10899
f 10899 10900 10898 10897
f 10901 10902 10904 10903
f 10909 10911 10907 10905
f 10906 10908 10912 10910
f 10905 10906 10910 10909
f 10911 10912 10908 10907
f 10907 10908 10906 10905
f 10909 10910 10912 10911
f 10917 10919 10915 10913
f 10914 10916 10920 10918
f 10913 10914 10918 10917
f 10919 10920 10916 10915
f 10915 10916 10914 10913
f 10917 10918 10920 10919
f 10925 10927 10923 10921
f 10922 10924 10928 10926
f 10921 10922 10926 10925
f 10927 10928 10924 10923
f 10923 10924 10922 10921
f 10925 10926 10928 10927
f 10933 10935 10931 10929
f 10930 10932 10936 10934
f 10929 10930 10934 10933
f 10935 10936 10932 10931
f 10931 10932 10930 10929
f 10933 10934 10936 10935
f 10941 10943 10939 10937
f 10938 10940 10944 10942
f 10937 10938 10942 10941
f 10943 10944 10940 10939
f 10939 10940 10938 10937
f 10941 10942 10944 10943
f 10949 10951 10947 10945
f 10946 10948 10952 10950
f 10945 10946 10950 10949
f 10951 10952 10948 10947
f 10947 10948 10946 10945
f 10949 10950 10952 10951
f 10957 10959 10955 10953
f 10954 10956 10960 10958
f 10953 10954 10958 10957
f 10959 10960 10956 10955
f 10955 10956 10954 10953
f 10957 10958 10960 10959
f 10965 10967 10963 10961
f 10962 10964 10968 10966
f 10961 10962 10966 10965
f 10967 10968 10964 10963
f 10963 10964 10962 10961
f 10965 10966 10968 10967
f 10973 10975 10971 10969
f 10970 10972 10976 10974
f 10969 10970 10974 10973
f 10975 10976 10972 10971
f 10971 10972 10970 10969
f 10973 10974 10976 10975
f 10981 10983 10979 10977
f 10978 10980 10984 10982
f 10977 10978 10982 10981
f 10983 10984 10980 10979
f 10979 10980 10978 10977
f 10981 10982 10984 10983
f 10989 10991 10987 10985
f 10986 10988 10992 10990
f 10985 10986 10990 10989
f 10991 10992 10988 10987
f 10987 10988 10986 10985
f 10989 10990 10992 10991
f 10997 10999 10995 10993
f 10994 10996 11000 10998
f 10993 10994 10998 10997
f 10999 11000 10996 10995
f 10995 10996 10994 10993
f 10997 10998 11000 10999
f 11005 11007 11003 11001
f 11002 11004 11008 11006
f 11001 11002 11006 11005
f 11007 11008 11004 11003
f 11003 11004 11002 11001
f 11005 11006 11008 11007
f 11013 11015 11011 11009
f 11010 11012 11016 11014
f 11009 11010 11014 11013
f 11015 11016 11012 11011
f 11011 11012 11010 11009
f 11013 11014 11016 11015
f 11021 11023 11019 11017
f 11018 11020 11024 11022
f 11017 11018 11022 11021
f 11023 11024 11020 11019
f 11019 11020 11018 11017
f 11021 11022 11024 11023
f 11029 11031 11027 11025
f 11026 11028 11032 11030
f 11025 11026 11030 11029
f 11031 11032 11028 11027
f 11027 11028 11026 11025
f 11029 11030 11032 11031
f 11037 11039 11035 11033
f 11034 11036 11040 11038
f 11033 11034 11038 11037
f 11039 11040 11036 11035
f 11035 11036 11034 11033
f 11037 11038 11040 11039
f 11045 11047 11043 11041
f 11042 11044 11048 11046
f 11041 11042 11046 11045
f 11047 11048 11044 11043
f 11043 11044 11042 11041
f 11045 11046 11048 11047
f 11053 11055 11051 11049
f 11050 11052 11056 11054
f 11049 11050 11054 11053
f 11055 11056 11052 11051
f 11051 11052 11050 11049
f 11053 11054 11056 11055
f 11061 11063 11059 11057
f 11058 11060 11064 11062
f 11057 11058 11062 11061
f 11063 11064 11060 11059
f 11059 11060 11058 11057
f 11061 11062 11064 11063
f 11069 11071 11067 11065
f 11066 11068 11072 11070
f 11065 11066 11070 11069
f 11071 11072 11068 11067
f 11067 11068 11066 11065
f 11069 11070 11072 11071
f 11077 11079 11075 11073
f 11074 11076 11080 11078
f 11073 11074 11078 11077
f 11079 11080 11076 11075
f 11075 11076 11074 11073
f 11077 11078 11080 11079
f 11085 11087 11083 11081
f 11082 11084 11088 11086
f 11081 11082 11086 11085
f 11087 11088 11084 11083
f 11083 11084 11082 11081
f 11085 11086 11088 11087
f 11093 11095 11091 11089
f 11090 11092 11096 11094
f 11089 11090 11094 11093
f 11095 11096 11092 11091
f 11091 11092 11090 11089
f 11093 11094 11096 11095
f 11101 11103 11099 11097
f 11098 11100 11104 11102
f 11097 11098 11102 11101
f 11103 11104 11100 11099
f 11099 11100 11098 11097
f 11101 11102 11104 11103
f 11109 11111 11107 11105
f 11106 11108 11112 11110
f 11105 11106 11110 11109
f 11111 11112 11108 11107
f 11107 11108 11106 11105
f 11109 11110 11112 11111
f 11117 11119 11115 11113
f 11114 11116 11120 11118
f 11113 11114 11118 11117
f 11119 11120 11116 11115
f 11115 11116 11114 11113
f 11117 11118 11120 11119
f 11125 11127 11123 11121
f 11122 11124 11128 11126
f 11121 11122 11126 11125
f 11127 11128 11124 11123
f 11123 11124 11122 11121
f 11125 11126 11128 11127
f 11133 11135 11131 11129
f 11130 11132 11136 11134
f 11129 11130 11134 11133
f 11135 11136 11132 11131
f 11131 11132 11130 11129
f 11133 11134 11136 11135
f 11141 11143 11139 11137
f 11138 11140 11144 11142
f 11137 11138 11142 11141
f 11143 11144 11140 11139
f 11139 11140 11138 11137
f 11141 11142 11144 11143
f 11149 11151 11147 11145
f 11146 11148 11152 11150
f 11145 11146 11150 11149
f 11151 11152 11148 11147
f 11147 11148 11146 11145
f 11149 11150 11152 11151
f 11157 11159 11155 11153
f 11154 11156 11160 11158
f 11153 11154 11158 11157
f 11159 11160 11156 11155
f 11155 11156 11154 11153
f 11157 11158 11160 11159
f 11165 11167 11163 11161
f 11162 11164 11168 11166
f 11161 11162 11166 11165
f 11167 11168 11164 11163
f 11163 11164 11162 11161
f 11165 11166 11168 11167
f 11173 11175 11171 11169
f 11170 11172 11176 11174
f 11169 11170 11174 11173
f 11175 11176 11172 11171
f 11171 11172 11170 11169
f 11173 11174 11176 11175
f 11181 11183 11179 11177
f 11178 11180 11184 11182
f 11177 11178 11182 11181
f 11183 11184 11180 11179
f 11179 11180 11178 11177
f 11181 11182 11184 11183
f 11189 11191 11187 11185
f 11186 11188 11192 11190
f 11185 11186 11190 11189
f 11191 11192 11188 11187
f 11187 11188 11186 11185
f 11189 11190 11192 11191
f 11197 11199 11195 11193
f 11194 11196 11200 11198
f 11193 11194 11198 11197
f 11199 11200 11196 11195
f 11195 11196 11194 11193
f 11197 11198 11200 11199
o XL_Railings-col
usemtl Trim
v -7.4500 0.0000 -1.6000
v -7.3700 0.0000 -1.6000
v -7.4500 4.0000 -8.4000
v -7.3700 4.0000 -8.4000
v -7.4500 1.0000 -1.6000
v -7.3700 1.0000 -1.6000
v -7.4500 5.0000 -8.4000
v -7.3700 5.0000 -8.4000
v -7.4500 4.0000 -1.6000
v -7.3500 4.0000 -1.6000
v -7.4500 4.0000 -6.4000
v -7.3500 4.0000 -6.4000
v -7.4500 5.1000 -1.6000
v -7.3500 5.1000 -1.6000
v -7.4500 5.1000 -6.4000
v -7.3500 5.1000 -6.4000
v -9.9500 4.0000 -1.5000
v -7.4500 4.0000 -1.5000
v -9.9500 4.0000 -1.6000
v -7.4500 4.0000 -1.6000
v -9.9500 5.1000 -1.5000
v -7.4500 5.1000 -1.5000
v -9.9500 5.1000 -1.6000
v -7.4500 5.1000 -1.6000
v 7.3700 4.0000 -21.6000
v 7.4500 4.0000 -21.6000
v 7.3700 8.0000 -28.4000
v 7.4500 8.0000 -28.4000
v 7.3700 5.0000 -21.6000
v 7.4500 5.0000 -21.6000
v 7.3700 9.0000 -28.4000
v 7.4500 9.0000 -28.4000
v 7.3500 8.0000 -21.6000
v 7.4500 8.0000 -21.6000
v 7.3500 8.0000 -26.4000
v 7.4500 8.0000 -26.4000
v 7.3500 9.1000 -21.6000
v 7.4500 9.1000 -21.6000
v 7.3500 9.1000 -26.4000
v 7.4500 9.1000 -26.4000
v 7.4500 8.0000 -21.5000
v 9.9500 8.0000 -21.5000
v 7.4500 8.0000 -21.6000
v 9.9500 8.0000 -21.6000
v 7.4500 9.1000 -21.5000
v 9.9500 9.1000 -21.5000
v 7.4500 9.1000 -21.6000
v 9.9500 9.1000 -21.6000
f 11205 11207 11203 11201
f 11202 11204 11208 11206
f 11201 11202 11206 11205
f 11207 11208 11204 11203
f 11203 11204 11202 11201
f 11205 11206 11208 11207
f 11213 11215 11211 11209
f 11210 11212 11216 11214
f 11209 11210 11214 11213
f 11215 11216 11212 11211
f 11211 11212 11210 11209
f 11213 11214 11216 11215
f 11221 11223 11219 11217
f 11218 11220 11224 11222
f 11217 11218 11222 11221
f 11223 11224 11220 11219
f 11219 11220 11218 11217
f 11221 11222 11224 11223
f 11229 11231 11227 11225
f 11226 11228 11232 11230
f 11225 11226 11230 11229
f 11231 11232 11228 11227
f 11227 11228 11226 11225
f 11229 11230 11232 11231
f 11237 11239 11235 11233
f 11234 11236 11240 11238
f 11233 11234 11238 11237
f 11239 11240 11236 11235
f 11235 11236 11234 11233
f 11237 11238 11240 11239
f 11245 11247 11243 11241
f 11242 11244 11248 11246
f 11241 11242 11246 11245
f 11247 11248 11244 11243
f 11243 11244 11242 11241
f 11245 11246 11248 11247
o XL_Engines
usemtl Engine
v -1.4000 1.2950 -112.1000
v 1.4000 1.2950 -112.1000
v -1.4000 1.2950 -112.8000
v 1.4000 1.2950 -112.8000
v -1.4000 3.2550 -112.1000
v 1.4000 3.2550 -112.1000
v -1.4000 3.2550 -112.8000
v 1.4000 3.2550 -112.8000
v -10.1500 -0.7000 93.5000
v 10.1500 -0.7000 93.5000
v -10.1500 -0.7000 90.5000
v 10.1500 -0.7000 90.5000
v -10.1500 12.0000 93.5000
v 10.1500 12.0000 93.5000
v -10.1500 12.0000 90.5000
v 10.1500 12.0000 90.5000
v -5.1580 1.4167 96.0000
v -5.2805 2.0323 96.0000
v -5.6292 2.5542 96.0000
v -6.1511 2.9029 96.0000
v -6.7667 3.0253 96.0000
v -7.3823 2.9029 96.0000
v -7.9042 2.5542 96.0000
v -8.2529 2.0323 96.0000
v -8.3753 1.4167 96.0000
v -8.2529 0.8011 96.0000
v -7.9042 0.2792 96.0000
v -7.3823 -0.0695 96.0000
v -6.7667 -0.1920 96.0000
v -6.1511 -0.0695 96.0000
v -5.6292 0.2792 96.0000
v -5.2805 0.8011 96.0000
v -5.1580 1.4167 93.3000
v -5.2805 2.0323 93.3000
v -5.6292 2.5542 93.3000
v -6.1511 2.9029 93.3000
v -6.7667 3.0253 93.3000
v -7.3823 2.9029 93.3000
v -7.9042 2.5542 93.3000
v -8.2529 2.0323 93.3000
v -8.3753 1.4167 93.3000
v -8.2529 0.8011 93.3000
v -7.9042 0.2792 93.3000
v -7.3823 -0.0695 93.3000
v -6.7667 -0.1920 93.3000
v -6.1511 -0.0695 93.3000
v -5.6292 0.2792 93.3000
v -5.2805 0.8011 93.3000
v -5.3189 1.4167 96.6000
v -5.4291 1.9707 96.6000
v -5.7429 2.4404 96.6000
v -6.2126 2.7543 96.6000
v -6.7667 2.8645 96.6000
v -7.3207 2.7543 96.6000
v -7.7904 2.4404 96.6000
v -8.1043 1.9707 96.6000
v -8.2145 1.4167 96.6000
v -8.1043 0.8626 96.6000
v -7.7904 0.3929 96.6000
v -7.3207 0.0791 96.6000
v -6.7667 -0.0311 96.6000
v -6.2126 0.0791 96.6000
v -5.7429 0.3929 96.6000
v -5.4291 0.8626 96.6000
v -5.3189 1.4167 96.0000
v -5.4291 1.9707 96.0000
v -5.7429 2.4404 96.0000
v -6.2126 2.7543 96.0000
v -6.7667 2.8645 96.0000
v -7.3207 2.7543 96.0000
v -7.7904 2.4404 96.0000
v -8.1043 1.9707 96.0000
v -8.2145 1.4167 96.0000
v -8.1043 0.8626 96.0000
v -7.7904 0.3929 96.0000
v -7.3207 0.0791 96.0000
v -6.7667 -0.0311 96.0000
v -6.2126 0.0791 96.0000
v -5.7429 0.3929 96.0000
v -5.4291 0.8626 96.0000
v -5.1580 5.6500 96.0000
v -5.2805 6.2656 96.0000
v -5.6292 6.7875 96.0000
v -6.1511 7.1362 96.0000
v -6.7667 7.2587 96.0000
v -7.3823 7.1362 96.0000
v -7.9042 6.7875 96.0000
v -8.2529 6.2656 96.0000
v -8.3753 5.6500 96.0000
v -8.2529 5.0344 96.0000
v -7.9042 4.5125 96.0000
v -7.3823 4.1638 96.0000
v -6.7667 4.0413 96.0000
v -6.1511 4.1638 96.0000
v -5.6292 4.5125 96.0000
v -5.2805 5.0344 96.0000
v -5.1580 5.6500 93.3000
v -5.2805 6.2656 93.3000
v -5.6292 6.7875 93.3000
v -6.1511 7.1362 93.3000
v -6.7667 7.2587 93.3000
v -7.3823 7.1362 93.3000
v -7.9042 6.7875 93.3000
v -8.2529 6.2656 93.3000
v -8.3753 5.6500 93.3000
v -8.2529 5.0344 93.3000
v -7.9042 4.5125 93.3000
v -7.3823 4.1638 93.3000
v -6.7667 4.0413 93.3000
v -6.1511 4.1638 93.3000
v -5.6292 4.5125 93.3000
v -5.2805 5.0344 93.3000
v -5.3189 5.6500 96.6000
v -5.4291 6.2040 96.6000
v -5.7429 6.6737 96.6000
v -6.2126 6.9876 96.6000
v -6.7667 7.0978 96.6000
v -7.3207 6.9876 96.6000
v -7.7904 6.6737 96.6000
v -8.1043 6.2040 96.6000
v -8.2145 5.6500 96.6000
v -8.1043 5.0960 96.6000
v -7.7904 4.6263 96.6000
v -7.3207 4.3124 96.6000
v -6.7667 4.2022 96.6000
v -6.2126 4.3124 96.6000
v -5.7429 4.6263 96.6000
v -5.4291 5.0960 96.6000
v -5.3189 5.6500 96.0000
v -5.4291 6.2040 96.0000
v -5.7429 6.6737 96.0000
v -6.2126 6.9876 96.0000
v -6.7667 7.0978 96.0000
v -7.3207 6.9876 96.0000
v -7.7904 6.6737 96.0000
v -8.1043 6.2040 96.0000
v -8.2145 5.6500 96.0000
v -8.1043 5.0960 96.0000
v -7.7904 4.6263 96.0000
v -7.3207 4.3124 96.0000
v -6.7667 4.2022 96.0000
v -6.2126 4.3124 96.0000
v -5.7429 4.6263 96.0000
v -5.4291 5.0960 96.0000
v -5.1580 9.8833 96.0000
v -5.2805 10.4989 96.0000
v -5.6292 11.0208 96.0000
v -6.1511 11.3695 96.0000
v -6.7667 11.4920 96.0000
v -7.3823 11.3695 96.0000
v -7.9042 11.0208 96.0000
v -8.2529 10.4989 96.0000
v -8.3753 9.8833 96.0000
v -8.2529 9.2677 96.0000
v -7.9042 8.7458 96.0000
v -7.3823 8.3971 96.0000
v -6.7667 8.2747 96.0000
v -6.1511 8.3971 96.0000
v -5.6292 8.7458 96.0000
v -5.2805 9.2677 96.0000
v -5.1580 9.8833 93.3000
v -5.2805 10.4989 93.3000
v -5.6292 11.0208 93.3000
v -6.1511 11.3695 93.3000
v -6.7667 11.4920 93.3000
v -7.3823 11.3695 93.3000
v -7.9042 11.0208 93.3000
v -8.2529 10.4989 93.3000
v -8.3753 9.8833 93.3000
v -8.2529 9.2677 93.3000
v -7.9042 8.7458 93.3000
v -7.3823 8.3971 93.3000
v -6.7667 8.2747 93.3000
v -6.1511 8.3971 93.3000
v -5.6292 8.7458 93.3000
v -5.2805 9.2677 93.3000
v -5.3189 9.8833 96.6000
v -5.4291 10.4374 96.6000
v -5.7429 10.9071 96.6000
v -6.2126 11.2209 96.6000
v -6.7667 11.3311 96.6000
v -7.3207 11.2209 96.6000
v -7.7904 10.9071 96.6000
v -8.1043 10.4374 96.6000
v -8.2145 9.8833 96.6000
v -8.1043 9.3293 96.6000
v -7.7904 8.8596 96.6000
v -7.3207 8.5457 96.6000
v -6.7667 8.4355 96.6000
v -6.2126 8.5457 96.6000
v -5.7429 8.8596 96.6000
v -5.4291 9.3293 96.6000
v -5.3189 9.8833 96.0000
v -5.4291 10.4374 96.0000
v -5.7429 10.9071 96.0000
v -6.2126 11.2209 96.0000
v -6.7667 11.3311 96.0000
v -7.3207 11.2209 96.0000
v -7.7904 10.9071 96.0000
v -8.1043 10.4374 96.0000
v -8.2145 9.8833 96.0000
v -8.1043 9.3293 96.0000
v -7.7904 8.8596 96.0000
v -7.3207 8.5457 96.0000
v -6.7667 8.4355 96.0000
v -6.2126 8.5457 96.0000
v -5.7429 8.8596 96.0000
v -5.4291 9.3293 96.0000
v 1.6087 1.4167 96.0000
v 1.4862 2.0323 96.0000
v 1.1375 2.5542 96.0000
v 0.6156 2.9029 96.0000
v 0.0000 3.0253 96.0000
v -0.6156 2.9029 96.0000
v -1.1375 2.5542 96.0000
v -1.4862 2.0323 96.0000
v -1.6087 1.4167 96.0000
v -1.4862 0.8011 96.0000
v -1.1375 0.2792 96.0000
v -0.6156 -0.0695 96.0000
v -0.0000 -0.1920 96.0000
v 0.6156 -0.0695 96.0000
v 1.1375 0.2792 96.0000
v 1.4862 0.8011 96.0000
v 1.6087 1.4167 93.3000
v 1.4862 2.0323 93.3000
v 1.1375 2.5542 93.3000
v 0.6156 2.9029 93.3000
v 0.0000 3.0253 93.3000
v -0.6156 2.9029 93.3000
v -1.1375 2.5542 93.3000
v -1.4862 2.0323 93.3000
v -1.6087 1.4167 93.3000
v -1.4862 0.8011 93.3000
v -1.1375 0.2792 93.3000
v -0.6156 -0.0695 93.3000
v -0.0000 -0.1920 93.3000
v 0.6156 -0.0695 93.3000
v 1.1375 0.2792 93.3000
v 1.4862 0.8011 93.3000
v 1.4478 1.4167 96.6000
v 1.3376 1.9707 96.6000
v 1.0237 2.4404 96.6000
v 0.5540 2.7543 96.6000
v 0.0000 2.8645 96.6000
v -0.5540 2.7543 96.6000
v -1.0237 2.4404 96.6000
v -1.3376 1.9707 96.6000
v -1.4478 1.4167 96.6000
v -1.3376 0.8626 96.6000
v -1.0237 0.3929 96.6000
v -0.5540 0.0791 96.6000
v -0.0000 -0.0311 96.6000
v 0.5540 0.0791 96.6000
v 1.0237 0.3929 96.6000
v 1.3376 0.8626 96.6000
v 1.4478 1.4167 96.0000
v 1.3376 1.9707 96.0000
v 1.0237 2.4404 96.0000
v 0.5540 2.7543 96.0000
v 0.0000 2.8645 96.0000
v -0.5540 2.7543 96.0000
v -1.0237 2.4404 96.0000
v -1.3376 1.9707 96.0000
v -1.4478 1.4167 96.0000
v -1.3376 0.8626 96.0000
v -1.0237 0.3929 96.0000
v -0.5540 0.0791 96.0000
v -0.0000 -0.0311 96.0000
v 0.5540 0.0791 96.0000
v 1.0237 0.3929 96.0000
v 1.3376 0.8626 96.0000
v 1.6087 5.6500 96.0000
v 1.4862 6.2656 96.0000
v 1.1375 6.7875 96.0000
v 0.6156 7.1362 96.0000
v 0.0000 7.2587 96.0000
v -0.6156 7.1362 96.0000
v -1.1375 6.7875 96.0000
v -1.4862 6.2656 96.0000
v -1.6087 5.6500 96.0000
v -1.4862 5.0344 96.0000
v -1.1375 4.5125 96.0000
v -0.6156 4.1638 96.0000
v -0.0000 4.0413 96.0000
v 0.6156 4.1638 96.0000
v 1.1375 4.5125 96.0000
v 1.4862 5.0344 96.0000
v 1.6087 5.6500 93.3000
v 1.4862 6.2656 93.3000
v 1.1375 6.7875 93.3000
v 0.6156 7.1362 93.3000
v 0.0000 7.2587 93.3000
v -0.6156 7.1362 93.3000
v -1.1375 6.7875 93.3000
v -1.4862 6.2656 93.3000
v -1.6087 5.6500 93.3000
v -1.4862 5.0344 93.3000
v -1.1375 4.5125 93.3000
v -0.6156 4.1638 93.3000
v -0.0000 4.0413 93.3000
v 0.6156 4.1638 93.3000
v 1.1375 4.5125 93.3000
v 1.4862 5.0344 93.3000
v 1.4478 5.6500 96.6000
v 1.3376 6.2040 96.6000
v 1.0237 6.6737 96.6000
v 0.5540 6.9876 96.6000
v 0.0000 7.0978 96.6000
v -0.5540 6.9876 96.6000
v -1.0237 6.6737 96.6000
v -1.3376 6.2040 96.6000
v -1.4478 5.6500 96.6000
v -1.3376 5.0960 96.6000
v -1.0237 4.6263 96.6000
v -0.5540 4.3124 96.6000
v -0.0000 4.2022 96.6000
v 0.5540 4.3124 96.6000
v 1.0237 4.6263 96.6000
v 1.3376 5.0960 96.6000
v 1.4478 5.6500 96.0000
v 1.3376 6.2040 96.0000
v 1.0237 6.6737 96.0000
v 0.5540 6.9876 96.0000
v 0.0000 7.0978 96.0000
v -0.5540 6.9876 96.0000
v -1.0237 6.6737 96.0000
v -1.3376 6.2040 96.0000
v -1.4478 5.6500 96.0000
v -1.3376 5.0960 96.0000
v -1.0237 4.6263 96.0000
v -0.5540 4.3124 96.0000
v -0.0000 4.2022 96.0000
v 0.5540 4.3124 96.0000
v 1.0237 4.6263 96.0000
v 1.3376 5.0960 96.0000
v 1.6087 9.8833 96.0000
v 1.4862 10.4989 96.0000
v 1.1375 11.0208 96.0000
v 0.6156 11.3695 96.0000
v 0.0000 11.4920 96.0000
v -0.6156 11.3695 96.0000
v -1.1375 11.0208 96.0000
v -1.4862 10.4989 96.0000
v -1.6087 9.8833 96.0000
v -1.4862 9.2677 96.0000
v -1.1375 8.7458 96.0000
v -0.6156 8.3971 96.0000
v -0.0000 8.2747 96.0000
v 0.6156 8.3971 96.0000
v 1.1375 8.7458 96.0000
v 1.4862 9.2677 96.0000
v 1.6087 9.8833 93.3000
v 1.4862 10.4989 93.3000
v 1.1375 11.0208 93.3000
v 0.6156 11.3695 93.3000
v 0.0000 11.4920 93.3000
v -0.6156 11.3695 93.3000
v -1.1375 11.0208 93.3000
v -1.4862 10.4989 93.3000
v -1.6087 9.8833 93.3000
v -1.4862 9.2677 93.3000
v -1.1375 8.7458 93.3000
v -0.6156 8.3971 93.3000
v -0.0000 8.2747 93.3000
v 0.6156 8.3971 93.3000
v 1.1375 8.7458 93.3000
v 1.4862 9.2677 93.3000
v 1.4478 9.8833 96.6000
v 1.3376 10.4374 96.6000
v 1.0237 10.9071 96.6000
v 0.5540 11.2209 96.6000
v 0.0000 11.3311 96.6000
v -0.5540 11.2209 96.6000
v -1.0237 10.9071 96.6000
v -1.3376 10.4374 96.6000
v -1.4478 9.8833 96.6000
v -1.3376 9.3293 96.6000
v -1.0237 8.8596 96.6000
v -0.5540 8.5457 96.6000
v -0.0000 8.4355 96.6000
v 0.5540 8.5457 96.6000
v 1.0237 8.8596 96.6000
v 1.3376 9.3293 96.6000
v 1.4478 9.8833 96.0000
v 1.3376 10.4374 96.0000
v 1.0237 10.9071 96.0000
v 0.5540 11.2209 96.0000
v 0.0000 11.3311 96.0000
v -0.5540 11.2209 96.0000
v -1.0237 10.9071 96.0000
v -1.3376 10.4374 96.0000
v -1.4478 9.8833 96.0000
v -1.3376 9.3293 96.0000
v -1.0237 8.8596 96.0000
v -0.5540 8.5457 96.0000
v -0.0000 8.4355 96.0000
v 0.5540 8.5457 96.0000
v 1.0237 8.8596 96.0000
v 1.3376 9.3293 96.0000
v 8.3753 1.4167 96.0000
v 8.2529 2.0323 96.0000
v 7.9042 2.5542 96.0000
v 7.3823 2.9029 96.0000
v 6.7667 3.0253 96.0000
v 6.1511 2.9029 96.0000
v 5.6292 2.5542 96.0000
v 5.2805 2.0323 96.0000
v 5.1580 1.4167 96.0000
v 5.2805 0.8011 96.0000
v 5.6292 0.2792 96.0000
v 6.1511 -0.0695 96.0000
v 6.7667 -0.1920 96.0000
v 7.3823 -0.0695 96.0000
v 7.9042 0.2792 96.0000
v 8.2529 0.8011 96.0000
v 8.3753 1.4167 93.3000
v 8.2529 2.0323 93.3000
v 7.9042 2.5542 93.3000
v 7.3823 2.9029 93.3000
v 6.7667 3.0253 93.3000
v 6.1511 2.9029 93.3000
v 5.6292 2.5542 93.3000
v 5.2805 2.0323 93.3000
v 5.1580 1.4167 93.3000
v 5.2805 0.8011 93.3000
v 5.6292 0.2792 93.3000
v 6.1511 -0.0695 93.3000
v 6.7667 -0.1920 93.3000
v 7.3823 -0.0695 93.3000
v 7.9042 0.2792 93.3000
v 8.2529 0.8011 93.3000
v 8.2145 1.4167 96.6000
v 8.1043 1.9707 96.6000
v 7.7904 2.4404 96.6000
v 7.3207 2.7543 96.6000
v 6.7667 2.8645 96.6000
v 6.2126 2.7543 96.6000
v 5.7429 2.4404 96.6000
v 5.4291 1.9707 96.6000
v 5.3189 1.4167 96.6000
v 5.4291 0.8626 96.6000
v 5.7429 0.3929 96.6000
v 6.2126 0.0791 96.6000
v 6.7667 -0.0311 96.6000
v 7.3207 0.0791 96.6000
v 7.7904 0.3929 96.6000
v 8.1043 0.8626 96.6000
v 8.2145 1.4167 96.0000
v 8.1043 1.9707 96.0000
v 7.7904 2.4404 96.0000
v 7.3207 2.7543 96.0000
v 6.7667 2.8645 96.0000
v 6.2126 2.7543 96.0000
v 5.7429 2.4404 96.0000
v 5.4291 1.9707 96.0000
v 5.3189 1.4167 96.0000
v 5.4291 0.8626 96.0000
v 5.7429 0.3929 96.0000
v 6.2126 0.0791 96.0000
v 6.7667 -0.0311 96.0000
v 7.3207 0.0791 96.0000
v 7.7904 0.3929 96.0000
v 8.1043 0.8626 96.0000
v 8.3753 5.6500 96.0000
v 8.2529 6.2656 96.0000
v 7.9042 6.7875 96.0000
v 7.3823 7.1362 96.0000
v 6.7667 7.2587 96.0000
v 6.1511 7.1362 96.0000
v 5.6292 6.7875 96.0000
v 5.2805 6.2656 96.0000
v 5.1580 5.6500 96.0000
v 5.2805 5.0344 96.0000
v 5.6292 4.5125 96.0000
v 6.1511 4.1638 96.0000
v 6.7667 4.0413 96.0000
v 7.3823 4.1638 96.0000
v 7.9042 4.5125 96.0000
v 8.2529 5.0344 96.0000
v 8.3753 5.6500 93.3000
v 8.2529 6.2656 93.3000
v 7.9042 6.7875 93.3000
v 7.3823 7.1362 93.3000
v 6.7667 7.2587 93.3000
v 6.1511 7.1362 93.3000
v 5.6292 6.7875 93.3000
v 5.2805 6.2656 93.3000
v 5.1580 5.6500 93.3000
v 5.2805 5.0344 93.3000
v 5.6292 4.5125 93.3000
v 6.1511 4.1638 93.3000
v 6.7667 4.0413 93.3000
v 7.3823 4.1638 93.3000
v 7.9042 4.5125 93.3000
v 8.2529 5.0344 93.3000
v 8.2145 5.6500 96.6000
v 8.1043 6.2040 96.6000
v 7.7904 6.6737 96.6000
v 7.3207 6.9876 96.6000
v 6.7667 7.0978 96.6000
v 6.2126 6.9876 96.6000
v 5.7429 6.6737 96.6000
v 5.4291 6.2040 96.6000
v 5.3189 5.6500 96.6000
v 5.4291 5.0960 96.6000
v 5.7429 4.6263 96.6000
v 6.2126 4.3124 96.6000
v 6.7667 4.2022 96.6000
v 7.3207 4.3124 96.6000
v 7.7904 4.6263 96.6000
v 8.1043 5.0960 96.6000
v 8.2145 5.6500 96.0000
v 8.1043 6.2040 96.0000
v 7.7904 6.6737 96.0000
v 7.3207 6.9876 96.0000
v 6.7667 7.0978 96.0000
v 6.2126 6.9876 96.0000
v 5.7429 6.6737 96.0000
v 5.4291 6.2040 96.0000
v 5.3189 5.6500 96.0000
v 5.4291 5.0960 96.0000
v 5.7429 4.6263 96.0000
v 6.2126 4.3124 96.0000
v 6.7667 4.2022 96.0000
v 7.3207 4.3124 96.0000
v 7.7904 4.6263 96.0000
v 8.1043 5.0960 96.0000
v 8.3753 9.8833 96.0000
v 8.2529 10.4989 96.0000
v 7.9042 11.0208 96.0000
v 7.3823 11.3695 96.0000
v 6.7667 11.4920 96.0000
v 6.1511 11.3695 96.0000
v 5.6292 11.0208 96.0000
v 5.2805 10.4989 96.0000
v 5.1580 9.8833 96.0000
v 5.2805 9.2677 96.0000
v 5.6292 8.7458 96.0000
v 6.1511 8.3971 96.0000
v 6.7667 8.2747 96.0000
v 7.3823 8.3971 96.0000
v 7.9042 8.7458 96.0000
v 8.2529 9.2677 96.0000
v 8.3753 9.8833 93.3000
v 8.2529 10.4989 93.3000
v 7.9042 11.0208 93.3000
v 7.3823 11.3695 93.3000
v 6.7667 11.4920 93.3000
v 6.1511 11.3695 93.3000
v 5.6292 11.0208 93.3000
v 5.2805 10.4989 93.3000
v 5.1580 9.8833 93.3000
v 5.2805 9.2677 93.3000
v 5.6292 8.7458 93.3000
v 6.1511 8.3971 93.3000
v 6.7667 8.2747 93.3000
v 7.3823 8.3971 93.3000
v 7.9042 8.7458 93.3000
v 8.2529 9.2677 93.3000
v 8.2145 9.8833 96.6000
v 8.1043 10.4374 96.6000
v 7.7904 10.9071 96.6000
v 7.3207 11.2209 96.6000
v 6.7667 11.3311 96.6000
v 6.2126 11.2209 96.6000
v 5.7429 10.9071 96.6000
v 5.4291 10.4374 96.6000
v 5.3189 9.8833 96.6000
v 5.4291 9.3293 96.6000
v 5.7429 8.8596 96.6000
v 6.2126 8.5457 96.6000
v 6.7667 8.4355 96.6000
v 7.3207 8.5457 96.6000
v 7.7904 8.8596 96.6000
v 8.1043 9.3293 96.6000
v 8.2145 9.8833 96.0000
v 8.1043 10.4374 96.0000
v 7.7904 10.9071 96.0000
v 7.3207 11.2209 96.0000
v 6.7667 11.3311 96.0000
v 6.2126 11.2209 96.0000
v 5.7429 10.9071 96.0000
v 5.4291 10.4374 96.0000
v 5.3189 9.8833 96.0000
v 5.4291 9.3293 96.0000
v 5.7429 8.8596 96.0000
v 6.2126 8.5457 96.0000
v 6.7667 8.4355 96.0000
v 7.3207 8.5457 96.0000
v 7.7904 8.8596 96.0000
v 8.1043 9.3293 96.0000
f 11253 11255 11251 11249
f 11250 11252 11256 11254
f 11249 11250 11254 11253
f 11255 11256 11252 11251
f 11251 11252 11250 11249
f 11253 11254 11256 11255
f 11261 11263 11259 11257
f 11258 11260 11264 11262
f 11257 11258 11262 11261
f 11263 11264 11260 11259
f 11259 11260 11258 11257
f 11261 11262 11264 11263
f 11281 11282 11266 11265
f 11282 11283 11267 11266
f 11283 11284 11268 11267
f 11284 11285 11269 11268
f 11285 11286 11270 11269
f 11286 11287 11271 11270
f 11287 11288 11272 11271
f 11288 11289 11273 11272
f 11289 11290 11274 11273
f 11290 11291 11275 11274
f 11291 11292 11276 11275
f 11292 11293 11277 11276
f 11293 11294 11278 11277
f 11294 11295 11279 11278
f 11295 11296 11280 11279
f 11296 11281 11265 11280
f 11265 11266 11267 11268 11269 11270 11271 11272 11273 11274 11275 11276 11277 11278 11279 11280
f 11296 11295 11294 11293 11292 11291 11290 11289 11288 11287 11286 11285 11284 11283 11282 11281
f 11313 11314 11298 11297
f 11314 11315 11299 11298
f 11315 11316 11300 11299
f 11316 11317 11301 11300
f 11317 11318 11302 11301
f 11318 11319 11303 11302
f 11319 11320 11304 11303
f 11320 11321 11305 11304
f 11321 11322 11306 11305
f 11322 11323 11307 11306
f 11323 11324 11308 11307
f 11324 11325 11309 11308
f 11325 11326 11310 11309
f 11326 11327 11311 11310
f 11327 11328 11312 11311
f 11328 11313 11297 11312
f 11297 11298 11299 11300 11301 11302 11303 11304 11305 11306 11307 11308 11309 11310 11311 11312
f 11328 11327 11326 11325 11324 11323 11322 11321 11320 11319 11318 11317 11316 11315 11314 11313
f 11345 11346 11330 11329
f 11346 11347 11331 11330
f 11347 11348 11332 11331
f 11348 11349 11333 11332
f 11349 11350 11334 11333
f 11350 11351 11335 11334
f 11351 11352 11336 11335
f 11352 11353 11337 11336
f 11353 11354 11338 11337
f 11354 11355 11339 11338
f 11355 11356 11340 11339
f 11356 11357 11341 11340
f 11357 11358 11342 11341
f 11358 11359 11343 11342
f 11359 11360 11344 11343
f 11360 11345 11329 11344
f 11329 11330 11331 11332 11333 11334 11335 11336 11337 11338 11339 11340 11341 11342 11343 11344
f 11360 11359 11358 11357 11356 11355 11354 11353 11352 11351 11350 11349 11348 11347 11346 11345
f 11377 11378 11362 11361
f 11378 11379 11363 11362
f 11379 11380 11364 11363
f 11380 11381 11365 11364
f 11381 11382 11366 11365
f 11382 11383 11367 11366
f 11383 11384 11368 11367
f 11384 11385 11369 11368
f 11385 11386 11370 11369
f 11386 11387 11371 11370
f 11387 11388 11372 11371
f 11388 11389 11373 11372
f 11389 11390 11374 11373
f 11390 11391 11375 11374
f 11391 11392 11376 11375
f 11392 11377 11361 11376
f 11361 11362 11363 11364 11365 11366 11367 11368 11369 11370 11371 11372 11373 11374 11375 11376
f 11392 11391 11390 11389 11388 11387 11386 11385 11384 11383 11382 11381 11380 11379 11378 11377
f 11409 11410 11394 11393
f 11410 11411 11395 11394
f 11411 11412 11396 11395
f 11412 11413 11397 11396
f 11413 11414 11398 11397
f 11414 11415 11399 11398
f 11415 11416 11400 11399
f 11416 11417 11401 11400
f 11417 11418 11402 11401
f 11418 11419 11403 11402
f 11419 11420 11404 11403
f 11420 11421 11405 11404
f 11421 11422 11406 11405
f 11422 11423 11407 11406
f 11423 11424 11408 11407
f 11424 11409 11393 11408
f 11393 11394 11395 11396 11397 11398 11399 11400 11401 11402 11403 11404 11405 11406 11407 11408
f 11424 11423 11422 11421 11420 11419 11418 11417 11416 11415 11414 11413 11412 11411 11410 11409
f 11441 11442 11426 11425
f 11442 11443 11427 11426
f 11443 11444 11428 11427
f 11444 11445 11429 11428
f 11445 11446 11430 11429
f 11446 11447 11431 11430
f 11447 11448 11432 11431
f 11448 11449 11433 11432
f 11449 11450 11434 11433
f 11450 11451 11435 11434
f 11451 11452 11436 11435
f 11452 11453 11437 11436
f 11453 11454 11438 11437
f 11454 11455 11439 11438
f 11455 11456 11440 11439
f 11456 11441 11425 11440
f 11425 11426 11427 11428 11429 11430 11431 11432 11433 11434 11435 11436 11437 11438 11439 11440
f 11456 11455 11454 11453 11452 11451 11450 11449 11448 11447 11446 11445 11444 11443 11442 11441
f 11473 11474 11458 11457
f 11474 11475 11459 11458
f 11475 11476 11460 11459
f 11476 11477 11461 11460
f 11477 11478 11462 11461
f 11478 11479 11463 11462
f 11479 11480 11464 11463
f 11480 11481 11465 11464
f 11481 11482 11466 11465
f 11482 11483 11467 11466
f 11483 11484 11468 11467
f 11484 11485 11469 11468
f 11485 11486 11470 11469
f 11486 11487 11471 11470
f 11487 11488 11472 11471
f 11488 11473 11457 11472
f 11457 11458 11459 11460 11461 11462 11463 11464 11465 11466 11467 11468 11469 11470 11471 11472
f 11488 11487 11486 11485 11484 11483 11482 11481 11480 11479 11478 11477 11476 11475 11474 11473
f 11505 11506 11490 11489
f 11506 11507 11491 11490
f 11507 11508 11492 11491
f 11508 11509 11493 11492
f 11509 11510 11494 11493
f 11510 11511 11495 11494
f 11511 11512 11496 11495
f 11512 11513 11497 11496
f 11513 11514 11498 11497
f 11514 11515 11499 11498
f 11515 11516 11500 11499
f 11516 11517 11501 11500
f 11517 11518 11502 11501
f 11518 11519 11503 11502
f 11519 11520 11504 11503
f 11520 11505 11489 11504
f 11489 11490 11491 11492 11493 11494 11495 11496 11497 11498 11499 11500 11501 11502 11503 11504
f 11520 11519 11518 11517 11516 11515 11514 11513 11512 11511 11510 11509 11508 11507 11506 11505
f 11537 11538 11522 11521
f 11538 11539 11523 11522
f 11539 11540 11524 11523
f 11540 11541 11525 11524
f 11541 11542 11526 11525
f 11542 11543 11527 11526
f 11543 11544 11528 11527
f 11544 11545 11529 11528
f 11545 11546 11530 11529
f 11546 11547 11531 11530
f 11547 11548 11532 11531
f 11548 11549 11533 11532
f 11549 11550 11534 11533
f 11550 11551 11535 11534
f 11551 11552 11536 11535
f 11552 11537 11521 11536
f 11521 11522 11523 11524 11525 11526 11527 11528 11529 11530 11531 11532 11533 11534 11535 11536
f 11552 11551 11550 11549 11548 11547 11546 11545 11544 11543 11542 11541 11540 11539 11538 11537
f 11569 11570 11554 11553
f 11570 11571 11555 11554
f 11571 11572 11556 11555
f 11572 11573 11557 11556
f 11573 11574 11558 11557
f 11574 11575 11559 11558
f 11575 11576 11560 11559
f 11576 11577 11561 11560
f 11577 11578 11562 11561
f 11578 11579 11563 11562
f 11579 11580 11564 11563
f 11580 11581 11565 11564
f 11581 11582 11566 11565
f 11582 11583 11567 11566
f 11583 11584 11568 11567
f 11584 11569 11553 11568
f 11553 11554 11555 11556 11557 11558 11559 11560 11561 11562 11563 11564 11565 11566 11567 11568
f 11584 11583 11582 11581 11580 11579 11578 11577 11576 11575 11574 11573 11572 11571 11570 11569
f 11601 11602 11586 11585
f 11602 11603 11587 11586
f 11603 11604 11588 11587
f 11604 11605 11589 11588
f 11605 11606 11590 11589
f 11606 11607 11591 11590
f 11607 11608 11592 11591
f 11608 11609 11593 11592
f 11609 11610 11594 11593
f 11610 11611 11595 11594
f 11611 11612 11596 11595
f 11612 11613 11597 11596
f 11613 11614 11598 11597
f 11614 11615 11599 11598
f 11615 11616 11600 11599
f 11616 11601 11585 11600
f 11585 11586 11587 11588 11589 11590 11591 11592 11593 11594 11595 11596 11597 11598 11599 11600
f 11616 11615 11614 11613 11612 11611 11610 11609 11608 11607 11606 11605 11604 11603 11602 11601
f 11633 11634 11618 11617
f 11634 11635 11619 11618
f 11635 11636 11620 11619
f 11636 11637 11621 11620
f 11637 11638 11622 11621
f 11638 11639 11623 11622
f 11639 11640 11624 11623
f 11640 11641 11625 11624
f 11641 11642 11626 11625
f 11642 11643 11627 11626
f 11643 11644 11628 11627
f 11644 11645 11629 11628
f 11645 11646 11630 11629
f 11646 11647 11631 11630
f 11647 11648 11632 11631
f 11648 11633 11617 11632
f 11617 11618 11619 11620 11621 11622 11623 11624 11625 11626 11627 11628 11629 11630 11631 11632
f 11648 11647 11646 11645 11644 11643 11642 11641 11640 11639 11638 11637 11636 11635 11634 11633
f 11665 11666 11650 11649
f 11666 11667 11651 11650
f 11667 11668 11652 11651
f 11668 11669 11653 11652
f 11669 11670 11654 11653
f 11670 11671 11655 11654
f 11671 11672 11656 11655
f 11672 11673 11657 11656
f 11673 11674 11658 11657
f 11674 11675 11659 11658
f 11675 11676 11660 11659
f 11676 11677 11661 11660
f 11677 11678 11662 11661
f 11678 11679 11663 11662
f 11679 11680 11664 11663
f 11680 11665 11649 11664
f 11649 11650 11651 11652 11653 11654 11655 11656 11657 11658 11659 11660 11661 11662 11663 11664
f 11680 11679 11678 11677 11676 11675 11674 11673 11672 11671 11670 11669 11668 11667 11666 11665
f 11697 11698 11682 11681
f 11698 11699 11683 11682
f 11699 11700 11684 11683
f 11700 11701 11685 11684
f 11701 11702 11686 11685
f 11702 11703 11687 11686
f 11703 11704 11688 11687
f 11704 11705 11689 11688
f 11705 11706 11690 11689
f 11706 11707 11691 11690
f 11707 11708 11692 11691
f 11708 11709 11693 11692
f 11709 11710 11694 11693
f 11710 11711 11695 11694
f 11711 11712 11696 11695
f 11712 11697 11681 11696
f 11681 11682 11683 11684 11685 11686 11687 11688 11689 11690 11691 11692 11693 11694 11695 11696
f 11712 11711 11710 11709 11708 11707 11706 11705 11704 11703 11702 11701 11700 11699 11698 11697
f 11729 11730 11714 11713
f 11730 11731 11715 11714
f 11731 11732 11716 11715
f 11732 11733 11717 11716
f 11733 11734 11718 11717
f 11734 11735 11719 11718
f 11735 11736 11720 11719
f 11736 11737 11721 11720
f 11737 11738 11722 11721
f 11738 11739 11723 11722
f 11739 11740 11724 11723
f 11740 11741 11725 11724
f 11741 11742 11726 11725
f 11742 11743 11727 11726
f 11743 11744 11728 11727
f 11744 11729 11713 11728
f 11713 11714 11715 11716 11717 11718 11719 11720 11721 11722 11723 11724 11725 11726 11727 11728
f 11744 11743 11742 11741 11740 11739 11738 11737 11736 11735 11734 11733 11732 11731 11730 11729
f 11761 11762 11746 11745
f 11762 11763 11747 11746
f 11763 11764 11748 11747
f 11764 11765 11749 11748
f 11765 11766 11750 11749
f 11766 11767 11751 11750
f 11767 11768 11752 11751
f 11768 11769 11753 11752
f 11769 11770 11754 11753
f 11770 11771 11755 11754
f 11771 11772 11756 11755
f 11772 11773 11757 11756
f 11773 11774 11758 11757
f 11774 11775 11759 11758
f 11775 11776 11760 11759
f 11776 11761 11745 11760
f 11745 11746 11747 11748 11749 11750 11751 11752 11753 11754 11755 11756 11757 11758 11759 11760
f 11776 11775 11774 11773 11772 11771 11770 11769 11768 11767 11766 11765 11764 11763 11762 11761
f 11793 11794 11778 11777
f 11794 11795 11779 11778
f 11795 11796 11780 11779
f 11796 11797 11781 11780
f 11797 11798 11782 11781
f 11798 11799 11783 11782
f 11799 11800 11784 11783
f 11800 11801 11785 11784
f 11801 11802 11786 11785
f 11802 11803 11787 11786
f 11803 11804 11788 11787
f 11804 11805 11789 11788
f 11805 11806 11790 11789
f 11806 11807 11791 11790
f 11807 11808 11792 11791
f 11808 11793 11777 11792
f 11777 11778 11779 11780 11781 11782 11783 11784 11785 11786 11787 11788 11789 11790 11791 11792
f 11808 11807 11806 11805 11804 11803 11802 11801 11800 11799 11798 11797 11796 11795 11794 11793
f 11825 11826 11810 11809
f 11826 11827 11811 11810
f 11827 11828 11812 11811
f 11828 11829 11813 11812
f 11829 11830 11814 11813
f 11830 11831 11815 11814
f 11831 11832 11816 11815
f 11832 11833 11817 11816
f 11833 11834 11818 11817
f 11834 11835 11819 11818
f 11835 11836 11820 11819
f 11836 11837 11821 11820
f 11837 11838 11822 11821
f 11838 11839 11823 11822
f 11839 11840 11824 11823
f 11840 11825 11809 11824
f 11809 11810 11811 11812 11813 11814 11815 11816 11817 11818 11819 11820 11821 11822 11823 11824
f 11840 11839 11838 11837 11836 11835 11834 11833 11832 11831 11830 11829 11828 11827 11826 11825
o XL_EngineGlow
usemtl EngineGlow
v -5.6084 1.4167 96.7000
v -5.6966 1.8599 96.7000
v -5.9477 2.2357 96.7000
v -6.3234 2.4867 96.7000
v -6.7667 2.5749 96.7000
v -7.2099 2.4867 96.7000
v -7.5857 2.2357 96.7000
v -7.8367 1.8599 96.7000
v -7.9249 1.4167 96.7000
v -7.8367 0.9734 96.7000
v -7.5857 0.5977 96.7000
v -7.2099 0.3466 96.7000
v -6.7667 0.2584 96.7000
v -6.3234 0.3466 96.7000
v -5.9477 0.5977 96.7000
v -5.6966 0.9734 96.7000
v -5.6084 1.4167 96.6000
v -5.6966 1.8599 96.6000
v -5.9477 2.2357 96.6000
v -6.3234 2.4867 96.6000
v -6.7667 2.5749 96.6000
v -7.2099 2.4867 96.6000
v -7.5857 2.2357 96.6000
v -7.8367 1.8599 96.6000
v -7.9249 1.4167 96.6000
v -7.8367 0.9734 96.6000
v -7.5857 0.5977 96.6000
v -7.2099 0.3466 96.6000
v -6.7667 0.2584 96.6000
v -6.3234 0.3466 96.6000
v -5.9477 0.5977 96.6000
v -5.6966 0.9734 96.6000
v -5.6084 5.6500 96.7000
v -5.6966 6.0932 96.7000
v -5.9477 6.4690 96.7000
v -6.3234 6.7201 96.7000
v -6.7667 6.8082 96.7000
v -7.2099 6.7201 96.7000
v -7.5857 6.4690 96.7000
v -7.8367 6.0932 96.7000
v -7.9249 5.6500 96.7000
v -7.8367 5.2068 96.7000
v -7.5857 4.8310 96.7000
v -7.2099 4.5799 96.7000
v -6.7667 4.4918 96.7000
v -6.3234 4.5799 96.7000
v -5.9477 4.8310 96.7000
v -5.6966 5.2068 96.7000
v -5.6084 5.6500 96.6000
v -5.6966 6.0932 96.6000
v -5.9477 6.4690 96.6000
v -6.3234 6.7201 96.6000
v -6.7667 6.8082 96.6000
v -7.2099 6.7201 96.6000
v -7.5857 6.4690 96.6000
v -7.8367 6.0932 96.6000
v -7.9249 5.6500 96.6000
v -7.8367 5.2068 96.6000
v -7.5857 4.8310 96.6000
v -7.2099 4.5799 96.6000
v -6.7667 4.4918 96.6000
v -6.3234 4.5799 96.6000
v -5.9477 4.8310 96.6000
v -5.6966 5.2068 96.6000
v -5.6084 9.8833 96.7000
v -5.6966 10.3266 96.7000
v -5.9477 10.7023 96.7000
v -6.3234 10.9534 96.7000
v -6.7667 11.0416 96.7000
v -7.2099 10.9534 96.7000
v -7.5857 10.7023 96.7000
v -7.8367 10.3266 96.7000
v -7.9249 9.8833 96.7000
v -7.8367 9.4401 96.7000
v -7.5857 9.0643 96.7000
v -7.2099 8.8133 96.7000
v -6.7667 8.7251 96.7000
v -6.3234 8.8133 96.7000
v -5.9477 9.0643 96.7000
v -5.6966 9.4401 96.7000
v -5.6084 9.8833 96.6000
v -5.6966 10.3266 96.6000
v -5.9477 10.7023 96.6000
v -6.3234 10.9534 96.6000
v -6.7667 11.0416 96.6000
v -7.2099 10.9534 96.6000
v -7.5857 10.7023 96.6000
v -7.8367 10.3266 96.6000
v -7.9249 9.8833 96.6000
v -7.8367 9.4401 96.6000
v -7.5857 9.0643 96.6000
v -7.2099 8.8133 96.6000
v -6.7667 8.7251 96.6000
v -6.3234 8.8133 96.6000
v -5.9477 9.0643 96.6000
v -5.6966 9.4401 96.6000
v 1.1582 1.4167 96.7000
v 1.0701 1.8599 96.7000
v 0.8190 2.2357 96.7000
v 0.4432 2.4867 96.7000
v 0.0000 2.5749 96.7000
v -0.4432 2.4867 96.7000
v -0.8190 2.2357 96.7000
v -1.0701 1.8599 96.7000
v -1.1582 1.4167 96.7000
v -1.0701 0.9734 96.7000
v -0.8190 0.5977 96.7000
v -0.4432 0.3466 96.7000
v -0.0000 0.2584 96.7000
v 0.4432 0.3466 96.7000
v 0.8190 0.5977 96.7000
v 1.0701 0.9734 96.7000
v 1.1582 1.4167 96.6000
v 1.0701 1.8599 96.6000
v 0.8190 2.2357 96.6000
v 0.4432 2.4867 96.6000
v 0.0000 2.5749 96.6000
v -0.4432 2.4867 96.6000
v -0.8190 2.2357 96.6000
v -1.0701 1.8599 96.6000
v -1.1582 1.4167 96.6000
v -1.0701 0.9734 96.6000
v -0.8190 0.5977 96.6000
v -0.4432 0.3466 96.6000
v -0.0000 0.2584 96.6000
v 0.4432 0.3466 96.6000
v 0.8190 0.5977 96.6000
v 1.0701 0.9734 96.6000
v 1.1582 5.6500 96.7000
v 1.0701 6.0932 96.7000
v 0.8190 6.4690 96.7000
v 0.4432 6.7201 96.7000
v 0.0000 6.8082 96.7000
v -0.4432 6.7201 96.7000
v -0.8190 6.4690 96.7000
v -1.0701 6.0932 96.7000
v -1.1582 5.6500 96.7000
v -1.0701 5.2068 96.7000
v -0.8190 4.8310 96.7000
v -0.4432 4.5799 96.7000
v -0.0000 4.4918 96.7000
v 0.4432 4.5799 96.7000
v 0.8190 4.8310 96.7000
v 1.0701 5.2068 96.7000
v 1.1582 5.6500 96.6000
v 1.0701 6.0932 96.6000
v 0.8190 6.4690 96.6000
v 0.4432 6.7201 96.6000
v 0.0000 6.8082 96.6000
v -0.4432 6.7201 96.6000
v -0.8190 6.4690 96.6000
v -1.0701 6.0932 96.6000
v -1.1582 5.6500 96.6000
v -1.0701 5.2068 96.6000
v -0.8190 4.8310 96.6000
v -0.4432 4.5799 96.6000
v -0.0000 4.4918 96.6000
v 0.4432 4.5799 96.6000
v 0.8190 4.8310 96.6000
v 1.0701 5.2068 96.6000
v 1.1582 9.8833 96.7000
v 1.0701 10.3266 96.7000
v 0.8190 10.7023 96.7000
v 0.4432 10.9534 96.7000
v 0.0000 11.0416 96.7000
v -0.4432 10.9534 96.7000
v -0.8190 10.7023 96.7000
v -1.0701 10.3266 96.7000
v -1.1582 9.8833 96.7000
v -1.0701 9.4401 96.7000
v -0.8190 9.0643 96.7000
v -0.4432 8.8133 96.7000
v -0.0000 8.7251 96.7000
v 0.4432 8.8133 96.7000
v 0.8190 9.0643 96.7000
v 1.0701 9.4401 96.7000
v 1.1582 9.8833 96.6000
v 1.0701 10.3266 96.6000
v 0.8190 10.7023 96.6000
v 0.4432 10.9534 96.6000
v 0.0000 11.0416 96.6000
v -0.4432 10.9534 96.6000
v -0.8190 10.7023 96.6000
v -1.0701 10.3266 96.6000
v -1.1582 9.8833 96.6000
v -1.0701 9.4401 96.6000
v -0.8190 9.0643 96.6000
v -0.4432 8.8133 96.6000
v -0.0000 8.7251 96.6000
v 0.4432 8.8133 96.6000
v 0.8190 9.0643 96.6000
v 1.0701 9.4401 96.6000
v 7.9249 1.4167 96.7000
v 7.8367 1.8599 96.7000
v 7.5857 2.2357 96.7000
v 7.2099 2.4867 96.7000
v 6.7667 2.5749 96.7000
v 6.3234 2.4867 96.7000
v 5.9477 2.2357 96.7000
v 5.6966 1.8599 96.7000
v 5.6084 1.4167 96.7000
v 5.6966 0.9734 96.7000
v 5.9477 0.5977 96.7000
v 6.3234 0.3466 96.7000
v 6.7667 0.2584 96.7000
v 7.2099 0.3466 96.7000
v 7.5857 0.5977 96.7000
v 7.8367 0.9734 96.7000
v 7.9249 1.4167 96.6000
v 7.8367 1.8599 96.6000
v 7.5857 2.2357 96.6000
v 7.2099 2.4867 96.6000
v 6.7667 2.5749 96.6000
v 6.3234 2.4867 96.6000
v 5.9477 2.2357 96.6000
v 5.6966 1.8599 96.6000
v 5.6084 1.4167 96.6000
v 5.6966 0.9734 96.6000
v 5.9477 0.5977 96.6000
v 6.3234 0.3466 96.6000
v 6.7667 0.2584 96.6000
v 7.2099 0.3466 96.6000
v 7.5857 0.5977 96.6000
v 7.8367 0.9734 96.6000
v 7.9249 5.6500 96.7000
v 7.8367 6.0932 96.7000
v 7.5857 6.4690 96.7000
v 7.2099 6.7201 96.7000
v 6.7667 6.8082 96.7000
v 6.3234 6.7201 96.7000
v 5.9477 6.4690 96.7000
v 5.6966 6.0932 96.7000
v 5.6084 5.6500 96.7000
v 5.6966 5.2068 96.7000
v 5.9477 4.8310 96.7000
v 6.3234 4.5799 96.7000
v 6.7667 4.4918 96.7000
v 7.2099 4.5799 96.7000
v 7.5857 4.8310 96.7000
v 7.8367 5.2068 96.7000
v 7.9249 5.6500 96.6000
v 7.8367 6.0932 96.6000
v 7.5857 6.4690 96.6000
v 7.2099 6.7201 96.6000
v 6.7667 6.8082 96.6000
v 6.3234 6.7201 96.6000
v 5.9477 6.4690 96.6000
v 5.6966 6.0932 96.6000
v 5.6084 5.6500 96.6000
v 5.6966 5.2068 96.6000
v 5.9477 4.8310 96.6000
v 6.3234 4.5799 96.6000
v 6.7667 4.4918 96.6000
v 7.2099 4.5799 96.6000
v 7.5857 4.8310 96.6000
v 7.8367 5.2068 96.6000
v 7.9249 9.8833 96.7000
v 7.8367 10.3266 96.7000
v 7.5857 10.7023 96.7000
v 7.2099 10.9534 96.7000
v 6.7667 11.0416 96.7000
v 6.3234 10.9534 96.7000
v 5.9477 10.7023 96.7000
v 5.6966 10.3266 96.7000
v 5.6084 9.8833 96.7000
v 5.6966 9.4401 96.7000
v 5.9477 9.0643 96.7000
v 6.3234 8.8133 96.7000
v 6.7667 8.7251 96.7000
v 7.2099 8.8133 96.7000
v 7.5857 9.0643 96.7000
v 7.8367 9.4401 96.7000
v 7.9249 9.8833 96.6000
v 7.8367 10.3266 96.6000
v 7.5857 10.7023 96.6000
v 7.2099 10.9534 96.6000
v 6.7667 11.0416 96.6000
v 6.3234 10.9534 96.6000
v 5.9477 10.7023 96.6000
v 5.6966 10.3266 96.6000
v 5.6084 9.8833 96.6000
v 5.6966 9.4401 96.6000
v 5.9477 9.0643 96.6000
v 6.3234 8.8133 96.6000
v 6.7667 8.7251 96.6000
v 7.2099 8.8133 96.6000
v 7.5857 9.0643 96.6000
v 7.8367 9.4401 96.6000
f 11857 11858 11842 11841
f 11858 11859 11843 11842
f 11859 11860 11844 11843
f 11860 11861 11845 11844
f 11861 11862 11846 11845
f 11862 11863 11847 11846
f 11863 11864 11848 11847
f 11864 11865 11849 11848
f 11865 11866 11850 11849
f 11866 11867 11851 11850
f 11867 11868 11852 11851
f 11868 11869 11853 11852
f 11869 11870 11854 11853
f 11870 11871 11855 11854
f 11871 11872 11856 11855
f 11872 11857 11841 11856
f 11841 11842 11843 11844 11845 11846 11847 11848 11849 11850 11851 11852 11853 11854 11855 11856
f 11872 11871 11870 11869 11868 11867 11866 11865 11864 11863 11862 11861 11860 11859 11858 11857
f 11889 11890 11874 11873
f 11890 11891 11875 11874
f 11891 11892 11876 11875
f 11892 11893 11877 11876
f 11893 11894 11878 11877
f 11894 11895 11879 11878
f 11895 11896 11880 11879
f 11896 11897 11881 11880
f 11897 11898 11882 11881
f 11898 11899 11883 11882
f 11899 11900 11884 11883
f 11900 11901 11885 11884
f 11901 11902 11886 11885
f 11902 11903 11887 11886
f 11903 11904 11888 11887
f 11904 11889 11873 11888
f 11873 11874 11875 11876 11877 11878 11879 11880 11881 11882 11883 11884 11885 11886 11887 11888
f 11904 11903 11902 11901 11900 11899 11898 11897 11896 11895 11894 11893 11892 11891 11890 11889
f 11921 11922 11906 11905
f 11922 11923 11907 11906
f 11923 11924 11908 11907
f 11924 11925 11909 11908
f 11925 11926 11910 11909
f 11926 11927 11911 11910
f 11927 11928 11912 11911
f 11928 11929 11913 11912
f 11929 11930 11914 11913
f 11930 11931 11915 11914
f 11931 11932 11916 11915
f 11932 11933 11917 11916
f 11933 11934 11918 11917
f 11934 11935 11919 11918
f 11935 11936 11920 11919
f 11936 11921 11905 11920
f 11905 11906 11907 11908 11909 11910 11911 11912 11913 11914 11915 11916 11917 11918 11919 11920
f 11936 11935 11934 11933 11932 11931 11930 11929 11928 11927 11926 11925 11924 11923 11922 11921
f 11953 11954 11938 11937
f 11954 11955 11939 11938
f 11955 11956 11940 11939
f 11956 11957 11941 11940
f 11957 11958 11942 11941
f 11958 11959 11943 11942
f 11959 11960 11944 11943
f 11960 11961 11945 11944
f 11961 11962 11946 11945
f 11962 11963 11947 11946
f 11963 11964 11948 11947
f 11964 11965 11949 11948
f 11965 11966 11950 11949
f 11966 11967 11951 11950
f 11967 11968 11952 11951
f 11968 11953 11937 11952
f 11937 11938 11939 11940 11941 11942 11943 11944 11945 11946 11947 11948 11949 11950 11951 11952
f 11968 11967 11966 11965 11964 11963 11962 11961 11960 11959 11958 11957 11956 11955 11954 11953
f 11985 11986 11970 11969
f 11986 11987 11971 11970
f 11987 11988 11972 11971
f 11988 11989 11973 11972
f 11989 11990 11974 11973
f 11990 11991 11975 11974
f 11991 11992 11976 11975
f 11992 11993 11977 11976
f 11993 11994 11978 11977
f 11994 11995 11979 11978
f 11995 11996 11980 11979
f 11996 11997 11981 11980
f 11997 11998 11982 11981
f 11998 11999 11983 11982
f 11999 12000 11984 11983
f 12000 11985 11969 11984
f 11969 11970 11971 11972 11973 11974 11975 11976 11977 11978 11979 11980 11981 11982 11983 11984
f 12000 11999 11998 11997 11996 11995 11994 11993 11992 11991 11990 11989 11988 11987 11986 11985
f 12017 12018 12002 12001
f 12018 12019 12003 12002
f 12019 12020 12004 12003
f 12020 12021 12005 12004
f 12021 12022 12006 12005
f 12022 12023 12007 12006
f 12023 12024 12008 12007
f 12024 12025 12009 12008
f 12025 12026 12010 12009
f 12026 12027 12011 12010
f 12027 12028 12012 12011
f 12028 12029 12013 12012
f 12029 12030 12014 12013
f 12030 12031 12015 12014
f 12031 12032 12016 12015
f 12032 12017 12001 12016
f 12001 12002 12003 12004 12005 12006 12007 12008 12009 12010 12011 12012 12013 12014 12015 12016
f 12032 12031 12030 12029 12028 12027 12026 12025 12024 12023 12022 12021 12020 12019 12018 12017
f 12049 12050 12034 12033
f 12050 12051 12035 12034
f 12051 12052 12036 12035
f 12052 12053 12037 12036
f 12053 12054 12038 12037
f 12054 12055 12039 12038
f 12055 12056 12040 12039
f 12056 12057 12041 12040
f 12057 12058 12042 12041
f 12058 12059 12043 12042
f 12059 12060 12044 12043
f 12060 12061 12045 12044
f 12061 12062 12046 12045
f 12062 12063 12047 12046
f 12063 12064 12048 12047
f 12064 12049 12033 12048
f 12033 12034 12035 12036 12037 12038 12039 12040 12041 12042 12043 12044 12045 12046 12047 12048
f 12064 12063 12062 12061 12060 12059 12058 12057 12056 12055 12054 12053 12052 12051 12050 12049
f 12081 12082 12066 12065
f 12082 12083 12067 12066
f 12083 12084 12068 12067
f 12084 12085 12069 12068
f 12085 12086 12070 12069
f 12086 12087 12071 12070
f 12087 12088 12072 12071
f 12088 12089 12073 12072
f 12089 12090 12074 12073
f 12090 12091 12075 12074
f 12091 12092 12076 12075
f 12092 12093 12077 12076
f 12093 12094 12078 12077
f 12094 12095 12079 12078
f 12095 12096 12080 12079
f 12096 12081 12065 12080
f 12065 12066 12067 12068 12069 12070 12071 12072 12073 12074 12075 12076 12077 12078 12079 12080
f 12096 12095 12094 12093 12092 12091 12090 12089 12088 12087 12086 12085 12084 12083 12082 12081
f 12113 12114 12098 12097
f 12114 12115 12099 12098
f 12115 12116 12100 12099
f 12116 12117 12101 12100
f 12117 12118 12102 12101
f 12118 12119 12103 12102
f 12119 12120 12104 12103
f 12120 12121 12105 12104
f 12121 12122 12106 12105
f 12122 12123 12107 12106
f 12123 12124 12108 12107
f 12124 12125 12109 12108
f 12125 12126 12110 12109
f 12126 12127 12111 12110
f 12127 12128 12112 12111
f 12128 12113 12097 12112
f 12097 12098 12099 12100 12101 12102 12103 12104 12105 12106 12107 12108 12109 12110 12111 12112
f 12128 12127 12126 12125 12124 12123 12122 12121 12120 12119 12118 12117 12116 12115 12114 12113
o XL_Reactor-col
usemtl Reactor
v 1.6000 0.0000 85.0000
v 1.5217 0.0000 84.5056
v 1.2944 0.0000 84.0595
v 0.9405 0.0000 83.7056
v 0.4944 0.0000 83.4783
v 0.0000 0.0000 83.4000
v -0.4944 0.0000 83.4783
v -0.9405 0.0000 83.7056
v -1.2944 0.0000 84.0595
v -1.5217 0.0000 84.5056
v -1.6000 0.0000 85.0000
v -1.5217 0.0000 85.4944
v -1.2944 0.0000 85.9405
v -0.9405 0.0000 86.2944
v -0.4944 0.0000 86.5217
v -0.0000 0.0000 86.6000
v 0.4944 0.0000 86.5217
v 0.9405 0.0000 86.2944
v 1.2944 0.0000 85.9405
v 1.5217 0.0000 85.4944
v 1.6000 7.7000 85.0000
v 1.5217 7.7000 84.5056
v 1.2944 7.7000 84.0595
v 0.9405 7.7000 83.7056
v 0.4944 7.7000 83.4783
v 0.0000 7.7000 83.4000
v -0.4944 7.7000 83.4783
v -0.9405 7.7000 83.7056
v -1.2944 7.7000 84.0595
v -1.5217 7.7000 84.5056
v -1.6000 7.7000 85.0000
v -1.5217 7.7000 85.4944
v -1.2944 7.7000 85.9405
v -0.9405 7.7000 86.2944
v -0.4944 7.7000 86.5217
v -0.0000 7.7000 86.6000
v 0.4944 7.7000 86.5217
v 0.9405 7.7000 86.2944
v 1.2944 7.7000 85.9405
v 1.5217 7.7000 85.4944
f 12129 12130 12150 12149
f 12130 12131 12151 12150
f 12131 12132 12152 12151
f 12132 12133 12153 12152
f 12133 12134 12154 12153
f 12134 12135 12155 12154
f 12135 12136 12156 12155
f 12136 12137 12157 12156
f 12137 12138 12158 12157
f 12138 12139 12159 12158
f 12139 12140 12160 12159
f 12140 12141 12161 12160
f 12141 12142 12162 12161
f 12142 12143 12163 12162
f 12143 12144 12164 12163
f 12144 12145 12165 12164
f 12145 12146 12166 12165
f 12146 12147 12167 12166
f 12147 12148 12168 12167
f 12148 12129 12149 12168
f 12148 12147 12146 12145 12144 12143 12142 12141 12140 12139 12138 12137 12136 12135 12134 12133 12132 12131 12130 12129
f 12149 12150 12151 12152 12153 12154 12155 12156 12157 12158 12159 12160 12161 12162 12163 12164 12165 12166 12167 12168
o XL_Details
usemtl Trim
v 0.1200 14.2000 81.5000
v 0.0849 14.2000 81.4151
v 0.0000 14.2000 81.3800
v -0.0849 14.2000 81.4151
v -0.1200 14.2000 81.5000
v -0.0849 14.2000 81.5849
v -0.0000 14.2000 81.6200
v 0.0849 14.2000 81.5849
v 0.1200 19.0000 81.5000
v 0.0849 19.0000 81.4151
v 0.0000 19.0000 81.3800
v -0.0849 19.0000 81.4151
v -0.1200 19.0000 81.5000
v -0.0849 19.0000 81.5849
v -0.0000 19.0000 81.6200
v 0.0849 19.0000 81.5849
v -1.2000 17.5000 81.6000
v 1.2000 17.5000 81.6000
v -1.2000 17.5000 81.4000
v 1.2000 17.5000 81.4000
v -1.2000 17.7000 81.6000
v 1.2000 17.7000 81.6000
v -1.2000 17.7000 81.4000
v 1.2000 17.7000 81.4000
v 0.9770 12.4000 87.3358
v 1.5428 12.4000 87.3358
v 0.9770 12.4000 84.8739
v 1.5428 12.4000 84.8739
v 0.9770 12.6228 87.3358
v 1.5428 12.6228 87.3358
v 0.9770 12.6228 84.8739
v 1.5428 12.6228 84.8739
v -9.8816 12.4000 12.8199
v -8.1140 12.4000 12.8199
v -9.8816 12.4000 11.0461
v -8.1140 12.4000 11.0461
v -9.8816 12.6221 12.8199
v -8.1140 12.6221 12.8199
v -9.8816 12.6221 11.0461
v -8.1140 12.6221 11.0461
v 7.4583 12.4000 18.0561
v 8.5763 12.4000 18.0561
v 7.4583 12.4000 16.9408
v 8.5763 12.4000 16.9408
v 7.4583 12.7191 18.0561
v 8.5763 12.7191 18.0561
v 7.4583 12.7191 16.9408
v 8.5763 12.7191 16.9408
v 5.7194 12.4000 15.0539
v 6.3965 12.4000 15.0539
v 5.7194 12.4000 13.1724
v 6.3965 12.4000 13.1724
v 5.7194 12.8038 15.0539
v 6.3965 12.8038 15.0539
v 5.7194 12.8038 13.1724
v 6.3965 12.8038 13.1724
v -8.8488 12.4000 54.1422
v -7.6455 12.4000 54.1422
v -8.8488 12.4000 51.8804
v -7.6455 12.4000 51.8804
v -8.8488 12.8677 54.1422
v -7.6455 12.8677 54.1422
v -8.8488 12.8677 51.8804
v -7.6455 12.8677 51.8804
v -9.5959 12.4000 -57.0279
v -8.0587 12.4000 -57.0279
v -9.5959 12.4000 -57.8052
v -8.0587 12.4000 -57.8052
v -9.5959 12.8183 -57.0279
v -8.0587 12.8183 -57.0279
v -9.5959 12.8183 -57.8052
v -8.0587 12.8183 -57.8052
v 7.1619 12.4000 -19.0801
v 8.6175 12.4000 -19.0801
v 7.1619 12.4000 -22.0441
v 8.6175 12.4000 -22.0441
v 7.1619 12.6118 -19.0801
v 8.6175 12.6118 -19.0801
v 7.1619 12.6118 -22.0441
v 8.6175 12.6118 -22.0441
v 6.9283 12.4000 -15.1536
v 8.1840 12.4000 -15.1536
v 6.9283 12.4000 -16.6536
v 8.1840 12.4000 -16.6536
v 6.9283 12.6028 -15.1536
v 8.1840 12.6028 -15.1536
v 6.9283 12.6028 -16.6536
v 8.1840 12.6028 -16.6536
v -9.6753 12.4000 11.5696
v -8.5394 12.4000 11.5696
v -9.6753 12.4000 10.7195
v -8.5394 12.4000 10.7195
v -9.6753 12.6159 11.5696
v -8.5394 12.6159 11.5696
v -9.6753 12.6159 10.7195
v -8.5394 12.6159 10.7195
v 7.7786 12.4000 27.3551
v 9.3987 12.4000 27.3551
v 7.7786 12.4000 25.8485
v 9.3987 12.4000 25.8485
v 7.7786 12.7314 27.3551
v 9.3987 12.7314 27.3551
v 7.7786 12.7314 25.8485
v 9.3987 12.7314 25.8485
v -8.6435 12.4000 22.3300
v -6.9362 12.4000 22.3300
v -8.6435 12.4000 21.6436
v -6.9362 12.4000 21.6436
v -8.6435 12.8509 22.3300
v -6.9362 12.8509 22.3300
v -8.6435 12.8509 21.6436
v -6.9362 12.8509 21.6436
v -6.8827 12.4000 -52.3101
v -6.0943 12.4000 -52.3101
v -6.8827 12.4000 -54.8045
v -6.0943 12.4000 -54.8045
v -6.8827 12.8425 -52.3101
v -6.0943 12.8425 -52.3101
v -6.8827 12.8425 -54.8045
v -6.0943 12.8425 -54.8045
v -7.6735 12.4000 59.8344
v -6.8423 12.4000 59.8344
v -7.6735 12.4000 58.8708
v -6.8423 12.4000 58.8708
v -7.6735 12.5898 59.8344
v -6.8423 12.5898 59.8344
v -7.6735 12.5898 58.8708
v -6.8423 12.5898 58.8708
v 9.3022 12.4000 6.0373
v 10.0137 12.4000 6.0373
v 9.3022 12.4000 4.1911
v 10.0137 12.4000 4.1911
v 9.3022 12.5596 6.0373
v 10.0137 12.5596 6.0373
v 9.3022 12.5596 4.1911
v 10.0137 12.5596 4.1911
v 2.5795 12.4000 85.5215
v 3.1055 12.4000 85.5215
v 2.5795 12.4000 84.4921
v 3.1055 12.4000 84.4921
v 2.5795 12.6818 85.5215
v 3.1055 12.6818 85.5215
v 2.5795 12.6818 84.4921
v 3.1055 12.6818 84.4921
v 7.4377 12.4000 -18.7814
v 8.4371 12.4000 -18.7814
v 7.4377 12.4000 -21.6160
v 8.4371 12.4000 -21.6160
v 7.4377 12.8530 -18.7814
v 8.4371 12.8530 -18.7814
v 7.4377 12.8530 -21.6160
v 8.4371 12.8530 -21.6160
v -7.7095 12.4000 13.7101
v -6.7181 12.4000 13.7101
v -7.7095 12.4000 12.6284
v -6.7181 12.4000 12.6284
v -7.7095 12.6237 13.7101
v -6.7181 12.6237 13.7101
v -7.7095 12.6237 12.6284
v -6.7181 12.6237 12.6284
v 5.9622 12.4000 80.9873
v 6.6370 12.4000 80.9873
v 5.9622 12.4000 79.8791
v 6.6370 12.4000 79.8791
v 5.9622 12.7877 80.9873
v 6.6370 12.7877 80.9873
v 5.9622 12.7877 79.8791
v 6.6370 12.7877 79.8791
v 3.3332 12.4000 86.7811
v 4.9007 12.4000 86.7811
v 3.3332 12.4000 85.6293
v 4.9007 12.4000 85.6293
v 3.3332 12.7342 86.7811
v 4.9007 12.7342 86.7811
v 3.3332 12.7342 85.6293
v 4.9007 12.7342 85.6293
v 7.4484 12.4000 -46.0858
v 8.0771 12.4000 -46.0858
v 7.4484 12.4000 -47.1204
v 8.0771 12.4000 -47.1204
v 7.4484 12.6297 -46.0858
v 8.0771 12.6297 -46.0858
v 7.4484 12.6297 -47.1204
v 8.0771 12.6297 -47.1204
v 8.6196 12.4000 -52.1450
v 9.4172 12.4000 -52.1450
v 8.6196 12.4000 -54.3236
v 9.4172 12.4000 -54.3236
v 8.6196 12.7747 -52.1450
v 9.4172 12.7747 -52.1450
v 8.6196 12.7747 -54.3236
v 9.4172 12.7747 -54.3236
v 6.2838 12.4000 -83.0619
v 7.6310 12.4000 -83.0619
v 6.2838 12.4000 -84.6520
v 7.6310 12.4000 -84.6520
v 6.2838 12.7047 -83.0619
v 7.6310 12.7047 -83.0619
v 6.2838 12.7047 -84.6520
v 7.6310 12.7047 -84.6520
v -9.8780 12.4000 37.9553
v -8.1821 12.4000 37.9553
v -9.8780 12.4000 36.0609
v -8.1821 12.4000 36.0609
v -9.8780 12.6177 37.9553
v -8.1821 12.6177 37.9553
v -9.8780 12.6177 36.0609
v -8.1821 12.6177 36.0609
v 6.8877 12.4000 -17.1983
v 8.6814 12.4000 -17.1983
v 6.8877 12.4000 -19.0108
v 8.6814 12.4000 -19.0108
v 6.8877 12.8182 -17.1983
v 8.6814 12.8182 -17.1983
v 6.8877 12.8182 -19.0108
v 8.6814 12.8182 -19.0108
v 9.0936 12.4000 41.4126
v 10.2364 12.4000 41.4126
v 9.0936 12.4000 39.6272
v 10.2364 12.4000 39.6272
v 9.0936 12.8704 41.4126
v 10.2364 12.8704 41.4126
v 9.0936 12.8704 39.6272
v 10.2364 12.8704 39.6272
v 7.7347 12.4000 59.3364
v 8.5239 12.4000 59.3364
v 7.7347 12.4000 56.8178
v 8.5239 12.4000 56.8178
v 7.7347 12.8848 59.3364
v 8.5239 12.8848 59.3364
v 7.7347 12.8848 56.8178
v 8.5239 12.8848 56.8178
v -7.8656 12.4000 -19.3212
v -6.8257 12.4000 -19.3212
v -7.8656 12.4000 -20.0615
v -6.8257 12.4000 -20.0615
v -7.8656 12.8899 -19.3212
v -6.8257 12.8899 -19.3212
v -7.8656 12.8899 -20.0615
v -6.8257 12.8899 -20.0615
v 6.8809 12.4000 50.3189
v 8.6113 12.4000 50.3189
v 6.8809 12.4000 49.2512
v 8.6113 12.4000 49.2512
v 6.8809 12.7715 50.3189
v 8.6113 12.7715 50.3189
v 6.8809 12.7715 49.2512
v 8.6113 12.7715 49.2512
v 8.1155 12.4000 -86.3818
v 9.2777 12.4000 -86.3818
v 8.1155 12.4000 -87.3399
v 9.2777 12.4000 -87.3399
v 8.1155 12.5786 -86.3818
v 9.2777 12.5786 -86.3818
v 8.1155 12.5786 -87.3399
v 9.2777 12.5786 -87.3399
v -9.3602 12.4000 -20.1392
v -8.5017 12.4000 -20.1392
v -9.3602 12.4000 -20.8256
v -8.5017 12.4000 -20.8256
v -9.3602 12.7506 -20.1392
v -8.5017 12.7506 -20.1392
v -9.3602 12.7506 -20.8256
v -8.5017 12.7506 -20.8256
v -9.9975 12.4000 22.3090
v -8.5734 12.4000 22.3090
v -9.9975 12.4000 20.3999
v -8.5734 12.4000 20.3999
v -9.9975 12.5992 22.3090
v -8.5734 12.5992 22.3090
v -9.9975 12.5992 20.3999
v -8.5734 12.5992 20.3999
v -8.3609 12.4000 79.0670
v -7.5190 12.4000 79.0670
v -8.3609 12.4000 78.4211
v -7.5190 12.4000 78.4211
v -8.3609 12.7555 79.0670
v -7.5190 12.7555 79.0670
v -8.3609 12.7555 78.4211
v -7.5190 12.7555 78.4211
v 6.5373 12.4000 87.4161
v 7.9461 12.4000 87.4161
v 6.5373 12.4000 85.1447
v 7.9461 12.4000 85.1447
v 6.5373 12.8950 87.4161
v 7.9461 12.8950 87.4161
v 6.5373 12.8950 85.1447
v 7.9461 12.8950 85.1447
v -8.8645 12.4000 -39.6389
v -7.3845 12.4000 -39.6389
v -8.8645 12.4000 -40.2435
v -7.3845 12.4000 -40.2435
v -8.8645 12.5644 -39.6389
v -7.3845 12.5644 -39.6389
v -8.8645 12.5644 -40.2435
v -7.3845 12.5644 -40.2435
v -7.2908 12.4000 14.3945
v -6.3042 12.4000 14.3945
v -7.2908 12.4000 11.7442
v -6.3042 12.4000 11.7442
v -7.2908 12.5828 14.3945
v -6.3042 12.5828 14.3945
v -7.2908 12.5828 11.7442
v -6.3042 12.5828 11.7442
v -8.2642 12.4000 -57.9037
v -6.8135 12.4000 -57.9037
v -8.2642 12.4000 -59.7407
v -6.8135 12.4000 -59.7407
v -8.2642 12.8993 -57.9037
v -6.8135 12.8993 -57.9037
v -8.2642 12.8993 -59.7407
v -6.8135 12.8993 -59.7407
v 5.8926 12.4000 -85.9054
v 6.9259 12.4000 -85.9054
v 5.8926 12.4000 -88.0811
v 6.9259 12.4000 -88.0811
v 5.8926 12.5523 -85.9054
v 6.9259 12.5523 -85.9054
v 5.8926 12.5523 -88.0811
v 6.9259 12.5523 -88.0811
v -9.4010 12.4000 -24.4216
v -8.7815 12.4000 -24.4216
v -9.4010 12.4000 -26.2255
v -8.7815 12.4000 -26.2255
v -9.4010 12.8456 -24.4216
v -8.7815 12.8456 -24.4216
v -9.4010 12.8456 -26.2255
v -8.7815 12.8456 -26.2255
v -10.2102 12.4000 -78.6022
v -9.0476 12.4000 -78.6022
v -10.2102 12.4000 -79.5637
v -9.0476 12.4000 -79.5637
v -10.2102 12.5559 -78.6022
v -9.0476 12.5559 -78.6022
v -10.2102 12.5559 -79.5637
v -9.0476 12.5559 -79.5637
v -7.5304 12.4000 62.7108
v -6.1199 12.4000 62.7108
v -7.5304 12.4000 60.4078
v -6.1199 12.4000 60.4078
v -7.5304 12.7480 62.7108
v -6.1199 12.7480 62.7108
v -7.5304 12.7480 60.4078
v -6.1199 12.7480 60.4078
v -7.1057 12.4000 59.2256
v -5.9313 12.4000 59.2256
v -7.1057 12.4000 56.9921
v -5.9313 12.4000 56.9921
v -7.1057 12.5699 59.2256
v -5.9313 12.5699 59.2256
v -7.1057 12.5699 56.9921
v -5.9313 12.5699 56.9921
v 7.6164 12.4000 -56.7018
v 8.5064 12.4000 -56.7018
v 7.6164 12.4000 -58.9774
v 8.5064 12.4000 -58.9774
v 7.6164 12.7697 -56.7018
v 8.5064 12.7697 -56.7018
v 7.6164 12.7697 -58.9774
v 8.5064 12.7697 -58.9774
f 12169 12170 12178 12177
f 12170 12171 12179 12178
f 12171 12172 12180 12179
f 12172 12173 12181 12180
f 12173 12174 12182 12181
f 12174 12175 12183 12182
f 12175 12176 12184 12183
f 12176 12169 12177 12184
f 12176 12175 12174 12173 12172 12171 12170 12169
f 12177 12178 12179 12180 12181 12182 12183 12184
f 12189 12191 12187 12185
f 12186 12188 12192 12190
f 12185 12186 12190 12189
f 12191 12192 12188 12187
f 12187 12188 12186 12185
f 12189 12190 12192 12191
f 12197 12199 12195 12193
f 12194 12196 12200 12198
f 12193 12194 12198 12197
f 12199 12200 12196 12195
f 12195 12196 12194 12193
f 12197 12198 12200 12199
f 12205 12207 12203 12201
f 12202 12204 12208 12206
f 12201 12202 12206 12205
f 12207 12208 12204 12203
f 12203 12204 12202 12201
f 12205 12206 12208 12207
f 12213 12215 12211 12209
f 12210 12212 12216 12214
f 12209 12210 12214 12213
f 12215 12216 12212 12211
f 12211 12212 12210 12209
f 12213 12214 12216 12215
f 12221 12223 12219 12217
f 12218 12220 12224 12222
f 12217 12218 12222 12221
f 12223 12224 12220 12219
f 12219 12220 12218 12217
f 12221 12222 12224 12223
f 12229 12231 12227 12225
f 12226 12228 12232 12230
f 12225 12226 12230 12229
f 12231 12232 12228 12227
f 12227 12228 12226 12225
f 12229 12230 12232 12231
f 12237 12239 12235 12233
f 12234 12236 12240 12238
f 12233 12234 12238 12237
f 12239 12240 12236 12235
f 12235 12236 12234 12233
f 12237 12238 12240 12239
f 12245 12247 12243 12241
f 12242 12244 12248 12246
f 12241 12242 12246 12245
f 12247 12248 12244 12243
f 12243 12244 12242 12241
f 12245 12246 12248 12247
f 12253 12255 12251 12249
f 12250 12252 12256 12254
f 12249 12250 12254 12253
f 12255 12256 12252 12251
f 12251 12252 12250 12249
f 12253 12254 12256 12255
f 12261 12263 12259 12257
f 12258 12260 12264 12262
f 12257 12258 12262 12261
f 12263 12264 12260 12259
f 12259 12260 12258 12257
f 12261 12262 12264 12263
f 12269 12271 12267 12265
f 12266 12268 12272 12270
f 12265 12266 12270 12269
f 12271 12272 12268 12267
f 12267 12268 12266 12265
f 12269 12270 12272 12271
f 12277 12279 12275 12273
f 12274 12276 12280 12278
f 12273 12274 12278 12277
f 12279 12280 12276 12275
f 12275 12276 12274 12273
f 12277 12278 12280 12279
f 12285 12287 12283 12281
f 12282 12284 12288 12286
f 12281 12282 12286 12285
f 12287 12288 12284 12283
f 12283 12284 12282 12281
f 12285 12286 12288 12287
f 12293 12295 12291 12289
f 12290 12292 12296 12294
f 12289 12290 12294 12293
f 12295 12296 12292 12291
f 12291 12292 12290 12289
f 12293 12294 12296 12295
f 12301 12303 12299 12297
f 12298 12300 12304 12302
f 12297 12298 12302 12301
f 12303 12304 12300 12299
f 12299 12300 12298 12297
f 12301 12302 12304 12303
f 12309 12311 12307 12305
f 12306 12308 12312 12310
f 12305 12306 12310 12309
f 12311 12312 12308 12307
f 12307 12308 12306 12305
f 12309 12310 12312 12311
f 12317 12319 12315 12313
f 12314 12316 12320 12318
f 12313 12314 12318 12317
f 12319 12320 12316 12315
f 12315 12316 12314 12313
f 12317 12318 12320 12319
f 12325 12327 12323 12321
f 12322 12324 12328 12326
f 12321 12322 12326 12325
f 12327 12328 12324 12323
f 12323 12324 12322 12321
f 12325 12326 12328 12327
f 12333 12335 12331 12329
f 12330 12332 12336 12334
f 12329 12330 12334 12333
f 12335 12336 12332 12331
f 12331 12332 12330 12329
f 12333 12334 12336 12335
f 12341 12343 12339 12337
f 12338 12340 12344 12342
f 12337 12338 12342 12341
f 12343 12344 12340 12339
f 12339 12340 12338 12337
f 12341 12342 12344 12343
f 12349 12351 12347 12345
f 12346 12348 12352 12350
f 12345 12346 12350 12349
f 12351 12352 12348 12347
f 12347 12348 12346 12345
f 12349 12350 12352 12351
f 12357 12359 12355 12353
f 12354 12356 12360 12358
f 12353 12354 12358 12357
f 12359 12360 12356 12355
f 12355 12356 12354 12353
f 12357 12358 12360 12359
f 12365 12367 12363 12361
f 12362 12364 12368 12366
f 12361 12362 12366 12365
f 12367 12368 12364 12363
f 12363 12364 12362 12361
f 12365 12366 12368 12367
f 12373 12375 12371 12369
f 12370 12372 12376 12374
f 12369 12370 12374 12373
f 12375 12376 12372 12371
f 12371 12372 12370 12369
f 12373 12374 12376 12375
f 12381 12383 12379 12377
f 12378 12380 12384 12382
f 12377 12378 12382 12381
f 12383 12384 12380 12379
f 12379 12380 12378 12377
f 12381 12382 12384 12383
f 12389 12391 12387 12385
f 12386 12388 12392 12390
f 12385 12386 12390 12389
f 12391 12392 12388 12387
f 12387 12388 12386 12385
f 12389 12390 12392 12391
f 12397 12399 12395 12393
f 12394 12396 12400 12398
f 12393 12394 12398 12397
f 12399 12400 12396 12395
f 12395 12396 12394 12393
f 12397 12398 12400 12399
f 12405 12407 12403 12401
f 12402 12404 12408 12406
f 12401 12402 12406 12405
f 12407 12408 12404 12403
f 12403 12404 12402 12401
f 12405 12406 12408 12407
f 12413 12415 12411 12409
f 12410 12412 12416 12414
f 12409 12410 12414 12413
f 12415 12416 12412 12411
f 12411 12412 12410 12409
f 12413 12414 12416 12415
f 12421 12423 12419 12417
f 12418 12420 12424 12422
f 12417 12418 12422 12421
f 12423 12424 12420 12419
f 12419 12420 12418 12417
f 12421 12422 12424 12423
f 12429 12431 12427 12425
f 12426 12428 12432 12430
f 12425 12426 12430 12429
f 12431 12432 12428 12427
f 12427 12428 12426 12425
f 12429 12430 12432 12431
f 12437 12439 12435 12433
f 12434 12436 12440 12438
f 12433 12434 12438 12437
f 12439 12440 12436 12435
f 12435 12436 12434 12433
f 12437 12438 12440 12439
f 12445 12447 12443 12441
f 12442 12444 12448 12446
f 12441 12442 12446 12445
f 12447 12448 12444 12443
f 12443 12444 12442 12441
f 12445 12446 12448 12447
f 12453 12455 12451 12449
f 12450 12452 12456 12454
f 12449 12450 12454 12453
f 12455 12456 12452 12451
f 12451 12452 12450 12449
f 12453 12454 12456 12455
f 12461 12463 12459 12457
f 12458 12460 12464 12462
f 12457 12458 12462 12461
f 12463 12464 12460 12459
f 12459 12460 12458 12457
f 12461 12462 12464 12463
f 12469 12471 12467 12465
f 12466 12468 12472 12470
f 12465 12466 12470 12469
f 12471 12472 12468 12467
f 12467 12468 12466 12465
f 12469 12470 12472 12471
f 12477 12479 12475 12473
f 12474 12476 12480 12478
f 12473 12474 12478 12477
f 12479 12480 12476 12475
f 12475 12476 12474 12473
f 12477 12478 12480 12479
f 12485 12487 12483 12481
f 12482 12484 12488 12486
f 12481 12482 12486 12485
f 12487 12488 12484 12483
f 12483 12484 12482 12481
f 12485 12486 12488 12487
f 12493 12495 12491 12489
f 12490 12492 12496 12494
f 12489 12490 12494 12493
f 12495 12496 12492 12491
f 12491 12492 12490 12489
f 12493 12494 12496 12495
f 12501 12503 12499 12497
f 12498 12500 12504 12502
f 12497 12498 12502 12501
f 12503 12504 12500 12499
f 12499 12500 12498 12497
f 12501 12502 12504 12503
f 12509 12511 12507 12505
f 12506 12508 12512 12510
f 12505 12506 12510 12509
f 12511 12512 12508 12507
f 12507 12508 12506 12505
f 12509 12510 12512 12511
f 12517 12519 12515 12513
f 12514 12516 12520 12518
f 12513 12514 12518 12517
f 12519 12520 12516 12515
f 12515 12516 12514 12513
f 12517 12518 12520 12519
f 12525 12527 12523 12521
f 12522 12524 12528 12526
f 12521 12522 12526 12525
f 12527 12528 12524 12523
f 12523 12524 12522 12521
f 12525 12526 12528 12527
o XL_Furniture-col
usemtl Furniture
v -9.6500 0.0000 49.8500
v -2.0000 0.0000 49.8500
v -9.6500 0.0000 48.9500
v -2.0000 0.0000 48.9500
v -9.6500 3.0000 49.8500
v -2.0000 3.0000 49.8500
v -9.6500 3.0000 48.9500
v -2.0000 3.0000 48.9500
v 0.8000 0.0000 49.8500
v 8.3500 0.0000 49.8500
v 0.8000 0.0000 48.9500
v 8.3500 0.0000 48.9500
v 0.8000 3.0000 49.8500
v 8.3500 3.0000 49.8500
v 0.8000 3.0000 48.9500
v 8.3500 3.0000 48.9500
v -9.6500 0.0000 11.0500
v -2.0000 0.0000 11.0500
v -9.6500 0.0000 10.1500
v -2.0000 0.0000 10.1500
v -9.6500 3.0000 11.0500
v -2.0000 3.0000 11.0500
v -9.6500 3.0000 10.1500
v -2.0000 3.0000 10.1500
v 0.8000 0.0000 11.0500
v 8.3500 0.0000 11.0500
v 0.8000 0.0000 10.1500
v 8.3500 0.0000 10.1500
v 0.8000 3.0000 11.0500
v 8.3500 3.0000 11.0500
v 0.8000 3.0000 10.1500
v 8.3500 3.0000 10.1500
v 8.9500 0.2500 9.2000
v 9.8500 0.2500 9.2000
v 8.9500 0.2500 7.2000
v 9.8500 0.2500 7.2000
v 8.9500 0.5000 9.2000
v 9.8500 0.5000 9.2000
v 8.9500 0.5000 7.2000
v 9.8500 0.5000 7.2000
v 8.9500 1.2000 9.2000
v 9.8500 1.2000 9.2000
v 8.9500 1.2000 7.2000
v 9.8500 1.2000 7.2000
v 8.9500 1.4500 9.2000
v 9.8500 1.4500 9.2000
v 8.9500 1.4500 7.2000
v 9.8500 1.4500 7.2000
v 8.9500 2.1500 9.2000
v 9.8500 2.1500 9.2000
v 8.9500 2.1500 7.2000
v 9.8500 2.1500 7.2000
v 8.9500 2.4000 9.2000
v 9.8500 2.4000 9.2000
v 8.9500 2.4000 7.2000
v 9.8500 2.4000 7.2000
v 8.9500 0.0000 9.2500
v 9.8500 0.0000 9.2500
v 8.9500 0.0000 9.1500
v 9.8500 0.0000 9.1500
v 8.9500 2.6000 9.2500
v 9.8500 2.6000 9.2500
v 8.9500 2.6000 9.1500
v 9.8500 2.6000 9.1500
v 8.9500 0.0000 7.2500
v 9.8500 0.0000 7.2500
v 8.9500 0.0000 7.1500
v 9.8500 0.0000 7.1500
v 8.9500 2.6000 7.2500
v 9.8500 2.6000 7.2500
v 8.9500 2.6000 7.1500
v 9.8500 2.6000 7.1500
v 8.9500 0.2500 6.1000
v 9.8500 0.2500 6.1000
v 8.9500 0.2500 4.1000
v 9.8500 0.2500 4.1000
v 8.9500 0.5000 6.1000
v 9.8500 0.5000 6.1000
v 8.9500 0.5000 4.1000
v 9.8500 0.5000 4.1000
v 8.9500 1.2000 6.1000
v 9.8500 1.2000 6.1000
v 8.9500 1.2000 4.1000
v 9.8500 1.2000 4.1000
v 8.9500 1.4500 6.1000
v 9.8500 1.4500 6.1000
v 8.9500 1.4500 4.1000
v 9.8500 1.4500 4.1000
v 8.9500 2.1500 6.1000
v 9.8500 2.1500 6.1000
v 8.9500 2.1500 4.1000
v 9.8500 2.1500 4.1000
v 8.9500 2.4000 6.1000
v 9.8500 2.4000 6.1000
v 8.9500 2.4000 4.1000
v 9.8500 2.4000 4.1000
v 8.9500 0.0000 6.1500
v 9.8500 0.0000 6.1500
v 8.9500 0.0000 6.0500
v 9.8500 0.0000 6.0500
v 8.9500 2.6000 6.1500
v 9.8500 2.6000 6.1500
v 8.9500 2.6000 6.0500
v 9.8500 2.6000 6.0500
v 8.9500 0.0000 4.1500
v 9.8500 0.0000 4.1500
v 8.9500 0.0000 4.0500
v 9.8500 0.0000 4.0500
v 8.9500 2.6000 4.1500
v 9.8500 2.6000 4.1500
v 8.9500 2.6000 4.0500
v 9.8500 2.6000 4.0500
v 8.9500 0.2500 3.0000
v 9.8500 0.2500 3.0000
v 8.9500 0.2500 1.0000
v 9.8500 0.2500 1.0000
v 8.9500 0.5000 3.0000
v 9.8500 0.5000 3.0000
v 8.9500 0.5000 1.0000
v 9.8500 0.5000 1.0000
v 8.9500 1.2000 3.0000
v 9.8500 1.2000 3.0000
v 8.9500 1.2000 1.0000
v 9.8500 1.2000 1.0000
v 8.9500 1.4500 3.0000
v 9.8500 1.4500 3.0000
v 8.9500 1.4500 1.0000
v 9.8500 1.4500 1.0000
v 8.9500 2.1500 3.0000
v 9.8500 2.1500 3.0000
v 8.9500 2.1500 1.0000
v 9.8500 2.1500 1.0000
v 8.9500 2.4000 3.0000
v 9.8500 2.4000 3.0000
v 8.9500 2.4000 1.0000
v 9.8500 2.4000 1.0000
v 8.9500 0.0000 3.0500
v 9.8500 0.0000 3.0500
v 8.9500 0.0000 2.9500
v 9.8500 0.0000 2.9500
v 8.9500 2.6000 3.0500
v 9.8500 2.6000 3.0500
v 8.9500 2.6000 2.9500
v 9.8500 2.6000 2.9500
v 8.9500 0.0000 1.0500
v 9.8500 0.0000 1.0500
v 8.9500 0.0000 0.9500
v 9.8500 0.0000 0.9500
v 8.9500 2.6000 1.0500
v 9.8500 2.6000 1.0500
v 8.9500 2.6000 0.9500
v 9.8500 2.6000 0.9500
v 1.9500 0.0000 9.4000
v 2.5000 0.0000 9.4000
v 1.9500 0.0000 6.4000
v 2.5000 0.0000 6.4000
v 1.9500 2.0000 9.4000
v 2.5000 2.0000 9.4000
v 1.9500 2.0000 6.4000
v 2.5000 2.0000 6.4000
v 8.9500 0.2500 -0.8000
v 9.8500 0.2500 -0.8000
v 8.9500 0.2500 -2.8000
v 9.8500 0.2500 -2.8000
v 8.9500 0.5000 -0.8000
v 9.8500 0.5000 -0.8000
v 8.9500 0.5000 -2.8000
v 9.8500 0.5000 -2.8000
v 8.9500 1.2000 -0.8000
v 9.8500 1.2000 -0.8000
v 8.9500 1.2000 -2.8000
v 9.8500 1.2000 -2.8000
v 8.9500 1.4500 -0.8000
v 9.8500 1.4500 -0.8000
v 8.9500 1.4500 -2.8000
v 9.8500 1.4500 -2.8000
v 8.9500 2.1500 -0.8000
v 9.8500 2.1500 -0.8000
v 8.9500 2.1500 -2.8000
v 9.8500 2.1500 -2.8000
v 8.9500 2.4000 -0.8000
v 9.8500 2.4000 -0.8000
v 8.9500 2.4000 -2.8000
v 9.8500 2.4000 -2.8000
v 8.9500 0.0000 -0.7500
v 9.8500 0.0000 -0.7500
v 8.9500 0.0000 -0.8500
v 9.8500 0.0000 -0.8500
v 8.9500 2.6000 -0.7500
v 9.8500 2.6000 -0.7500
v 8.9500 2.6000 -0.8500
v 9.8500 2.6000 -0.8500
v 8.9500 0.0000 -2.7500
v 9.8500 0.0000 -2.7500
v 8.9500 0.0000 -2.8500
v 9.8500 0.0000 -2.8500
v 8.9500 2.6000 -2.7500
v 9.8500 2.6000 -2.7500
v 8.9500 2.6000 -2.8500
v 9.8500 2.6000 -2.8500
v 8.9500 0.2500 -3.9000
v 9.8500 0.2500 -3.9000
v 8.9500 0.2500 -5.9000
v 9.8500 0.2500 -5.9000
v 8.9500 0.5000 -3.9000
v 9.8500 0.5000 -3.9000
v 8.9500 0.5000 -5.9000
v 9.8500 0.5000 -5.9000
v 8.9500 1.2000 -3.9000
v 9.8500 1.2000 -3.9000
v 8.9500 1.2000 -5.9000
v 9.8500 1.2000 -5.9000
v 8.9500 1.4500 -3.9000
v 9.8500 1.4500 -3.9000
v 8.9500 1.4500 -5.9000
v 9.8500 1.4500 -5.9000
v 8.9500 2.1500 -3.9000
v 9.8500 2.1500 -3.9000
v 8.9500 2.1500 -5.9000
v 9.8500 2.1500 -5.9000
v 8.9500 2.4000 -3.9000
v 9.8500 2.4000 -3.9000
v 8.9500 2.4000 -5.9000
v 9.8500 2.4000 -5.9000
v 8.9500 0.0000 -3.8500
v 9.8500 0.0000 -3.8500
v 8.9500 0.0000 -3.9500
v 9.8500 0.0000 -3.9500
v 8.9500 2.6000 -3.8500
v 9.8500 2.6000 -3.8500
v 8.9500 2.6000 -3.9500
v 9.8500 2.6000 -3.9500
v 8.9500 0.0000 -5.8500
v 9.8500 0.0000 -5.8500
v 8.9500 0.0000 -5.9500
v 9.8500 0.0000 -5.9500
v 8.9500 2.6000 -5.8500
v 9.8500 2.6000 -5.8500
v 8.9500 2.6000 -5.9500
v 9.8500 2.6000 -5.9500
v 8.9500 0.2500 -7.0000
v 9.8500 0.2500 -7.0000
v 8.9500 0.2500 -9.0000
v 9.8500 0.2500 -9.0000
v 8.9500 0.5000 -7.0000
v 9.8500 0.5000 -7.0000
v 8.9500 0.5000 -9.0000
v 9.8500 0.5000 -9.0000
v 8.9500 1.2000 -7.0000
v 9.8500 1.2000 -7.0000
v 8.9500 1.2000 -9.0000
v 9.8500 1.2000 -9.0000
v 8.9500 1.4500 -7.0000
v 9.8500 1.4500 -7.0000
v 8.9500 1.4500 -9.0000
v 9.8500 1.4500 -9.0000
v 8.9500 2.1500 -7.0000
v 9.8500 2.1500 -7.0000
v 8.9500 2.1500 -9.0000
v 9.8500 2.1500 -9.0000
v 8.9500 2.4000 -7.0000
v 9.8500 2.4000 -7.0000
v 8.9500 2.4000 -9.0000
v 9.8500 2.4000 -9.0000
v 8.9500 0.0000 -6.9500
v 9.8500 0.0000 -6.9500
v 8.9500 0.0000 -7.0500
v 9.8500 0.0000 -7.0500
v 8.9500 2.6000 -6.9500
v 9.8500 2.6000 -6.9500
v 8.9500 2.6000 -7.0500
v 9.8500 2.6000 -7.0500
v 8.9500 0.0000 -8.9500
v 9.8500 0.0000 -8.9500
v 8.9500 0.0000 -9.0500
v 9.8500 0.0000 -9.0500
v 8.9500 2.6000 -8.9500
v 9.8500 2.6000 -8.9500
v 8.9500 2.6000 -9.0500
v 9.8500 2.6000 -9.0500
v 1.9500 0.0000 -0.6000
v 2.5000 0.0000 -0.6000
v 1.9500 0.0000 -3.6000
v 2.5000 0.0000 -3.6000
v 1.9500 2.0000 -0.6000
v 2.5000 2.0000 -0.6000
v 1.9500 2.0000 -3.6000
v 2.5000 2.0000 -3.6000
v -9.8500 0.2500 -30.8000
v -8.9500 0.2500 -30.8000
v -9.8500 0.2500 -32.8000
v -8.9500 0.2500 -32.8000
v -9.8500 0.5000 -30.8000
v -8.9500 0.5000 -30.8000
v -9.8500 0.5000 -32.8000
v -8.9500 0.5000 -32.8000
v -9.8500 1.2000 -30.8000
v -8.9500 1.2000 -30.8000
v -9.8500 1.2000 -32.8000
v -8.9500 1.2000 -32.8000
v -9.8500 1.4500 -30.8000
v -8.9500 1.4500 -30.8000
v -9.8500 1.4500 -32.8000
v -8.9500 1.4500 -32.8000
v -9.8500 2.1500 -30.8000
v -8.9500 2.1500 -30.8000
v -9.8500 2.1500 -32.8000
v -8.9500 2.1500 -32.8000
v -9.8500 2.4000 -30.8000
v -8.9500 2.4000 -30.8000
v -9.8500 2.4000 -32.8000
v -8.9500 2.4000 -32.8000
v -9.8500 0.0000 -30.7500
v -8.9500 0.0000 -30.7500
v -9.8500 0.0000 -30.8500
v -8.9500 0.0000 -30.8500
v -9.8500 2.6000 -30.7500
v -8.9500 2.6000 -30.7500
v -9.8500 2.6000 -30.8500
v -8.9500 2.6000 -30.8500
v -9.8500 0.0000 -32.7500
v -8.9500 0.0000 -32.7500
v -9.8500 0.0000 -32.8500
v -8.9500 0.0000 -32.8500
v -9.8500 2.6000 -32.7500
v -8.9500 2.6000 -32.7500
v -9.8500 2.6000 -32.8500
v -8.9500 2.6000 -32.8500
v -9.8500 0.2500 -33.9000
v -8.9500 0.2500 -33.9000
v -9.8500 0.2500 -35.9000
v -8.9500 0.2500 -35.9000
v -9.8500 0.5000 -33.9000
v -8.9500 0.5000 -33.9000
v -9.8500 0.5000 -35.9000
v -8.9500 0.5000 -35.9000
v -9.8500 1.2000 -33.9000
v -8.9500 1.2000 -33.9000
v -9.8500 1.2000 -35.9000
v -8.9500 1.2000 -35.9000
v -9.8500 1.4500 -33.9000
v -8.9500 1.4500 -33.9000
v -9.8500 1.4500 -35.9000
v -8.9500 1.4500 -35.9000
v -9.8500 2.1500 -33.9000
v -8.9500 2.1500 -33.9000
v -9.8500 2.1500 -35.9000
v -8.9500 2.1500 -35.9000
v -9.8500 2.4000 -33.9000
v -8.9500 2.4000 -33.9000
v -9.8500 2.4000 -35.9000
v -8.9500 2.4000 -35.9000
v -9.8500 0.0000 -33.8500
v -8.9500 0.0000 -33.8500
v -9.8500 0.0000 -33.9500
v -8.9500 0.0000 -33.9500
v -9.8500 2.6000 -33.8500
v -8.9500 2.6000 -33.8500
v -9.8500 2.6000 -33.9500
v -8.9500 2.6000 -33.9500
v -9.8500 0.0000 -35.8500
v -8.9500 0.0000 -35.8500
v -9.8500 0.0000 -35.9500
v -8.9500 0.0000 -35.9500
v -9.8500 2.6000 -35.8500
v -8.9500 2.6000 -35.8500
v -9.8500 2.6000 -35.9500
v -8.9500 2.6000 -35.9500
v -9.8500 0.2500 -37.0000
v -8.9500 0.2500 -37.0000
v -9.8500 0.2500 -39.0000
v -8.9500 0.2500 -39.0000
v -9.8500 0.5000 -37.0000
v -8.9500 0.5000 -37.0000
v -9.8500 0.5000 -39.0000
v -8.9500 0.5000 -39.0000
v -9.8500 1.2000 -37.0000
v -8.9500 1.2000 -37.0000
v -9.8500 1.2000 -39.0000
v -8.9500 1.2000 -39.0000
v -9.8500 1.4500 -37.0000
v -8.9500 1.4500 -37.0000
v -9.8500 1.4500 -39.0000
v -8.9500 1.4500 -39.0000
v -9.8500 2.1500 -37.0000
v -8.9500 2.1500 -37.0000
v -9.8500 2.1500 -39.0000
v -8.9500 2.1500 -39.0000
v -9.8500 2.4000 -37.0000
v -8.9500 2.4000 -37.0000
v -9.8500 2.4000 -39.0000
v -8.9500 2.4000 -39.0000
v -9.8500 0.0000 -36.9500
v -8.9500 0.0000 -36.9500
v -9.8500 0.0000 -37.0500
v -8.9500 0.0000 -37.0500
v -9.8500 2.6000 -36.9500
v -8.9500 2.6000 -36.9500
v -9.8500 2.6000 -37.0500
v -8.9500 2.6000 -37.0500
v -9.8500 0.0000 -38.9500
v -8.9500 0.0000 -38.9500
v -9.8500 0.0000 -39.0500
v -8.9500 0.0000 -39.0500
v -9.8500 2.6000 -38.9500
v -8.9500 2.6000 -38.9500
v -9.8500 2.6000 -39.0500
v -8.9500 2.6000 -39.0500
v -2.5000 0.0000 -30.6000
v -1.9500 0.0000 -30.6000
v -2.5000 0.0000 -33.6000
v -1.9500 0.0000 -33.6000
v -2.5000 2.0000 -30.6000
v -1.9500 2.0000 -30.6000
v -2.5000 2.0000 -33.6000
v -1.9500 2.0000 -33.6000
v -9.8500 0.0000 -41.0000
v -9.3500 0.0000 -41.0000
v -9.8500 0.0000 -49.0000
v -9.3500 0.0000 -49.0000
v -9.8500 2.0000 -41.0000
v -9.3500 2.0000 -41.0000
v -9.8500 2.0000 -49.0000
v -9.3500 2.0000 -49.0000
v -5.5500 0.0000 -43.5000
v -4.3500 0.0000 -43.5000
v -5.5500 0.0000 -46.5000
v -4.3500 0.0000 -46.5000
v -5.5500 0.9500 -43.5000
v -4.3500 0.9500 -43.5000
v -5.5500 0.9500 -46.5000
v -4.3500 0.9500 -46.5000
v -2.5000 0.0000 -46.4000
v -1.9500 0.0000 -46.4000
v -2.5000 0.0000 -49.4000
v -1.9500 0.0000 -49.4000
v -2.5000 2.0000 -46.4000
v -1.9500 2.0000 -46.4000
v -2.5000 2.0000 -49.4000
v -1.9500 2.0000 -49.4000
v 8.9500 0.2500 -40.8000
v 9.8500 0.2500 -40.8000
v 8.9500 0.2500 -42.8000
v 9.8500 0.2500 -42.8000
v 8.9500 0.5000 -40.8000
v 9.8500 0.5000 -40.8000
v 8.9500 0.5000 -42.8000
v 9.8500 0.5000 -42.8000
v 8.9500 1.2000 -40.8000
v 9.8500 1.2000 -40.8000
v 8.9500 1.2000 -42.8000
v 9.8500 1.2000 -42.8000
v 8.9500 1.4500 -40.8000
v 9.8500 1.4500 -40.8000
v 8.9500 1.4500 -42.8000
v 9.8500 1.4500 -42.8000
v 8.9500 2.1500 -40.8000
v 9.8500 2.1500 -40.8000
v 8.9500 2.1500 -42.8000
v 9.8500 2.1500 -42.8000
v 8.9500 2.4000 -40.8000
v 9.8500 2.4000 -40.8000
v 8.9500 2.4000 -42.8000
v 9.8500 2.4000 -42.8000
v 8.9500 0.0000 -40.7500
v 9.8500 0.0000 -40.7500
v 8.9500 0.0000 -40.8500
v 9.8500 0.0000 -40.8500
v 8.9500 2.6000 -40.7500
v 9.8500 2.6000 -40.7500
v 8.9500 2.6000 -40.8500
v 9.8500 2.6000 -40.8500
v 8.9500 0.0000 -42.7500
v 9.8500 0.0000 -42.7500
v 8.9500 0.0000 -42.8500
v 9.8500 0.0000 -42.8500
v 8.9500 2.6000 -42.7500
v 9.8500 2.6000 -42.7500
v 8.9500 2.6000 -42.8500
v 9.8500 2.6000 -42.8500
v 8.9500 0.2500 -43.9000
v 9.8500 0.2500 -43.9000
v 8.9500 0.2500 -45.9000
v 9.8500 0.2500 -45.9000
v 8.9500 0.5000 -43.9000
v 9.8500 0.5000 -43.9000
v 8.9500 0.5000 -45.9000
v 9.8500 0.5000 -45.9000
v 8.9500 1.2000 -43.9000
v 9.8500 1.2000 -43.9000
v 8.9500 1.2000 -45.9000
v 9.8500 1.2000 -45.9000
v 8.9500 1.4500 -43.9000
v 9.8500 1.4500 -43.9000
v 8.9500 1.4500 -45.9000
v 9.8500 1.4500 -45.9000
v 8.9500 2.1500 -43.9000
v 9.8500 2.1500 -43.9000
v 8.9500 2.1500 -45.9000
v 9.8500 2.1500 -45.9000
v 8.9500 2.4000 -43.9000
v 9.8500 2.4000 -43.9000
v 8.9500 2.4000 -45.9000
v 9.8500 2.4000 -45.9000
v 8.9500 0.0000 -43.8500
v 9.8500 0.0000 -43.8500
v 8.9500 0.0000 -43.9500
v 9.8500 0.0000 -43.9500
v 8.9500 2.6000 -43.8500
v 9.8500 2.6000 -43.8500
v 8.9500 2.6000 -43.9500
v 9.8500 2.6000 -43.9500
v 8.9500 0.0000 -45.8500
v 9.8500 0.0000 -45.8500
v 8.9500 0.0000 -45.9500
v 9.8500 0.0000 -45.9500
v 8.9500 2.6000 -45.8500
v 9.8500 2.6000 -45.8500
v 8.9500 2.6000 -45.9500
v 9.8500 2.6000 -45.9500
v 8.9500 0.2500 -47.0000
v 9.8500 0.2500 -47.0000
v 8.9500 0.2500 -49.0000
v 9.8500 0.2500 -49.0000
v 8.9500 0.5000 -47.0000
v 9.8500 0.5000 -47.0000
v 8.9500 0.5000 -49.0000
v 9.8500 0.5000 -49.0000
v 8.9500 1.2000 -47.0000
v 9.8500 1.2000 -47.0000
v 8.9500 1.2000 -49.0000
v 9.8500 1.2000 -49.0000
v 8.9500 1.4500 -47.0000
v 9.8500 1.4500 -47.0000
v 8.9500 1.4500 -49.0000
v 9.8500 1.4500 -49.0000
v 8.9500 2.1500 -47.0000
v 9.8500 2.1500 -47.0000
v 8.9500 2.1500 -49.0000
v 9.8500 2.1500 -49.0000
v 8.9500 2.4000 -47.0000
v 9.8500 2.4000 -47.0000
v 8.9500 2.4000 -49.0000
v 9.8500 2.4000 -49.0000
v 8.9500 0.0000 -46.9500
v 9.8500 0.0000 -46.9500
v 8.9500 0.0000 -47.0500
v 9.8500 0.0000 -47.0500
v 8.9500 2.6000 -46.9500
v 9.8500 2.6000 -46.9500
v 8.9500 2.6000 -47.0500
v 9.8500 2.6000 -47.0500
v 8.9500 0.0000 -48.9500
v 9.8500 0.0000 -48.9500
v 8.9500 0.0000 -49.0500
v 9.8500 0.0000 -49.0500
v 8.9500 2.6000 -48.9500
v 9.8500 2.6000 -48.9500
v 8.9500 2.6000 -49.0500
v 9.8500 2.6000 -49.0500
v 1.9500 0.0000 -40.6000
v 2.5000 0.0000 -40.6000
v 1.9500 0.0000 -43.6000
v 2.5000 0.0000 -43.6000
v 1.9500 2.0000 -40.6000
v 2.5000 2.0000 -40.6000
v 1.9500 2.0000 -43.6000
v 2.5000 2.0000 -43.6000
v 4.1500 0.7000 -52.0000
v 5.1500 0.7000 -52.0000
v 4.1500 0.7000 -58.0000
v 5.1500 0.7000 -58.0000
v 4.1500 0.8000 -52.0000
v 5.1500 0.8000 -52.0000
v 4.1500 0.8000 -58.0000
v 5.1500 0.8000 -58.0000
v 4.4500 0.0000 -52.2000
v 4.8500 0.0000 -52.2000
v 4.4500 0.0000 -57.8000
v 4.8500 0.0000 -57.8000
v 4.4500 0.7000 -52.2000
v 4.8500 0.7000 -52.2000
v 4.4500 0.7000 -57.8000
v 4.8500 0.7000 -57.8000
v 3.4500 0.0000 -52.0000
v 3.8500 0.0000 -52.0000
v 3.4500 0.0000 -58.0000
v 3.8500 0.0000 -58.0000
v 3.4500 0.4500 -52.0000
v 3.8500 0.4500 -52.0000
v 3.4500 0.4500 -58.0000
v 3.8500 0.4500 -58.0000
v 5.4500 0.0000 -52.0000
v 5.8500 0.0000 -52.0000
v 5.4500 0.0000 -58.0000
v 5.8500 0.0000 -58.0000
v 5.4500 0.4500 -52.0000
v 5.8500 0.4500 -52.0000
v 5.4500 0.4500 -58.0000
v 5.8500 0.4500 -58.0000
v 9.1500 0.0000 -51.0000
v 9.8500 0.0000 -51.0000
v 9.1500 0.0000 -59.0000
v 9.8500 0.0000 -59.0000
v 9.1500 1.0000 -51.0000
v 9.8500 1.0000 -51.0000
v 9.1500 1.0000 -59.0000
v 9.8500 1.0000 -59.0000
v -9.5500 0.0000 -73.5000
v -7.5500 0.0000 -73.5000
v -9.5500 0.0000 -76.5000
v -7.5500 0.0000 -76.5000
v -9.5500 2.4000 -73.5000
v -7.5500 2.4000 -73.5000
v -9.5500 2.4000 -76.5000
v -7.5500 2.4000 -76.5000
v -4.3500 0.0000 -78.8000
v -3.5500 0.0000 -78.8000
v -4.3500 0.0000 -79.6000
v -3.5500 0.0000 -79.6000
v -4.3500 1.1000 -78.8000
v -3.5500 1.1000 -78.8000
v -4.3500 1.1000 -79.6000
v -3.5500 1.1000 -79.6000
v -9.8500 0.2500 -80.8000
v -8.9500 0.2500 -80.8000
v -9.8500 0.2500 -82.8000
v -8.9500 0.2500 -82.8000
v -9.8500 0.5000 -80.8000
v -8.9500 0.5000 -80.8000
v -9.8500 0.5000 -82.8000
v -8.9500 0.5000 -82.8000
v -9.8500 1.2000 -80.8000
v -8.9500 1.2000 -80.8000
v -9.8500 1.2000 -82.8000
v -8.9500 1.2000 -82.8000
v -9.8500 1.4500 -80.8000
v -8.9500 1.4500 -80.8000
v -9.8500 1.4500 -82.8000
v -8.9500 1.4500 -82.8000
v -9.8500 2.1500 -80.8000
v -8.9500 2.1500 -80.8000
v -9.8500 2.1500 -82.8000
v -8.9500 2.1500 -82.8000
v -9.8500 2.4000 -80.8000
v -8.9500 2.4000 -80.8000
v -9.8500 2.4000 -82.8000
v -8.9500 2.4000 -82.8000
v -9.8500 0.0000 -80.7500
v -8.9500 0.0000 -80.7500
v -9.8500 0.0000 -80.8500
v -8.9500 0.0000 -80.8500
v -9.8500 2.6000 -80.7500
v -8.9500 2.6000 -80.7500
v -9.8500 2.6000 -80.8500
v -8.9500 2.6000 -80.8500
v -9.8500 0.0000 -82.7500
v -8.9500 0.0000 -82.7500
v -9.8500 0.0000 -82.8500
v -8.9500 0.0000 -82.8500
v -9.8500 2.6000 -82.7500
v -8.9500 2.6000 -82.7500
v -9.8500 2.6000 -82.8500
v -8.9500 2.6000 -82.8500
v -9.8500 0.2500 -83.9000
v -8.9500 0.2500 -83.9000
v -9.8500 0.2500 -85.9000
v -8.9500 0.2500 -85.9000
v -9.8500 0.5000 -83.9000
v -8.9500 0.5000 -83.9000
v -9.8500 0.5000 -85.9000
v -8.9500 0.5000 -85.9000
v -9.8500 1.2000 -83.9000
v -8.9500 1.2000 -83.9000
v -9.8500 1.2000 -85.9000
v -8.9500 1.2000 -85.9000
v -9.8500 1.4500 -83.9000
v -8.9500 1.4500 -83.9000
v -9.8500 1.4500 -85.9000
v -8.9500 1.4500 -85.9000
v -9.8500 2.1500 -83.9000
v -8.9500 2.1500 -83.9000
v -9.8500 2.1500 -85.9000
v -8.9500 2.1500 -85.9000
v -9.8500 2.4000 -83.9000
v -8.9500 2.4000 -83.9000
v -9.8500 2.4000 -85.9000
v -8.9500 2.4000 -85.9000
v -9.8500 0.0000 -83.8500
v -8.9500 0.0000 -83.8500
v -9.8500 0.0000 -83.9500
v -8.9500 0.0000 -83.9500
v -9.8500 2.6000 -83.8500
v -8.9500 2.6000 -83.8500
v -9.8500 2.6000 -83.9500
v -8.9500 2.6000 -83.9500
v -9.8500 0.0000 -85.8500
v -8.9500 0.0000 -85.8500
v -9.8500 0.0000 -85.9500
v -8.9500 0.0000 -85.9500
v -9.8500 2.6000 -85.8500
v -8.9500 2.6000 -85.8500
v -9.8500 2.6000 -85.9500
v -8.9500 2.6000 -85.9500
v -9.8500 0.2500 -87.0000
v -8.9500 0.2500 -87.0000
v -9.8500 0.2500 -89.0000
v -8.9500 0.2500 -89.0000
v -9.8500 0.5000 -87.0000
v -8.9500 0.5000 -87.0000
v -9.8500 0.5000 -89.0000
v -8.9500 0.5000 -89.0000
v -9.8500 1.2000 -87.0000
v -8.9500 1.2000 -87.0000
v -9.8500 1.2000 -89.0000
v -8.9500 1.2000 -89.0000
v -9.8500 1.4500 -87.0000
v -8.9500 1.4500 -87.0000
v -9.8500 1.4500 -89.0000
v -8.9500 1.4500 -89.0000
v -9.8500 2.1500 -87.0000
v -8.9500 2.1500 -87.0000
v -9.8500 2.1500 -89.0000
v -8.9500 2.1500 -89.0000
v -9.8500 2.4000 -87.0000
v -8.9500 2.4000 -87.0000
v -9.8500 2.4000 -89.0000
v -8.9500 2.4000 -89.0000
v -9.8500 0.0000 -86.9500
v -8.9500 0.0000 -86.9500
v -9.8500 0.0000 -87.0500
v -8.9500 0.0000 -87.0500
v -9.8500 2.6000 -86.9500
v -8.9500 2.6000 -86.9500
v -9.8500 2.6000 -87.0500
v -8.9500 2.6000 -87.0500
v -9.8500 0.0000 -88.9500
v -8.9500 0.0000 -88.9500
v -9.8500 0.0000 -89.0500
v -8.9500 0.0000 -89.0500
v -9.8500 2.6000 -88.9500
v -8.9500 2.6000 -88.9500
v -9.8500 2.6000 -89.0500
v -8.9500 2.6000 -89.0500
v -2.5000 0.0000 -80.6000
v -1.9500 0.0000 -80.6000
v -2.5000 0.0000 -83.6000
v -1.9500 0.0000 -83.6000
v -2.5000 2.0000 -80.6000
v -1.9500 2.0000 -80.6000
v -2.5000 2.0000 -83.6000
v -1.9500 2.0000 -83.6000
v 8.9500 0.2500 -80.8000
v 9.8500 0.2500 -80.8000
v 8.9500 0.2500 -82.8000
v 9.8500 0.2500 -82.8000
v 8.9500 0.5000 -80.8000
v 9.8500 0.5000 -80.8000
v 8.9500 0.5000 -82.8000
v 9.8500 0.5000 -82.8000
v 8.9500 1.2000 -80.8000
v 9.8500 1.2000 -80.8000
v 8.9500 1.2000 -82.8000
v 9.8500 1.2000 -82.8000
v 8.9500 1.4500 -80.8000
v 9.8500 1.4500 -80.8000
v 8.9500 1.4500 -82.8000
v 9.8500 1.4500 -82.8000
v 8.9500 2.1500 -80.8000
v 9.8500 2.1500 -80.8000
v 8.9500 2.1500 -82.8000
v 9.8500 2.1500 -82.8000
v 8.9500 2.4000 -80.8000
v 9.8500 2.4000 -80.8000
v 8.9500 2.4000 -82.8000
v 9.8500 2.4000 -82.8000
v 8.9500 0.0000 -80.7500
v 9.8500 0.0000 -80.7500
v 8.9500 0.0000 -80.8500
v 9.8500 0.0000 -80.8500
v 8.9500 2.6000 -80.7500
v 9.8500 2.6000 -80.7500
v 8.9500 2.6000 -80.8500
v 9.8500 2.6000 -80.8500
v 8.9500 0.0000 -82.7500
v 9.8500 0.0000 -82.7500
v 8.9500 0.0000 -82.8500
v 9.8500 0.0000 -82.8500
v 8.9500 2.6000 -82.7500
v 9.8500 2.6000 -82.7500
v 8.9500 2.6000 -82.8500
v 9.8500 2.6000 -82.8500
v 8.9500 0.2500 -83.9000
v 9.8500 0.2500 -83.9000
v 8.9500 0.2500 -85.9000
v 9.8500 0.2500 -85.9000
v 8.9500 0.5000 -83.9000
v 9.8500 0.5000 -83.9000
v 8.9500 0.5000 -85.9000
v 9.8500 0.5000 -85.9000
v 8.9500 1.2000 -83.9000
v 9.8500 1.2000 -83.9000
v 8.9500 1.2000 -85.9000
v 9.8500 1.2000 -85.9000
v 8.9500 1.4500 -83.9000
v 9.8500 1.4500 -83.9000
v 8.9500 1.4500 -85.9000
v 9.8500 1.4500 -85.9000
v 8.9500 2.1500 -83.9000
v 9.8500 2.1500 -83.9000
v 8.9500 2.1500 -85.9000
v 9.8500 2.1500 -85.9000
v 8.9500 2.4000 -83.9000
v 9.8500 2.4000 -83.9000
v 8.9500 2.4000 -85.9000
v 9.8500 2.4000 -85.9000
v 8.9500 0.0000 -83.8500
v 9.8500 0.0000 -83.8500
v 8.9500 0.0000 -83.9500
v 9.8500 0.0000 -83.9500
v 8.9500 2.6000 -83.8500
v 9.8500 2.6000 -83.8500
v 8.9500 2.6000 -83.9500
v 9.8500 2.6000 -83.9500
v 8.9500 0.0000 -85.8500
v 9.8500 0.0000 -85.8500
v 8.9500 0.0000 -85.9500
v 9.8500 0.0000 -85.9500
v 8.9500 2.6000 -85.8500
v 9.8500 2.6000 -85.8500
v 8.9500 2.6000 -85.9500
v 9.8500 2.6000 -85.9500
v 8.9500 0.2500 -87.0000
v 9.8500 0.2500 -87.0000
v 8.9500 0.2500 -89.0000
v 9.8500 0.2500 -89.0000
v 8.9500 0.5000 -87.0000
v 9.8500 0.5000 -87.0000
v 8.9500 0.5000 -89.0000
v 9.8500 0.5000 -89.0000
v 8.9500 1.2000 -87.0000
v 9.8500 1.2000 -87.0000
v 8.9500 1.2000 -89.0000
v 9.8500 1.2000 -89.0000
v 8.9500 1.4500 -87.0000
v 9.8500 1.4500 -87.0000
v 8.9500 1.4500 -89.0000
v 9.8500 1.4500 -89.0000
v 8.9500 2.1500 -87.0000
v 9.8500 2.1500 -87.0000
v 8.9500 2.1500 -89.0000
v 9.8500 2.1500 -89.0000
v 8.9500 2.4000 -87.0000
v 9.8500 2.4000 -87.0000
v 8.9500 2.4000 -89.0000
v 9.8500 2.4000 -89.0000
v 8.9500 0.0000 -86.9500
v 9.8500 0.0000 -86.9500
v 8.9500 0.0000 -87.0500
v 9.8500 0.0000 -87.0500
v 8.9500 2.6000 -86.9500
v 9.8500 2.6000 -86.9500
v 8.9500 2.6000 -87.0500
v 9.8500 2.6000 -87.0500
v 8.9500 0.0000 -88.9500
v 9.8500 0.0000 -88.9500
v 8.9500 0.0000 -89.0500
v 9.8500 0.0000 -89.0500
v 8.9500 2.6000 -88.9500
v 9.8500 2.6000 -88.9500
v 8.9500 2.6000 -89.0500
v 9.8500 2.6000 -89.0500
v 1.9500 0.0000 -80.6000
v 2.5000 0.0000 -80.6000
v 1.9500 0.0000 -83.6000
v 2.5000 0.0000 -83.6000
v 1.9500 2.0000 -80.6000
v 2.5000 2.0000 -80.6000
v 1.9500 2.0000 -83.6000
v 2.5000 2.0000 -83.6000
v 8.9500 4.2500 9.2000
v 9.8500 4.2500 9.2000
v 8.9500 4.2500 7.2000
v 9.8500 4.2500 7.2000
v 8.9500 4.5000 9.2000
v 9.8500 4.5000 9.2000
v 8.9500 4.5000 7.2000
v 9.8500 4.5000 7.2000
v 8.9500 5.2000 9.2000
v 9.8500 5.2000 9.2000
v 8.9500 5.2000 7.2000
v 9.8500 5.2000 7.2000
v 8.9500 5.4500 9.2000
v 9.8500 5.4500 9.2000
v 8.9500 5.4500 7.2000
v 9.8500 5.4500 7.2000
v 8.9500 6.1500 9.2000
v 9.8500 6.1500 9.2000
v 8.9500 6.1500 7.2000
v 9.8500 6.1500 7.2000
v 8.9500 6.4000 9.2000
v 9.8500 6.4000 9.2000
v 8.9500 6.4000 7.2000
v 9.8500 6.4000 7.2000
v 8.9500 4.0000 9.2500
v 9.8500 4.0000 9.2500
v 8.9500 4.0000 9.1500
v 9.8500 4.0000 9.1500
v 8.9500 6.6000 9.2500
v 9.8500 6.6000 9.2500
v 8.9500 6.6000 9.1500
v 9.8500 6.6000 9.1500
v 8.9500 4.0000 7.2500
v 9.8500 4.0000 7.2500
v 8.9500 4.0000 7.1500
v 9.8500 4.0000 7.1500
v 8.9500 6.6000 7.2500
v 9.8500 6.6000 7.2500
v 8.9500 6.6000 7.1500
v 9.8500 6.6000 7.1500
v 8.9500 4.2500 6.1000
v 9.8500 4.2500 6.1000
v 8.9500 4.2500 4.1000
v 9.8500 4.2500 4.1000
v 8.9500 4.5000 6.1000
v 9.8500 4.5000 6.1000
v 8.9500 4.5000 4.1000
v 9.8500 4.5000 4.1000
v 8.9500 5.2000 6.1000
v 9.8500 5.2000 6.1000
v 8.9500 5.2000 4.1000
v 9.8500 5.2000 4.1000
v 8.9500 5.4500 6.1000
v 9.8500 5.4500 6.1000
v 8.9500 5.4500 4.1000
v 9.8500 5.4500 4.1000
v 8.9500 6.1500 6.1000
v 9.8500 6.1500 6.1000
v 8.9500 6.1500 4.1000
v 9.8500 6.1500 4.1000
v 8.9500 6.4000 6.1000
v 9.8500 6.4000 6.1000
v 8.9500 6.4000 4.1000
v 9.8500 6.4000 4.1000
v 8.9500 4.0000 6.1500
v 9.8500 4.0000 6.1500
v 8.9500 4.0000 6.0500
v 9.8500 4.0000 6.0500
v 8.9500 6.6000 6.1500
v 9.8500 6.6000 6.1500
v 8.9500 6.6000 6.0500
v 9.8500 6.6000 6.0500
v 8.9500 4.0000 4.1500
v 9.8500 4.0000 4.1500
v 8.9500 4.0000 4.0500
v 9.8500 4.0000 4.0500
v 8.9500 6.6000 4.1500
v 9.8500 6.6000 4.1500
v 8.9500 6.6000 4.0500
v 9.8500 6.6000 4.0500
v 8.9500 4.2500 3.0000
v 9.8500 4.2500 3.0000
v 8.9500 4.2500 1.0000
v 9.8500 4.2500 1.0000
v 8.9500 4.5000 3.0000
v 9.8500 4.5000 3.0000
v 8.9500 4.5000 1.0000
v 9.8500 4.5000 1.0000
v 8.9500 5.2000 3.0000
v 9.8500 5.2000 3.0000
v 8.9500 5.2000 1.0000
v 9.8500 5.2000 1.0000
v 8.9500 5.4500 3.0000
v 9.8500 5.4500 3.0000
v 8.9500 5.4500 1.0000
v 9.8500 5.4500 1.0000
v 8.9500 6.1500 3.0000
v 9.8500 6.1500 3.0000
v 8.9500 6.1500 1.0000
v 9.8500 6.1500 1.0000
v 8.9500 6.4000 3.0000
v 9.8500 6.4000 3.0000
v 8.9500 6.4000 1.0000
v 9.8500 6.4000 1.0000
v 8.9500 4.0000 3.0500
v 9.8500 4.0000 3.0500
v 8.9500 4.0000 2.9500
v 9.8500 4.0000 2.9500
v 8.9500 6.6000 3.0500
v 9.8500 6.6000 3.0500
v 8.9500 6.6000 2.9500
v 9.8500 6.6000 2.9500
v 8.9500 4.0000 1.0500
v 9.8500 4.0000 1.0500
v 8.9500 4.0000 0.9500
v 9.8500 4.0000 0.9500
v 8.9500 6.6000 1.0500
v 9.8500 6.6000 1.0500
v 8.9500 6.6000 0.9500
v 9.8500 6.6000 0.9500
v 1.9500 4.0000 9.4000
v 2.5000 4.0000 9.4000
v 1.9500 4.0000 6.4000
v 2.5000 4.0000 6.4000
v 1.9500 6.0000 9.4000
v 2.5000 6.0000 9.4000
v 1.9500 6.0000 6.4000
v 2.5000 6.0000 6.4000
v 7.5500 4.0000 -3.5000
v 9.5500 4.0000 -3.5000
v 7.5500 4.0000 -6.5000
v 9.5500 4.0000 -6.5000
v 7.5500 6.4000 -3.5000
v 9.5500 6.4000 -3.5000
v 7.5500 6.4000 -6.5000
v 9.5500 6.4000 -6.5000
v 3.5500 4.0000 -8.8000
v 4.3500 4.0000 -8.8000
v 3.5500 4.0000 -9.6000
v 4.3500 4.0000 -9.6000
v 3.5500 5.1000 -8.8000
v 4.3500 5.1000 -8.8000
v 3.5500 5.1000 -9.6000
v 4.3500 5.1000 -9.6000
v 7.5500 4.0000 -13.5000
v 9.5500 4.0000 -13.5000
v 7.5500 4.0000 -16.5000
v 9.5500 4.0000 -16.5000
v 7.5500 6.4000 -13.5000
v 9.5500 6.4000 -13.5000
v 7.5500 6.4000 -16.5000
v 9.5500 6.4000 -16.5000
v 3.5500 4.0000 -18.8000
v 4.3500 4.0000 -18.8000
v 3.5500 4.0000 -19.6000
v 4.3500 4.0000 -19.6000
v 3.5500 5.1000 -18.8000
v 4.3500 5.1000 -18.8000
v 3.5500 5.1000 -19.6000
v 4.3500 5.1000 -19.6000
v -9.8500 4.2500 -30.8000
v -8.9500 4.2500 -30.8000
v -9.8500 4.2500 -32.8000
v -8.9500 4.2500 -32.8000
v -9.8500 4.5000 -30.8000
v -8.9500 4.5000 -30.8000
v -9.8500 4.5000 -32.8000
v -8.9500 4.5000 -32.8000
v -9.8500 5.2000 -30.8000
v -8.9500 5.2000 -30.8000
v -9.8500 5.2000 -32.8000
v -8.9500 5.2000 -32.8000
v -9.8500 5.4500 -30.8000
v -8.9500 5.4500 -30.8000
v -9.8500 5.4500 -32.8000
v -8.9500 5.4500 -32.8000
v -9.8500 6.1500 -30.8000
v -8.9500 6.1500 -30.8000
v -9.8500 6.1500 -32.8000
v -8.9500 6.1500 -32.8000
v -9.8500 6.4000 -30.8000
v -8.9500 6.4000 -30.8000
v -9.8500 6.4000 -32.8000
v -8.9500 6.4000 -32.8000
v -9.8500 4.0000 -30.7500
v -8.9500 4.0000 -30.7500
v -9.8500 4.0000 -30.8500
v -8.9500 4.0000 -30.8500
v -9.8500 6.6000 -30.7500
v -8.9500 6.6000 -30.7500
v -9.8500 6.6000 -30.8500
v -8.9500 6.6000 -30.8500
v -9.8500 4.0000 -32.7500
v -8.9500 4.0000 -32.7500
v -9.8500 4.0000 -32.8500
v -8.9500 4.0000 -32.8500
v -9.8500 6.6000 -32.7500
v -8.9500 6.6000 -32.7500
v -9.8500 6.6000 -32.8500
v -8.9500 6.6000 -32.8500
v -9.8500 4.2500 -33.9000
v -8.9500 4.2500 -33.9000
v -9.8500 4.2500 -35.9000
v -8.9500 4.2500 -35.9000
v -9.8500 4.5000 -33.9000
v -8.9500 4.5000 -33.9000
v -9.8500 4.5000 -35.9000
v -8.9500 4.5000 -35.9000
v -9.8500 5.2000 -33.9000
v -8.9500 5.2000 -33.9000
v -9.8500 5.2000 -35.9000
v -8.9500 5.2000 -35.9000
v -9.8500 5.4500 -33.9000
v -8.9500 5.4500 -33.9000
v -9.8500 5.4500 -35.9000
v -8.9500 5.4500 -35.9000
v -9.8500 6.1500 -33.9000
v -8.9500 6.1500 -33.9000
v -9.8500 6.1500 -35.9000
v -8.9500 6.1500 -35.9000
v -9.8500 6.4000 -33.9000
v -8.9500 6.4000 -33.9000
v -9.8500 6.4000 -35.9000
v -8.9500 6.4000 -35.9000
v -9.8500 4.0000 -33.8500
v -8.9500 4.0000 -33.8500
v -9.8500 4.0000 -33.9500
v -8.9500 4.0000 -33.9500
v -9.8500 6.6000 -33.8500
v -8.9500 6.6000 -33.8500
v -9.8500 6.6000 -33.9500
v -8.9500 6.6000 -33.9500
v -9.8500 4.0000 -35.8500
v -8.9500 4.0000 -35.8500
v -9.8500 4.0000 -35.9500
v -8.9500 4.0000 -35.9500
v -9.8500 6.6000 -35.8500
v -8.9500 6.6000 -35.8500
v -9.8500 6.6000 -35.9500
v -8.9500 6.6000 -35.9500
v -9.8500 4.2500 -37.0000
v -8.9500 4.2500 -37.0000
v -9.8500 4.2500 -39.0000
v -8.9500 4.2500 -39.0000
v -9.8500 4.5000 -37.0000
v -8.9500 4.5000 -37.0000
v -9.8500 4.5000 -39.0000
v -8.9500 4.5000 -39.0000
v -9.8500 5.2000 -37.0000
v -8.9500 5.2000 -37.0000
v -9.8500 5.2000 -39.0000
v -8.9500 5.2000 -39.0000
v -9.8500 5.4500 -37.0000
v -8.9500 5.4500 -37.0000
v -9.8500 5.4500 -39.0000
v -8.9500 5.4500 -39.0000
v -9.8500 6.1500 -37.0000
v -8.9500 6.1500 -37.0000
v -9.8500 6.1500 -39.0000
v -8.9500 6.1500 -39.0000
v -9.8500 6.4000 -37.0000
v -8.9500 6.4000 -37.0000
v -9.8500 6.4000 -39.0000
v -8.9500 6.4000 -39.0000
v -9.8500 4.0000 -36.9500
v -8.9500 4.0000 -36.9500
v -9.8500 4.0000 -37.0500
v -8.9500 4.0000 -37.0500
v -9.8500 6.6000 -36.9500
v -8.9500 6.6000 -36.9500
v -9.8500 6.6000 -37.0500
v -8.9500 6.6000 -37.0500
v -9.8500 4.0000 -38.9500
v -8.9500 4.0000 -38.9500
v -9.8500 4.0000 -39.0500
v -8.9500 4.0000 -39.0500
v -9.8500 6.6000 -38.9500
v -8.9500 6.6000 -38.9500
v -9.8500 6.6000 -39.0500
v -8.9500 6.6000 -39.0500
v -2.5000 4.0000 -30.6000
v -1.9500 4.0000 -30.6000
v -2.5000 4.0000 -33.6000
v -1.9500 4.0000 -33.6000
v -2.5000 6.0000 -30.6000
v -1.9500 6.0000 -30.6000
v -2.5000 6.0000 -33.6000
v -1.9500 6.0000 -33.6000
v -9.8500 4.0000 -41.0000
v -9.3500 4.0000 -41.0000
v -9.8500 4.0000 -49.0000
v -9.3500 4.0000 -49.0000
v -9.8500 6.0000 -41.0000
v -9.3500 6.0000 -41.0000
v -9.8500 6.0000 -49.0000
v -9.3500 6.0000 -49.0000
v -5.5500 4.0000 -43.5000
v -4.3500 4.0000 -43.5000
v -5.5500 4.0000 -46.5000
v -4.3500 4.0000 -46.5000
v -5.5500 4.9500 -43.5000
v -4.3500 4.9500 -43.5000
v -5.5500 4.9500 -46.5000
v -4.3500 4.9500 -46.5000
v -2.5000 4.0000 -46.4000
v -1.9500 4.0000 -46.4000
v -2.5000 4.0000 -49.4000
v -1.9500 4.0000 -49.4000
v -2.5000 6.0000 -46.4000
v -1.9500 6.0000 -46.4000
v -2.5000 6.0000 -49.4000
v -1.9500 6.0000 -49.4000
v -9.8500 4.2500 -50.8000
v -8.9500 4.2500 -50.8000
v -9.8500 4.2500 -52.8000
v -8.9500 4.2500 -52.8000
v -9.8500 4.5000 -50.8000
v -8.9500 4.5000 -50.8000
v -9.8500 4.5000 -52.8000
v -8.9500 4.5000 -52.8000
v -9.8500 5.2000 -50.8000
v -8.9500 5.2000 -50.8000
v -9.8500 5.2000 -52.8000
v -8.9500 5.2000 -52.8000
v -9.8500 5.4500 -50.8000
v -8.9500 5.4500 -50.8000
v -9.8500 5.4500 -52.8000
v -8.9500 5.4500 -52.8000
v -9.8500 6.1500 -50.8000
v -8.9500 6.1500 -50.8000
v -9.8500 6.1500 -52.8000
v -8.9500 6.1500 -52.8000
v -9.8500 6.4000 -50.8000
v -8.9500 6.4000 -50.8000
v -9.8500 6.4000 -52.8000
v -8.9500 6.4000 -52.8000
v -9.8500 4.0000 -50.7500
v -8.9500 4.0000 -50.7500
v -9.8500 4.0000 -50.8500
v -8.9500 4.0000 -50.8500
v -9.8500 6.6000 -50.7500
v -8.9500 6.6000 -50.7500
v -9.8500 6.6000 -50.8500
v -8.9500 6.6000 -50.8500
v -9.8500 4.0000 -52.7500
v -8.9500 4.0000 -52.7500
v -9.8500 4.0000 -52.8500
v -8.9500 4.0000 -52.8500
v -9.8500 6.6000 -52.7500
v -8.9500 6.6000 -52.7500
v -9.8500 6.6000 -52.8500
v -8.9500 6.6000 -52.8500
v -9.8500 4.2500 -53.9000
v -8.9500 4.2500 -53.9000
v -9.8500 4.2500 -55.9000
v -8.9500 4.2500 -55.9000
v -9.8500 4.5000 -53.9000
v -8.9500 4.5000 -53.9000
v -9.8500 4.5000 -55.9000
v -8.9500 4.5000 -55.9000
v -9.8500 5.2000 -53.9000
v -8.9500 5.2000 -53.9000
v -9.8500 5.2000 -55.9000
v -8.9500 5.2000 -55.9000
v -9.8500 5.4500 -53.9000
v -8.9500 5.4500 -53.9000
v -9.8500 5.4500 -55.9000
v -8.9500 5.4500 -55.9000
v -9.8500 6.1500 -53.9000
v -8.9500 6.1500 -53.9000
v -9.8500 6.1500 -55.9000
v -8.9500 6.1500 -55.9000
v -9.8500 6.4000 -53.9000
v -8.9500 6.4000 -53.9000
v -9.8500 6.4000 -55.9000
v -8.9500 6.4000 -55.9000
v -9.8500 4.0000 -53.8500
v -8.9500 4.0000 -53.8500
v -9.8500 4.0000 -53.9500
v -8.9500 4.0000 -53.9500
v -9.8500 6.6000 -53.8500
v -8.9500 6.6000 -53.8500
v -9.8500 6.6000 -53.9500
v -8.9500 6.6000 -53.9500
v -9.8500 4.0000 -55.8500
v -8.9500 4.0000 -55.8500
v -9.8500 4.0000 -55.9500
v -8.9500 4.0000 -55.9500
v -9.8500 6.6000 -55.8500
v -8.9500 6.6000 -55.8500
v -9.8500 6.6000 -55.9500
v -8.9500 6.6000 -55.9500
v -9.8500 4.2500 -57.0000
v -8.9500 4.2500 -57.0000
v -9.8500 4.2500 -59.0000
v -8.9500 4.2500 -59.0000
v -9.8500 4.5000 -57.0000
v -8.9500 4.5000 -57.0000
v -9.8500 4.5000 -59.0000
v -8.9500 4.5000 -59.0000
v -9.8500 5.2000 -57.0000
v -8.9500 5.2000 -57.0000
v -9.8500 5.2000 -59.0000
v -8.9500 5.2000 -59.0000
v -9.8500 5.4500 -57.0000
v -8.9500 5.4500 -57.0000
v -9.8500 5.4500 -59.0000
v -8.9500 5.4500 -59.0000
v -9.8500 6.1500 -57.0000
v -8.9500 6.1500 -57.0000
v -9.8500 6.1500 -59.0000
v -8.9500 6.1500 -59.0000
v -9.8500 6.4000 -57.0000
v -8.9500 6.4000 -57.0000
v -9.8500 6.4000 -59.0000
v -8.9500 6.4000 -59.0000
v -9.8500 4.0000 -56.9500
v -8.9500 4.0000 -56.9500
v -9.8500 4.0000 -57.0500
v -8.9500 4.0000 -57.0500
v -9.8500 6.6000 -56.9500
v -8.9500 6.6000 -56.9500
v -9.8500 6.6000 -57.0500
v -8.9500 6.6000 -57.0500
v -9.8500 4.0000 -58.9500
v -8.9500 4.0000 -58.9500
v -9.8500 4.0000 -59.0500
v -8.9500 4.0000 -59.0500
v -9.8500 6.6000 -58.9500
v -8.9500 6.6000 -58.9500
v -9.8500 6.6000 -59.0500
v -8.9500 6.6000 -59.0500
v -2.5000 4.0000 -50.6000
v -1.9500 4.0000 -50.6000
v -2.5000 4.0000 -53.6000
v -1.9500 4.0000 -53.6000
v -2.5000 6.0000 -50.6000
v -1.9500 6.0000 -50.6000
v -2.5000 6.0000 -53.6000
v -1.9500 6.0000 -53.6000
v 8.9500 4.2500 -50.8000
v 9.8500 4.2500 -50.8000
v 8.9500 4.2500 -52.8000
v 9.8500 4.2500 -52.8000
v 8.9500 4.5000 -50.8000
v 9.8500 4.5000 -50.8000
v 8.9500 4.5000 -52.8000
v 9.8500 4.5000 -52.8000
v 8.9500 5.2000 -50.8000
v 9.8500 5.2000 -50.8000
v 8.9500 5.2000 -52.8000
v 9.8500 5.2000 -52.8000
v 8.9500 5.4500 -50.8000
v 9.8500 5.4500 -50.8000
v 8.9500 5.4500 -52.8000
v 9.8500 5.4500 -52.8000
v 8.9500 6.1500 -50.8000
v 9.8500 6.1500 -50.8000
v 8.9500 6.1500 -52.8000
v 9.8500 6.1500 -52.8000
v 8.9500 6.4000 -50.8000
v 9.8500 6.4000 -50.8000
v 8.9500 6.4000 -52.8000
v 9.8500 6.4000 -52.8000
v 8.9500 4.0000 -50.7500
v 9.8500 4.0000 -50.7500
v 8.9500 4.0000 -50.8500
v 9.8500 4.0000 -50.8500
v 8.9500 6.6000 -50.7500
v 9.8500 6.6000 -50.7500
v 8.9500 6.6000 -50.8500
v 9.8500 6.6000 -50.8500
v 8.9500 4.0000 -52.7500
v 9.8500 4.0000 -52.7500
v 8.9500 4.0000 -52.8500
v 9.8500 4.0000 -52.8500
v 8.9500 6.6000 -52.7500
v 9.8500 6.6000 -52.7500
v 8.9500 6.6000 -52.8500
v 9.8500 6.6000 -52.8500
v 8.9500 4.2500 -53.9000
v 9.8500 4.2500 -53.9000
v 8.9500 4.2500 -55.9000
v 9.8500 4.2500 -55.9000
v 8.9500 4.5000 -53.9000
v 9.8500 4.5000 -53.9000
v 8.9500 4.5000 -55.9000
v 9.8500 4.5000 -55.9000
v 8.9500 5.2000 -53.9000
v 9.8500 5.2000 -53.9000
v 8.9500 5.2000 -55.9000
v 9.8500 5.2000 -55.9000
v 8.9500 5.4500 -53.9000
v 9.8500 5.4500 -53.9000
v 8.9500 5.4500 -55.9000
v 9.8500 5.4500 -55.9000
v 8.9500 6.1500 -53.9000
v 9.8500 6.1500 -53.9000
v 8.9500 6.1500 -55.9000
v 9.8500 6.1500 -55.9000
v 8.9500 6.4000 -53.9000
v 9.8500 6.4000 -53.9000
v 8.9500 6.4000 -55.9000
v 9.8500 6.4000 -55.9000
v 8.9500 4.0000 -53.8500
v 9.8500 4.0000 -53.8500
v 8.9500 4.0000 -53.9500
v 9.8500 4.0000 -53.9500
v 8.9500 6.6000 -53.8500
v 9.8500 6.6000 -53.8500
v 8.9500 6.6000 -53.9500
v 9.8500 6.6000 -53.9500
v 8.9500 4.0000 -55.8500
v 9.8500 4.0000 -55.8500
v 8.9500 4.0000 -55.9500
v 9.8500 4.0000 -55.9500
v 8.9500 6.6000 -55.8500
v 9.8500 6.6000 -55.8500
v 8.9500 6.6000 -55.9500
v 9.8500 6.6000 -55.9500
v 8.9500 4.2500 -57.0000
v 9.8500 4.2500 -57.0000
v 8.9500 4.2500 -59.0000
v 9.8500 4.2500 -59.0000
v 8.9500 4.5000 -57.0000
v 9.8500 4.5000 -57.0000
v 8.9500 4.5000 -59.0000
v 9.8500 4.5000 -59.0000
v 8.9500 5.2000 -57.0000
v 9.8500 5.2000 -57.0000
v 8.9500 5.2000 -59.0000
v 9.8500 5.2000 -59.0000
v 8.9500 5.4500 -57.0000
v 9.8500 5.4500 -57.0000
v 8.9500 5.4500 -59.0000
v 9.8500 5.4500 -59.0000
v 8.9500 6.1500 -57.0000
v 9.8500 6.1500 -57.0000
v 8.9500 6.1500 -59.0000
v 9.8500 6.1500 -59.0000
v 8.9500 6.4000 -57.0000
v 9.8500 6.4000 -57.0000
v 8.9500 6.4000 -59.0000
v 9.8500 6.4000 -59.0000
v 8.9500 4.0000 -56.9500
v 9.8500 4.0000 -56.9500
v 8.9500 4.0000 -57.0500
v 9.8500 4.0000 -57.0500
v 8.9500 6.6000 -56.9500
v 9.8500 6.6000 -56.9500
v 8.9500 6.6000 -57.0500
v 9.8500 6.6000 -57.0500
v 8.9500 4.0000 -58.9500
v 9.8500 4.0000 -58.9500
v 8.9500 4.0000 -59.0500
v 9.8500 4.0000 -59.0500
v 8.9500 6.6000 -58.9500
v 9.8500 6.6000 -58.9500
v 8.9500 6.6000 -59.0500
v 9.8500 6.6000 -59.0500
v 1.9500 4.0000 -50.6000
v 2.5000 4.0000 -50.6000
v 1.9500 4.0000 -53.6000
v 2.5000 4.0000 -53.6000
v 1.9500 6.0000 -50.6000
v 2.5000 6.0000 -50.6000
v 1.9500 6.0000 -53.6000
v 2.5000 6.0000 -53.6000
v 7.5500 4.0000 -63.5000
v 9.5500 4.0000 -63.5000
v 7.5500 4.0000 -66.5000
v 9.5500 4.0000 -66.5000
v 7.5500 6.4000 -63.5000
v 9.5500 6.4000 -63.5000
v 7.5500 6.4000 -66.5000
v 9.5500 6.4000 -66.5000
v 3.5500 4.0000 -68.8000
v 4.3500 4.0000 -68.8000
v 3.5500 4.0000 -69.6000
v 4.3500 4.0000 -69.6000
v 3.5500 5.1000 -68.8000
v 4.3500 5.1000 -68.8000
v 3.5500 5.1000 -69.6000
v 4.3500 5.1000 -69.6000
v 8.9500 4.2500 -70.8000
v 9.8500 4.2500 -70.8000
v 8.9500 4.2500 -72.8000
v 9.8500 4.2500 -72.8000
v 8.9500 4.5000 -70.8000
v 9.8500 4.5000 -70.8000
v 8.9500 4.5000 -72.8000
v 9.8500 4.5000 -72.8000
v 8.9500 5.2000 -70.8000
v 9.8500 5.2000 -70.8000
v 8.9500 5.2000 -72.8000
v 9.8500 5.2000 -72.8000
v 8.9500 5.4500 -70.8000
v 9.8500 5.4500 -70.8000
v 8.9500 5.4500 -72.8000
v 9.8500 5.4500 -72.8000
v 8.9500 6.1500 -70.8000
v 9.8500 6.1500 -70.8000
v 8.9500 6.1500 -72.8000
v 9.8500 6.1500 -72.8000
v 8.9500 6.4000 -70.8000
v 9.8500 6.4000 -70.8000
v 8.9500 6.4000 -72.8000
v 9.8500 6.4000 -72.8000
v 8.9500 4.0000 -70.7500
v 9.8500 4.0000 -70.7500
v 8.9500 4.0000 -70.8500
v 9.8500 4.0000 -70.8500
v 8.9500 6.6000 -70.7500
v 9.8500 6.6000 -70.7500
v 8.9500 6.6000 -70.8500
v 9.8500 6.6000 -70.8500
v 8.9500 4.0000 -72.7500
v 9.8500 4.0000 -72.7500
v 8.9500 4.0000 -72.8500
v 9.8500 4.0000 -72.8500
v 8.9500 6.6000 -72.7500
v 9.8500 6.6000 -72.7500
v 8.9500 6.6000 -72.8500
v 9.8500 6.6000 -72.8500
v 8.9500 4.2500 -73.9000
v 9.8500 4.2500 -73.9000
v 8.9500 4.2500 -75.9000
v 9.8500 4.2500 -75.9000
v 8.9500 4.5000 -73.9000
v 9.8500 4.5000 -73.9000
v 8.9500 4.5000 -75.9000
v 9.8500 4.5000 -75.9000
v 8.9500 5.2000 -73.9000
v 9.8500 5.2000 -73.9000
v 8.9500 5.2000 -75.9000
v 9.8500 5.2000 -75.9000
v 8.9500 5.4500 -73.9000
v 9.8500 5.4500 -73.9000
v 8.9500 5.4500 -75.9000
v 9.8500 5.4500 -75.9000
v 8.9500 6.1500 -73.9000
v 9.8500 6.1500 -73.9000
v 8.9500 6.1500 -75.9000
v 9.8500 6.1500 -75.9000
v 8.9500 6.4000 -73.9000
v 9.8500 6.4000 -73.9000
v 8.9500 6.4000 -75.9000
v 9.8500 6.4000 -75.9000
v 8.9500 4.0000 -73.8500
v 9.8500 4.0000 -73.8500
v 8.9500 4.0000 -73.9500
v 9.8500 4.0000 -73.9500
v 8.9500 6.6000 -73.8500
v 9.8500 6.6000 -73.8500
v 8.9500 6.6000 -73.9500
v 9.8500 6.6000 -73.9500
v 8.9500 4.0000 -75.8500
v 9.8500 4.0000 -75.8500
v 8.9500 4.0000 -75.9500
v 9.8500 4.0000 -75.9500
v 8.9500 6.6000 -75.8500
v 9.8500 6.6000 -75.8500
v 8.9500 6.6000 -75.9500
v 9.8500 6.6000 -75.9500
v 8.9500 4.2500 -77.0000
v 9.8500 4.2500 -77.0000
v 8.9500 4.2500 -79.0000
v 9.8500 4.2500 -79.0000
v 8.9500 4.5000 -77.0000
v 9.8500 4.5000 -77.0000
v 8.9500 4.5000 -79.0000
v 9.8500 4.5000 -79.0000
v 8.9500 5.2000 -77.0000
v 9.8500 5.2000 -77.0000
v 8.9500 5.2000 -79.0000
v 9.8500 5.2000 -79.0000
v 8.9500 5.4500 -77.0000
v 9.8500 5.4500 -77.0000
v 8.9500 5.4500 -79.0000
v 9.8500 5.4500 -79.0000
v 8.9500 6.1500 -77.0000
v 9.8500 6.1500 -77.0000
v 8.9500 6.1500 -79.0000
v 9.8500 6.1500 -79.0000
v 8.9500 6.4000 -77.0000
v 9.8500 6.4000 -77.0000
v 8.9500 6.4000 -79.0000
v 9.8500 6.4000 -79.0000
v 8.9500 4.0000 -76.9500
v 9.8500 4.0000 -76.9500
v 8.9500 4.0000 -77.0500
v 9.8500 4.0000 -77.0500
v 8.9500 6.6000 -76.9500
v 9.8500 6.6000 -76.9500
v 8.9500 6.6000 -77.0500
v 9.8500 6.6000 -77.0500
v 8.9500 4.0000 -78.9500
v 9.8500 4.0000 -78.9500
v 8.9500 4.0000 -79.0500
v 9.8500 4.0000 -79.0500
v 8.9500 6.6000 -78.9500
v 9.8500 6.6000 -78.9500
v 8.9500 6.6000 -79.0500
v 9.8500 6.6000 -79.0500
v 1.9500 4.0000 -70.6000
v 2.5000 4.0000 -70.6000
v 1.9500 4.0000 -73.6000
v 2.5000 4.0000 -73.6000
v 1.9500 6.0000 -70.6000
v 2.5000 6.0000 -70.6000
v 1.9500 6.0000 -73.6000
v 2.5000 6.0000 -73.6000
v -9.5500 8.0000 86.5000
v -7.5500 8.0000 86.5000
v -9.5500 8.0000 83.5000
v -7.5500 8.0000 83.5000
v -9.5500 10.4000 86.5000
v -7.5500 10.4000 86.5000
v -9.5500 10.4000 83.5000
v -7.5500 10.4000 83.5000
v -4.3500 8.0000 81.2000
v -3.5500 8.0000 81.2000
v -4.3500 8.0000 80.4000
v -3.5500 8.0000 80.4000
v -4.3500 9.1000 81.2000
v -3.5500 9.1000 81.2000
v -4.3500 9.1000 80.4000
v -3.5500 9.1000 80.4000
v 8.9500 8.2500 89.2000
v 9.8500 8.2500 89.2000
v 8.9500 8.2500 87.2000
v 9.8500 8.2500 87.2000
v 8.9500 8.5000 89.2000
v 9.8500 8.5000 89.2000
v 8.9500 8.5000 87.2000
v 9.8500 8.5000 87.2000
v 8.9500 9.2000 89.2000
v 9.8500 9.2000 89.2000
v 8.9500 9.2000 87.2000
v 9.8500 9.2000 87.2000
v 8.9500 9.4500 89.2000
v 9.8500 9.4500 89.2000
v 8.9500 9.4500 87.2000
v 9.8500 9.4500 87.2000
v 8.9500 10.1500 89.2000
v 9.8500 10.1500 89.2000
v 8.9500 10.1500 87.2000
v 9.8500 10.1500 87.2000
v 8.9500 10.4000 89.2000
v 9.8500 10.4000 89.2000
v 8.9500 10.4000 87.2000
v 9.8500 10.4000 87.2000
v 8.9500 8.0000 89.2500
v 9.8500 8.0000 89.2500
v 8.9500 8.0000 89.1500
v 9.8500 8.0000 89.1500
v 8.9500 10.6000 89.2500
v 9.8500 10.6000 89.2500
v 8.9500 10.6000 89.1500
v 9.8500 10.6000 89.1500
v 8.9500 8.0000 87.2500
v 9.8500 8.0000 87.2500
v 8.9500 8.0000 87.1500
v 9.8500 8.0000 87.1500
v 8.9500 10.6000 87.2500
v 9.8500 10.6000 87.2500
v 8.9500 10.6000 87.1500
v 9.8500 10.6000 87.1500
v 8.9500 8.2500 86.1000
v 9.8500 8.2500 86.1000
v 8.9500 8.2500 84.1000
v 9.8500 8.2500 84.1000
v 8.9500 8.5000 86.1000
v 9.8500 8.5000 86.1000
v 8.9500 8.5000 84.1000
v 9.8500 8.5000 84.1000
v 8.9500 9.2000 86.1000
v 9.8500 9.2000 86.1000
v 8.9500 9.2000 84.1000
v 9.8500 9.2000 84.1000
v 8.9500 9.4500 86.1000
v 9.8500 9.4500 86.1000
v 8.9500 9.4500 84.1000
v 9.8500 9.4500 84.1000
v 8.9500 10.1500 86.1000
v 9.8500 10.1500 86.1000
v 8.9500 10.1500 84.1000
v 9.8500 10.1500 84.1000
v 8.9500 10.4000 86.1000
v 9.8500 10.4000 86.1000
v 8.9500 10.4000 84.1000
v 9.8500 10.4000 84.1000
v 8.9500 8.0000 86.1500
v 9.8500 8.0000 86.1500
v 8.9500 8.0000 86.0500
v 9.8500 8.0000 86.0500
v 8.9500 10.6000 86.1500
v 9.8500 10.6000 86.1500
v 8.9500 10.6000 86.0500
v 9.8500 10.6000 86.0500
v 8.9500 8.0000 84.1500
v 9.8500 8.0000 84.1500
v 8.9500 8.0000 84.0500
v 9.8500 8.0000 84.0500
v 8.9500 10.6000 84.1500
v 9.8500 10.6000 84.1500
v 8.9500 10.6000 84.0500
v 9.8500 10.6000 84.0500
v 8.9500 8.2500 83.0000
v 9.8500 8.2500 83.0000
v 8.9500 8.2500 81.0000
v 9.8500 8.2500 81.0000
v 8.9500 8.5000 83.0000
v 9.8500 8.5000 83.0000
v 8.9500 8.5000 81.0000
v 9.8500 8.5000 81.0000
v 8.9500 9.2000 83.0000
v 9.8500 9.2000 83.0000
v 8.9500 9.2000 81.0000
v 9.8500 9.2000 81.0000
v 8.9500 9.4500 83.0000
v 9.8500 9.4500 83.0000
v 8.9500 9.4500 81.0000
v 9.8500 9.4500 81.0000
v 8.9500 10.1500 83.0000
v 9.8500 10.1500 83.0000
v 8.9500 10.1500 81.0000
v 9.8500 10.1500 81.0000
v 8.9500 10.4000 83.0000
v 9.8500 10.4000 83.0000
v 8.9500 10.4000 81.0000
v 9.8500 10.4000 81.0000
v 8.9500 8.0000 83.0500
v 9.8500 8.0000 83.0500
v 8.9500 8.0000 82.9500
v 9.8500 8.0000 82.9500
v 8.9500 10.6000 83.0500
v 9.8500 10.6000 83.0500
v 8.9500 10.6000 82.9500
v 9.8500 10.6000 82.9500
v 8.9500 8.0000 81.0500
v 9.8500 8.0000 81.0500
v 8.9500 8.0000 80.9500
v 9.8500 8.0000 80.9500
v 8.9500 10.6000 81.0500
v 9.8500 10.6000 81.0500
v 8.9500 10.6000 80.9500
v 9.8500 10.6000 80.9500
v 1.9500 8.0000 89.4000
v 2.5000 8.0000 89.4000
v 1.9500 8.0000 86.4000
v 2.5000 8.0000 86.4000
v 1.9500 10.0000 89.4000
v 2.5000 10.0000 89.4000
v 1.9500 10.0000 86.4000
v 2.5000 10.0000 86.4000
v -9.8500 8.2500 79.2000
v -8.9500 8.2500 79.2000
v -9.8500 8.2500 77.2000
v -8.9500 8.2500 77.2000
v -9.8500 8.5000 79.2000
v -8.9500 8.5000 79.2000
v -9.8500 8.5000 77.2000
v -8.9500 8.5000 77.2000
v -9.8500 9.2000 79.2000
v -8.9500 9.2000 79.2000
v -9.8500 9.2000 77.2000
v -8.9500 9.2000 77.2000
v -9.8500 9.4500 79.2000
v -8.9500 9.4500 79.2000
v -9.8500 9.4500 77.2000
v -8.9500 9.4500 77.2000
v -9.8500 10.1500 79.2000
v -8.9500 10.1500 79.2000
v -9.8500 10.1500 77.2000
v -8.9500 10.1500 77.2000
v -9.8500 10.4000 79.2000
v -8.9500 10.4000 79.2000
v -9.8500 10.4000 77.2000
v -8.9500 10.4000 77.2000
v -9.8500 8.0000 79.2500
v -8.9500 8.0000 79.2500
v -9.8500 8.0000 79.1500
v -8.9500 8.0000 79.1500
v -9.8500 10.6000 79.2500
v -8.9500 10.6000 79.2500
v -9.8500 10.6000 79.1500
v -8.9500 10.6000 79.1500
v -9.8500 8.0000 77.2500
v -8.9500 8.0000 77.2500
v -9.8500 8.0000 77.1500
v -8.9500 8.0000 77.1500
v -9.8500 10.6000 77.2500
v -8.9500 10.6000 77.2500
v -9.8500 10.6000 77.1500
v -8.9500 10.6000 77.1500
v -9.8500 8.2500 76.1000
v -8.9500 8.2500 76.1000
v -9.8500 8.2500 74.1000
v -8.9500 8.2500 74.1000
v -9.8500 8.5000 76.1000
v -8.9500 8.5000 76.1000
v -9.8500 8.5000 74.1000
v -8.9500 8.5000 74.1000
v -9.8500 9.2000 76.1000
v -8.9500 9.2000 76.1000
v -9.8500 9.2000 74.1000
v -8.9500 9.2000 74.1000
v -9.8500 9.4500 76.1000
v -8.9500 9.4500 76.1000
v -9.8500 9.4500 74.1000
v -8.9500 9.4500 74.1000
v -9.8500 10.1500 76.1000
v -8.9500 10.1500 76.1000
v -9.8500 10.1500 74.1000
v -8.9500 10.1500 74.1000
v -9.8500 10.4000 76.1000
v -8.9500 10.4000 76.1000
v -9.8500 10.4000 74.1000
v -8.9500 10.4000 74.1000
v -9.8500 8.0000 76.1500
v -8.9500 8.0000 76.1500
v -9.8500 8.0000 76.0500
v -8.9500 8.0000 76.0500
v -9.8500 10.6000 76.1500
v -8.9500 10.6000 76.1500
v -9.8500 10.6000 76.0500
v -8.9500 10.6000 76.0500
v -9.8500 8.0000 74.1500
v -8.9500 8.0000 74.1500
v -9.8500 8.0000 74.0500
v -8.9500 8.0000 74.0500
v -9.8500 10.6000 74.1500
v -8.9500 10.6000 74.1500
v -9.8500 10.6000 74.0500
v -8.9500 10.6000 74.0500
v -9.8500 8.2500 73.0000
v -8.9500 8.2500 73.0000
v -9.8500 8.2500 71.0000
v -8.9500 8.2500 71.0000
v -9.8500 8.5000 73.0000
v -8.9500 8.5000 73.0000
v -9.8500 8.5000 71.0000
v -8.9500 8.5000 71.0000
v -9.8500 9.2000 73.0000
v -8.9500 9.2000 73.0000
v -9.8500 9.2000 71.0000
v -8.9500 9.2000 71.0000
v -9.8500 9.4500 73.0000
v -8.9500 9.4500 73.0000
v -9.8500 9.4500 71.0000
v -8.9500 9.4500 71.0000
v -9.8500 10.1500 73.0000
v -8.9500 10.1500 73.0000
v -9.8500 10.1500 71.0000
v -8.9500 10.1500 71.0000
v -9.8500 10.4000 73.0000
v -8.9500 10.4000 73.0000
v -9.8500 10.4000 71.0000
v -8.9500 10.4000 71.0000
v -9.8500 8.0000 73.0500
v -8.9500 8.0000 73.0500
v -9.8500 8.0000 72.9500
v -8.9500 8.0000 72.9500
v -9.8500 10.6000 73.0500
v -8.9500 10.6000 73.0500
v -9.8500 10.6000 72.9500
v -8.9500 10.6000 72.9500
v -9.8500 8.0000 71.0500
v -8.9500 8.0000 71.0500
v -9.8500 8.0000 70.9500
v -8.9500 8.0000 70.9500
v -9.8500 10.6000 71.0500
v -8.9500 10.6000 71.0500
v -9.8500 10.6000 70.9500
v -8.9500 10.6000 70.9500
v -2.5000 8.0000 79.4000
v -1.9500 8.0000 79.4000
v -2.5000 8.0000 76.4000
v -1.9500 8.0000 76.4000
v -2.5000 10.0000 79.4000
v -1.9500 10.0000 79.4000
v -2.5000 10.0000 76.4000
v -1.9500 10.0000 76.4000
v 7.5500 8.0000 76.5000
v 9.5500 8.0000 76.5000
v 7.5500 8.0000 73.5000
v 9.5500 8.0000 73.5000
v 7.5500 10.4000 76.5000
v 9.5500 10.4000 76.5000
v 7.5500 10.4000 73.5000
v 9.5500 10.4000 73.5000
v 3.5500 8.0000 71.2000
v 4.3500 8.0000 71.2000
v 3.5500 8.0000 70.4000
v 4.3500 8.0000 70.4000
v 3.5500 9.1000 71.2000
v 4.3500 9.1000 71.2000
v 3.5500 9.1000 70.4000
v 4.3500 9.1000 70.4000
v -9.8500 8.2500 69.2000
v -8.9500 8.2500 69.2000
v -9.8500 8.2500 67.2000
v -8.9500 8.2500 67.2000
v -9.8500 8.5000 69.2000
v -8.9500 8.5000 69.2000
v -9.8500 8.5000 67.2000
v -8.9500 8.5000 67.2000
v -9.8500 9.2000 69.2000
v -8.9500 9.2000 69.2000
v -9.8500 9.2000 67.2000
v -8.9500 9.2000 67.2000
v -9.8500 9.4500 69.2000
v -8.9500 9.4500 69.2000
v -9.8500 9.4500 67.2000
v -8.9500 9.4500 67.2000
v -9.8500 10.1500 69.2000
v -8.9500 10.1500 69.2000
v -9.8500 10.1500 67.2000
v -8.9500 10.1500 67.2000
v -9.8500 10.4000 69.2000
v -8.9500 10.4000 69.2000
v -9.8500 10.4000 67.2000
v -8.9500 10.4000 67.2000
v -9.8500 8.0000 69.2500
v -8.9500 8.0000 69.2500
v -9.8500 8.0000 69.1500
v -8.9500 8.0000 69.1500
v -9.8500 10.6000 69.2500
v -8.9500 10.6000 69.2500
v -9.8500 10.6000 69.1500
v -8.9500 10.6000 69.1500
v -9.8500 8.0000 67.2500
v -8.9500 8.0000 67.2500
v -9.8500 8.0000 67.1500
v -8.9500 8.0000 67.1500
v -9.8500 10.6000 67.2500
v -8.9500 10.6000 67.2500
v -9.8500 10.6000 67.1500
v -8.9500 10.6000 67.1500
v -9.8500 8.2500 66.1000
v -8.9500 8.2500 66.1000
v -9.8500 8.2500 64.1000
v -8.9500 8.2500 64.1000
v -9.8500 8.5000 66.1000
v -8.9500 8.5000 66.1000
v -9.8500 8.5000 64.1000
v -8.9500 8.5000 64.1000
v -9.8500 9.2000 66.1000
v -8.9500 9.2000 66.1000
v -9.8500 9.2000 64.1000
v -8.9500 9.2000 64.1000
v -9.8500 9.4500 66.1000
v -8.9500 9.4500 66.1000
v -9.8500 9.4500 64.1000
v -8.9500 9.4500 64.1000
v -9.8500 10.1500 66.1000
v -8.9500 10.1500 66.1000
v -9.8500 10.1500 64.1000
v -8.9500 10.1500 64.1000
v -9.8500 10.4000 66.1000
v -8.9500 10.4000 66.1000
v -9.8500 10.4000 64.1000
v -8.9500 10.4000 64.1000
v -9.8500 8.0000 66.1500
v -8.9500 8.0000 66.1500
v -9.8500 8.0000 66.0500
v -8.9500 8.0000 66.0500
v -9.8500 10.6000 66.1500
v -8.9500 10.6000 66.1500
v -9.8500 10.6000 66.0500
v -8.9500 10.6000 66.0500
v -9.8500 8.0000 64.1500
v -8.9500 8.0000 64.1500
v -9.8500 8.0000 64.0500
v -8.9500 8.0000 64.0500
v -9.8500 10.6000 64.1500
v -8.9500 10.6000 64.1500
v -9.8500 10.6000 64.0500
v -8.9500 10.6000 64.0500
v -9.8500 8.2500 63.0000
v -8.9500 8.2500 63.0000
v -9.8500 8.2500 61.0000
v -8.9500 8.2500 61.0000
v -9.8500 8.5000 63.0000
v -8.9500 8.5000 63.0000
v -9.8500 8.5000 61.0000
v -8.9500 8.5000 61.0000
v -9.8500 9.2000 63.0000
v -8.9500 9.2000 63.0000
v -9.8500 9.2000 61.0000
v -8.9500 9.2000 61.0000
v -9.8500 9.4500 63.0000
v -8.9500 9.4500 63.0000
v -9.8500 9.4500 61.0000
v -8.9500 9.4500 61.0000
v -9.8500 10.1500 63.0000
v -8.9500 10.1500 63.0000
v -9.8500 10.1500 61.0000
v -8.9500 10.1500 61.0000
v -9.8500 10.4000 63.0000
v -8.9500 10.4000 63.0000
v -9.8500 10.4000 61.0000
v -8.9500 10.4000 61.0000
v -9.8500 8.0000 63.0500
v -8.9500 8.0000 63.0500
v -9.8500 8.0000 62.9500
v -8.9500 8.0000 62.9500
v -9.8500 10.6000 63.0500
v -8.9500 10.6000 63.0500
v -9.8500 10.6000 62.9500
v -8.9500 10.6000 62.9500
v -9.8500 8.0000 61.0500
v -8.9500 8.0000 61.0500
v -9.8500 8.0000 60.9500
v -8.9500 8.0000 60.9500
v -9.8500 10.6000 61.0500
v -8.9500 10.6000 61.0500
v -9.8500 10.6000 60.9500
v -8.9500 10.6000 60.9500
v -2.5000 8.0000 69.4000
v -1.9500 8.0000 69.4000
v -2.5000 8.0000 66.4000
v -1.9500 8.0000 66.4000
v -2.5000 10.0000 69.4000
v -1.9500 10.0000 69.4000
v -2.5000 10.0000 66.4000
v -1.9500 10.0000 66.4000
v 8.9500 8.2500 69.2000
v 9.8500 8.2500 69.2000
v 8.9500 8.2500 67.2000
v 9.8500 8.2500 67.2000
v 8.9500 8.5000 69.2000
v 9.8500 8.5000 69.2000
v 8.9500 8.5000 67.2000
v 9.8500 8.5000 67.2000
v 8.9500 9.2000 69.2000
v 9.8500 9.2000 69.2000
v 8.9500 9.2000 67.2000
v 9.8500 9.2000 67.2000
v 8.9500 9.4500 69.2000
v 9.8500 9.4500 69.2000
v 8.9500 9.4500 67.2000
v 9.8500 9.4500 67.2000
v 8.9500 10.1500 69.2000
v 9.8500 10.1500 69.2000
v 8.9500 10.1500 67.2000
v 9.8500 10.1500 67.2000
v 8.9500 10.4000 69.2000
v 9.8500 10.4000 69.2000
v 8.9500 10.4000 67.2000
v 9.8500 10.4000 67.2000
v 8.9500 8.0000 69.2500
v 9.8500 8.0000 69.2500
v 8.9500 8.0000 69.1500
v 9.8500 8.0000 69.1500
v 8.9500 10.6000 69.2500
v 9.8500 10.6000 69.2500
v 8.9500 10.6000 69.1500
v 9.8500 10.6000 69.1500
v 8.9500 8.0000 67.2500
v 9.8500 8.0000 67.2500
v 8.9500 8.0000 67.1500
v 9.8500 8.0000 67.1500
v 8.9500 10.6000 67.2500
v 9.8500 10.6000 67.2500
v 8.9500 10.6000 67.1500
v 9.8500 10.6000 67.1500
v 8.9500 8.2500 66.1000
v 9.8500 8.2500 66.1000
v 8.9500 8.2500 64.1000
v 9.8500 8.2500 64.1000
v 8.9500 8.5000 66.1000
v 9.8500 8.5000 66.1000
v 8.9500 8.5000 64.1000
v 9.8500 8.5000 64.1000
v 8.9500 9.2000 66.1000
v 9.8500 9.2000 66.1000
v 8.9500 9.2000 64.1000
v 9.8500 9.2000 64.1000
v 8.9500 9.4500 66.1000
v 9.8500 9.4500 66.1000
v 8.9500 9.4500 64.1000
v 9.8500 9.4500 64.1000
v 8.9500 10.1500 66.1000
v 9.8500 10.1500 66.1000
v 8.9500 10.1500 64.1000
v 9.8500 10.1500 64.1000
v 8.9500 10.4000 66.1000
v 9.8500 10.4000 66.1000
v 8.9500 10.4000 64.1000
v 9.8500 10.4000 64.1000
v 8.9500 8.0000 66.1500
v 9.8500 8.0000 66.1500
v 8.9500 8.0000 66.0500
v 9.8500 8.0000 66.0500
v 8.9500 10.6000 66.1500
v 9.8500 10.6000 66.1500
v 8.9500 10.6000 66.0500
v 9.8500 10.6000 66.0500
v 8.9500 8.0000 64.1500
v 9.8500 8.0000 64.1500
v 8.9500 8.0000 64.0500
v 9.8500 8.0000 64.0500
v 8.9500 10.6000 64.1500
v 9.8500 10.6000 64.1500
v 8.9500 10.6000 64.0500
v 9.8500 10.6000 64.0500
v 8.9500 8.2500 63.0000
v 9.8500 8.2500 63.0000
v 8.9500 8.2500 61.0000
v 9.8500 8.2500 61.0000
v 8.9500 8.5000 63.0000
v 9.8500 8.5000 63.0000
v 8.9500 8.5000 61.0000
v 9.8500 8.5000 61.0000
v 8.9500 9.2000 63.0000
v 9.8500 9.2000 63.0000
v 8.9500 9.2000 61.0000
v 9.8500 9.2000 61.0000
v 8.9500 9.4500 63.0000
v 9.8500 9.4500 63.0000
v 8.9500 9.4500 61.0000
v 9.8500 9.4500 61.0000
v 8.9500 10.1500 63.0000
v 9.8500 10.1500 63.0000
v 8.9500 10.1500 61.0000
v 9.8500 10.1500 61.0000
v 8.9500 10.4000 63.0000
v 9.8500 10.4000 63.0000
v 8.9500 10.4000 61.0000
v 9.8500 10.4000 61.0000
v 8.9500 8.0000 63.0500
v 9.8500 8.0000 63.0500
v 8.9500 8.0000 62.9500
v 9.8500 8.0000 62.9500
v 8.9500 10.6000 63.0500
v 9.8500 10.6000 63.0500
v 8.9500 10.6000 62.9500
v 9.8500 10.6000 62.9500
v 8.9500 8.0000 61.0500
v 9.8500 8.0000 61.0500
v 8.9500 8.0000 60.9500
v 9.8500 8.0000 60.9500
v 8.9500 10.6000 61.0500
v 9.8500 10.6000 61.0500
v 8.9500 10.6000 60.9500
v 9.8500 10.6000 60.9500
v 1.9500 8.0000 69.4000
v 2.5000 8.0000 69.4000
v 1.9500 8.0000 66.4000
v 2.5000 8.0000 66.4000
v 1.9500 10.0000 69.4000
v 2.5000 10.0000 69.4000
v 1.9500 10.0000 66.4000
v 2.5000 10.0000 66.4000
v -9.8500 8.2500 59.2000
v -8.9500 8.2500 59.2000
v -9.8500 8.2500 57.2000
v -8.9500 8.2500 57.2000
v -9.8500 8.5000 59.2000
v -8.9500 8.5000 59.2000
v -9.8500 8.5000 57.2000
v -8.9500 8.5000 57.2000
v -9.8500 9.2000 59.2000
v -8.9500 9.2000 59.2000
v -9.8500 9.2000 57.2000
v -8.9500 9.2000 57.2000
v -9.8500 9.4500 59.2000
v -8.9500 9.4500 59.2000
v -9.8500 9.4500 57.2000
v -8.9500 9.4500 57.2000
v -9.8500 10.1500 59.2000
v -8.9500 10.1500 59.2000
v -9.8500 10.1500 57.2000
v -8.9500 10.1500 57.2000
v -9.8500 10.4000 59.2000
v -8.9500 10.4000 59.2000
v -9.8500 10.4000 57.2000
v -8.9500 10.4000 57.2000
v -9.8500 8.0000 59.2500
v -8.9500 8.0000 59.2500
v -9.8500 8.0000 59.1500
v -8.9500 8.0000 59.1500
v -9.8500 10.6000 59.2500
v -8.9500 10.6000 59.2500
v -9.8500 10.6000 59.1500
v -8.9500 10.6000 59.1500
v -9.8500 8.0000 57.2500
v -8.9500 8.0000 57.2500
v -9.8500 8.0000 57.1500
v -8.9500 8.0000 57.1500
v -9.8500 10.6000 57.2500
v -8.9500 10.6000 57.2500
v -9.8500 10.6000 57.1500
v -8.9500 10.6000 57.1500
v -9.8500 8.2500 56.1000
v -8.9500 8.2500 56.1000
v -9.8500 8.2500 54.1000
v -8.9500 8.2500 54.1000
v -9.8500 8.5000 56.1000
v -8.9500 8.5000 56.1000
v -9.8500 8.5000 54.1000
v -8.9500 8.5000 54.1000
v -9.8500 9.2000 56.1000
v -8.9500 9.2000 56.1000
v -9.8500 9.2000 54.1000
v -8.9500 9.2000 54.1000
v -9.8500 9.4500 56.1000
v -8.9500 9.4500 56.1000
v -9.8500 9.4500 54.1000
v -8.9500 9.4500 54.1000
v -9.8500 10.1500 56.1000
v -8.9500 10.1500 56.1000
v -9.8500 10.1500 54.1000
v -8.9500 10.1500 54.1000
v -9.8500 10.4000 56.1000
v -8.9500 10.4000 56.1000
v -9.8500 10.4000 54.1000
v -8.9500 10.4000 54.1000
v -9.8500 8.0000 56.1500
v -8.9500 8.0000 56.1500
v -9.8500 8.0000 56.0500
v -8.9500 8.0000 56.0500
v -9.8500 10.6000 56.1500
v -8.9500 10.6000 56.1500
v -9.8500 10.6000 56.0500
v -8.9500 10.6000 56.0500
v -9.8500 8.0000 54.1500
v -8.9500 8.0000 54.1500
v -9.8500 8.0000 54.0500
v -8.9500 8.0000 54.0500
v -9.8500 10.6000 54.1500
v -8.9500 10.6000 54.1500
v -9.8500 10.6000 54.0500
v -8.9500 10.6000 54.0500
v -9.8500 8.2500 53.0000
v -8.9500 8.2500 53.0000
v -9.8500 8.2500 51.0000
v -8.9500 8.2500 51.0000
v -9.8500 8.5000 53.0000
v -8.9500 8.5000 53.0000
v -9.8500 8.5000 51.0000
v -8.9500 8.5000 51.0000
v -9.8500 9.2000 53.0000
v -8.9500 9.2000 53.0000
v -9.8500 9.2000 51.0000
v -8.9500 9.2000 51.0000
v -9.8500 9.4500 53.0000
v -8.9500 9.4500 53.0000
v -9.8500 9.4500 51.0000
v -8.9500 9.4500 51.0000
v -9.8500 10.1500 53.0000
v -8.9500 10.1500 53.0000
v -9.8500 10.1500 51.0000
v -8.9500 10.1500 51.0000
v -9.8500 10.4000 53.0000
v -8.9500 10.4000 53.0000
v -9.8500 10.4000 51.0000
v -8.9500 10.4000 51.0000
v -9.8500 8.0000 53.0500
v -8.9500 8.0000 53.0500
v -9.8500 8.0000 52.9500
v -8.9500 8.0000 52.9500
v -9.8500 10.6000 53.0500
v -8.9500 10.6000 53.0500
v -9.8500 10.6000 52.9500
v -8.9500 10.6000 52.9500
v -9.8500 8.0000 51.0500
v -8.9500 8.0000 51.0500
v -9.8500 8.0000 50.9500
v -8.9500 8.0000 50.9500
v -9.8500 10.6000 51.0500
v -8.9500 10.6000 51.0500
v -9.8500 10.6000 50.9500
v -8.9500 10.6000 50.9500
v -2.5000 8.0000 59.4000
v -1.9500 8.0000 59.4000
v -2.5000 8.0000 56.4000
v -1.9500 8.0000 56.4000
v -2.5000 10.0000 59.4000
v -1.9500 10.0000 59.4000
v -2.5000 10.0000 56.4000
v -1.9500 10.0000 56.4000
v -9.8500 8.2500 49.2000
v -8.9500 8.2500 49.2000
v -9.8500 8.2500 47.2000
v -8.9500 8.2500 47.2000
v -9.8500 8.5000 49.2000
v -8.9500 8.5000 49.2000
v -9.8500 8.5000 47.2000
v -8.9500 8.5000 47.2000
v -9.8500 9.2000 49.2000
v -8.9500 9.2000 49.2000
v -9.8500 9.2000 47.2000
v -8.9500 9.2000 47.2000
v -9.8500 9.4500 49.2000
v -8.9500 9.4500 49.2000
v -9.8500 9.4500 47.2000
v -8.9500 9.4500 47.2000
v -9.8500 10.1500 49.2000
v -8.9500 10.1500 49.2000
v -9.8500 10.1500 47.2000
v -8.9500 10.1500 47.2000
v -9.8500 10.4000 49.2000
v -8.9500 10.4000 49.2000
v -9.8500 10.4000 47.2000
v -8.9500 10.4000 47.2000
v -9.8500 8.0000 49.2500
v -8.9500 8.0000 49.2500
v -9.8500 8.0000 49.1500
v -8.9500 8.0000 49.1500
v -9.8500 10.6000 49.2500
v -8.9500 10.6000 49.2500
v -9.8500 10.6000 49.1500
v -8.9500 10.6000 49.1500
v -9.8500 8.0000 47.2500
v -8.9500 8.0000 47.2500
v -9.8500 8.0000 47.1500
v -8.9500 8.0000 47.1500
v -9.8500 10.6000 47.2500
v -8.9500 10.6000 47.2500
v -9.8500 10.6000 47.1500
v -8.9500 10.6000 47.1500
v -9.8500 8.2500 46.1000
v -8.9500 8.2500 46.1000
v -9.8500 8.2500 44.1000
v -8.9500 8.2500 44.1000
v -9.8500 8.5000 46.1000
v -8.9500 8.5000 46.1000
v -9.8500 8.5000 44.1000
v -8.9500 8.5000 44.1000
v -9.8500 9.2000 46.1000
v -8.9500 9.2000 46.1000
v -9.8500 9.2000 44.1000
v -8.9500 9.2000 44.1000
v -9.8500 9.4500 46.1000
v -8.9500 9.4500 46.1000
v -9.8500 9.4500 44.1000
v -8.9500 9.4500 44.1000
v -9.8500 10.1500 46.1000
v -8.9500 10.1500 46.1000
v -9.8500 10.1500 44.1000
v -8.9500 10.1500 44.1000
v -9.8500 10.4000 46.1000
v -8.9500 10.4000 46.1000
v -9.8500 10.4000 44.1000
v -8.9500 10.4000 44.1000
v -9.8500 8.0000 46.1500
v -8.9500 8.0000 46.1500
v -9.8500 8.0000 46.0500
v -8.9500 8.0000 46.0500
v -9.8500 10.6000 46.1500
v -8.9500 10.6000 46.1500
v -9.8500 10.6000 46.0500
v -8.9500 10.6000 46.0500
v -9.8500 8.0000 44.1500
v -8.9500 8.0000 44.1500
v -9.8500 8.0000 44.0500
v -8.9500 8.0000 44.0500
v -9.8500 10.6000 44.1500
v -8.9500 10.6000 44.1500
v -9.8500 10.6000 44.0500
v -8.9500 10.6000 44.0500
v -9.8500 8.2500 43.0000
v -8.9500 8.2500 43.0000
v -9.8500 8.2500 41.0000
v -8.9500 8.2500 41.0000
v -9.8500 8.5000 43.0000
v -8.9500 8.5000 43.0000
v -9.8500 8.5000 41.0000
v -8.9500 8.5000 41.0000
v -9.8500 9.2000 43.0000
v -8.9500 9.2000 43.0000
v -9.8500 9.2000 41.0000
v -8.9500 9.2000 41.0000
v -9.8500 9.4500 43.0000
v -8.9500 9.4500 43.0000
v -9.8500 9.4500 41.0000
v -8.9500 9.4500 41.0000
v -9.8500 10.1500 43.0000
v -8.9500 10.1500 43.0000
v -9.8500 10.1500 41.0000
v -8.9500 10.1500 41.0000
v -9.8500 10.4000 43.0000
v -8.9500 10.4000 43.0000
v -9.8500 10.4000 41.0000
v -8.9500 10.4000 41.0000
v -9.8500 8.0000 43.0500
v -8.9500 8.0000 43.0500
v -9.8500 8.0000 42.9500
v -8.9500 8.0000 42.9500
v -9.8500 10.6000 43.0500
v -8.9500 10.6000 43.0500
v -9.8500 10.6000 42.9500
v -8.9500 10.6000 42.9500
v -9.8500 8.0000 41.0500
v -8.9500 8.0000 41.0500
v -9.8500 8.0000 40.9500
v -8.9500 8.0000 40.9500
v -9.8500 10.6000 41.0500
v -8.9500 10.6000 41.0500
v -9.8500 10.6000 40.9500
v -8.9500 10.6000 40.9500
v -2.5000 8.0000 49.4000
v -1.9500 8.0000 49.4000
v -2.5000 8.0000 46.4000
v -1.9500 8.0000 46.4000
v -2.5000 10.0000 49.4000
v -1.9500 10.0000 49.4000
v -2.5000 10.0000 46.4000
v -1.9500 10.0000 46.4000
v -9.5500 8.0000 36.5000
v -7.5500 8.0000 36.5000
v -9.5500 8.0000 33.5000
v -7.5500 8.0000 33.5000
v -9.5500 10.4000 36.5000
v -7.5500 10.4000 36.5000
v -9.5500 10.4000 33.5000
v -7.5500 10.4000 33.5000
v -4.3500 8.0000 31.2000
v -3.5500 8.0000 31.2000
v -4.3500 8.0000 30.4000
v -3.5500 8.0000 30.4000
v -4.3500 9.1000 31.2000
v -3.5500 9.1000 31.2000
v -4.3500 9.1000 30.4000
v -3.5500 9.1000 30.4000
v 8.9500 8.2500 39.2000
v 9.8500 8.2500 39.2000
v 8.9500 8.2500 37.2000
v 9.8500 8.2500 37.2000
v 8.9500 8.5000 39.2000
v 9.8500 8.5000 39.2000
v 8.9500 8.5000 37.2000
v 9.8500 8.5000 37.2000
v 8.9500 9.2000 39.2000
v 9.8500 9.2000 39.2000
v 8.9500 9.2000 37.2000
v 9.8500 9.2000 37.2000
v 8.9500 9.4500 39.2000
v 9.8500 9.4500 39.2000
v 8.9500 9.4500 37.2000
v 9.8500 9.4500 37.2000
v 8.9500 10.1500 39.2000
v 9.8500 10.1500 39.2000
v 8.9500 10.1500 37.2000
v 9.8500 10.1500 37.2000
v 8.9500 10.4000 39.2000
v 9.8500 10.4000 39.2000
v 8.9500 10.4000 37.2000
v 9.8500 10.4000 37.2000
v 8.9500 8.0000 39.2500
v 9.8500 8.0000 39.2500
v 8.9500 8.0000 39.1500
v 9.8500 8.0000 39.1500
v 8.9500 10.6000 39.2500
v 9.8500 10.6000 39.2500
v 8.9500 10.6000 39.1500
v 9.8500 10.6000 39.1500
v 8.9500 8.0000 37.2500
v 9.8500 8.0000 37.2500
v 8.9500 8.0000 37.1500
v 9.8500 8.0000 37.1500
v 8.9500 10.6000 37.2500
v 9.8500 10.6000 37.2500
v 8.9500 10.6000 37.1500
v 9.8500 10.6000 37.1500
v 8.9500 8.2500 36.1000
v 9.8500 8.2500 36.1000
v 8.9500 8.2500 34.1000
v 9.8500 8.2500 34.1000
v 8.9500 8.5000 36.1000
v 9.8500 8.5000 36.1000
v 8.9500 8.5000 34.1000
v 9.8500 8.5000 34.1000
v 8.9500 9.2000 36.1000
v 9.8500 9.2000 36.1000
v 8.9500 9.2000 34.1000
v 9.8500 9.2000 34.1000
v 8.9500 9.4500 36.1000
v 9.8500 9.4500 36.1000
v 8.9500 9.4500 34.1000
v 9.8500 9.4500 34.1000
v 8.9500 10.1500 36.1000
v 9.8500 10.1500 36.1000
v 8.9500 10.1500 34.1000
v 9.8500 10.1500 34.1000
v 8.9500 10.4000 36.1000
v 9.8500 10.4000 36.1000
v 8.9500 10.4000 34.1000
v 9.8500 10.4000 34.1000
v 8.9500 8.0000 36.1500
v 9.8500 8.0000 36.1500
v 8.9500 8.0000 36.0500
v 9.8500 8.0000 36.0500
v 8.9500 10.6000 36.1500
v 9.8500 10.6000 36.1500
v 8.9500 10.6000 36.0500
v 9.8500 10.6000 36.0500
v 8.9500 8.0000 34.1500
v 9.8500 8.0000 34.1500
v 8.9500 8.0000 34.0500
v 9.8500 8.0000 34.0500
v 8.9500 10.6000 34.1500
v 9.8500 10.6000 34.1500
v 8.9500 10.6000 34.0500
v 9.8500 10.6000 34.0500
v 8.9500 8.2500 33.0000
v 9.8500 8.2500 33.0000
v 8.9500 8.2500 31.0000
v 9.8500 8.2500 31.0000
v 8.9500 8.5000 33.0000
v 9.8500 8.5000 33.0000
v 8.9500 8.5000 31.0000
v 9.8500 8.5000 31.0000
v 8.9500 9.2000 33.0000
v 9.8500 9.2000 33.0000
v 8.9500 9.2000 31.0000
v 9.8500 9.2000 31.0000
v 8.9500 9.4500 33.0000
v 9.8500 9.4500 33.0000
v 8.9500 9.4500 31.0000
v 9.8500 9.4500 31.0000
v 8.9500 10.1500 33.0000
v 9.8500 10.1500 33.0000
v 8.9500 10.1500 31.0000
v 9.8500 10.1500 31.0000
v 8.9500 10.4000 33.0000
v 9.8500 10.4000 33.0000
v 8.9500 10.4000 31.0000
v 9.8500 10.4000 31.0000
v 8.9500 8.0000 33.0500
v 9.8500 8.0000 33.0500
v 8.9500 8.0000 32.9500
v 9.8500 8.0000 32.9500
v 8.9500 10.6000 33.0500
v 9.8500 10.6000 33.0500
v 8.9500 10.6000 32.9500
v 9.8500 10.6000 32.9500
v 8.9500 8.0000 31.0500
v 9.8500 8.0000 31.0500
v 8.9500 8.0000 30.9500
v 9.8500 8.0000 30.9500
v 8.9500 10.6000 31.0500
v 9.8500 10.6000 31.0500
v 8.9500 10.6000 30.9500
v 9.8500 10.6000 30.9500
v 1.9500 8.0000 39.4000
v 2.5000 8.0000 39.4000
v 1.9500 8.0000 36.4000
v 2.5000 8.0000 36.4000
v 1.9500 10.0000 39.4000
v 2.5000 10.0000 39.4000
v 1.9500 10.0000 36.4000
v 2.5000 10.0000 36.4000
v 7.5500 8.0000 26.5000
v 9.5500 8.0000 26.5000
v 7.5500 8.0000 23.5000
v 9.5500 8.0000 23.5000
v 7.5500 10.4000 26.5000
v 9.5500 10.4000 26.5000
v 7.5500 10.4000 23.5000
v 9.5500 10.4000 23.5000
v 3.5500 8.0000 21.2000
v 4.3500 8.0000 21.2000
v 3.5500 8.0000 20.4000
v 4.3500 8.0000 20.4000
v 3.5500 9.1000 21.2000
v 4.3500 9.1000 21.2000
v 3.5500 9.1000 20.4000
v 4.3500 9.1000 20.4000
v 8.9500 8.2500 19.2000
v 9.8500 8.2500 19.2000
v 8.9500 8.2500 17.2000
v 9.8500 8.2500 17.2000
v 8.9500 8.5000 19.2000
v 9.8500 8.5000 19.2000
v 8.9500 8.5000 17.2000
v 9.8500 8.5000 17.2000
v 8.9500 9.2000 19.2000
v 9.8500 9.2000 19.2000
v 8.9500 9.2000 17.2000
v 9.8500 9.2000 17.2000
v 8.9500 9.4500 19.2000
v 9.8500 9.4500 19.2000
v 8.9500 9.4500 17.2000
v 9.8500 9.4500 17.2000
v 8.9500 10.1500 19.2000
v 9.8500 10.1500 19.2000
v 8.9500 10.1500 17.2000
v 9.8500 10.1500 17.2000
v 8.9500 10.4000 19.2000
v 9.8500 10.4000 19.2000
v 8.9500 10.4000 17.2000
v 9.8500 10.4000 17.2000
v 8.9500 8.0000 19.2500
v 9.8500 8.0000 19.2500
v 8.9500 8.0000 19.1500
v 9.8500 8.0000 19.1500
v 8.9500 10.6000 19.2500
v 9.8500 10.6000 19.2500
v 8.9500 10.6000 19.1500
v 9.8500 10.6000 19.1500
v 8.9500 8.0000 17.2500
v 9.8500 8.0000 17.2500
v 8.9500 8.0000 17.1500
v 9.8500 8.0000 17.1500
v 8.9500 10.6000 17.2500
v 9.8500 10.6000 17.2500
v 8.9500 10.6000 17.1500
v 9.8500 10.6000 17.1500
v 8.9500 8.2500 16.1000
v 9.8500 8.2500 16.1000
v 8.9500 8.2500 14.1000
v 9.8500 8.2500 14.1000
v 8.9500 8.5000 16.1000
v 9.8500 8.5000 16.1000
v 8.9500 8.5000 14.1000
v 9.8500 8.5000 14.1000
v 8.9500 9.2000 16.1000
v 9.8500 9.2000 16.1000
v 8.9500 9.2000 14.1000
v 9.8500 9.2000 14.1000
v 8.9500 9.4500 16.1000
v 9.8500 9.4500 16.1000
v 8.9500 9.4500 14.1000
v 9.8500 9.4500 14.1000
v 8.9500 10.1500 16.1000
v 9.8500 10.1500 16.1000
v 8.9500 10.1500 14.1000
v 9.8500 10.1500 14.1000
v 8.9500 10.4000 16.1000
v 9.8500 10.4000 16.1000
v 8.9500 10.4000 14.1000
v 9.8500 10.4000 14.1000
v 8.9500 8.0000 16.1500
v 9.8500 8.0000 16.1500
v 8.9500 8.0000 16.0500
v 9.8500 8.0000 16.0500
v 8.9500 10.6000 16.1500
v 9.8500 10.6000 16.1500
v 8.9500 10.6000 16.0500
v 9.8500 10.6000 16.0500
v 8.9500 8.0000 14.1500
v 9.8500 8.0000 14.1500
v 8.9500 8.0000 14.0500
v 9.8500 8.0000 14.0500
v 8.9500 10.6000 14.1500
v 9.8500 10.6000 14.1500
v 8.9500 10.6000 14.0500
v 9.8500 10.6000 14.0500
v 8.9500 8.2500 13.0000
v 9.8500 8.2500 13.0000
v 8.9500 8.2500 11.0000
v 9.8500 8.2500 11.0000
v 8.9500 8.5000 13.0000
v 9.8500 8.5000 13.0000
v 8.9500 8.5000 11.0000
v 9.8500 8.5000 11.0000
v 8.9500 9.2000 13.0000
v 9.8500 9.2000 13.0000
v 8.9500 9.2000 11.0000
v 9.8500 9.2000 11.0000
v 8.9500 9.4500 13.0000
v 9.8500 9.4500 13.0000
v 8.9500 9.4500 11.0000
v 9.8500 9.4500 11.0000
v 8.9500 10.1500 13.0000
v 9.8500 10.1500 13.0000
v 8.9500 10.1500 11.0000
v 9.8500 10.1500 11.0000
v 8.9500 10.4000 13.0000
v 9.8500 10.4000 13.0000
v 8.9500 10.4000 11.0000
v 9.8500 10.4000 11.0000
v 8.9500 8.0000 13.0500
v 9.8500 8.0000 13.0500
v 8.9500 8.0000 12.9500
v 9.8500 8.0000 12.9500
v 8.9500 10.6000 13.0500
v 9.8500 10.6000 13.0500
v 8.9500 10.6000 12.9500
v 9.8500 10.6000 12.9500
v 8.9500 8.0000 11.0500
v 9.8500 8.0000 11.0500
v 8.9500 8.0000 10.9500
v 9.8500 8.0000 10.9500
v 8.9500 10.6000 11.0500
v 9.8500 10.6000 11.0500
v 8.9500 10.6000 10.9500
v 9.8500 10.6000 10.9500
v 1.9500 8.0000 19.4000
v 2.5000 8.0000 19.4000
v 1.9500 8.0000 16.4000
v 2.5000 8.0000 16.4000
v 1.9500 10.0000 19.4000
v 2.5000 10.0000 19.4000
v 1.9500 10.0000 16.4000
v 2.5000 10.0000 16.4000
v 8.9500 8.2500 9.2000
v 9.8500 8.2500 9.2000
v 8.9500 8.2500 7.2000
v 9.8500 8.2500 7.2000
v 8.9500 8.5000 9.2000
v 9.8500 8.5000 9.2000
v 8.9500 8.5000 7.2000
v 9.8500 8.5000 7.2000
v 8.9500 9.2000 9.2000
v 9.8500 9.2000 9.2000
v 8.9500 9.2000 7.2000
v 9.8500 9.2000 7.2000
v 8.9500 9.4500 9.2000
v 9.8500 9.4500 9.2000
v 8.9500 9.4500 7.2000
v 9.8500 9.4500 7.2000
v 8.9500 10.1500 9.2000
v 9.8500 10.1500 9.2000
v 8.9500 10.1500 7.2000
v 9.8500 10.1500 7.2000
v 8.9500 10.4000 9.2000
v 9.8500 10.4000 9.2000
v 8.9500 10.4000 7.2000
v 9.8500 10.4000 7.2000
v 8.9500 8.0000 9.2500
v 9.8500 8.0000 9.2500
v 8.9500 8.0000 9.1500
v 9.8500 8.0000 9.1500
v 8.9500 10.6000 9.2500
v 9.8500 10.6000 9.2500
v 8.9500 10.6000 9.1500
v 9.8500 10.6000 9.1500
v 8.9500 8.0000 7.2500
v 9.8500 8.0000 7.2500
v 8.9500 8.0000 7.1500
v 9.8500 8.0000 7.1500
v 8.9500 10.6000 7.2500
v 9.8500 10.6000 7.2500
v 8.9500 10.6000 7.1500
v 9.8500 10.6000 7.1500
v 8.9500 8.2500 6.1000
v 9.8500 8.2500 6.1000
v 8.9500 8.2500 4.1000
v 9.8500 8.2500 4.1000
v 8.9500 8.5000 6.1000
v 9.8500 8.5000 6.1000
v 8.9500 8.5000 4.1000
v 9.8500 8.5000 4.1000
v 8.9500 9.2000 6.1000
v 9.8500 9.2000 6.1000
v 8.9500 9.2000 4.1000
v 9.8500 9.2000 4.1000
v 8.9500 9.4500 6.1000
v 9.8500 9.4500 6.1000
v 8.9500 9.4500 4.1000
v 9.8500 9.4500 4.1000
v 8.9500 10.1500 6.1000
v 9.8500 10.1500 6.1000
v 8.9500 10.1500 4.1000
v 9.8500 10.1500 4.1000
v 8.9500 10.4000 6.1000
v 9.8500 10.4000 6.1000
v 8.9500 10.4000 4.1000
v 9.8500 10.4000 4.1000
v 8.9500 8.0000 6.1500
v 9.8500 8.0000 6.1500
v 8.9500 8.0000 6.0500
v 9.8500 8.0000 6.0500
v 8.9500 10.6000 6.1500
v 9.8500 10.6000 6.1500
v 8.9500 10.6000 6.0500
v 9.8500 10.6000 6.0500
v 8.9500 8.0000 4.1500
v 9.8500 8.0000 4.1500
v 8.9500 8.0000 4.0500
v 9.8500 8.0000 4.0500
v 8.9500 10.6000 4.1500
v 9.8500 10.6000 4.1500
v 8.9500 10.6000 4.0500
v 9.8500 10.6000 4.0500
v 8.9500 8.2500 3.0000
v 9.8500 8.2500 3.0000
v 8.9500 8.2500 1.0000
v 9.8500 8.2500 1.0000
v 8.9500 8.5000 3.0000
v 9.8500 8.5000 3.0000
v 8.9500 8.5000 1.0000
v 9.8500 8.5000 1.0000
v 8.9500 9.2000 3.0000
v 9.8500 9.2000 3.0000
v 8.9500 9.2000 1.0000
v 9.8500 9.2000 1.0000
v 8.9500 9.4500 3.0000
v 9.8500 9.4500 3.0000
v 8.9500 9.4500 1.0000
v 9.8500 9.4500 1.0000
v 8.9500 10.1500 3.0000
v 9.8500 10.1500 3.0000
v 8.9500 10.1500 1.0000
v 9.8500 10.1500 1.0000
v 8.9500 10.4000 3.0000
v 9.8500 10.4000 3.0000
v 8.9500 10.4000 1.0000
v 9.8500 10.4000 1.0000
v 8.9500 8.0000 3.0500
v 9.8500 8.0000 3.0500
v 8.9500 8.0000 2.9500
v 9.8500 8.0000 2.9500
v 8.9500 10.6000 3.0500
v 9.8500 10.6000 3.0500
v 8.9500 10.6000 2.9500
v 9.8500 10.6000 2.9500
v 8.9500 8.0000 1.0500
v 9.8500 8.0000 1.0500
v 8.9500 8.0000 0.9500
v 9.8500 8.0000 0.9500
v 8.9500 10.6000 1.0500
v 9.8500 10.6000 1.0500
v 8.9500 10.6000 0.9500
v 9.8500 10.6000 0.9500
v 1.9500 8.0000 9.4000
v 2.5000 8.0000 9.4000
v 1.9500 8.0000 6.4000
v 2.5000 8.0000 6.4000
v 1.9500 10.0000 9.4000
v 2.5000 10.0000 9.4000
v 1.9500 10.0000 6.4000
v 2.5000 10.0000 6.4000
v 8.9500 8.2500 -0.8000
v 9.8500 8.2500 -0.8000
v 8.9500 8.2500 -2.8000
v 9.8500 8.2500 -2.8000
v 8.9500 8.5000 -0.8000
v 9.8500 8.5000 -0.8000
v 8.9500 8.5000 -2.8000
v 9.8500 8.5000 -2.8000
v 8.9500 9.2000 -0.8000
v 9.8500 9.2000 -0.8000
v 8.9500 9.2000 -2.8000
v 9.8500 9.2000 -2.8000
v 8.9500 9.4500 -0.8000
v 9.8500 9.4500 -0.8000
v 8.9500 9.4500 -2.8000
v 9.8500 9.4500 -2.8000
v 8.9500 10.1500 -0.8000
v 9.8500 10.1500 -0.8000
v 8.9500 10.1500 -2.8000
v 9.8500 10.1500 -2.8000
v 8.9500 10.4000 -0.8000
v 9.8500 10.4000 -0.8000
v 8.9500 10.4000 -2.8000
v 9.8500 10.4000 -2.8000
v 8.9500 8.0000 -0.7500
v 9.8500 8.0000 -0.7500
v 8.9500 8.0000 -0.8500
v 9.8500 8.0000 -0.8500
v 8.9500 10.6000 -0.7500
v 9.8500 10.6000 -0.7500
v 8.9500 10.6000 -0.8500
v 9.8500 10.6000 -0.8500
v 8.9500 8.0000 -2.7500
v 9.8500 8.0000 -2.7500
v 8.9500 8.0000 -2.8500
v 9.8500 8.0000 -2.8500
v 8.9500 10.6000 -2.7500
v 9.8500 10.6000 -2.7500
v 8.9500 10.6000 -2.8500
v 9.8500 10.6000 -2.8500
v 8.9500 8.2500 -3.9000
v 9.8500 8.2500 -3.9000
v 8.9500 8.2500 -5.9000
v 9.8500 8.2500 -5.9000
v 8.9500 8.5000 -3.9000
v 9.8500 8.5000 -3.9000
v 8.9500 8.5000 -5.9000
v 9.8500 8.5000 -5.9000
v 8.9500 9.2000 -3.9000
v 9.8500 9.2000 -3.9000
v 8.9500 9.2000 -5.9000
v 9.8500 9.2000 -5.9000
v 8.9500 9.4500 -3.9000
v 9.8500 9.4500 -3.9000
v 8.9500 9.4500 -5.9000
v 9.8500 9.4500 -5.9000
v 8.9500 10.1500 -3.9000
v 9.8500 10.1500 -3.9000
v 8.9500 10.1500 -5.9000
v 9.8500 10.1500 -5.9000
v 8.9500 10.4000 -3.9000
v 9.8500 10.4000 -3.9000
v 8.9500 10.4000 -5.9000
v 9.8500 10.4000 -5.9000
v 8.9500 8.0000 -3.8500
v 9.8500 8.0000 -3.8500
v 8.9500 8.0000 -3.9500
v 9.8500 8.0000 -3.9500
v 8.9500 10.6000 -3.8500
v 9.8500 10.6000 -3.8500
v 8.9500 10.6000 -3.9500
v 9.8500 10.6000 -3.9500
v 8.9500 8.0000 -5.8500
v 9.8500 8.0000 -5.8500
v 8.9500 8.0000 -5.9500
v 9.8500 8.0000 -5.9500
v 8.9500 10.6000 -5.8500
v 9.8500 10.6000 -5.8500
v 8.9500 10.6000 -5.9500
v 9.8500 10.6000 -5.9500
v 8.9500 8.2500 -7.0000
v 9.8500 8.2500 -7.0000
v 8.9500 8.2500 -9.0000
v 9.8500 8.2500 -9.0000
v 8.9500 8.5000 -7.0000
v 9.8500 8.5000 -7.0000
v 8.9500 8.5000 -9.0000
v 9.8500 8.5000 -9.0000
v 8.9500 9.2000 -7.0000
v 9.8500 9.2000 -7.0000
v 8.9500 9.2000 -9.0000
v 9.8500 9.2000 -9.0000
v 8.9500 9.4500 -7.0000
v 9.8500 9.4500 -7.0000
v 8.9500 9.4500 -9.0000
v 9.8500 9.4500 -9.0000
v 8.9500 10.1500 -7.0000
v 9.8500 10.1500 -7.0000
v 8.9500 10.1500 -9.0000
v 9.8500 10.1500 -9.0000
v 8.9500 10.4000 -7.0000
v 9.8500 10.4000 -7.0000
v 8.9500 10.4000 -9.0000
v 9.8500 10.4000 -9.0000
v 8.9500 8.0000 -6.9500
v 9.8500 8.0000 -6.9500
v 8.9500 8.0000 -7.0500
v 9.8500 8.0000 -7.0500
v 8.9500 10.6000 -6.9500
v 9.8500 10.6000 -6.9500
v 8.9500 10.6000 -7.0500
v 9.8500 10.6000 -7.0500
v 8.9500 8.0000 -8.9500
v 9.8500 8.0000 -8.9500
v 8.9500 8.0000 -9.0500
v 9.8500 8.0000 -9.0500
v 8.9500 10.6000 -8.9500
v 9.8500 10.6000 -8.9500
v 8.9500 10.6000 -9.0500
v 9.8500 10.6000 -9.0500
v 1.9500 8.0000 -0.6000
v 2.5000 8.0000 -0.6000
v 1.9500 8.0000 -3.6000
v 2.5000 8.0000 -3.6000
v 1.9500 10.0000 -0.6000
v 2.5000 10.0000 -0.6000
v 1.9500 10.0000 -3.6000
v 2.5000 10.0000 -3.6000
v 8.9500 8.2500 -10.8000
v 9.8500 8.2500 -10.8000
v 8.9500 8.2500 -12.8000
v 9.8500 8.2500 -12.8000
v 8.9500 8.5000 -10.8000
v 9.8500 8.5000 -10.8000
v 8.9500 8.5000 -12.8000
v 9.8500 8.5000 -12.8000
v 8.9500 9.2000 -10.8000
v 9.8500 9.2000 -10.8000
v 8.9500 9.2000 -12.8000
v 9.8500 9.2000 -12.8000
v 8.9500 9.4500 -10.8000
v 9.8500 9.4500 -10.8000
v 8.9500 9.4500 -12.8000
v 9.8500 9.4500 -12.8000
v 8.9500 10.1500 -10.8000
v 9.8500 10.1500 -10.8000
v 8.9500 10.1500 -12.8000
v 9.8500 10.1500 -12.8000
v 8.9500 10.4000 -10.8000
v 9.8500 10.4000 -10.8000
v 8.9500 10.4000 -12.8000
v 9.8500 10.4000 -12.8000
v 8.9500 8.0000 -10.7500
v 9.8500 8.0000 -10.7500
v 8.9500 8.0000 -10.8500
v 9.8500 8.0000 -10.8500
v 8.9500 10.6000 -10.7500
v 9.8500 10.6000 -10.7500
v 8.9500 10.6000 -10.8500
v 9.8500 10.6000 -10.8500
v 8.9500 8.0000 -12.7500
v 9.8500 8.0000 -12.7500
v 8.9500 8.0000 -12.8500
v 9.8500 8.0000 -12.8500
v 8.9500 10.6000 -12.7500
v 9.8500 10.6000 -12.7500
v 8.9500 10.6000 -12.8500
v 9.8500 10.6000 -12.8500
v 8.9500 8.2500 -13.9000
v 9.8500 8.2500 -13.9000
v 8.9500 8.2500 -15.9000
v 9.8500 8.2500 -15.9000
v 8.9500 8.5000 -13.9000
v 9.8500 8.5000 -13.9000
v 8.9500 8.5000 -15.9000
v 9.8500 8.5000 -15.9000
v 8.9500 9.2000 -13.9000
v 9.8500 9.2000 -13.9000
v 8.9500 9.2000 -15.9000
v 9.8500 9.2000 -15.9000
v 8.9500 9.4500 -13.9000
v 9.8500 9.4500 -13.9000
v 8.9500 9.4500 -15.9000
v 9.8500 9.4500 -15.9000
v 8.9500 10.1500 -13.9000
v 9.8500 10.1500 -13.9000
v 8.9500 10.1500 -15.9000
v 9.8500 10.1500 -15.9000
v 8.9500 10.4000 -13.9000
v 9.8500 10.4000 -13.9000
v 8.9500 10.4000 -15.9000
v 9.8500 10.4000 -15.9000
v 8.9500 8.0000 -13.8500
v 9.8500 8.0000 -13.8500
v 8.9500 8.0000 -13.9500
v 9.8500 8.0000 -13.9500
v 8.9500 10.6000 -13.8500
v 9.8500 10.6000 -13.8500
v 8.9500 10.6000 -13.9500
v 9.8500 10.6000 -13.9500
v 8.9500 8.0000 -15.8500
v 9.8500 8.0000 -15.8500
v 8.9500 8.0000 -15.9500
v 9.8500 8.0000 -15.9500
v 8.9500 10.6000 -15.8500
v 9.8500 10.6000 -15.8500
v 8.9500 10.6000 -15.9500
v 9.8500 10.6000 -15.9500
v 8.9500 8.2500 -17.0000
v 9.8500 8.2500 -17.0000
v 8.9500 8.2500 -19.0000
v 9.8500 8.2500 -19.0000
v 8.9500 8.5000 -17.0000
v 9.8500 8.5000 -17.0000
v 8.9500 8.5000 -19.0000
v 9.8500 8.5000 -19.0000
v 8.9500 9.2000 -17.0000
v 9.8500 9.2000 -17.0000
v 8.9500 9.2000 -19.0000
v 9.8500 9.2000 -19.0000
v 8.9500 9.4500 -17.0000
v 9.8500 9.4500 -17.0000
v 8.9500 9.4500 -19.0000
v 9.8500 9.4500 -19.0000
v 8.9500 10.1500 -17.0000
v 9.8500 10.1500 -17.0000
v 8.9500 10.1500 -19.0000
v 9.8500 10.1500 -19.0000
v 8.9500 10.4000 -17.0000
v 9.8500 10.4000 -17.0000
v 8.9500 10.4000 -19.0000
v 9.8500 10.4000 -19.0000
v 8.9500 8.0000 -16.9500
v 9.8500 8.0000 -16.9500
v 8.9500 8.0000 -17.0500
v 9.8500 8.0000 -17.0500
v 8.9500 10.6000 -16.9500
v 9.8500 10.6000 -16.9500
v 8.9500 10.6000 -17.0500
v 9.8500 10.6000 -17.0500
v 8.9500 8.0000 -18.9500
v 9.8500 8.0000 -18.9500
v 8.9500 8.0000 -19.0500
v 9.8500 8.0000 -19.0500
v 8.9500 10.6000 -18.9500
v 9.8500 10.6000 -18.9500
v 8.9500 10.6000 -19.0500
v 9.8500 10.6000 -19.0500
v 1.9500 8.0000 -10.6000
v 2.5000 8.0000 -10.6000
v 1.9500 8.0000 -13.6000
v 2.5000 8.0000 -13.6000
v 1.9500 10.0000 -10.6000
v 2.5000 10.0000 -10.6000
v 1.9500 10.0000 -13.6000
v 2.5000 10.0000 -13.6000
v -9.8500 8.2500 -20.8000
v -8.9500 8.2500 -20.8000
v -9.8500 8.2500 -22.8000
v -8.9500 8.2500 -22.8000
v -9.8500 8.5000 -20.8000
v -8.9500 8.5000 -20.8000
v -9.8500 8.5000 -22.8000
v -8.9500 8.5000 -22.8000
v -9.8500 9.2000 -20.8000
v -8.9500 9.2000 -20.8000
v -9.8500 9.2000 -22.8000
v -8.9500 9.2000 -22.8000
v -9.8500 9.4500 -20.8000
v -8.9500 9.4500 -20.8000
v -9.8500 9.4500 -22.8000
v -8.9500 9.4500 -22.8000
v -9.8500 10.1500 -20.8000
v -8.9500 10.1500 -20.8000
v -9.8500 10.1500 -22.8000
v -8.9500 10.1500 -22.8000
v -9.8500 10.4000 -20.8000
v -8.9500 10.4000 -20.8000
v -9.8500 10.4000 -22.8000
v -8.9500 10.4000 -22.8000
v -9.8500 8.0000 -20.7500
v -8.9500 8.0000 -20.7500
v -9.8500 8.0000 -20.8500
v -8.9500 8.0000 -20.8500
v -9.8500 10.6000 -20.7500
v -8.9500 10.6000 -20.7500
v -9.8500 10.6000 -20.8500
v -8.9500 10.6000 -20.8500
v -9.8500 8.0000 -22.7500
v -8.9500 8.0000 -22.7500
v -9.8500 8.0000 -22.8500
v -8.9500 8.0000 -22.8500
v -9.8500 10.6000 -22.7500
v -8.9500 10.6000 -22.7500
v -9.8500 10.6000 -22.8500
v -8.9500 10.6000 -22.8500
v -9.8500 8.2500 -23.9000
v -8.9500 8.2500 -23.9000
v -9.8500 8.2500 -25.9000
v -8.9500 8.2500 -25.9000
v -9.8500 8.5000 -23.9000
v -8.9500 8.5000 -23.9000
v -9.8500 8.5000 -25.9000
v -8.9500 8.5000 -25.9000
v -9.8500 9.2000 -23.9000
v -8.9500 9.2000 -23.9000
v -9.8500 9.2000 -25.9000
v -8.9500 9.2000 -25.9000
v -9.8500 9.4500 -23.9000
v -8.9500 9.4500 -23.9000
v -9.8500 9.4500 -25.9000
v -8.9500 9.4500 -25.9000
v -9.8500 10.1500 -23.9000
v -8.9500 10.1500 -23.9000
v -9.8500 10.1500 -25.9000
v -8.9500 10.1500 -25.9000
v -9.8500 10.4000 -23.9000
v -8.9500 10.4000 -23.9000
v -9.8500 10.4000 -25.9000
v -8.9500 10.4000 -25.9000
v -9.8500 8.0000 -23.8500
v -8.9500 8.0000 -23.8500
v -9.8500 8.0000 -23.9500
v -8.9500 8.0000 -23.9500
v -9.8500 10.6000 -23.8500
v -8.9500 10.6000 -23.8500
v -9.8500 10.6000 -23.9500
v -8.9500 10.6000 -23.9500
v -9.8500 8.0000 -25.8500
v -8.9500 8.0000 -25.8500
v -9.8500 8.0000 -25.9500
v -8.9500 8.0000 -25.9500
v -9.8500 10.6000 -25.8500
v -8.9500 10.6000 -25.8500
v -9.8500 10.6000 -25.9500
v -8.9500 10.6000 -25.9500
v -9.8500 8.2500 -27.0000
v -8.9500 8.2500 -27.0000
v -9.8500 8.2500 -29.0000
v -8.9500 8.2500 -29.0000
v -9.8500 8.5000 -27.0000
v -8.9500 8.5000 -27.0000
v -9.8500 8.5000 -29.0000
v -8.9500 8.5000 -29.0000
v -9.8500 9.2000 -27.0000
v -8.9500 9.2000 -27.0000
v -9.8500 9.2000 -29.0000
v -8.9500 9.2000 -29.0000
v -9.8500 9.4500 -27.0000
v -8.9500 9.4500 -27.0000
v -9.8500 9.4500 -29.0000
v -8.9500 9.4500 -29.0000
v -9.8500 10.1500 -27.0000
v -8.9500 10.1500 -27.0000
v -9.8500 10.1500 -29.0000
v -8.9500 10.1500 -29.0000
v -9.8500 10.4000 -27.0000
v -8.9500 10.4000 -27.0000
v -9.8500 10.4000 -29.0000
v -8.9500 10.4000 -29.0000
v -9.8500 8.0000 -26.9500
v -8.9500 8.0000 -26.9500
v -9.8500 8.0000 -27.0500
v -8.9500 8.0000 -27.0500
v -9.8500 10.6000 -26.9500
v -8.9500 10.6000 -26.9500
v -9.8500 10.6000 -27.0500
v -8.9500 10.6000 -27.0500
v -9.8500 8.0000 -28.9500
v -8.9500 8.0000 -28.9500
v -9.8500 8.0000 -29.0500
v -8.9500 8.0000 -29.0500
v -9.8500 10.6000 -28.9500
v -8.9500 10.6000 -28.9500
v -9.8500 10.6000 -29.0500
v -8.9500 10.6000 -29.0500
v -2.5000 8.0000 -20.6000
v -1.9500 8.0000 -20.6000
v -2.5000 8.0000 -23.6000
v -1.9500 8.0000 -23.6000
v -2.5000 10.0000 -20.6000
v -1.9500 10.0000 -20.6000
v -2.5000 10.0000 -23.6000
v -1.9500 10.0000 -23.6000
v -9.8500 8.2500 -30.8000
v -8.9500 8.2500 -30.8000
v -9.8500 8.2500 -32.8000
v -8.9500 8.2500 -32.8000
v -9.8500 8.5000 -30.8000
v -8.9500 8.5000 -30.8000
v -9.8500 8.5000 -32.8000
v -8.9500 8.5000 -32.8000
v -9.8500 9.2000 -30.8000
v -8.9500 9.2000 -30.8000
v -9.8500 9.2000 -32.8000
v -8.9500 9.2000 -32.8000
v -9.8500 9.4500 -30.8000
v -8.9500 9.4500 -30.8000
v -9.8500 9.4500 -32.8000
v -8.9500 9.4500 -32.8000
v -9.8500 10.1500 -30.8000
v -8.9500 10.1500 -30.8000
v -9.8500 10.1500 -32.8000
v -8.9500 10.1500 -32.8000
v -9.8500 10.4000 -30.8000
v -8.9500 10.4000 -30.8000
v -9.8500 10.4000 -32.8000
v -8.9500 10.4000 -32.8000
v -9.8500 8.0000 -30.7500
v -8.9500 8.0000 -30.7500
v -9.8500 8.0000 -30.8500
v -8.9500 8.0000 -30.8500
v -9.8500 10.6000 -30.7500
v -8.9500 10.6000 -30.7500
v -9.8500 10.6000 -30.8500
v -8.9500 10.6000 -30.8500
v -9.8500 8.0000 -32.7500
v -8.9500 8.0000 -32.7500
v -9.8500 8.0000 -32.8500
v -8.9500 8.0000 -32.8500
v -9.8500 10.6000 -32.7500
v -8.9500 10.6000 -32.7500
v -9.8500 10.6000 -32.8500
v -8.9500 10.6000 -32.8500
v -9.8500 8.2500 -33.9000
v -8.9500 8.2500 -33.9000
v -9.8500 8.2500 -35.9000
v -8.9500 8.2500 -35.9000
v -9.8500 8.5000 -33.9000
v -8.9500 8.5000 -33.9000
v -9.8500 8.5000 -35.9000
v -8.9500 8.5000 -35.9000
v -9.8500 9.2000 -33.9000
v -8.9500 9.2000 -33.9000
v -9.8500 9.2000 -35.9000
v -8.9500 9.2000 -35.9000
v -9.8500 9.4500 -33.9000
v -8.9500 9.4500 -33.9000
v -9.8500 9.4500 -35.9000
v -8.9500 9.4500 -35.9000
v -9.8500 10.1500 -33.9000
v -8.9500 10.1500 -33.9000
v -9.8500 10.1500 -35.9000
v -8.9500 10.1500 -35.9000
v -9.8500 10.4000 -33.9000
v -8.9500 10.4000 -33.9000
v -9.8500 10.4000 -35.9000
v -8.9500 10.4000 -35.9000
v -9.8500 8.0000 -33.8500
v -8.9500 8.0000 -33.8500
v -9.8500 8.0000 -33.9500
v -8.9500 8.0000 -33.9500
v -9.8500 10.6000 -33.8500
v -8.9500 10.6000 -33.8500
v -9.8500 10.6000 -33.9500
v -8.9500 10.6000 -33.9500
v -9.8500 8.0000 -35.8500
v -8.9500 8.0000 -35.8500
v -9.8500 8.0000 -35.9500
v -8.9500 8.0000 -35.9500
v -9.8500 10.6000 -35.8500
v -8.9500 10.6000 -35.8500
v -9.8500 10.6000 -35.9500
v -8.9500 10.6000 -35.9500
v -9.8500 8.2500 -37.0000
v -8.9500 8.2500 -37.0000
v -9.8500 8.2500 -39.0000
v -8.9500 8.2500 -39.0000
v -9.8500 8.5000 -37.0000
v -8.9500 8.5000 -37.0000
v -9.8500 8.5000 -39.0000
v -8.9500 8.5000 -39.0000
v -9.8500 9.2000 -37.0000
v -8.9500 9.2000 -37.0000
v -9.8500 9.2000 -39.0000
v -8.9500 9.2000 -39.0000
v -9.8500 9.4500 -37.0000
v -8.9500 9.4500 -37.0000
v -9.8500 9.4500 -39.0000
v -8.9500 9.4500 -39.0000
v -9.8500 10.1500 -37.0000
v -8.9500 10.1500 -37.0000
v -9.8500 10.1500 -39.0000
v -8.9500 10.1500 -39.0000
v -9.8500 10.4000 -37.0000
v -8.9500 10.4000 -37.0000
v -9.8500 10.4000 -39.0000
v -8.9500 10.4000 -39.0000
v -9.8500 8.0000 -36.9500
v -8.9500 8.0000 -36.9500
v -9.8500 8.0000 -37.0500
v -8.9500 8.0000 -37.0500
v -9.8500 10.6000 -36.9500
v -8.9500 10.6000 -36.9500
v -9.8500 10.6000 -37.0500
v -8.9500 10.6000 -37.0500
v -9.8500 8.0000 -38.9500
v -8.9500 8.0000 -38.9500
v -9.8500 8.0000 -39.0500
v -8.9500 8.0000 -39.0500
v -9.8500 10.6000 -38.9500
v -8.9500 10.6000 -38.9500
v -9.8500 10.6000 -39.0500
v -8.9500 10.6000 -39.0500
v -2.5000 8.0000 -30.6000
v -1.9500 8.0000 -30.6000
v -2.5000 8.0000 -33.6000
v -1.9500 8.0000 -33.6000
v -2.5000 10.0000 -30.6000
v -1.9500 10.0000 -30.6000
v -2.5000 10.0000 -33.6000
v -1.9500 10.0000 -33.6000
v 8.9500 8.2500 -30.8000
v 9.8500 8.2500 -30.8000
v 8.9500 8.2500 -32.8000
v 9.8500 8.2500 -32.8000
v 8.9500 8.5000 -30.8000
v 9.8500 8.5000 -30.8000
v 8.9500 8.5000 -32.8000
v 9.8500 8.5000 -32.8000
v 8.9500 9.2000 -30.8000
v 9.8500 9.2000 -30.8000
v 8.9500 9.2000 -32.8000
v 9.8500 9.2000 -32.8000
v 8.9500 9.4500 -30.8000
v 9.8500 9.4500 -30.8000
v 8.9500 9.4500 -32.8000
v 9.8500 9.4500 -32.8000
v 8.9500 10.1500 -30.8000
v 9.8500 10.1500 -30.8000
v 8.9500 10.1500 -32.8000
v 9.8500 10.1500 -32.8000
v 8.9500 10.4000 -30.8000
v 9.8500 10.4000 -30.8000
v 8.9500 10.4000 -32.8000
v 9.8500 10.4000 -32.8000
v 8.9500 8.0000 -30.7500
v 9.8500 8.0000 -30.7500
v 8.9500 8.0000 -30.8500
v 9.8500 8.0000 -30.8500
v 8.9500 10.6000 -30.7500
v 9.8500 10.6000 -30.7500
v 8.9500 10.6000 -30.8500
v 9.8500 10.6000 -30.8500
v 8.9500 8.0000 -32.7500
v 9.8500 8.0000 -32.7500
v 8.9500 8.0000 -32.8500
v 9.8500 8.0000 -32.8500
v 8.9500 10.6000 -32.7500
v 9.8500 10.6000 -32.7500
v 8.9500 10.6000 -32.8500
v 9.8500 10.6000 -32.8500
v 8.9500 8.2500 -33.9000
v 9.8500 8.2500 -33.9000
v 8.9500 8.2500 -35.9000
v 9.8500 8.2500 -35.9000
v 8.9500 8.5000 -33.9000
v 9.8500 8.5000 -33.9000
v 8.9500 8.5000 -35.9000
v 9.8500 8.5000 -35.9000
v 8.9500 9.2000 -33.9000
v 9.8500 9.2000 -33.9000
v 8.9500 9.2000 -35.9000
v 9.8500 9.2000 -35.9000
v 8.9500 9.4500 -33.9000
v 9.8500 9.4500 -33.9000
v 8.9500 9.4500 -35.9000
v 9.8500 9.4500 -35.9000
v 8.9500 10.1500 -33.9000
v 9.8500 10.1500 -33.9000
v 8.9500 10.1500 -35.9000
v 9.8500 10.1500 -35.9000
v 8.9500 10.4000 -33.9000
v 9.8500 10.4000 -33.9000
v 8.9500 10.4000 -35.9000
v 9.8500 10.4000 -35.9000
v 8.9500 8.0000 -33.8500
v 9.8500 8.0000 -33.8500
v 8.9500 8.0000 -33.9500
v 9.8500 8.0000 -33.9500
v 8.9500 10.6000 -33.8500
v 9.8500 10.6000 -33.8500
v 8.9500 10.6000 -33.9500
v 9.8500 10.6000 -33.9500
v 8.9500 8.0000 -35.8500
v 9.8500 8.0000 -35.8500
v 8.9500 8.0000 -35.9500
v 9.8500 8.0000 -35.9500
v 8.9500 10.6000 -35.8500
v 9.8500 10.6000 -35.8500
v 8.9500 10.6000 -35.9500
v 9.8500 10.6000 -35.9500
v 8.9500 8.2500 -37.0000
v 9.8500 8.2500 -37.0000
v 8.9500 8.2500 -39.0000
v 9.8500 8.2500 -39.0000
v 8.9500 8.5000 -37.0000
v 9.8500 8.5000 -37.0000
v 8.9500 8.5000 -39.0000
v 9.8500 8.5000 -39.0000
v 8.9500 9.2000 -37.0000
v 9.8500 9.2000 -37.0000
v 8.9500 9.2000 -39.0000
v 9.8500 9.2000 -39.0000
v 8.9500 9.4500 -37.0000
v 9.8500 9.4500 -37.0000
v 8.9500 9.4500 -39.0000
v 9.8500 9.4500 -39.0000
v 8.9500 10.1500 -37.0000
v 9.8500 10.1500 -37.0000
v 8.9500 10.1500 -39.0000
v 9.8500 10.1500 -39.0000
v 8.9500 10.4000 -37.0000
v 9.8500 10.4000 -37.0000
v 8.9500 10.4000 -39.0000
v 9.8500 10.4000 -39.0000
v 8.9500 8.0000 -36.9500
v 9.8500 8.0000 -36.9500
v 8.9500 8.0000 -37.0500
v 9.8500 8.0000 -37.0500
v 8.9500 10.6000 -36.9500
v 9.8500 10.6000 -36.9500
v 8.9500 10.6000 -37.0500
v 9.8500 10.6000 -37.0500
v 8.9500 8.0000 -38.9500
v 9.8500 8.0000 -38.9500
v 8.9500 8.0000 -39.0500
v 9.8500 8.0000 -39.0500
v 8.9500 10.6000 -38.9500
v 9.8500 10.6000 -38.9500
v 8.9500 10.6000 -39.0500
v 9.8500 10.6000 -39.0500
v 1.9500 8.0000 -30.6000
v 2.5000 8.0000 -30.6000
v 1.9500 8.0000 -33.6000
v 2.5000 8.0000 -33.6000
v 1.9500 10.0000 -30.6000
v 2.5000 10.0000 -30.6000
v 1.9500 10.0000 -33.6000
v 2.5000 10.0000 -33.6000
v -9.8500 8.0000 -41.0000
v -9.3500 8.0000 -41.0000
v -9.8500 8.0000 -49.0000
v -9.3500 8.0000 -49.0000
v -9.8500 10.0000 -41.0000
v -9.3500 10.0000 -41.0000
v -9.8500 10.0000 -49.0000
v -9.3500 10.0000 -49.0000
v -5.5500 8.0000 -43.5000
v -4.3500 8.0000 -43.5000
v -5.5500 8.0000 -46.5000
v -4.3500 8.0000 -46.5000
v -5.5500 8.9500 -43.5000
v -4.3500 8.9500 -43.5000
v -5.5500 8.9500 -46.5000
v -4.3500 8.9500 -46.5000
v -2.5000 8.0000 -46.4000
v -1.9500 8.0000 -46.4000
v -2.5000 8.0000 -49.4000
v -1.9500 8.0000 -49.4000
v -2.5000 10.0000 -46.4000
v -1.9500 10.0000 -46.4000
v -2.5000 10.0000 -49.4000
v -1.9500 10.0000 -49.4000
v -9.8500 8.2500 -50.8000
v -8.9500 8.2500 -50.8000
v -9.8500 8.2500 -52.8000
v -8.9500 8.2500 -52.8000
v -9.8500 8.5000 -50.8000
v -8.9500 8.5000 -50.8000
v -9.8500 8.5000 -52.8000
v -8.9500 8.5000 -52.8000
v -9.8500 9.2000 -50.8000
v -8.9500 9.2000 -50.8000
v -9.8500 9.2000 -52.8000
v -8.9500 9.2000 -52.8000
v -9.8500 9.4500 -50.8000
v -8.9500 9.4500 -50.8000
v -9.8500 9.4500 -52.8000
v -8.9500 9.4500 -52.8000
v -9.8500 10.1500 -50.8000
v -8.9500 10.1500 -50.8000
v -9.8500 10.1500 -52.8000
v -8.9500 10.1500 -52.8000
v -9.8500 10.4000 -50.8000
v -8.9500 10.4000 -50.8000
v -9.8500 10.4000 -52.8000
v -8.9500 10.4000 -52.8000
v -9.8500 8.0000 -50.7500
v -8.9500 8.0000 -50.7500
v -9.8500 8.0000 -50.8500
v -8.9500 8.0000 -50.8500
v -9.8500 10.6000 -50.7500
v -8.9500 10.6000 -50.7500
v -9.8500 10.6000 -50.8500
v -8.9500 10.6000 -50.8500
v -9.8500 8.0000 -52.7500
v -8.9500 8.0000 -52.7500
v -9.8500 8.0000 -52.8500
v -8.9500 8.0000 -52.8500
v -9.8500 10.6000 -52.7500
v -8.9500 10.6000 -52.7500
v -9.8500 10.6000 -52.8500
v -8.9500 10.6000 -52.8500
v -9.8500 8.2500 -53.9000
v -8.9500 8.2500 -53.9000
v -9.8500 8.2500 -55.9000
v -8.9500 8.2500 -55.9000
v -9.8500 8.5000 -53.9000
v -8.9500 8.5000 -53.9000
v -9.8500 8.5000 -55.9000
v -8.9500 8.5000 -55.9000
v -9.8500 9.2000 -53.9000
v -8.9500 9.2000 -53.9000
v -9.8500 9.2000 -55.9000
v -8.9500 9.2000 -55.9000
v -9.8500 9.4500 -53.9000
v -8.9500 9.4500 -53.9000
v -9.8500 9.4500 -55.9000
v -8.9500 9.4500 -55.9000
v -9.8500 10.1500 -53.9000
v -8.9500 10.1500 -53.9000
v -9.8500 10.1500 -55.9000
v -8.9500 10.1500 -55.9000
v -9.8500 10.4000 -53.9000
v -8.9500 10.4000 -53.9000
v -9.8500 10.4000 -55.9000
v -8.9500 10.4000 -55.9000
v -9.8500 8.0000 -53.8500
v -8.9500 8.0000 -53.8500
v -9.8500 8.0000 -53.9500
v -8.9500 8.0000 -53.9500
v -9.8500 10.6000 -53.8500
v -8.9500 10.6000 -53.8500
v -9.8500 10.6000 -53.9500
v -8.9500 10.6000 -53.9500
v -9.8500 8.0000 -55.8500
v -8.9500 8.0000 -55.8500
v -9.8500 8.0000 -55.9500
v -8.9500 8.0000 -55.9500
v -9.8500 10.6000 -55.8500
v -8.9500 10.6000 -55.8500
v -9.8500 10.6000 -55.9500
v -8.9500 10.6000 -55.9500
v -9.8500 8.2500 -57.0000
v -8.9500 8.2500 -57.0000
v -9.8500 8.2500 -59.0000
v -8.9500 8.2500 -59.0000
v -9.8500 8.5000 -57.0000
v -8.9500 8.5000 -57.0000
v -9.8500 8.5000 -59.0000
v -8.9500 8.5000 -59.0000
v -9.8500 9.2000 -57.0000
v -8.9500 9.2000 -57.0000
v -9.8500 9.2000 -59.0000
v -8.9500 9.2000 -59.0000
v -9.8500 9.4500 -57.0000
v -8.9500 9.4500 -57.0000
v -9.8500 9.4500 -59.0000
v -8.9500 9.4500 -59.0000
v -9.8500 10.1500 -57.0000
v -8.9500 10.1500 -57.0000
v -9.8500 10.1500 -59.0000
v -8.9500 10.1500 -59.0000
v -9.8500 10.4000 -57.0000
v -8.9500 10.4000 -57.0000
v -9.8500 10.4000 -59.0000
v -8.9500 10.4000 -59.0000
v -9.8500 8.0000 -56.9500
v -8.9500 8.0000 -56.9500
v -9.8500 8.0000 -57.0500
v -8.9500 8.0000 -57.0500
v -9.8500 10.6000 -56.9500
v -8.9500 10.6000 -56.9500
v -9.8500 10.6000 -57.0500
v -8.9500 10.6000 -57.0500
v -9.8500 8.0000 -58.9500
v -8.9500 8.0000 -58.9500
v -9.8500 8.0000 -59.0500
v -8.9500 8.0000 -59.0500
v -9.8500 10.6000 -58.9500
v -8.9500 10.6000 -58.9500
v -9.8500 10.6000 -59.0500
v -8.9500 10.6000 -59.0500
v -2.5000 8.0000 -50.6000
v -1.9500 8.0000 -50.6000
v -2.5000 8.0000 -53.6000
v -1.9500 8.0000 -53.6000
v -2.5000 10.0000 -50.6000
v -1.9500 10.0000 -50.6000
v -2.5000 10.0000 -53.6000
v -1.9500 10.0000 -53.6000
v 8.9500 8.2500 -50.8000
v 9.8500 8.2500 -50.8000
v 8.9500 8.2500 -52.8000
v 9.8500 8.2500 -52.8000
v 8.9500 8.5000 -50.8000
v 9.8500 8.5000 -50.8000
v 8.9500 8.5000 -52.8000
v 9.8500 8.5000 -52.8000
v 8.9500 9.2000 -50.8000
v 9.8500 9.2000 -50.8000
v 8.9500 9.2000 -52.8000
v 9.8500 9.2000 -52.8000
v 8.9500 9.4500 -50.8000
v 9.8500 9.4500 -50.8000
v 8.9500 9.4500 -52.8000
v 9.8500 9.4500 -52.8000
v 8.9500 10.1500 -50.8000
v 9.8500 10.1500 -50.8000
v 8.9500 10.1500 -52.8000
v 9.8500 10.1500 -52.8000
v 8.9500 10.4000 -50.8000
v 9.8500 10.4000 -50.8000
v 8.9500 10.4000 -52.8000
v 9.8500 10.4000 -52.8000
v 8.9500 8.0000 -50.7500
v 9.8500 8.0000 -50.7500
v 8.9500 8.0000 -50.8500
v 9.8500 8.0000 -50.8500
v 8.9500 10.6000 -50.7500
v 9.8500 10.6000 -50.7500
v 8.9500 10.6000 -50.8500
v 9.8500 10.6000 -50.8500
v 8.9500 8.0000 -52.7500
v 9.8500 8.0000 -52.7500
v 8.9500 8.0000 -52.8500
v 9.8500 8.0000 -52.8500
v 8.9500 10.6000 -52.7500
v 9.8500 10.6000 -52.7500
v 8.9500 10.6000 -52.8500
v 9.8500 10.6000 -52.8500
v 8.9500 8.2500 -53.9000
v 9.8500 8.2500 -53.9000
v 8.9500 8.2500 -55.9000
v 9.8500 8.2500 -55.9000
v 8.9500 8.5000 -53.9000
v 9.8500 8.5000 -53.9000
v 8.9500 8.5000 -55.9000
v 9.8500 8.5000 -55.9000
v 8.9500 9.2000 -53.9000
v 9.8500 9.2000 -53.9000
v 8.9500 9.2000 -55.9000
v 9.8500 9.2000 -55.9000
v 8.9500 9.4500 -53.9000
v 9.8500 9.4500 -53.9000
v 8.9500 9.4500 -55.9000
v 9.8500 9.4500 -55.9000
v 8.9500 10.1500 -53.9000
v 9.8500 10.1500 -53.9000
v 8.9500 10.1500 -55.9000
v 9.8500 10.1500 -55.9000
v 8.9500 10.4000 -53.9000
v 9.8500 10.4000 -53.9000
v 8.9500 10.4000 -55.9000
v 9.8500 10.4000 -55.9000
v 8.9500 8.0000 -53.8500
v 9.8500 8.0000 -53.8500
v 8.9500 8.0000 -53.9500
v 9.8500 8.0000 -53.9500
v 8.9500 10.6000 -53.8500
v 9.8500 10.6000 -53.8500
v 8.9500 10.6000 -53.9500
v 9.8500 10.6000 -53.9500
v 8.9500 8.0000 -55.8500
v 9.8500 8.0000 -55.8500
v 8.9500 8.0000 -55.9500
v 9.8500 8.0000 -55.9500
v 8.9500 10.6000 -55.8500
v 9.8500 10.6000 -55.8500
v 8.9500 10.6000 -55.9500
v 9.8500 10.6000 -55.9500
v 8.9500 8.2500 -57.0000
v 9.8500 8.2500 -57.0000
v 8.9500 8.2500 -59.0000
v 9.8500 8.2500 -59.0000
v 8.9500 8.5000 -57.0000
v 9.8500 8.5000 -57.0000
v 8.9500 8.5000 -59.0000
v 9.8500 8.5000 -59.0000
v 8.9500 9.2000 -57.0000
v 9.8500 9.2000 -57.0000
v 8.9500 9.2000 -59.0000
v 9.8500 9.2000 -59.0000
v 8.9500 9.4500 -57.0000
v 9.8500 9.4500 -57.0000
v 8.9500 9.4500 -59.0000
v 9.8500 9.4500 -59.0000
v 8.9500 10.1500 -57.0000
v 9.8500 10.1500 -57.0000
v 8.9500 10.1500 -59.0000
v 9.8500 10.1500 -59.0000
v 8.9500 10.4000 -57.0000
v 9.8500 10.4000 -57.0000
v 8.9500 10.4000 -59.0000
v 9.8500 10.4000 -59.0000
v 8.9500 8.0000 -56.9500
v 9.8500 8.0000 -56.9500
v 8.9500 8.0000 -57.0500
v 9.8500 8.0000 -57.0500
v 8.9500 10.6000 -56.9500
v 9.8500 10.6000 -56.9500
v 8.9500 10.6000 -57.0500
v 9.8500 10.6000 -57.0500
v 8.9500 8.0000 -58.9500
v 9.8500 8.0000 -58.9500
v 8.9500 8.0000 -59.0500
v 9.8500 8.0000 -59.0500
v 8.9500 10.6000 -58.9500
v 9.8500 10.6000 -58.9500
v 8.9500 10.6000 -59.0500
v 9.8500 10.6000 -59.0500
v 1.9500 8.0000 -50.6000
v 2.5000 8.0000 -50.6000
v 1.9500 8.0000 -53.6000
v 2.5000 8.0000 -53.6000
v 1.9500 10.0000 -50.6000
v 2.5000 10.0000 -50.6000
v 1.9500 10.0000 -53.6000
v 2.5000 10.0000 -53.6000
v 4.4500 8.0000 -74.0000
v 5.9500 8.0000 -74.0000
v 4.4500 8.0000 -76.0000
v 5.9500 8.0000 -76.0000
v 4.4500 8.9000 -74.0000
v 5.9500 8.9000 -74.0000
v 4.4500 8.9000 -76.0000
v 5.9500 8.9000 -76.0000
v 9.1500 8.0000 -71.5000
v 9.8500 8.0000 -71.5000
v 9.1500 8.0000 -78.5000
v 9.8500 8.0000 -78.5000
v 9.1500 9.1000 -71.5000
v 9.8500 9.1000 -71.5000
v 9.1500 9.1000 -78.5000
v 9.8500 9.1000 -78.5000
f 12533 12535 12531 12529
f 12530 12532 12536 12534
f 12529 12530 12534 12533
f 12535 12536 12532 12531
f 12531 12532 12530 12529
f 12533 12534 12536 12535
f 12541 12543 12539 12537
f 12538 12540 12544 12542
f 12537 12538 12542 12541
f 12543 12544 12540 12539
f 12539 12540 12538 12537
f 12541 12542 12544 12543
f 12549 12551 12547 12545
f 12546 12548 12552 12550
f 12545 12546 12550 12549
f 12551 12552 12548 12547
f 12547 12548 12546 12545
f 12549 12550 12552 12551
f 12557 12559 12555 12553
f 12554 12556 12560 12558
f 12553 12554 12558 12557
f 12559 12560 12556 12555
f 12555 12556 12554 12553
f 12557 12558 12560 12559
f 12565 12567 12563 12561
f 12562 12564 12568 12566
f 12561 12562 12566 12565
f 12567 12568 12564 12563
f 12563 12564 12562 12561
f 12565 12566 12568 12567
f 12573 12575 12571 12569
f 12570 12572 12576 12574
f 12569 12570 12574 12573
f 12575 12576 12572 12571
f 12571 12572 12570 12569
f 12573 12574 12576 12575
f 12581 12583 12579 12577
f 12578 12580 12584 12582
f 12577 12578 12582 12581
f 12583 12584 12580 12579
f 12579 12580 12578 12577
f 12581 12582 12584 12583
f 12589 12591 12587 12585
f 12586 12588 12592 12590
f 12585 12586 12590 12589
f 12591 12592 12588 12587
f 12587 12588 12586 12585
f 12589 12590 12592 12591
f 12597 12599 12595 12593
f 12594 12596 12600 12598
f 12593 12594 12598 12597
f 12599 12600 12596 12595
f 12595 12596 12594 12593
f 12597 12598 12600 12599
f 12605 12607 12603 12601
f 12602 12604 12608 12606
f 12601 12602 12606 12605
f 12607 12608 12604 12603
f 12603 12604 12602 12601
f 12605 12606 12608 12607
f 12613 12615 12611 12609
f 12610 12612 12616 12614
f 12609 12610 12614 12613
f 12615 12616 12612 12611
f 12611 12612 12610 12609
f 12613 12614 12616 12615
f 12621 12623 12619 12617
f 12618 12620 12624 12622
f 12617 12618 12622 12621
f 12623 12624 12620 12619
f 12619 12620 12618 12617
f 12621 12622 12624 12623
f 12629 12631 12627 12625
f 12626 12628 12632 12630
f 12625 12626 12630 12629
f 12631 12632 12628 12627
f 12627 12628 12626 12625
f 12629 12630 12632 12631
f 12637 12639 12635 12633
f 12634 12636 12640 12638
f 12633 12634 12638 12637
f 12639 12640 12636 12635
f 12635 12636 12634 12633
f 12637 12638 12640 12639
f 12645 12647 12643 12641
f 12642 12644 12648 12646
f 12641 12642 12646 12645
f 12647 12648 12644 12643
f 12643 12644 12642 12641
f 12645 12646 12648 12647
f 12653 12655 12651 12649
f 12650 12652 12656 12654
f 12649 12650 12654 12653
f 12655 12656 12652 12651
f 12651 12652 12650 12649
f 12653 12654 12656 12655
f 12661 12663 12659 12657
f 12658 12660 12664 12662
f 12657 12658 12662 12661
f 12663 12664 12660 12659
f 12659 12660 12658 12657
f 12661 12662 12664 12663
f 12669 12671 12667 12665
f 12666 12668 12672 12670
f 12665 12666 12670 12669
f 12671 12672 12668 12667
f 12667 12668 12666 12665
f 12669 12670 12672 12671
f 12677 12679 12675 12673
f 12674 12676 12680 12678
f 12673 12674 12678 12677
f 12679 12680 12676 12675
f 12675 12676 12674 12673
f 12677 12678 12680 12679
f 12685 12687 12683 12681
f 12682 12684 12688 12686
f 12681 12682 12686 12685
f 12687 12688 12684 12683
f 12683 12684 12682 12681
f 12685 12686 12688 12687
f 12693 12695 12691 12689
f 12690 12692 12696 12694
f 12689 12690 12694 12693
f 12695 12696 12692 12691
f 12691 12692 12690 12689
f 12693 12694 12696 12695
f 12701 12703 12699 12697
f 12698 12700 12704 12702
f 12697 12698 12702 12701
f 12703 12704 12700 12699
f 12699 12700 12698 12697
f 12701 12702 12704 12703
f 12709 12711 12707 12705
f 12706 12708 12712 12710
f 12705 12706 12710 12709
f 12711 12712 12708 12707
f 12707 12708 12706 12705
f 12709 12710 12712 12711
f 12717 12719 12715 12713
f 12714 12716 12720 12718
f 12713 12714 12718 12717
f 12719 12720 12716 12715
f 12715 12716 12714 12713
f 12717 12718 12720 12719
f 12725 12727 12723 12721
f 12722 12724 12728 12726
f 12721 12722 12726 12725
f 12727 12728 12724 12723
f 12723 12724 12722 12721
f 12725 12726 12728 12727
f 12733 12735 12731 12729
f 12730 12732 12736 12734
f 12729 12730 12734 12733
f 12735 12736 12732 12731
f 12731 12732 12730 12729
f 12733 12734 12736 12735
f 12741 12743 12739 12737
f 12738 12740 12744 12742
f 12737 12738 12742 12741
f 12743 12744 12740 12739
f 12739 12740 12738 12737
f 12741 12742 12744 12743
f 12749 12751 12747 12745
f 12746 12748 12752 12750
f 12745 12746 12750 12749
f 12751 12752 12748 12747
f 12747 12748 12746 12745
f 12749 12750 12752 12751
f 12757 12759 12755 12753
f 12754 12756 12760 12758
f 12753 12754 12758 12757
f 12759 12760 12756 12755
f 12755 12756 12754 12753
f 12757 12758 12760 12759
f 12765 12767 12763 12761
f 12762 12764 12768 12766
f 12761 12762 12766 12765
f 12767 12768 12764 12763
f 12763 12764 12762 12761
f 12765 12766 12768 12767
f 12773 12775 12771 12769
f 12770 12772 12776 12774
f 12769 12770 12774 12773
f 12775 12776 12772 12771
f 12771 12772 12770 12769
f 12773 12774 12776 12775
f 12781 12783 12779 12777
f 12778 12780 12784 12782
f 12777 12778 12782 12781
f 12783 12784 12780 12779
f 12779 12780 12778 12777
f 12781 12782 12784 12783
f 12789 12791 12787 12785
f 12786 12788 12792 12790
f 12785 12786 12790 12789
f 12791 12792 12788 12787
f 12787 12788 12786 12785
f 12789 12790 12792 12791
f 12797 12799 12795 12793
f 12794 12796 12800 12798
f 12793 12794 12798 12797
f 12799 12800 12796 12795
f 12795 12796 12794 12793
f 12797 12798 12800 12799
f 12805 12807 12803 12801
f 12802 12804 12808 12806
f 12801 12802 12806 12805
f 12807 12808 12804 12803
f 12803 12804 12802 12801
f 12805 12806 12808 12807
f 12813 12815 12811 12809
f 12810 12812 12816 12814
f 12809 12810 12814 12813
f 12815 12816 12812 12811
f 12811 12812 12810 12809
f 12813 12814 12816 12815
f 12821 12823 12819 12817
f 12818 12820 12824 12822
f 12817 12818 12822 12821
f 12823 12824 12820 12819
f 12819 12820 12818 12817
f 12821 12822 12824 12823
f 12829 12831 12827 12825
f 12826 12828 12832 12830
f 12825 12826 12830 12829
f 12831 12832 12828 12827
f 12827 12828 12826 12825
f 12829 12830 12832 12831
f 12837 12839 12835 12833
f 12834 12836 12840 12838
f 12833 12834 12838 12837
f 12839 12840 12836 12835
f 12835 12836 12834 12833
f 12837 12838 12840 12839
f 12845 12847 12843 12841
f 12842 12844 12848 12846
f 12841 12842 12846 12845
f 12847 12848 12844 12843
f 12843 12844 12842 12841
f 12845 12846 12848 12847
f 12853 12855 12851 12849
f 12850 12852 12856 12854
f 12849 12850 12854 12853
f 12855 12856 12852 12851
f 12851 12852 12850 12849
f 12853 12854 12856 12855
f 12861 12863 12859 12857
f 12858 12860 12864 12862
f 12857 12858 12862 12861
f 12863 12864 12860 12859
f 12859 12860 12858 12857
f 12861 12862 12864 12863
f 12869 12871 12867 12865
f 12866 12868 12872 12870
f 12865 12866 12870 12869
f 12871 12872 12868 12867
f 12867 12868 12866 12865
f 12869 12870 12872 12871
f 12877 12879 12875 12873
f 12874 12876 12880 12878
f 12873 12874 12878 12877
f 12879 12880 12876 12875
f 12875 12876 12874 12873
f 12877 12878 12880 12879
f 12885 12887 12883 12881
f 12882 12884 12888 12886
f 12881 12882 12886 12885
f 12887 12888 12884 12883
f 12883 12884 12882 12881
f 12885 12886 12888 12887
f 12893 12895 12891 12889
f 12890 12892 12896 12894
f 12889 12890 12894 12893
f 12895 12896 12892 12891
f 12891 12892 12890 12889
f 12893 12894 12896 12895
f 12901 12903 12899 12897
f 12898 12900 12904 12902
f 12897 12898 12902 12901
f 12903 12904 12900 12899
f 12899 12900 12898 12897
f 12901 12902 12904 12903
f 12909 12911 12907 12905
f 12906 12908 12912 12910
f 12905 12906 12910 12909
f 12911 12912 12908 12907
f 12907 12908 12906 12905
f 12909 12910 12912 12911
f 12917 12919 12915 12913
f 12914 12916 12920 12918
f 12913 12914 12918 12917
f 12919 12920 12916 12915
f 12915 12916 12914 12913
f 12917 12918 12920 12919
f 12925 12927 12923 12921
f 12922 12924 12928 12926
f 12921 12922 12926 12925
f 12927 12928 12924 12923
f 12923 12924 12922 12921
f 12925 12926 12928 12927
f 12933 12935 12931 12929
f 12930 12932 12936 12934
f 12929 12930 12934 12933
f 12935 12936 12932 12931
f 12931 12932 12930 12929
f 12933 12934 12936 12935
f 12941 12943 12939 12937
f 12938 12940 12944 12942
f 12937 12938 12942 12941
f 12943 12944 12940 12939
f 12939 12940 12938 12937
f 12941 12942 12944 12943
f 12949 12951 12947 12945
f 12946 12948 12952 12950
f 12945 12946 12950 12949
f 12951 12952 12948 12947
f 12947 12948 12946 12945
f 12949 12950 12952 12951
f 12957 12959 12955 12953
f 12954 12956 12960 12958
f 12953 12954 12958 12957
f 12959 12960 12956 12955
f 12955 12956 12954 12953
f 12957 12958 12960 12959
f 12965 12967 12963 12961
f 12962 12964 12968 12966
f 12961 12962 12966 12965
f 12967 12968 12964 12963
f 12963 12964 12962 12961
f 12965 12966 12968 12967
f 12973 12975 12971 12969
f 12970 12972 12976 12974
f 12969 12970 12974 12973
f 12975 12976 12972 12971
f 12971 12972 12970 12969
f 12973 12974 12976 12975
f 12981 12983 12979 12977
f 12978 12980 12984 12982
f 12977 12978 12982 12981
f 12983 12984 12980 12979
f 12979 12980 12978 12977
f 12981 12982 12984 12983
f 12989 12991 12987 12985
f 12986 12988 12992 12990
f 12985 12986 12990 12989
f 12991 12992 12988 12987
f 12987 12988 12986 12985
f 12989 12990 12992 12991
f 12997 12999 12995 12993
f 12994 12996 13000 12998
f 12993 12994 12998 12997
f 12999 13000 12996 12995
f 12995 12996 12994 12993
f 12997 12998 13000 12999
f 13005 13007 13003 13001
f 13002 13004 13008 13006
f 13001 13002 13006 13005
f 13007 13008 13004 13003
f 13003 13004 13002 13001
f 13005 13006 13008 13007
f 13013 13015 13011 13009
f 13010 13012 13016 13014
f 13009 13010 13014 13013
f 13015 13016 13012 13011
f 13011 13012 13010 13009
f 13013 13014 13016 13015
f 13021 13023 13019 13017
f 13018 13020 13024 13022
f 13017 13018 13022 13021
f 13023 13024 13020 13019
f 13019 13020 13018 13017
f 13021 13022 13024 13023
f 13029 13031 13027 13025
f 13026 13028 13032 13030
f 13025 13026 13030 13029
f 13031 13032 13028 13027
f 13027 13028 13026 13025
f 13029 13030 13032 13031
f 13037 13039 13035 13033
f 13034 13036 13040 13038
f 13033 13034 13038 13037
f 13039 13040 13036 13035
f 13035 13036 13034 13033
f 13037 13038 13040 13039
f 13045 13047 13043 13041
f 13042 13044 13048 13046
f 13041 13042 13046 13045
f 13047 13048 13044 13043
f 13043 13044 13042 13041
f 13045 13046 13048 13047
f 13053 13055 13051 13049
f 13050 13052 13056 13054
f 13049 13050 13054 13053
f 13055 13056 13052 13051
f 13051 13052 13050 13049
f 13053 13054 13056 13055
f 13061 13063 13059 13057
f 13058 13060 13064 13062
f 13057 13058 13062 13061
f 13063 13064 13060 13059
f 13059 13060 13058 13057
f 13061 13062 13064 13063
f 13069 13071 13067 13065
f 13066 13068 13072 13070
f 13065 13066 13070 13069
f 13071 13072 13068 13067
f 13067 13068 13066 13065
f 13069 13070 13072 13071
f 13077 13079 13075 13073
f 13074 13076 13080 13078
f 13073 13074 13078 13077
f 13079 13080 13076 13075
f 13075 13076 13074 13073
f 13077 13078 13080 13079
f 13085 13087 13083 13081
f 13082 13084 13088 13086
f 13081 13082 13086 13085
f 13087 13088 13084 13083
f 13083 13084 13082 13081
f 13085 13086 13088 13087
f 13093 13095 13091 13089
f 13090 13092 13096 13094
f 13089 13090 13094 13093
f 13095 13096 13092 13091
f 13091 13092 13090 13089
f 13093 13094 13096 13095
f 13101 13103 13099 13097
f 13098 13100 13104 13102
f 13097 13098 13102 13101
f 13103 13104 13100 13099
f 13099 13100 13098 13097
f 13101 13102 13104 13103
f 13109 13111 13107 13105
f 13106 13108 13112 13110
f 13105 13106 13110 13109
f 13111 13112 13108 13107
f 13107 13108 13106 13105
f 13109 13110 13112 13111
f 13117 13119 13115 13113
f 13114 13116 13120 13118
f 13113 13114 13118 13117
f 13119 13120 13116 13115
f 13115 13116 13114 13113
f 13117 13118 13120 13119
f 13125 13127 13123 13121
f 13122 13124 13128 13126
f 13121 13122 13126 13125
f 13127 13128 13124 13123
f 13123 13124 13122 13121
f 13125 13126 13128 13127
f 13133 13135 13131 13129
f 13130 13132 13136 13134
f 13129 13130 13134 13133
f 13135 13136 13132 13131
f 13131 13132 13130 13129
f 13133 13134 13136 13135
f 13141 13143 13139 13137
f 13138 13140 13144 13142
f 13137 13138 13142 13141
f 13143 13144 13140 13139
f 13139 13140 13138 13137
f 13141 13142 13144 13143
f 13149 13151 13147 13145
f 13146 13148 13152 13150
f 13145 13146 13150 13149
f 13151 13152 13148 13147
f 13147 13148 13146 13145
f 13149 13150 13152 13151
f 13157 13159 13155 13153
f 13154 13156 13160 13158
f 13153 13154 13158 13157
f 13159 13160 13156 13155
f 13155 13156 13154 13153
f 13157 13158 13160 13159
f 13165 13167 13163 13161
f 13162 13164 13168 13166
f 13161 13162 13166 13165
f 13167 13168 13164 13163
f 13163 13164 13162 13161
f 13165 13166 13168 13167
f 13173 13175 13171 13169
f 13170 13172 13176 13174
f 13169 13170 13174 13173
f 13175 13176 13172 13171
f 13171 13172 13170 13169
f 13173 13174 13176 13175
f 13181 13183 13179 13177
f 13178 13180 13184 13182
f 13177 13178 13182 13181
f 13183 13184 13180 13179
f 13179 13180 13178 13177
f 13181 13182 13184 13183
f 13189 13191 13187 13185
f 13186 13188 13192 13190
f 13185 13186 13190 13189
f 13191 13192 13188 13187
f 13187 13188 13186 13185
f 13189 13190 13192 13191
f 13197 13199 13195 13193
f 13194 13196 13200 13198
f 13193 13194 13198 13197
f 13199 13200 13196 13195
f 13195 13196 13194 13193
f 13197 13198 13200 13199
f 13205 13207 13203 13201
f 13202 13204 13208 13206
f 13201 13202 13206 13205
f 13207 13208 13204 13203
f 13203 13204 13202 13201
f 13205 13206 13208 13207
f 13213 13215 13211 13209
f 13210 13212 13216 13214
f 13209 13210 13214 13213
f 13215 13216 13212 13211
f 13211 13212 13210 13209
f 13213 13214 13216 13215
f 13221 13223 13219 13217
f 13218 13220 13224 13222
f 13217 13218 13222 13221
f 13223 13224 13220 13219
f 13219 13220 13218 13217
f 13221 13222 13224 13223
f 13229 13231 13227 13225
f 13226 13228 13232 13230
f 13225 13226 13230 13229
f 13231 13232 13228 13227
f 13227 13228 13226 13225
f 13229 13230 13232 13231
f 13237 13239 13235 13233
f 13234 13236 13240 13238
f 13233 13234 13238 13237
f 13239 13240 13236 13235
f 13235 13236 13234 13233
f 13237 13238 13240 13239
f 13245 13247 13243 13241
f 13242 13244 13248 13246
f 13241 13242 13246 13245
f 13247 13248 13244 13243
f 13243 13244 13242 13241
f 13245 13246 13248 13247
f 13253 13255 13251 13249
f 13250 13252 13256 13254
f 13249 13250 13254 13253
f 13255 13256 13252 13251
f 13251 13252 13250 13249
f 13253 13254 13256 13255
f 13261 13263 13259 13257
f 13258 13260 13264 13262
f 13257 13258 13262 13261
f 13263 13264 13260 13259
f 13259 13260 13258 13257
f 13261 13262 13264 13263
f 13269 13271 13267 13265
f 13266 13268 13272 13270
f 13265 13266 13270 13269
f 13271 13272 13268 13267
f 13267 13268 13266 13265
f 13269 13270 13272 13271
f 13277 13279 13275 13273
f 13274 13276 13280 13278
f 13273 13274 13278 13277
f 13279 13280 13276 13275
f 13275 13276 13274 13273
f 13277 13278 13280 13279
f 13285 13287 13283 13281
f 13282 13284 13288 13286
f 13281 13282 13286 13285
f 13287 13288 13284 13283
f 13283 13284 13282 13281
f 13285 13286 13288 13287
f 13293 13295 13291 13289
f 13290 13292 13296 13294
f 13289 13290 13294 13293
f 13295 13296 13292 13291
f 13291 13292 13290 13289
f 13293 13294 13296 13295
f 13301 13303 13299 13297
f 13298 13300 13304 13302
f 13297 13298 13302 13301
f 13303 13304 13300 13299
f 13299 13300 13298 13297
f 13301 13302 13304 13303
f 13309 13311 13307 13305
f 13306 13308 13312 13310
f 13305 13306 13310 13309
f 13311 13312 13308 13307
f 13307 13308 13306 13305
f 13309 13310 13312 13311
f 13317 13319 13315 13313
f 13314 13316 13320 13318
f 13313 13314 13318 13317
f 13319 13320 13316 13315
f 13315 13316 13314 13313
f 13317 13318 13320 13319
f 13325 13327 13323 13321
f 13322 13324 13328 13326
f 13321 13322 13326 13325
f 13327 13328 13324 13323
f 13323 13324 13322 13321
f 13325 13326 13328 13327
f 13333 13335 13331 13329
f 13330 13332 13336 13334
f 13329 13330 13334 13333
f 13335 13336 13332 13331
f 13331 13332 13330 13329
f 13333 13334 13336 13335
f 13341 13343 13339 13337
f 13338 13340 13344 13342
f 13337 13338 13342 13341
f 13343 13344 13340 13339
f 13339 13340 13338 13337
f 13341 13342 13344 13343
f 13349 13351 13347 13345
f 13346 13348 13352 13350
f 13345 13346 13350 13349
f 13351 13352 13348 13347
f 13347 13348 13346 13345
f 13349 13350 13352 13351
f 13357 13359 13355 13353
f 13354 13356 13360 13358
f 13353 13354 13358 13357
f 13359 13360 13356 13355
f 13355 13356 13354 13353
f 13357 13358 13360 13359
f 13365 13367 13363 13361
f 13362 13364 13368 13366
f 13361 13362 13366 13365
f 13367 13368 13364 13363
f 13363 13364 13362 13361
f 13365 13366 13368 13367
f 13373 13375 13371 13369
f 13370 13372 13376 13374
f 13369 13370 13374 13373
f 13375 13376 13372 13371
f 13371 13372 13370 13369
f 13373 13374 13376 13375
f 13381 13383 13379 13377
f 13378 13380 13384 13382
f 13377 13378 13382 13381
f 13383 13384 13380 13379
f 13379 13380 13378 13377
f 13381 13382 13384 13383
f 13389 13391 13387 13385
f 13386 13388 13392 13390
f 13385 13386 13390 13389
f 13391 13392 13388 13387
f 13387 13388 13386 13385
f 13389 13390 13392 13391
f 13397 13399 13395 13393
f 13394 13396 13400 13398
f 13393 13394 13398 13397
f 13399 13400 13396 13395
f 13395 13396 13394 13393
f 13397 13398 13400 13399
f 13405 13407 13403 13401
f 13402 13404 13408 13406
f 13401 13402 13406 13405
f 13407 13408 13404 13403
f 13403 13404 13402 13401
f 13405 13406 13408 13407
f 13413 13415 13411 13409
f 13410 13412 13416 13414
f 13409 13410 13414 13413
f 13415 13416 13412 13411
f 13411 13412 13410 13409
f 13413 13414 13416 13415
f 13421 13423 13419 13417
f 13418 13420 13424 13422
f 13417 13418 13422 13421
f 13423 13424 13420 13419
f 13419 13420 13418 13417
f 13421 13422 13424 13423
f 13429 13431 13427 13425
f 13426 13428 13432 13430
f 13425 13426 13430 13429
f 13431 13432 13428 13427
f 13427 13428 13426 13425
f 13429 13430 13432 13431
f 13437 13439 13435 13433
f 13434 13436 13440 13438
f 13433 13434 13438 13437
f 13439 13440 13436 13435
f 13435 13436 13434 13433
f 13437 13438 13440 13439
f 13445 13447 13443 13441
f 13442 13444 13448 13446
f 13441 13442 13446 13445
f 13447 13448 13444 13443
f 13443 13444 13442 13441
f 13445 13446 13448 13447
f 13453 13455 13451 13449
f 13450 13452 13456 13454
f 13449 13450 13454 13453
f 13455 13456 13452 13451
f 13451 13452 13450 13449
f 13453 13454 13456 13455
f 13461 13463 13459 13457
f 13458 13460 13464 13462
f 13457 13458 13462 13461
f 13463 13464 13460 13459
f 13459 13460 13458 13457
f 13461 13462 13464 13463
f 13469 13471 13467 13465
f 13466 13468 13472 13470
f 13465 13466 13470 13469
f 13471 13472 13468 13467
f 13467 13468 13466 13465
f 13469 13470 13472 13471
f 13477 13479 13475 13473
f 13474 13476 13480 13478
f 13473 13474 13478 13477
f 13479 13480 13476 13475
f 13475 13476 13474 13473
f 13477 13478 13480 13479
f 13485 13487 13483 13481
f 13482 13484 13488 13486
f 13481 13482 13486 13485
f 13487 13488 13484 13483
f 13483 13484 13482 13481
f 13485 13486 13488 13487
f 13493 13495 13491 13489
f 13490 13492 13496 13494
f 13489 13490 13494 13493
f 13495 13496 13492 13491
f 13491 13492 13490 13489
f 13493 13494 13496 13495
f 13501 13503 13499 13497
f 13498 13500 13504 13502
f 13497 13498 13502 13501
f 13503 13504 13500 13499
f 13499 13500 13498 13497
f 13501 13502 13504 13503
f 13509 13511 13507 13505
f 13506 13508 13512 13510
f 13505 13506 13510 13509
f 13511 13512 13508 13507
f 13507 13508 13506 13505
f 13509 13510 13512 13511
f 13517 13519 13515 13513
f 13514 13516 13520 13518
f 13513 13514 13518 13517
f 13519 13520 13516 13515
f 13515 13516 13514 13513
f 13517 13518 13520 13519
f 13525 13527 13523 13521
f 13522 13524 13528 13526
f 13521 13522 13526 13525
f 13527 13528 13524 13523
f 13523 13524 13522 13521
f 13525 13526 13528 13527
f 13533 13535 13531 13529
f 13530 13532 13536 13534
f 13529 13530 13534 13533
f 13535 13536 13532 13531
f 13531 13532 13530 13529
f 13533 13534 13536 13535
f 13541 13543 13539 13537
f 13538 13540 13544 13542
f 13537 13538 13542 13541
f 13543 13544 13540 13539
f 13539 13540 13538 13537
f 13541 13542 13544 13543
f 13549 13551 13547 13545
f 13546 13548 13552 13550
f 13545 13546 13550 13549
f 13551 13552 13548 13547
f 13547 13548 13546 13545
f 13549 13550 13552 13551
f 13557 13559 13555 13553
f 13554 13556 13560 13558
f 13553 13554 13558 13557
f 13559 13560 13556 13555
f 13555 13556 13554 13553
f 13557 13558 13560 13559
f 13565 13567 13563 13561
f 13562 13564 13568 13566
f 13561 13562 13566 13565
f 13567 13568 13564 13563
f 13563 13564 13562 13561
f 13565 13566 13568 13567
f 13573 13575 13571 13569
f 13570 13572 13576 13574
f 13569 13570 13574 13573
f 13575 13576 13572 13571
f 13571 13572 13570 13569
f 13573 13574 13576 13575
f 13581 13583 13579 13577
f 13578 13580 13584 13582
f 13577 13578 13582 13581
f 13583 13584 13580 13579
f 13579 13580 13578 13577
f 13581 13582 13584 13583
f 13589 13591 13587 13585
f 13586 13588 13592 13590
f 13585 13586 13590 13589
f 13591 13592 13588 13587
f 13587 13588 13586 13585
f 13589 13590 13592 13591
f 13597 13599 13595 13593
f 13594 13596 13600 13598
f 13593 13594 13598 13597
f 13599 13600 13596 13595
f 13595 13596 13594 13593
f 13597 13598 13600 13599
f 13605 13607 13603 13601
f 13602 13604 13608 13606
f 13601 13602 13606 13605
f 13607 13608 13604 13603
f 13603 13604 13602 13601
f 13605 13606 13608 13607
f 13613 13615 13611 13609
f 13610 13612 13616 13614
f 13609 13610 13614 13613
f 13615 13616 13612 13611
f 13611 13612 13610 13609
f 13613 13614 13616 13615
f 13621 13623 13619 13617
f 13618 13620 13624 13622
f 13617 13618 13622 13621
f 13623 13624 13620 13619
f 13619 13620 13618 13617
f 13621 13622 13624 13623
f 13629 13631 13627 13625
f 13626 13628 13632 13630
f 13625 13626 13630 13629
f 13631 13632 13628 13627
f 13627 13628 13626 13625
f 13629 13630 13632 13631
f 13637 13639 13635 13633
f 13634 13636 13640 13638
f 13633 13634 13638 13637
f 13639 13640 13636 13635
f 13635 13636 13634 13633
f 13637 13638 13640 13639
f 13645 13647 13643 13641
f 13642 13644 13648 13646
f 13641 13642 13646 13645
f 13647 13648 13644 13643
f 13643 13644 13642 13641
f 13645 13646 13648 13647
f 13653 13655 13651 13649
f 13650 13652 13656 13654
f 13649 13650 13654 13653
f 13655 13656 13652 13651
f 13651 13652 13650 13649
f 13653 13654 13656 13655
f 13661 13663 13659 13657
f 13658 13660 13664 13662
f 13657 13658 13662 13661
f 13663 13664 13660 13659
f 13659 13660 13658 13657
f 13661 13662 13664 13663
f 13669 13671 13667 13665
f 13666 13668 13672 13670
f 13665 13666 13670 13669
f 13671 13672 13668 13667
f 13667 13668 13666 13665
f 13669 13670 13672 13671
f 13677 13679 13675 13673
f 13674 13676 13680 13678
f 13673 13674 13678 13677
f 13679 13680 13676 13675
f 13675 13676 13674 13673
f 13677 13678 13680 13679
f 13685 13687 13683 13681
f 13682 13684 13688 13686
f 13681 13682 13686 13685
f 13687 13688 13684 13683
f 13683 13684 13682 13681
f 13685 13686 13688 13687
f 13693 13695 13691 13689
f 13690 13692 13696 13694
f 13689 13690 13694 13693
f 13695 13696 13692 13691
f 13691 13692 13690 13689
f 13693 13694 13696 13695
f 13701 13703 13699 13697
f 13698 13700 13704 13702
f 13697 13698 13702 13701
f 13703 13704 13700 13699
f 13699 13700 13698 13697
f 13701 13702 13704 13703
f 13709 13711 13707 13705
f 13706 13708 13712 13710
f 13705 13706 13710 13709
f 13711 13712 13708 13707
f 13707 13708 13706 13705
f 13709 13710 13712 13711
f 13717 13719 13715 13713
f 13714 13716 13720 13718
f 13713 13714 13718 13717
f 13719 13720 13716 13715
f 13715 13716 13714 13713
f 13717 13718 13720 13719
f 13725 13727 13723 13721
f 13722 13724 13728 13726
f 13721 13722 13726 13725
f 13727 13728 13724 13723
f 13723 13724 13722 13721
f 13725 13726 13728 13727
f 13733 13735 13731 13729
f 13730 13732 13736 13734
f 13729 13730 13734 13733
f 13735 13736 13732 13731
f 13731 13732 13730 13729
f 13733 13734 13736 13735
f 13741 13743 13739 13737
f 13738 13740 13744 13742
f 13737 13738 13742 13741
f 13743 13744 13740 13739
f 13739 13740 13738 13737
f 13741 13742 13744 13743
f 13749 13751 13747 13745
f 13746 13748 13752 13750
f 13745 13746 13750 13749
f 13751 13752 13748 13747
f 13747 13748 13746 13745
f 13749 13750 13752 13751
f 13757 13759 13755 13753
f 13754 13756 13760 13758
f 13753 13754 13758 13757
f 13759 13760 13756 13755
f 13755 13756 13754 13753
f 13757 13758 13760 13759
f 13765 13767 13763 13761
f 13762 13764 13768 13766
f 13761 13762 13766 13765
f 13767 13768 13764 13763
f 13763 13764 13762 13761
f 13765 13766 13768 13767
f 13773 13775 13771 13769
f 13770 13772 13776 13774
f 13769 13770 13774 13773
f 13775 13776 13772 13771
f 13771 13772 13770 13769
f 13773 13774 13776 13775
f 13781 13783 13779 13777
f 13778 13780 13784 13782
f 13777 13778 13782 13781
f 13783 13784 13780 13779
f 13779 13780 13778 13777
f 13781 13782 13784 13783
f 13789 13791 13787 13785
f 13786 13788 13792 13790
f 13785 13786 13790 13789
f 13791 13792 13788 13787
f 13787 13788 13786 13785
f 13789 13790 13792 13791
f 13797 13799 13795 13793
f 13794 13796 13800 13798
f 13793 13794 13798 13797
f 13799 13800 13796 13795
f 13795 13796 13794 13793
f 13797 13798 13800 13799
f 13805 13807 13803 13801
f 13802 13804 13808 13806
f 13801 13802 13806 13805
f 13807 13808 13804 13803
f 13803 13804 13802 13801
f 13805 13806 13808 13807
f 13813 13815 13811 13809
f 13810 13812 13816 13814
f 13809 13810 13814 13813
f 13815 13816 13812 13811
f 13811 13812 13810 13809
f 13813 13814 13816 13815
f 13821 13823 13819 13817
f 13818 13820 13824 13822
f 13817 13818 13822 13821
f 13823 13824 13820 13819
f 13819 13820 13818 13817
f 13821 13822 13824 13823
f 13829 13831 13827 13825
f 13826 13828 13832 13830
f 13825 13826 13830 13829
f 13831 13832 13828 13827
f 13827 13828 13826 13825
f 13829 13830 13832 13831
f 13837 13839 13835 13833
f 13834 13836 13840 13838
f 13833 13834 13838 13837
f 13839 13840 13836 13835
f 13835 13836 13834 13833
f 13837 13838 13840 13839
f 13845 13847 13843 13841
f 13842 13844 13848 13846
f 13841 13842 13846 13845
f 13847 13848 13844 13843
f 13843 13844 13842 13841
f 13845 13846 13848 13847
f 13853 13855 13851 13849
f 13850 13852 13856 13854
f 13849 13850 13854 13853
f 13855 13856 13852 13851
f 13851 13852 13850 13849
f 13853 13854 13856 13855
f 13861 13863 13859 13857
f 13858 13860 13864 13862
f 13857 13858 13862 13861
f 13863 13864 13860 13859
f 13859 13860 13858 13857
f 13861 13862 13864 13863
f 13869 13871 13867 13865
f 13866 13868 13872 13870
f 13865 13866 13870 13869
f 13871 13872 13868 13867
f 13867 13868 13866 13865
f 13869 13870 13872 13871
f 13877 13879 13875 13873
f 13874 13876 13880 13878
f 13873 13874 13878 13877
f 13879 13880 13876 13875
f 13875 13876 13874 13873
f 13877 13878 13880 13879
f 13885 13887 13883 13881
f 13882 13884 13888 13886
f 13881 13882 13886 13885
f 13887 13888 13884 13883
f 13883 13884 13882 13881
f 13885 13886 13888 13887
f 13893 13895 13891 13889
f 13890 13892 13896 13894
f 13889 13890 13894 13893
f 13895 13896 13892 13891
f 13891 13892 13890 13889
f 13893 13894 13896 13895
f 13901 13903 13899 13897
f 13898 13900 13904 13902
f 13897 13898 13902 13901
f 13903 13904 13900 13899
f 13899 13900 13898 13897
f 13901 13902 13904 13903
f 13909 13911 13907 13905
f 13906 13908 13912 13910
f 13905 13906 13910 13909
f 13911 13912 13908 13907
f 13907 13908 13906 13905
f 13909 13910 13912 13911
f 13917 13919 13915 13913
f 13914 13916 13920 13918
f 13913 13914 13918 13917
f 13919 13920 13916 13915
f 13915 13916 13914 13913
f 13917 13918 13920 13919
f 13925 13927 13923 13921
f 13922 13924 13928 13926
f 13921 13922 13926 13925
f 13927 13928 13924 13923
f 13923 13924 13922 13921
f 13925 13926 13928 13927
f 13933 13935 13931 13929
f 13930 13932 13936 13934
f 13929 13930 13934 13933
f 13935 13936 13932 13931
f 13931 13932 13930 13929
f 13933 13934 13936 13935
f 13941 13943 13939 13937
f 13938 13940 13944 13942
f 13937 13938 13942 13941
f 13943 13944 13940 13939
f 13939 13940 13938 13937
f 13941 13942 13944 13943
f 13949 13951 13947 13945
f 13946 13948 13952 13950
f 13945 13946 13950 13949
f 13951 13952 13948 13947
f 13947 13948 13946 13945
f 13949 13950 13952 13951
f 13957 13959 13955 13953
f 13954 13956 13960 13958
f 13953 13954 13958 13957
f 13959 13960 13956 13955
f 13955 13956 13954 13953
f 13957 13958 13960 13959
f 13965 13967 13963 13961
f 13962 13964 13968 13966
f 13961 13962 13966 13965
f 13967 13968 13964 13963
f 13963 13964 13962 13961
f 13965 13966 13968 13967
f 13973 13975 13971 13969
f 13970 13972 13976 13974
f 13969 13970 13974 13973
f 13975 13976 13972 13971
f 13971 13972 13970 13969
f 13973 13974 13976 13975
f 13981 13983 13979 13977
f 13978 13980 13984 13982
f 13977 13978 13982 13981
f 13983 13984 13980 13979
f 13979 13980 13978 13977
f 13981 13982 13984 13983
f 13989 13991 13987 13985
f 13986 13988 13992 13990
f 13985 13986 13990 13989
f 13991 13992 13988 13987
f 13987 13988 13986 13985
f 13989 13990 13992 13991
f 13997 13999 13995 13993
f 13994 13996 14000 13998
f 13993 13994 13998 13997
f 13999 14000 13996 13995
f 13995 13996 13994 13993
f 13997 13998 14000 13999
f 14005 14007 14003 14001
f 14002 14004 14008 14006
f 14001 14002 14006 14005
f 14007 14008 14004 14003
f 14003 14004 14002 14001
f 14005 14006 14008 14007
f 14013 14015 14011 14009
f 14010 14012 14016 14014
f 14009 14010 14014 14013
f 14015 14016 14012 14011
f 14011 14012 14010 14009
f 14013 14014 14016 14015
f 14021 14023 14019 14017
f 14018 14020 14024 14022
f 14017 14018 14022 14021
f 14023 14024 14020 14019
f 14019 14020 14018 14017
f 14021 14022 14024 14023
f 14029 14031 14027 14025
f 14026 14028 14032 14030
f 14025 14026 14030 14029
f 14031 14032 14028 14027
f 14027 14028 14026 14025
f 14029 14030 14032 14031
f 14037 14039 14035 14033
f 14034 14036 14040 14038
f 14033 14034 14038 14037
f 14039 14040 14036 14035
f 14035 14036 14034 14033
f 14037 14038 14040 14039
f 14045 14047 14043 14041
f 14042 14044 14048 14046
f 14041 14042 14046 14045
f 14047 14048 14044 14043
f 14043 14044 14042 14041
f 14045 14046 14048 14047
f 14053 14055 14051 14049
f 14050 14052 14056 14054
f 14049 14050 14054 14053
f 14055 14056 14052 14051
f 14051 14052 14050 14049
f 14053 14054 14056 14055
f 14061 14063 14059 14057
f 14058 14060 14064 14062
f 14057 14058 14062 14061
f 14063 14064 14060 14059
f 14059 14060 14058 14057
f 14061 14062 14064 14063
f 14069 14071 14067 14065
f 14066 14068 14072 14070
f 14065 14066 14070 14069
f 14071 14072 14068 14067
f 14067 14068 14066 14065
f 14069 14070 14072 14071
f 14077 14079 14075 14073
f 14074 14076 14080 14078
f 14073 14074 14078 14077
f 14079 14080 14076 14075
f 14075 14076 14074 14073
f 14077 14078 14080 14079
f 14085 14087 14083 14081
f 14082 14084 14088 14086
f 14081 14082 14086 14085
f 14087 14088 14084 14083
f 14083 14084 14082 14081
f 14085 14086 14088 14087
f 14093 14095 14091 14089
f 14090 14092 14096 14094
f 14089 14090 14094 14093
f 14095 14096 14092 14091
f 14091 14092 14090 14089
f 14093 14094 14096 14095
f 14101 14103 14099 14097
f 14098 14100 14104 14102
f 14097 14098 14102 14101
f 14103 14104 14100 14099
f 14099 14100 14098 14097
f 14101 14102 14104 14103
f 14109 14111 14107 14105
f 14106 14108 14112 14110
f 14105 14106 14110 14109
f 14111 14112 14108 14107
f 14107 14108 14106 14105
f 14109 14110 14112 14111
f 14117 14119 14115 14113
f 14114 14116 14120 14118
f 14113 14114 14118 14117
f 14119 14120 14116 14115
f 14115 14116 14114 14113
f 14117 14118 14120 14119
f 14125 14127 14123 14121
f 14122 14124 14128 14126
f 14121 14122 14126 14125
f 14127 14128 14124 14123
f 14123 14124 14122 14121
f 14125 14126 14128 14127
f 14133 14135 14131 14129
f 14130 14132 14136 14134
f 14129 14130 14134 14133
f 14135 14136 14132 14131
f 14131 14132 14130 14129
f 14133 14134 14136 14135
f 14141 14143 14139 14137
f 14138 14140 14144 14142
f 14137 14138 14142 14141
f 14143 14144 14140 14139
f 14139 14140 14138 14137
f 14141 14142 14144 14143
f 14149 14151 14147 14145
f 14146 14148 14152 14150
f 14145 14146 14150 14149
f 14151 14152 14148 14147
f 14147 14148 14146 14145
f 14149 14150 14152 14151
f 14157 14159 14155 14153
f 14154 14156 14160 14158
f 14153 14154 14158 14157
f 14159 14160 14156 14155
f 14155 14156 14154 14153
f 14157 14158 14160 14159
f 14165 14167 14163 14161
f 14162 14164 14168 14166
f 14161 14162 14166 14165
f 14167 14168 14164 14163
f 14163 14164 14162 14161
f 14165 14166 14168 14167
f 14173 14175 14171 14169
f 14170 14172 14176 14174
f 14169 14170 14174 14173
f 14175 14176 14172 14171
f 14171 14172 14170 14169
f 14173 14174 14176 14175
f 14181 14183 14179 14177
f 14178 14180 14184 14182
f 14177 14178 14182 14181
f 14183 14184 14180 14179
f 14179 14180 14178 14177
f 14181 14182 14184 14183
f 14189 14191 14187 14185
f 14186 14188 14192 14190
f 14185 14186 14190 14189
f 14191 14192 14188 14187
f 14187 14188 14186 14185
f 14189 14190 14192 14191
f 14197 14199 14195 14193
f 14194 14196 14200 14198
f 14193 14194 14198 14197
f 14199 14200 14196 14195
f 14195 14196 14194 14193
f 14197 14198 14200 14199
f 14205 14207 14203 14201
f 14202 14204 14208 14206
f 14201 14202 14206 14205
f 14207 14208 14204 14203
f 14203 14204 14202 14201
f 14205 14206 14208 14207
f 14213 14215 14211 14209
f 14210 14212 14216 14214
f 14209 14210 14214 14213
f 14215 14216 14212 14211
f 14211 14212 14210 14209
f 14213 14214 14216 14215
f 14221 14223 14219 14217
f 14218 14220 14224 14222
f 14217 14218 14222 14221
f 14223 14224 14220 14219
f 14219 14220 14218 14217
f 14221 14222 14224 14223
f 14229 14231 14227 14225
f 14226 14228 14232 14230
f 14225 14226 14230 14229
f 14231 14232 14228 14227
f 14227 14228 14226 14225
f 14229 14230 14232 14231
f 14237 14239 14235 14233
f 14234 14236 14240 14238
f 14233 14234 14238 14237
f 14239 14240 14236 14235
f 14235 14236 14234 14233
f 14237 14238 14240 14239
f 14245 14247 14243 14241
f 14242 14244 14248 14246
f 14241 14242 14246 14245
f 14247 14248 14244 14243
f 14243 14244 14242 14241
f 14245 14246 14248 14247
f 14253 14255 14251 14249
f 14250 14252 14256 14254
f 14249 14250 14254 14253
f 14255 14256 14252 14251
f 14251 14252 14250 14249
f 14253 14254 14256 14255
f 14261 14263 14259 14257
f 14258 14260 14264 14262
f 14257 14258 14262 14261
f 14263 14264 14260 14259
f 14259 14260 14258 14257
f 14261 14262 14264 14263
f 14269 14271 14267 14265
f 14266 14268 14272 14270
f 14265 14266 14270 14269
f 14271 14272 14268 14267
f 14267 14268 14266 14265
f 14269 14270 14272 14271
f 14277 14279 14275 14273
f 14274 14276 14280 14278
f 14273 14274 14278 14277
f 14279 14280 14276 14275
f 14275 14276 14274 14273
f 14277 14278 14280 14279
f 14285 14287 14283 14281
f 14282 14284 14288 14286
f 14281 14282 14286 14285
f 14287 14288 14284 14283
f 14283 14284 14282 14281
f 14285 14286 14288 14287
f 14293 14295 14291 14289
f 14290 14292 14296 14294
f 14289 14290 14294 14293
f 14295 14296 14292 14291
f 14291 14292 14290 14289
f 14293 14294 14296 14295
f 14301 14303 14299 14297
f 14298 14300 14304 14302
f 14297 14298 14302 14301
f 14303 14304 14300 14299
f 14299 14300 14298 14297
f 14301 14302 14304 14303
f 14309 14311 14307 14305
f 14306 14308 14312 14310
f 14305 14306 14310 14309
f 14311 14312 14308 14307
f 14307 14308 14306 14305
f 14309 14310 14312 14311
f 14317 14319 14315 14313
f 14314 14316 14320 14318
f 14313 14314 14318 14317
f 14319 14320 14316 14315
f 14315 14316 14314 14313
f 14317 14318 14320 14319
f 14325 14327 14323 14321
f 14322 14324 14328 14326
f 14321 14322 14326 14325
f 14327 14328 14324 14323
f 14323 14324 14322 14321
f 14325 14326 14328 14327
f 14333 14335 14331 14329
f 14330 14332 14336 14334
f 14329 14330 14334 14333
f 14335 14336 14332 14331
f 14331 14332 14330 14329
f 14333 14334 14336 14335
f 14341 14343 14339 14337
f 14338 14340 14344 14342
f 14337 14338 14342 14341
f 14343 14344 14340 14339
f 14339 14340 14338 14337
f 14341 14342 14344 14343
f 14349 14351 14347 14345
f 14346 14348 14352 14350
f 14345 14346 14350 14349
f 14351 14352 14348 14347
f 14347 14348 14346 14345
f 14349 14350 14352 14351
f 14357 14359 14355 14353
f 14354 14356 14360 14358
f 14353 14354 14358 14357
f 14359 14360 14356 14355
f 14355 14356 14354 14353
f 14357 14358 14360 14359
f 14365 14367 14363 14361
f 14362 14364 14368 14366
f 14361 14362 14366 14365
f 14367 14368 14364 14363
f 14363 14364 14362 14361
f 14365 14366 14368 14367
f 14373 14375 14371 14369
f 14370 14372 14376 14374
f 14369 14370 14374 14373
f 14375 14376 14372 14371
f 14371 14372 14370 14369
f 14373 14374 14376 14375
f 14381 14383 14379 14377
f 14378 14380 14384 14382
f 14377 14378 14382 14381
f 14383 14384 14380 14379
f 14379 14380 14378 14377
f 14381 14382 14384 14383
f 14389 14391 14387 14385
f 14386 14388 14392 14390
f 14385 14386 14390 14389
f 14391 14392 14388 14387
f 14387 14388 14386 14385
f 14389 14390 14392 14391
f 14397 14399 14395 14393
f 14394 14396 14400 14398
f 14393 14394 14398 14397
f 14399 14400 14396 14395
f 14395 14396 14394 14393
f 14397 14398 14400 14399
f 14405 14407 14403 14401
f 14402 14404 14408 14406
f 14401 14402 14406 14405
f 14407 14408 14404 14403
f 14403 14404 14402 14401
f 14405 14406 14408 14407
f 14413 14415 14411 14409
f 14410 14412 14416 14414
f 14409 14410 14414 14413
f 14415 14416 14412 14411
f 14411 14412 14410 14409
f 14413 14414 14416 14415
f 14421 14423 14419 14417
f 14418 14420 14424 14422
f 14417 14418 14422 14421
f 14423 14424 14420 14419
f 14419 14420 14418 14417
f 14421 14422 14424 14423
f 14429 14431 14427 14425
f 14426 14428 14432 14430
f 14425 14426 14430 14429
f 14431 14432 14428 14427
f 14427 14428 14426 14425
f 14429 14430 14432 14431
f 14437 14439 14435 14433
f 14434 14436 14440 14438
f 14433 14434 14438 14437
f 14439 14440 14436 14435
f 14435 14436 14434 14433
f 14437 14438 14440 14439
f 14445 14447 14443 14441
f 14442 14444 14448 14446
f 14441 14442 14446 14445
f 14447 14448 14444 14443
f 14443 14444 14442 14441
f 14445 14446 14448 14447
f 14453 14455 14451 14449
f 14450 14452 14456 14454
f 14449 14450 14454 14453
f 14455 14456 14452 14451
f 14451 14452 14450 14449
f 14453 14454 14456 14455
f 14461 14463 14459 14457
f 14458 14460 14464 14462
f 14457 14458 14462 14461
f 14463 14464 14460 14459
f 14459 14460 14458 14457
f 14461 14462 14464 14463
f 14469 14471 14467 14465
f 14466 14468 14472 14470
f 14465 14466 14470 14469
f 14471 14472 14468 14467
f 14467 14468 14466 14465
f 14469 14470 14472 14471
f 14477 14479 14475 14473
f 14474 14476 14480 14478
f 14473 14474 14478 14477
f 14479 14480 14476 14475
f 14475 14476 14474 14473
f 14477 14478 14480 14479
f 14485 14487 14483 14481
f 14482 14484 14488 14486
f 14481 14482 14486 14485
f 14487 14488 14484 14483
f 14483 14484 14482 14481
f 14485 14486 14488 14487
f 14493 14495 14491 14489
f 14490 14492 14496 14494
f 14489 14490 14494 14493
f 14495 14496 14492 14491
f 14491 14492 14490 14489
f 14493 14494 14496 14495
f 14501 14503 14499 14497
f 14498 14500 14504 14502
f 14497 14498 14502 14501
f 14503 14504 14500 14499
f 14499 14500 14498 14497
f 14501 14502 14504 14503
f 14509 14511 14507 14505
f 14506 14508 14512 14510
f 14505 14506 14510 14509
f 14511 14512 14508 14507
f 14507 14508 14506 14505
f 14509 14510 14512 14511
f 14517 14519 14515 14513
f 14514 14516 14520 14518
f 14513 14514 14518 14517
f 14519 14520 14516 14515
f 14515 14516 14514 14513
f 14517 14518 14520 14519
f 14525 14527 14523 14521
f 14522 14524 14528 14526
f 14521 14522 14526 14525
f 14527 14528 14524 14523
f 14523 14524 14522 14521
f 14525 14526 14528 14527
f 14533 14535 14531 14529
f 14530 14532 14536 14534
f 14529 14530 14534 14533
f 14535 14536 14532 14531
f 14531 14532 14530 14529
f 14533 14534 14536 14535
f 14541 14543 14539 14537
f 14538 14540 14544 14542
f 14537 14538 14542 14541
f 14543 14544 14540 14539
f 14539 14540 14538 14537
f 14541 14542 14544 14543
f 14549 14551 14547 14545
f 14546 14548 14552 14550
f 14545 14546 14550 14549
f 14551 14552 14548 14547
f 14547 14548 14546 14545
f 14549 14550 14552 14551
f 14557 14559 14555 14553
f 14554 14556 14560 14558
f 14553 14554 14558 14557
f 14559 14560 14556 14555
f 14555 14556 14554 14553
f 14557 14558 14560 14559
f 14565 14567 14563 14561
f 14562 14564 14568 14566
f 14561 14562 14566 14565
f 14567 14568 14564 14563
f 14563 14564 14562 14561
f 14565 14566 14568 14567
f 14573 14575 14571 14569
f 14570 14572 14576 14574
f 14569 14570 14574 14573
f 14575 14576 14572 14571
f 14571 14572 14570 14569
f 14573 14574 14576 14575
f 14581 14583 14579 14577
f 14578 14580 14584 14582
f 14577 14578 14582 14581
f 14583 14584 14580 14579
f 14579 14580 14578 14577
f 14581 14582 14584 14583
f 14589 14591 14587 14585
f 14586 14588 14592 14590
f 14585 14586 14590 14589
f 14591 14592 14588 14587
f 14587 14588 14586 14585
f 14589 14590 14592 14591
f 14597 14599 14595 14593
f 14594 14596 14600 14598
f 14593 14594 14598 14597
f 14599 14600 14596 14595
f 14595 14596 14594 14593
f 14597 14598 14600 14599
f 14605 14607 14603 14601
f 14602 14604 14608 14606
f 14601 14602 14606 14605
f 14607 14608 14604 14603
f 14603 14604 14602 14601
f 14605 14606 14608 14607
f 14613 14615 14611 14609
f 14610 14612 14616 14614
f 14609 14610 14614 14613
f 14615 14616 14612 14611
f 14611 14612 14610 14609
f 14613 14614 14616 14615
f 14621 14623 14619 14617
f 14618 14620 14624 14622
f 14617 14618 14622 14621
f 14623 14624 14620 14619
f 14619 14620 14618 14617
f 14621 14622 14624 14623
f 14629 14631 14627 14625
f 14626 14628 14632 14630
f 14625 14626 14630 14629
f 14631 14632 14628 14627
f 14627 14628 14626 14625
f 14629 14630 14632 14631
f 14637 14639 14635 14633
f 14634 14636 14640 14638
f 14633 14634 14638 14637
f 14639 14640 14636 14635
f 14635 14636 14634 14633
f 14637 14638 14640 14639
f 14645 14647 14643 14641
f 14642 14644 14648 14646
f 14641 14642 14646 14645
f 14647 14648 14644 14643
f 14643 14644 14642 14641
f 14645 14646 14648 14647
f 14653 14655 14651 14649
f 14650 14652 14656 14654
f 14649 14650 14654 14653
f 14655 14656 14652 14651
f 14651 14652 14650 14649
f 14653 14654 14656 14655
f 14661 14663 14659 14657
f 14658 14660 14664 14662
f 14657 14658 14662 14661
f 14663 14664 14660 14659
f 14659 14660 14658 14657
f 14661 14662 14664 14663
f 14669 14671 14667 14665
f 14666 14668 14672 14670
f 14665 14666 14670 14669
f 14671 14672 14668 14667
f 14667 14668 14666 14665
f 14669 14670 14672 14671
f 14677 14679 14675 14673
f 14674 14676 14680 14678
f 14673 14674 14678 14677
f 14679 14680 14676 14675
f 14675 14676 14674 14673
f 14677 14678 14680 14679
f 14685 14687 14683 14681
f 14682 14684 14688 14686
f 14681 14682 14686 14685
f 14687 14688 14684 14683
f 14683 14684 14682 14681
f 14685 14686 14688 14687
f 14693 14695 14691 14689
f 14690 14692 14696 14694
f 14689 14690 14694 14693
f 14695 14696 14692 14691
f 14691 14692 14690 14689
f 14693 14694 14696 14695
f 14701 14703 14699 14697
f 14698 14700 14704 14702
f 14697 14698 14702 14701
f 14703 14704 14700 14699
f 14699 14700 14698 14697
f 14701 14702 14704 14703
f 14709 14711 14707 14705
f 14706 14708 14712 14710
f 14705 14706 14710 14709
f 14711 14712 14708 14707
f 14707 14708 14706 14705
f 14709 14710 14712 14711
f 14717 14719 14715 14713
f 14714 14716 14720 14718
f 14713 14714 14718 14717
f 14719 14720 14716 14715
f 14715 14716 14714 14713
f 14717 14718 14720 14719
f 14725 14727 14723 14721
f 14722 14724 14728 14726
f 14721 14722 14726 14725
f 14727 14728 14724 14723
f 14723 14724 14722 14721
f 14725 14726 14728 14727
f 14733 14735 14731 14729
f 14730 14732 14736 14734
f 14729 14730 14734 14733
f 14735 14736 14732 14731
f 14731 14732 14730 14729
f 14733 14734 14736 14735
f 14741 14743 14739 14737
f 14738 14740 14744 14742
f 14737 14738 14742 14741
f 14743 14744 14740 14739
f 14739 14740 14738 14737
f 14741 14742 14744 14743
f 14749 14751 14747 14745
f 14746 14748 14752 14750
f 14745 14746 14750 14749
f 14751 14752 14748 14747
f 14747 14748 14746 14745
f 14749 14750 14752 14751
f 14757 14759 14755 14753
f 14754 14756 14760 14758
f 14753 14754 14758 14757
f 14759 14760 14756 14755
f 14755 14756 14754 14753
f 14757 14758 14760 14759
f 14765 14767 14763 14761
f 14762 14764 14768 14766
f 14761 14762 14766 14765
f 14767 14768 14764 14763
f 14763 14764 14762 14761
f 14765 14766 14768 14767
f 14773 14775 14771 14769
f 14770 14772 14776 14774
f 14769 14770 14774 14773
f 14775 14776 14772 14771
f 14771 14772 14770 14769
f 14773 14774 14776 14775
f 14781 14783 14779 14777
f 14778 14780 14784 14782
f 14777 14778 14782 14781
f 14783 14784 14780 14779
f 14779 14780 14778 14777
f 14781 14782 14784 14783
f 14789 14791 14787 14785
f 14786 14788 14792 14790
f 14785 14786 14790 14789
f 14791 14792 14788 14787
f 14787 14788 14786 14785
f 14789 14790 14792 14791
f 14797 14799 14795 14793
f 14794 14796 14800 14798
f 14793 14794 14798 14797
f 14799 14800 14796 14795
f 14795 14796 14794 14793
f 14797 14798 14800 14799
f 14805 14807 14803 14801
f 14802 14804 14808 14806
f 14801 14802 14806 14805
f 14807 14808 14804 14803
f 14803 14804 14802 14801
f 14805 14806 14808 14807
f 14813 14815 14811 14809
f 14810 14812 14816 14814
f 14809 14810 14814 14813
f 14815 14816 14812 14811
f 14811 14812 14810 14809
f 14813 14814 14816 14815
f 14821 14823 14819 14817
f 14818 14820 14824 14822
f 14817 14818 14822 14821
f 14823 14824 14820 14819
f 14819 14820 14818 14817
f 14821 14822 14824 14823
f 14829 14831 14827 14825
f 14826 14828 14832 14830
f 14825 14826 14830 14829
f 14831 14832 14828 14827
f 14827 14828 14826 14825
f 14829 14830 14832 14831
f 14837 14839 14835 14833
f 14834 14836 14840 14838
f 14833 14834 14838 14837
f 14839 14840 14836 14835
f 14835 14836 14834 14833
f 14837 14838 14840 14839
f 14845 14847 14843 14841
f 14842 14844 14848 14846
f 14841 14842 14846 14845
f 14847 14848 14844 14843
f 14843 14844 14842 14841
f 14845 14846 14848 14847
f 14853 14855 14851 14849
f 14850 14852 14856 14854
f 14849 14850 14854 14853
f 14855 14856 14852 14851
f 14851 14852 14850 14849
f 14853 14854 14856 14855
f 14861 14863 14859 14857
f 14858 14860 14864 14862
f 14857 14858 14862 14861
f 14863 14864 14860 14859
f 14859 14860 14858 14857
f 14861 14862 14864 14863
f 14869 14871 14867 14865
f 14866 14868 14872 14870
f 14865 14866 14870 14869
f 14871 14872 14868 14867
f 14867 14868 14866 14865
f 14869 14870 14872 14871
f 14877 14879 14875 14873
f 14874 14876 14880 14878
f 14873 14874 14878 14877
f 14879 14880 14876 14875
f 14875 14876 14874 14873
f 14877 14878 14880 14879
f 14885 14887 14883 14881
f 14882 14884 14888 14886
f 14881 14882 14886 14885
f 14887 14888 14884 14883
f 14883 14884 14882 14881
f 14885 14886 14888 14887
f 14893 14895 14891 14889
f 14890 14892 14896 14894
f 14889 14890 14894 14893
f 14895 14896 14892 14891
f 14891 14892 14890 14889
f 14893 14894 14896 14895
f 14901 14903 14899 14897
f 14898 14900 14904 14902
f 14897 14898 14902 14901
f 14903 14904 14900 14899
f 14899 14900 14898 14897
f 14901 14902 14904 14903
f 14909 14911 14907 14905
f 14906 14908 14912 14910
f 14905 14906 14910 14909
f 14911 14912 14908 14907
f 14907 14908 14906 14905
f 14909 14910 14912 14911
f 14917 14919 14915 14913
f 14914 14916 14920 14918
f 14913 14914 14918 14917
f 14919 14920 14916 14915
f 14915 14916 14914 14913
f 14917 14918 14920 14919
f 14925 14927 14923 14921
f 14922 14924 14928 14926
f 14921 14922 14926 14925
f 14927 14928 14924 14923
f 14923 14924 14922 14921
f 14925 14926 14928 14927
f 14933 14935 14931 14929
f 14930 14932 14936 14934
f 14929 14930 14934 14933
f 14935 14936 14932 14931
f 14931 14932 14930 14929
f 14933 14934 14936 14935
f 14941 14943 14939 14937
f 14938 14940 14944 14942
f 14937 14938 14942 14941
f 14943 14944 14940 14939
f 14939 14940 14938 14937
f 14941 14942 14944 14943
f 14949 14951 14947 14945
f 14946 14948 14952 14950
f 14945 14946 14950 14949
f 14951 14952 14948 14947
f 14947 14948 14946 14945
f 14949 14950 14952 14951
f 14957 14959 14955 14953
f 14954 14956 14960 14958
f 14953 14954 14958 14957
f 14959 14960 14956 14955
f 14955 14956 14954 14953
f 14957 14958 14960 14959
f 14965 14967 14963 14961
f 14962 14964 14968 14966
f 14961 14962 14966 14965
f 14967 14968 14964 14963
f 14963 14964 14962 14961
f 14965 14966 14968 14967
f 14973 14975 14971 14969
f 14970 14972 14976 14974
f 14969 14970 14974 14973
f 14975 14976 14972 14971
f 14971 14972 14970 14969
f 14973 14974 14976 14975
f 14981 14983 14979 14977
f 14978 14980 14984 14982
f 14977 14978 14982 14981
f 14983 14984 14980 14979
f 14979 14980 14978 14977
f 14981 14982 14984 14983
f 14989 14991 14987 14985
f 14986 14988 14992 14990
f 14985 14986 14990 14989
f 14991 14992 14988 14987
f 14987 14988 14986 14985
f 14989 14990 14992 14991
f 14997 14999 14995 14993
f 14994 14996 15000 14998
f 14993 14994 14998 14997
f 14999 15000 14996 14995
f 14995 14996 14994 14993
f 14997 14998 15000 14999
f 15005 15007 15003 15001
f 15002 15004 15008 15006
f 15001 15002 15006 15005
f 15007 15008 15004 15003
f 15003 15004 15002 15001
f 15005 15006 15008 15007
f 15013 15015 15011 15009
f 15010 15012 15016 15014
f 15009 15010 15014 15013
f 15015 15016 15012 15011
f 15011 15012 15010 15009
f 15013 15014 15016 15015
f 15021 15023 15019 15017
f 15018 15020 15024 15022
f 15017 15018 15022 15021
f 15023 15024 15020 15019
f 15019 15020 15018 15017
f 15021 15022 15024 15023
f 15029 15031 15027 15025
f 15026 15028 15032 15030
f 15025 15026 15030 15029
f 15031 15032 15028 15027
f 15027 15028 15026 15025
f 15029 15030 15032 15031
f 15037 15039 15035 15033
f 15034 15036 15040 15038
f 15033 15034 15038 15037
f 15039 15040 15036 15035
f 15035 15036 15034 15033
f 15037 15038 15040 15039
f 15045 15047 15043 15041
f 15042 15044 15048 15046
f 15041 15042 15046 15045
f 15047 15048 15044 15043
f 15043 15044 15042 15041
f 15045 15046 15048 15047
f 15053 15055 15051 15049
f 15050 15052 15056 15054
f 15049 15050 15054 15053
f 15055 15056 15052 15051
f 15051 15052 15050 15049
f 15053 15054 15056 15055
f 15061 15063 15059 15057
f 15058 15060 15064 15062
f 15057 15058 15062 15061
f 15063 15064 15060 15059
f 15059 15060 15058 15057
f 15061 15062 15064 15063
f 15069 15071 15067 15065
f 15066 15068 15072 15070
f 15065 15066 15070 15069
f 15071 15072 15068 15067
f 15067 15068 15066 15065
f 15069 15070 15072 15071
f 15077 15079 15075 15073
f 15074 15076 15080 15078
f 15073 15074 15078 15077
f 15079 15080 15076 15075
f 15075 15076 15074 15073
f 15077 15078 15080 15079
f 15085 15087 15083 15081
f 15082 15084 15088 15086
f 15081 15082 15086 15085
f 15087 15088 15084 15083
f 15083 15084 15082 15081
f 15085 15086 15088 15087
f 15093 15095 15091 15089
f 15090 15092 15096 15094
f 15089 15090 15094 15093
f 15095 15096 15092 15091
f 15091 15092 15090 15089
f 15093 15094 15096 15095
f 15101 15103 15099 15097
f 15098 15100 15104 15102
f 15097 15098 15102 15101
f 15103 15104 15100 15099
f 15099 15100 15098 15097
f 15101 15102 15104 15103
f 15109 15111 15107 15105
f 15106 15108 15112 15110
f 15105 15106 15110 15109
f 15111 15112 15108 15107
f 15107 15108 15106 15105
f 15109 15110 15112 15111
f 15117 15119 15115 15113
f 15114 15116 15120 15118
f 15113 15114 15118 15117
f 15119 15120 15116 15115
f 15115 15116 15114 15113
f 15117 15118 15120 15119
f 15125 15127 15123 15121
f 15122 15124 15128 15126
f 15121 15122 15126 15125
f 15127 15128 15124 15123
f 15123 15124 15122 15121
f 15125 15126 15128 15127
f 15133 15135 15131 15129
f 15130 15132 15136 15134
f 15129 15130 15134 15133
f 15135 15136 15132 15131
f 15131 15132 15130 15129
f 15133 15134 15136 15135
f 15141 15143 15139 15137
f 15138 15140 15144 15142
f 15137 15138 15142 15141
f 15143 15144 15140 15139
f 15139 15140 15138 15137
f 15141 15142 15144 15143
f 15149 15151 15147 15145
f 15146 15148 15152 15150
f 15145 15146 15150 15149
f 15151 15152 15148 15147
f 15147 15148 15146 15145
f 15149 15150 15152 15151
f 15157 15159 15155 15153
f 15154 15156 15160 15158
f 15153 15154 15158 15157
f 15159 15160 15156 15155
f 15155 15156 15154 15153
f 15157 15158 15160 15159
f 15165 15167 15163 15161
f 15162 15164 15168 15166
f 15161 15162 15166 15165
f 15167 15168 15164 15163
f 15163 15164 15162 15161
f 15165 15166 15168 15167
f 15173 15175 15171 15169
f 15170 15172 15176 15174
f 15169 15170 15174 15173
f 15175 15176 15172 15171
f 15171 15172 15170 15169
f 15173 15174 15176 15175
f 15181 15183 15179 15177
f 15178 15180 15184 15182
f 15177 15178 15182 15181
f 15183 15184 15180 15179
f 15179 15180 15178 15177
f 15181 15182 15184 15183
f 15189 15191 15187 15185
f 15186 15188 15192 15190
f 15185 15186 15190 15189
f 15191 15192 15188 15187
f 15187 15188 15186 15185
f 15189 15190 15192 15191
f 15197 15199 15195 15193
f 15194 15196 15200 15198
f 15193 15194 15198 15197
f 15199 15200 15196 15195
f 15195 15196 15194 15193
f 15197 15198 15200 15199
f 15205 15207 15203 15201
f 15202 15204 15208 15206
f 15201 15202 15206 15205
f 15207 15208 15204 15203
f 15203 15204 15202 15201
f 15205 15206 15208 15207
f 15213 15215 15211 15209
f 15210 15212 15216 15214
f 15209 15210 15214 15213
f 15215 15216 15212 15211
f 15211 15212 15210 15209
f 15213 15214 15216 15215
f 15221 15223 15219 15217
f 15218 15220 15224 15222
f 15217 15218 15222 15221
f 15223 15224 15220 15219
f 15219 15220 15218 15217
f 15221 15222 15224 15223
f 15229 15231 15227 15225
f 15226 15228 15232 15230
f 15225 15226 15230 15229
f 15231 15232 15228 15227
f 15227 15228 15226 15225
f 15229 15230 15232 15231
f 15237 15239 15235 15233
f 15234 15236 15240 15238
f 15233 15234 15238 15237
f 15239 15240 15236 15235
f 15235 15236 15234 15233
f 15237 15238 15240 15239
f 15245 15247 15243 15241
f 15242 15244 15248 15246
f 15241 15242 15246 15245
f 15247 15248 15244 15243
f 15243 15244 15242 15241
f 15245 15246 15248 15247
f 15253 15255 15251 15249
f 15250 15252 15256 15254
f 15249 15250 15254 15253
f 15255 15256 15252 15251
f 15251 15252 15250 15249
f 15253 15254 15256 15255
f 15261 15263 15259 15257
f 15258 15260 15264 15262
f 15257 15258 15262 15261
f 15263 15264 15260 15259
f 15259 15260 15258 15257
f 15261 15262 15264 15263
f 15269 15271 15267 15265
f 15266 15268 15272 15270
f 15265 15266 15270 15269
f 15271 15272 15268 15267
f 15267 15268 15266 15265
f 15269 15270 15272 15271
f 15277 15279 15275 15273
f 15274 15276 15280 15278
f 15273 15274 15278 15277
f 15279 15280 15276 15275
f 15275 15276 15274 15273
f 15277 15278 15280 15279
f 15285 15287 15283 15281
f 15282 15284 15288 15286
f 15281 15282 15286 15285
f 15287 15288 15284 15283
f 15283 15284 15282 15281
f 15285 15286 15288 15287
f 15293 15295 15291 15289
f 15290 15292 15296 15294
f 15289 15290 15294 15293
f 15295 15296 15292 15291
f 15291 15292 15290 15289
f 15293 15294 15296 15295
f 15301 15303 15299 15297
f 15298 15300 15304 15302
f 15297 15298 15302 15301
f 15303 15304 15300 15299
f 15299 15300 15298 15297
f 15301 15302 15304 15303
f 15309 15311 15307 15305
f 15306 15308 15312 15310
f 15305 15306 15310 15309
f 15311 15312 15308 15307
f 15307 15308 15306 15305
f 15309 15310 15312 15311
f 15317 15319 15315 15313
f 15314 15316 15320 15318
f 15313 15314 15318 15317
f 15319 15320 15316 15315
f 15315 15316 15314 15313
f 15317 15318 15320 15319
f 15325 15327 15323 15321
f 15322 15324 15328 15326
f 15321 15322 15326 15325
f 15327 15328 15324 15323
f 15323 15324 15322 15321
f 15325 15326 15328 15327
f 15333 15335 15331 15329
f 15330 15332 15336 15334
f 15329 15330 15334 15333
f 15335 15336 15332 15331
f 15331 15332 15330 15329
f 15333 15334 15336 15335
f 15341 15343 15339 15337
f 15338 15340 15344 15342
f 15337 15338 15342 15341
f 15343 15344 15340 15339
f 15339 15340 15338 15337
f 15341 15342 15344 15343
f 15349 15351 15347 15345
f 15346 15348 15352 15350
f 15345 15346 15350 15349
f 15351 15352 15348 15347
f 15347 15348 15346 15345
f 15349 15350 15352 15351
f 15357 15359 15355 15353
f 15354 15356 15360 15358
f 15353 15354 15358 15357
f 15359 15360 15356 15355
f 15355 15356 15354 15353
f 15357 15358 15360 15359
f 15365 15367 15363 15361
f 15362 15364 15368 15366
f 15361 15362 15366 15365
f 15367 15368 15364 15363
f 15363 15364 15362 15361
f 15365 15366 15368 15367
f 15373 15375 15371 15369
f 15370 15372 15376 15374
f 15369 15370 15374 15373
f 15375 15376 15372 15371
f 15371 15372 15370 15369
f 15373 15374 15376 15375
f 15381 15383 15379 15377
f 15378 15380 15384 15382
f 15377 15378 15382 15381
f 15383 15384 15380 15379
f 15379 15380 15378 15377
f 15381 15382 15384 15383
f 15389 15391 15387 15385
f 15386 15388 15392 15390
f 15385 15386 15390 15389
f 15391 15392 15388 15387
f 15387 15388 15386 15385
f 15389 15390 15392 15391
f 15397 15399 15395 15393
f 15394 15396 15400 15398
f 15393 15394 15398 15397
f 15399 15400 15396 15395
f 15395 15396 15394 15393
f 15397 15398 15400 15399
f 15405 15407 15403 15401
f 15402 15404 15408 15406
f 15401 15402 15406 15405
f 15407 15408 15404 15403
f 15403 15404 15402 15401
f 15405 15406 15408 15407
f 15413 15415 15411 15409
f 15410 15412 15416 15414
f 15409 15410 15414 15413
f 15415 15416 15412 15411
f 15411 15412 15410 15409
f 15413 15414 15416 15415
f 15421 15423 15419 15417
f 15418 15420 15424 15422
f 15417 15418 15422 15421
f 15423 15424 15420 15419
f 15419 15420 15418 15417
f 15421 15422 15424 15423
f 15429 15431 15427 15425
f 15426 15428 15432 15430
f 15425 15426 15430 15429
f 15431 15432 15428 15427
f 15427 15428 15426 15425
f 15429 15430 15432 15431
f 15437 15439 15435 15433
f 15434 15436 15440 15438
f 15433 15434 15438 15437
f 15439 15440 15436 15435
f 15435 15436 15434 15433
f 15437 15438 15440 15439
f 15445 15447 15443 15441
f 15442 15444 15448 15446
f 15441 15442 15446 15445
f 15447 15448 15444 15443
f 15443 15444 15442 15441
f 15445 15446 15448 15447
f 15453 15455 15451 15449
f 15450 15452 15456 15454
f 15449 15450 15454 15453
f 15455 15456 15452 15451
f 15451 15452 15450 15449
f 15453 15454 15456 15455
f 15461 15463 15459 15457
f 15458 15460 15464 15462
f 15457 15458 15462 15461
f 15463 15464 15460 15459
f 15459 15460 15458 15457
f 15461 15462 15464 15463
f 15469 15471 15467 15465
f 15466 15468 15472 15470
f 15465 15466 15470 15469
f 15471 15472 15468 15467
f 15467 15468 15466 15465
f 15469 15470 15472 15471
f 15477 15479 15475 15473
f 15474 15476 15480 15478
f 15473 15474 15478 15477
f 15479 15480 15476 15475
f 15475 15476 15474 15473
f 15477 15478 15480 15479
f 15485 15487 15483 15481
f 15482 15484 15488 15486
f 15481 15482 15486 15485
f 15487 15488 15484 15483
f 15483 15484 15482 15481
f 15485 15486 15488 15487
f 15493 15495 15491 15489
f 15490 15492 15496 15494
f 15489 15490 15494 15493
f 15495 15496 15492 15491
f 15491 15492 15490 15489
f 15493 15494 15496 15495
f 15501 15503 15499 15497
f 15498 15500 15504 15502
f 15497 15498 15502 15501
f 15503 15504 15500 15499
f 15499 15500 15498 15497
f 15501 15502 15504 15503
f 15509 15511 15507 15505
f 15506 15508 15512 15510
f 15505 15506 15510 15509
f 15511 15512 15508 15507
f 15507 15508 15506 15505
f 15509 15510 15512 15511
f 15517 15519 15515 15513
f 15514 15516 15520 15518
f 15513 15514 15518 15517
f 15519 15520 15516 15515
f 15515 15516 15514 15513
f 15517 15518 15520 15519
f 15525 15527 15523 15521
f 15522 15524 15528 15526
f 15521 15522 15526 15525
f 15527 15528 15524 15523
f 15523 15524 15522 15521
f 15525 15526 15528 15527
f 15533 15535 15531 15529
f 15530 15532 15536 15534
f 15529 15530 15534 15533
f 15535 15536 15532 15531
f 15531 15532 15530 15529
f 15533 15534 15536 15535
f 15541 15543 15539 15537
f 15538 15540 15544 15542
f 15537 15538 15542 15541
f 15543 15544 15540 15539
f 15539 15540 15538 15537
f 15541 15542 15544 15543
f 15549 15551 15547 15545
f 15546 15548 15552 15550
f 15545 15546 15550 15549
f 15551 15552 15548 15547
f 15547 15548 15546 15545
f 15549 15550 15552 15551
f 15557 15559 15555 15553
f 15554 15556 15560 15558
f 15553 15554 15558 15557
f 15559 15560 15556 15555
f 15555 15556 15554 15553
f 15557 15558 15560 15559
f 15565 15567 15563 15561
f 15562 15564 15568 15566
f 15561 15562 15566 15565
f 15567 15568 15564 15563
f 15563 15564 15562 15561
f 15565 15566 15568 15567
f 15573 15575 15571 15569
f 15570 15572 15576 15574
f 15569 15570 15574 15573
f 15575 15576 15572 15571
f 15571 15572 15570 15569
f 15573 15574 15576 15575
f 15581 15583 15579 15577
f 15578 15580 15584 15582
f 15577 15578 15582 15581
f 15583 15584 15580 15579
f 15579 15580 15578 15577
f 15581 15582 15584 15583
f 15589 15591 15587 15585
f 15586 15588 15592 15590
f 15585 15586 15590 15589
f 15591 15592 15588 15587
f 15587 15588 15586 15585
f 15589 15590 15592 15591
f 15597 15599 15595 15593
f 15594 15596 15600 15598
f 15593 15594 15598 15597
f 15599 15600 15596 15595
f 15595 15596 15594 15593
f 15597 15598 15600 15599
f 15605 15607 15603 15601
f 15602 15604 15608 15606
f 15601 15602 15606 15605
f 15607 15608 15604 15603
f 15603 15604 15602 15601
f 15605 15606 15608 15607
f 15613 15615 15611 15609
f 15610 15612 15616 15614
f 15609 15610 15614 15613
f 15615 15616 15612 15611
f 15611 15612 15610 15609
f 15613 15614 15616 15615
f 15621 15623 15619 15617
f 15618 15620 15624 15622
f 15617 15618 15622 15621
f 15623 15624 15620 15619
f 15619 15620 15618 15617
f 15621 15622 15624 15623
f 15629 15631 15627 15625
f 15626 15628 15632 15630
f 15625 15626 15630 15629
f 15631 15632 15628 15627
f 15627 15628 15626 15625
f 15629 15630 15632 15631
f 15637 15639 15635 15633
f 15634 15636 15640 15638
f 15633 15634 15638 15637
f 15639 15640 15636 15635
f 15635 15636 15634 15633
f 15637 15638 15640 15639
f 15645 15647 15643 15641
f 15642 15644 15648 15646
f 15641 15642 15646 15645
f 15647 15648 15644 15643
f 15643 15644 15642 15641
f 15645 15646 15648 15647
f 15653 15655 15651 15649
f 15650 15652 15656 15654
f 15649 15650 15654 15653
f 15655 15656 15652 15651
f 15651 15652 15650 15649
f 15653 15654 15656 15655
f 15661 15663 15659 15657
f 15658 15660 15664 15662
f 15657 15658 15662 15661
f 15663 15664 15660 15659
f 15659 15660 15658 15657
f 15661 15662 15664 15663
f 15669 15671 15667 15665
f 15666 15668 15672 15670
f 15665 15666 15670 15669
f 15671 15672 15668 15667
f 15667 15668 15666 15665
f 15669 15670 15672 15671
f 15677 15679 15675 15673
f 15674 15676 15680 15678
f 15673 15674 15678 15677
f 15679 15680 15676 15675
f 15675 15676 15674 15673
f 15677 15678 15680 15679
f 15685 15687 15683 15681
f 15682 15684 15688 15686
f 15681 15682 15686 15685
f 15687 15688 15684 15683
f 15683 15684 15682 15681
f 15685 15686 15688 15687
f 15693 15695 15691 15689
f 15690 15692 15696 15694
f 15689 15690 15694 15693
f 15695 15696 15692 15691
f 15691 15692 15690 15689
f 15693 15694 15696 15695
f 15701 15703 15699 15697
f 15698 15700 15704 15702
f 15697 15698 15702 15701
f 15703 15704 15700 15699
f 15699 15700 15698 15697
f 15701 15702 15704 15703
f 15709 15711 15707 15705
f 15706 15708 15712 15710
f 15705 15706 15710 15709
f 15711 15712 15708 15707
f 15707 15708 15706 15705
f 15709 15710 15712 15711
f 15717 15719 15715 15713
f 15714 15716 15720 15718
f 15713 15714 15718 15717
f 15719 15720 15716 15715
f 15715 15716 15714 15713
f 15717 15718 15720 15719
f 15725 15727 15723 15721
f 15722 15724 15728 15726
f 15721 15722 15726 15725
f 15727 15728 15724 15723
f 15723 15724 15722 15721
f 15725 15726 15728 15727
f 15733 15735 15731 15729
f 15730 15732 15736 15734
f 15729 15730 15734 15733
f 15735 15736 15732 15731
f 15731 15732 15730 15729
f 15733 15734 15736 15735
f 15741 15743 15739 15737
f 15738 15740 15744 15742
f 15737 15738 15742 15741
f 15743 15744 15740 15739
f 15739 15740 15738 15737
f 15741 15742 15744 15743
f 15749 15751 15747 15745
f 15746 15748 15752 15750
f 15745 15746 15750 15749
f 15751 15752 15748 15747
f 15747 15748 15746 15745
f 15749 15750 15752 15751
f 15757 15759 15755 15753
f 15754 15756 15760 15758
f 15753 15754 15758 15757
f 15759 15760 15756 15755
f 15755 15756 15754 15753
f 15757 15758 15760 15759
f 15765 15767 15763 15761
f 15762 15764 15768 15766
f 15761 15762 15766 15765
f 15767 15768 15764 15763
f 15763 15764 15762 15761
f 15765 15766 15768 15767
f 15773 15775 15771 15769
f 15770 15772 15776 15774
f 15769 15770 15774 15773
f 15775 15776 15772 15771
f 15771 15772 15770 15769
f 15773 15774 15776 15775
f 15781 15783 15779 15777
f 15778 15780 15784 15782
f 15777 15778 15782 15781
f 15783 15784 15780 15779
f 15779 15780 15778 15777
f 15781 15782 15784 15783
f 15789 15791 15787 15785
f 15786 15788 15792 15790
f 15785 15786 15790 15789
f 15791 15792 15788 15787
f 15787 15788 15786 15785
f 15789 15790 15792 15791
f 15797 15799 15795 15793
f 15794 15796 15800 15798
f 15793 15794 15798 15797
f 15799 15800 15796 15795
f 15795 15796 15794 15793
f 15797 15798 15800 15799
f 15805 15807 15803 15801
f 15802 15804 15808 15806
f 15801 15802 15806 15805
f 15807 15808 15804 15803
f 15803 15804 15802 15801
f 15805 15806 15808 15807
f 15813 15815 15811 15809
f 15810 15812 15816 15814
f 15809 15810 15814 15813
f 15815 15816 15812 15811
f 15811 15812 15810 15809
f 15813 15814 15816 15815
f 15821 15823 15819 15817
f 15818 15820 15824 15822
f 15817 15818 15822 15821
f 15823 15824 15820 15819
f 15819 15820 15818 15817
f 15821 15822 15824 15823
f 15829 15831 15827 15825
f 15826 15828 15832 15830
f 15825 15826 15830 15829
f 15831 15832 15828 15827
f 15827 15828 15826 15825
f 15829 15830 15832 15831
f 15837 15839 15835 15833
f 15834 15836 15840 15838
f 15833 15834 15838 15837
f 15839 15840 15836 15835
f 15835 15836 15834 15833
f 15837 15838 15840 15839
f 15845 15847 15843 15841
f 15842 15844 15848 15846
f 15841 15842 15846 15845
f 15847 15848 15844 15843
f 15843 15844 15842 15841
f 15845 15846 15848 15847
f 15853 15855 15851 15849
f 15850 15852 15856 15854
f 15849 15850 15854 15853
f 15855 15856 15852 15851
f 15851 15852 15850 15849
f 15853 15854 15856 15855
f 15861 15863 15859 15857
f 15858 15860 15864 15862
f 15857 15858 15862 15861
f 15863 15864 15860 15859
f 15859 15860 15858 15857
f 15861 15862 15864 15863
f 15869 15871 15867 15865
f 15866 15868 15872 15870
f 15865 15866 15870 15869
f 15871 15872 15868 15867
f 15867 15868 15866 15865
f 15869 15870 15872 15871
f 15877 15879 15875 15873
f 15874 15876 15880 15878
f 15873 15874 15878 15877
f 15879 15880 15876 15875
f 15875 15876 15874 15873
f 15877 15878 15880 15879
f 15885 15887 15883 15881
f 15882 15884 15888 15886
f 15881 15882 15886 15885
f 15887 15888 15884 15883
f 15883 15884 15882 15881
f 15885 15886 15888 15887
f 15893 15895 15891 15889
f 15890 15892 15896 15894
f 15889 15890 15894 15893
f 15895 15896 15892 15891
f 15891 15892 15890 15889
f 15893 15894 15896 15895
f 15901 15903 15899 15897
f 15898 15900 15904 15902
f 15897 15898 15902 15901
f 15903 15904 15900 15899
f 15899 15900 15898 15897
f 15901 15902 15904 15903
f 15909 15911 15907 15905
f 15906 15908 15912 15910
f 15905 15906 15910 15909
f 15911 15912 15908 15907
f 15907 15908 15906 15905
f 15909 15910 15912 15911
f 15917 15919 15915 15913
f 15914 15916 15920 15918
f 15913 15914 15918 15917
f 15919 15920 15916 15915
f 15915 15916 15914 15913
f 15917 15918 15920 15919
f 15925 15927 15923 15921
f 15922 15924 15928 15926
f 15921 15922 15926 15925
f 15927 15928 15924 15923
f 15923 15924 15922 15921
f 15925 15926 15928 15927
f 15933 15935 15931 15929
f 15930 15932 15936 15934
f 15929 15930 15934 15933
f 15935 15936 15932 15931
f 15931 15932 15930 15929
f 15933 15934 15936 15935
f 15941 15943 15939 15937
f 15938 15940 15944 15942
f 15937 15938 15942 15941
f 15943 15944 15940 15939
f 15939 15940 15938 15937
f 15941 15942 15944 15943
f 15949 15951 15947 15945
f 15946 15948 15952 15950
f 15945 15946 15950 15949
f 15951 15952 15948 15947
f 15947 15948 15946 15945
f 15949 15950 15952 15951
f 15957 15959 15955 15953
f 15954 15956 15960 15958
f 15953 15954 15958 15957
f 15959 15960 15956 15955
f 15955 15956 15954 15953
f 15957 15958 15960 15959
f 15965 15967 15963 15961
f 15962 15964 15968 15966
f 15961 15962 15966 15965
f 15967 15968 15964 15963
f 15963 15964 15962 15961
f 15965 15966 15968 15967
f 15973 15975 15971 15969
f 15970 15972 15976 15974
f 15969 15970 15974 15973
f 15975 15976 15972 15971
f 15971 15972 15970 15969
f 15973 15974 15976 15975
f 15981 15983 15979 15977
f 15978 15980 15984 15982
f 15977 15978 15982 15981
f 15983 15984 15980 15979
f 15979 15980 15978 15977
f 15981 15982 15984 15983
f 15989 15991 15987 15985
f 15986 15988 15992 15990
f 15985 15986 15990 15989
f 15991 15992 15988 15987
f 15987 15988 15986 15985
f 15989 15990 15992 15991
f 15997 15999 15995 15993
f 15994 15996 16000 15998
f 15993 15994 15998 15997
f 15999 16000 15996 15995
f 15995 15996 15994 15993
f 15997 15998 16000 15999
f 16005 16007 16003 16001
f 16002 16004 16008 16006
f 16001 16002 16006 16005
f 16007 16008 16004 16003
f 16003 16004 16002 16001
f 16005 16006 16008 16007
f 16013 16015 16011 16009
f 16010 16012 16016 16014
f 16009 16010 16014 16013
f 16015 16016 16012 16011
f 16011 16012 16010 16009
f 16013 16014 16016 16015
f 16021 16023 16019 16017
f 16018 16020 16024 16022
f 16017 16018 16022 16021
f 16023 16024 16020 16019
f 16019 16020 16018 16017
f 16021 16022 16024 16023
f 16029 16031 16027 16025
f 16026 16028 16032 16030
f 16025 16026 16030 16029
f 16031 16032 16028 16027
f 16027 16028 16026 16025
f 16029 16030 16032 16031
f 16037 16039 16035 16033
f 16034 16036 16040 16038
f 16033 16034 16038 16037
f 16039 16040 16036 16035
f 16035 16036 16034 16033
f 16037 16038 16040 16039
f 16045 16047 16043 16041
f 16042 16044 16048 16046
f 16041 16042 16046 16045
f 16047 16048 16044 16043
f 16043 16044 16042 16041
f 16045 16046 16048 16047
f 16053 16055 16051 16049
f 16050 16052 16056 16054
f 16049 16050 16054 16053
f 16055 16056 16052 16051
f 16051 16052 16050 16049
f 16053 16054 16056 16055
f 16061 16063 16059 16057
f 16058 16060 16064 16062
f 16057 16058 16062 16061
f 16063 16064 16060 16059
f 16059 16060 16058 16057
f 16061 16062 16064 16063
f 16069 16071 16067 16065
f 16066 16068 16072 16070
f 16065 16066 16070 16069
f 16071 16072 16068 16067
f 16067 16068 16066 16065
f 16069 16070 16072 16071
f 16077 16079 16075 16073
f 16074 16076 16080 16078
f 16073 16074 16078 16077
f 16079 16080 16076 16075
f 16075 16076 16074 16073
f 16077 16078 16080 16079
f 16085 16087 16083 16081
f 16082 16084 16088 16086
f 16081 16082 16086 16085
f 16087 16088 16084 16083
f 16083 16084 16082 16081
f 16085 16086 16088 16087
f 16093 16095 16091 16089
f 16090 16092 16096 16094
f 16089 16090 16094 16093
f 16095 16096 16092 16091
f 16091 16092 16090 16089
f 16093 16094 16096 16095
f 16101 16103 16099 16097
f 16098 16100 16104 16102
f 16097 16098 16102 16101
f 16103 16104 16100 16099
f 16099 16100 16098 16097
f 16101 16102 16104 16103
f 16109 16111 16107 16105
f 16106 16108 16112 16110
f 16105 16106 16110 16109
f 16111 16112 16108 16107
f 16107 16108 16106 16105
f 16109 16110 16112 16111
f 16117 16119 16115 16113
f 16114 16116 16120 16118
f 16113 16114 16118 16117
f 16119 16120 16116 16115
f 16115 16116 16114 16113
f 16117 16118 16120 16119
f 16125 16127 16123 16121
f 16122 16124 16128 16126
f 16121 16122 16126 16125
f 16127 16128 16124 16123
f 16123 16124 16122 16121
f 16125 16126 16128 16127
f 16133 16135 16131 16129
f 16130 16132 16136 16134
f 16129 16130 16134 16133
f 16135 16136 16132 16131
f 16131 16132 16130 16129
f 16133 16134 16136 16135
f 16141 16143 16139 16137
f 16138 16140 16144 16142
f 16137 16138 16142 16141
f 16143 16144 16140 16139
f 16139 16140 16138 16137
f 16141 16142 16144 16143
f 16149 16151 16147 16145
f 16146 16148 16152 16150
f 16145 16146 16150 16149
f 16151 16152 16148 16147
f 16147 16148 16146 16145
f 16149 16150 16152 16151
f 16157 16159 16155 16153
f 16154 16156 16160 16158
f 16153 16154 16158 16157
f 16159 16160 16156 16155
f 16155 16156 16154 16153
f 16157 16158 16160 16159
f 16165 16167 16163 16161
f 16162 16164 16168 16166
f 16161 16162 16166 16165
f 16167 16168 16164 16163
f 16163 16164 16162 16161
f 16165 16166 16168 16167
f 16173 16175 16171 16169
f 16170 16172 16176 16174
f 16169 16170 16174 16173
f 16175 16176 16172 16171
f 16171 16172 16170 16169
f 16173 16174 16176 16175
f 16181 16183 16179 16177
f 16178 16180 16184 16182
f 16177 16178 16182 16181
f 16183 16184 16180 16179
f 16179 16180 16178 16177
f 16181 16182 16184 16183
f 16189 16191 16187 16185
f 16186 16188 16192 16190
f 16185 16186 16190 16189
f 16191 16192 16188 16187
f 16187 16188 16186 16185
f 16189 16190 16192 16191
f 16197 16199 16195 16193
f 16194 16196 16200 16198
f 16193 16194 16198 16197
f 16199 16200 16196 16195
f 16195 16196 16194 16193
f 16197 16198 16200 16199
f 16205 16207 16203 16201
f 16202 16204 16208 16206
f 16201 16202 16206 16205
f 16207 16208 16204 16203
f 16203 16204 16202 16201
f 16205 16206 16208 16207
f 16213 16215 16211 16209
f 16210 16212 16216 16214
f 16209 16210 16214 16213
f 16215 16216 16212 16211
f 16211 16212 16210 16209
f 16213 16214 16216 16215
f 16221 16223 16219 16217
f 16218 16220 16224 16222
f 16217 16218 16222 16221
f 16223 16224 16220 16219
f 16219 16220 16218 16217
f 16221 16222 16224 16223
f 16229 16231 16227 16225
f 16226 16228 16232 16230
f 16225 16226 16230 16229
f 16231 16232 16228 16227
f 16227 16228 16226 16225
f 16229 16230 16232 16231
f 16237 16239 16235 16233
f 16234 16236 16240 16238
f 16233 16234 16238 16237
f 16239 16240 16236 16235
f 16235 16236 16234 16233
f 16237 16238 16240 16239
f 16245 16247 16243 16241
f 16242 16244 16248 16246
f 16241 16242 16246 16245
f 16247 16248 16244 16243
f 16243 16244 16242 16241
f 16245 16246 16248 16247
f 16253 16255 16251 16249
f 16250 16252 16256 16254
f 16249 16250 16254 16253
f 16255 16256 16252 16251
f 16251 16252 16250 16249
f 16253 16254 16256 16255
f 16261 16263 16259 16257
f 16258 16260 16264 16262
f 16257 16258 16262 16261
f 16263 16264 16260 16259
f 16259 16260 16258 16257
f 16261 16262 16264 16263
f 16269 16271 16267 16265
f 16266 16268 16272 16270
f 16265 16266 16270 16269
f 16271 16272 16268 16267
f 16267 16268 16266 16265
f 16269 16270 16272 16271
o XL_Medical-col
usemtl Medical
v -9.7500 0.0000 8.7000
v -7.7500 0.0000 8.7000
v -9.7500 0.0000 7.7000
v -7.7500 0.0000 7.7000
v -9.7500 0.7000 8.7000
v -7.7500 0.7000 8.7000
v -9.7500 0.7000 7.7000
v -7.7500 0.7000 7.7000
v -9.7500 0.0000 5.6000
v -7.7500 0.0000 5.6000
v -9.7500 0.0000 4.6000
v -7.7500 0.0000 4.6000
v -9.7500 0.7000 5.6000
v -7.7500 0.7000 5.6000
v -9.7500 0.7000 4.6000
v -7.7500 0.7000 4.6000
v -9.7500 0.0000 2.5000
v -7.7500 0.0000 2.5000
v -9.7500 0.0000 1.5000
v -7.7500 0.0000 1.5000
v -9.7500 0.7000 2.5000
v -7.7500 0.7000 2.5000
v -9.7500 0.7000 1.5000
v -7.7500 0.7000 1.5000
v -2.5000 0.0000 3.6000
v -1.9500 0.0000 3.6000
v -2.5000 0.0000 0.6000
v -1.9500 0.0000 0.6000
v -2.5000 1.9000 3.6000
v -1.9500 1.9000 3.6000
v -2.5000 1.9000 0.6000
v -1.9500 1.9000 0.6000
v -9.7500 8.0000 -71.3000
v -7.7500 8.0000 -71.3000
v -9.7500 8.0000 -72.3000
v -7.7500 8.0000 -72.3000
v -9.7500 8.7000 -71.3000
v -7.7500 8.7000 -71.3000
v -9.7500 8.7000 -72.3000
v -7.7500 8.7000 -72.3000
v -9.7500 8.0000 -74.4000
v -7.7500 8.0000 -74.4000
v -9.7500 8.0000 -75.4000
v -7.7500 8.0000 -75.4000
v -9.7500 8.7000 -74.4000
v -7.7500 8.7000 -74.4000
v -9.7500 8.7000 -75.4000
v -7.7500 8.7000 -75.4000
v -9.7500 8.0000 -77.5000
v -7.7500 8.0000 -77.5000
v -9.7500 8.0000 -78.5000
v -7.7500 8.0000 -78.5000
v -9.7500 8.7000 -77.5000
v -7.7500 8.7000 -77.5000
v -9.7500 8.7000 -78.5000
v -7.7500 8.7000 -78.5000
v -2.5000 8.0000 -76.4000
v -1.9500 8.0000 -76.4000
v -2.5000 8.0000 -79.4000
v -1.9500 8.0000 -79.4000
v -2.5000 9.9000 -76.4000
v -1.9500 9.9000 -76.4000
v -2.5000 9.9000 -79.4000
v -1.9500 9.9000 -79.4000
f 16277 16279 16275 16273
f 16274 16276 16280 16278
f 16273 16274 16278 16277
f 16279 16280 16276 16275
f 16275 16276 16274 16273
f 16277 16278 16280 16279
f 16285 16287 16283 16281
f 16282 16284 16288 16286
f 16281 16282 16286 16285
f 16287 16288 16284 16283
f 16283 16284 16282 16281
f 16285 16286 16288 16287
f 16293 16295 16291 16289
f 16290 16292 16296 16294
f 16289 16290 16294 16293
f 16295 16296 16292 16291
f 16291 16292 16290 16289
f 16293 16294 16296 16295
f 16301 16303 16299 16297
f 16298 16300 16304 16302
f 16297 16298 16302 16301
f 16303 16304 16300 16299
f 16299 16300 16298 16297
f 16301 16302 16304 16303
f 16309 16311 16307 16305
f 16306 16308 16312 16310
f 16305 16306 16310 16309
f 16311 16312 16308 16307
f 16307 16308 16306 16305
f 16309 16310 16312 16311
f 16317 16319 16315 16313
f 16314 16316 16320 16318
f 16313 16314 16318 16317
f 16319 16320 16316 16315
f 16315 16316 16314 16313
f 16317 16318 16320 16319
f 16325 16327 16323 16321
f 16322 16324 16328 16326
f 16321 16322 16326 16325
f 16327 16328 16324 16323
f 16323 16324 16322 16321
f 16325 16326 16328 16327
f 16333 16335 16331 16329
f 16330 16332 16336 16334
f 16329 16330 16334 16333
f 16335 16336 16332 16331
f 16331 16332 16330 16329
f 16333 16334 16336 16335
o XL_EscapeHatches
usemtl Engine
v 9.8700 0.0000 -11.9000
v 9.9500 0.0000 -11.9000
v 9.8700 0.0000 -13.3000
v 9.9500 0.0000 -13.3000
v 9.8700 2.2000 -11.9000
v 9.9500 2.2000 -11.9000
v 9.8700 2.2000 -13.3000
v 9.9500 2.2000 -13.3000
v 9.8700 0.0000 -16.7000
v 9.9500 0.0000 -16.7000
v 9.8700 0.0000 -18.1000
v 9.9500 0.0000 -18.1000
v 9.8700 2.2000 -16.7000
v 9.9500 2.2000 -16.7000
v 9.8700 2.2000 -18.1000
v 9.9500 2.2000 -18.1000
v -9.9500 4.0000 -21.9000
v -9.8700 4.0000 -21.9000
v -9.9500 4.0000 -23.3000
v -9.8700 4.0000 -23.3000
v -9.9500 6.2000 -21.9000
v -9.8700 6.2000 -21.9000
v -9.9500 6.2000 -23.3000
v -9.8700 6.2000 -23.3000
v -9.9500 4.0000 -26.7000
v -9.8700 4.0000 -26.7000
v -9.9500 4.0000 -28.1000
v -9.8700 4.0000 -28.1000
v -9.9500 6.2000 -26.7000
v -9.8700 6.2000 -26.7000
v -9.9500 6.2000 -28.1000
v -9.8700 6.2000 -28.1000
v -9.9500 8.0000 28.1000
v -9.8700 8.0000 28.1000
v -9.9500 8.0000 26.7000
v -9.8700 8.0000 26.7000
v -9.9500 10.2000 28.1000
v -9.8700 10.2000 28.1000
v -9.9500 10.2000 26.7000
v -9.8700 10.2000 26.7000
v -9.9500 8.0000 23.3000
v -9.8700 8.0000 23.3000
v -9.9500 8.0000 21.9000
v -9.8700 8.0000 21.9000
v -9.9500 10.2000 23.3000
v -9.8700 10.2000 23.3000
v -9.9500 10.2000 21.9000
v -9.8700 10.2000 21.9000
f 16341 16343 16339 16337
f 16338 16340 16344 16342
f 16337 16338 16342 16341
f 16343 16344 16340 16339
f 16339 16340 16338 16337
f 16341 16342 16344 16343
f 16349 16351 16347 16345
f 16346 16348 16352 16350
f 16345 16346 16350 16349
f 16351 16352 16348 16347
f 16347 16348 16346 16345
f 16349 16350 16352 16351
f 16357 16359 16355 16353
f 16354 16356 16360 16358
f 16353 16354 16358 16357
f 16359 16360 16356 16355
f 16355 16356 16354 16353
f 16357 16358 16360 16359
f 16365 16367 16363 16361
f 16362 16364 16368 16366
f 16361 16362 16366 16365
f 16367 16368 16364 16363
f 16363 16364 16362 16361
f 16365 16366 16368 16367
f 16373 16375 16371 16369
f 16370 16372 16376 16374
f 16369 16370 16374 16373
f 16375 16376 16372 16371
f 16371 16372 16370 16369
f 16373 16374 16376 16375
f 16381 16383 16379 16377
f 16378 16380 16384 16382
f 16377 16378 16382 16381
f 16383 16384 16380 16379
f 16379 16380 16378 16377
f 16381 16382 16384 16383
o XL_BlastDoor_C0_C1_D0-col
usemtl Door
v 0.0750 0.0000 79.8900
v 1.7250 0.0000 79.8900
v 0.0750 0.0000 79.8100
v 1.7250 0.0000 79.8100
v 0.0750 2.8000 79.8900
v 1.7250 2.8000 79.8900
v 0.0750 2.8000 79.8100
v 1.7250 2.8000 79.8100
f 16389 16391 16387 16385
f 16386 16388 16392 16390
f 16385 16386 16390 16389
f 16391 16392 16388 16387
f 16387 16388 16386 16385
f 16389 16390 16392 16391
o XL_BlastDoor_C1_C2_D0-col
usemtl Door
v 0.0750 0.0000 49.8900
v 1.7250 0.0000 49.8900
v 0.0750 0.0000 49.8100
v 1.7250 0.0000 49.8100
v 0.0750 2.8000 49.8900
v 1.7250 2.8000 49.8900
v 0.0750 2.8000 49.8100
v 1.7250 2.8000 49.8100
f 16397 16399 16395 16393
f 16394 16396 16400 16398
f 16393 16394 16398 16397
f 16399 16400 16396 16395
f 16395 16396 16394 16393
f 16397 16398 16400 16399
o XL_BreachWall_1-col
usemtl BreachWall
v 1.7500 0.0000 2.8000
v 1.9500 0.0000 2.8000
v 1.7500 0.0000 1.2000
v 1.9500 0.0000 1.2000
v 1.7500 2.6000 2.8000
v 1.9500 2.6000 2.8000
v 1.7500 2.6000 1.2000
v 1.9500 2.6000 1.2000
f 16405 16407 16403 16401
f 16402 16404 16408 16406
f 16401 16402 16406 16405
f 16407 16408 16404 16403
f 16403 16404 16402 16401
f 16405 16406 16408 16407
o XL_BlastDoor_C2_C3_D0-col
usemtl Door
v 0.0750 0.0000 9.8900
v 1.7250 0.0000 9.8900
v 0.0750 0.0000 9.8100
v 1.7250 0.0000 9.8100
v 0.0750 2.8000 9.8900
v 1.7250 2.8000 9.8900
v 0.0750 2.8000 9.8100
v 1.7250 2.8000 9.8100
f 16413 16415 16411 16409
f 16410 16412 16416 16414
f 16409 16410 16414 16413
f 16415 16416 16412 16411
f 16411 16412 16410 16409
f 16413 16414 16416 16415
o XL_BreachWall_2-col
usemtl BreachWall
v 1.7500 0.0000 -7.2000
v 1.9500 0.0000 -7.2000
v 1.7500 0.0000 -8.8000
v 1.9500 0.0000 -8.8000
v 1.7500 2.6000 -7.2000
v 1.9500 2.6000 -7.2000
v 1.7500 2.6000 -8.8000
v 1.9500 2.6000 -8.8000
f 16421 16423 16419 16417
f 16418 16420 16424 16422
f 16417 16418 16422 16421
f 16423 16424 16420 16419
f 16419 16420 16418 16417
f 16421 16422 16424 16423
o XL_BreachWall_3-col
usemtl BreachWall
v 1.7500 0.0000 -17.2000
v 1.9500 0.0000 -17.2000
v 1.7500 0.0000 -18.8000
v 1.9500 0.0000 -18.8000
v 1.7500 2.6000 -17.2000
v 1.9500 2.6000 -17.2000
v 1.7500 2.6000 -18.8000
v 1.9500 2.6000 -18.8000
f 16429 16431 16427 16425
f 16426 16428 16432 16430
f 16425 16426 16430 16429
f 16431 16432 16428 16427
f 16427 16428 16426 16425
f 16429 16430 16432 16431
o XL_BlastDoor_C3_C4_D0-col
usemtl Door
v 0.0750 0.0000 -10.1100
v 1.7250 0.0000 -10.1100
v 0.0750 0.0000 -10.1900
v 1.7250 0.0000 -10.1900
v 0.0750 2.8000 -10.1100
v 1.7250 2.8000 -10.1100
v 0.0750 2.8000 -10.1900
v 1.7250 2.8000 -10.1900
f 16437 16439 16435 16433
f 16434 16436 16440 16438
f 16433 16434 16438 16437
f 16439 16440 16436 16435
f 16435 16436 16434 16433
f 16437 16438 16440 16439
o XL_BreachWall_4-col
usemtl BreachWall
v -8.5500 0.0000 -9.9000
v -6.9500 0.0000 -9.9000
v -8.5500 0.0000 -10.1000
v -6.9500 0.0000 -10.1000
v -8.5500 2.4000 -9.9000
v -6.9500 2.4000 -9.9000
v -8.5500 2.4000 -10.1000
v -6.9500 2.4000 -10.1000
f 16445 16447 16443 16441
f 16442 16444 16448 16446
f 16441 16442 16446 16445
f 16447 16448 16444 16443
f 16443 16444 16442 16441
f 16445 16446 16448 16447
o XL_BreachWall_5-col
usemtl BreachWall
v 6.9500 0.0000 -9.9000
v 8.5500 0.0000 -9.9000
v 6.9500 0.0000 -10.1000
v 8.5500 0.0000 -10.1000
v 6.9500 2.4000 -9.9000
v 8.5500 2.4000 -9.9000
v 6.9500 2.4000 -10.1000
v 8.5500 2.4000 -10.1000
f 16453 16455 16451 16449
f 16450 16452 16456 16454
f 16449 16450 16454 16453
f 16455 16456 16452 16451
f 16451 16452 16450 16449
f 16453 16454 16456 16455
o XL_BlastDoor_C4_C5_D0-col
usemtl Door
v 0.0750 0.0000 -30.1100
v 1.7250 0.0000 -30.1100
v 0.0750 0.0000 -30.1900
v 1.7250 0.0000 -30.1900
v 0.0750 2.8000 -30.1100
v 1.7250 2.8000 -30.1100
v 0.0750 2.8000 -30.1900
v 1.7250 2.8000 -30.1900
f 16461 16463 16459 16457
f 16458 16460 16464 16462
f 16457 16458 16462 16461
f 16463 16464 16460 16459
f 16459 16460 16458 16457
f 16461 16462 16464 16463
o XL_BreachWall_6-col
usemtl BreachWall
v -8.5500 0.0000 -29.9000
v -6.9500 0.0000 -29.9000
v -8.5500 0.0000 -30.1000
v -6.9500 0.0000 -30.1000
v -8.5500 2.4000 -29.9000
v -6.9500 2.4000 -29.9000
v -8.5500 2.4000 -30.1000
v -6.9500 2.4000 -30.1000
f 16469 16471 16467 16465
f 16466 16468 16472 16470
f 16465 16466 16470 16469
f 16471 16472 16468 16467
f 16467 16468 16466 16465
f 16469 16470 16472 16471
o XL_BreachWall_7-col
usemtl BreachWall
v 6.9500 0.0000 -29.9000
v 8.5500 0.0000 -29.9000
v 6.9500 0.0000 -30.1000
v 8.5500 0.0000 -30.1000
v 6.9500 2.4000 -29.9000
v 8.5500 2.4000 -29.9000
v 6.9500 2.4000 -30.1000
v 8.5500 2.4000 -30.1000
f 16477 16479 16475 16473
f 16474 16476 16480 16478
f 16473 16474 16478 16477
f 16479 16480 16476 16475
f 16475 16476 16474 16473
f 16477 16478 16480 16479
o XL_BreachDoor_8-col
usemtl Door
v -1.9500 0.0000 -44.2000
v -1.7500 0.0000 -44.2000
v -1.9500 0.0000 -45.8000
v -1.7500 0.0000 -45.8000
v -1.9500 2.6000 -44.2000
v -1.7500 2.6000 -44.2000
v -1.9500 2.6000 -45.8000
v -1.7500 2.6000 -45.8000
f 16485 16487 16483 16481
f 16482 16484 16488 16486
f 16481 16482 16486 16485
f 16487 16488 16484 16483
f 16483 16484 16482 16481
f 16485 16486 16488 16487
o XL_BlastDoor_C5_C6_D0-col
usemtl Door
v 0.0750 0.0000 -50.1100
v 1.7250 0.0000 -50.1100
v 0.0750 0.0000 -50.1900
v 1.7250 0.0000 -50.1900
v 0.0750 2.8000 -50.1100
v 1.7250 2.8000 -50.1100
v 0.0750 2.8000 -50.1900
v 1.7250 2.8000 -50.1900
f 16493 16495 16491 16489
f 16490 16492 16496 16494
f 16489 16490 16494 16493
f 16495 16496 16492 16491
f 16491 16492 16490 16489
f 16493 16494 16496 16495
o XL_BreachWall_9-col
usemtl BreachWall
v -8.5500 0.0000 -49.9000
v -6.9500 0.0000 -49.9000
v -8.5500 0.0000 -50.1000
v -6.9500 0.0000 -50.1000
v -8.5500 2.4000 -49.9000
v -6.9500 2.4000 -49.9000
v -8.5500 2.4000 -50.1000
v -6.9500 2.4000 -50.1000
f 16501 16503 16499 16497
f 16498 16500 16504 16502
f 16497 16498 16502 16501
f 16503 16504 16500 16499
f 16499 16500 16498 16497
f 16501 16502 16504 16503
o XL_BreachWall_10-col
usemtl BreachWall
v 6.9500 0.0000 -49.9000
v 8.5500 0.0000 -49.9000
v 6.9500 0.0000 -50.1000
v 8.5500 0.0000 -50.1000
v 6.9500 2.4000 -49.9000
v 8.5500 2.4000 -49.9000
v 6.9500 2.4000 -50.1000
v 8.5500 2.4000 -50.1000
f 16509 16511 16507 16505
f 16506 16508 16512 16510
f 16505 16506 16510 16509
f 16511 16512 16508 16507
f 16507 16508 16506 16505
f 16509 16510 16512 16511
o XL_BreachWall_11-col
usemtl BreachWall
v -1.9500 0.0000 -67.2000
v -1.7500 0.0000 -67.2000
v -1.9500 0.0000 -68.8000
v -1.7500 0.0000 -68.8000
v -1.9500 2.6000 -67.2000
v -1.7500 2.6000 -67.2000
v -1.9500 2.6000 -68.8000
v -1.7500 2.6000 -68.8000
f 16517 16519 16515 16513
f 16514 16516 16520 16518
f 16513 16514 16518 16517
f 16519 16520 16516 16515
f 16515 16516 16514 16513
f 16517 16518 16520 16519
o XL_BreachWall_12-col
usemtl BreachWall
v 1.7500 0.0000 -67.2000
v 1.9500 0.0000 -67.2000
v 1.7500 0.0000 -68.8000
v 1.9500 0.0000 -68.8000
v 1.7500 2.6000 -67.2000
v 1.9500 2.6000 -67.2000
v 1.7500 2.6000 -68.8000
v 1.9500 2.6000 -68.8000
f 16525 16527 16523 16521
f 16522 16524 16528 16526
f 16521 16522 16526 16525
f 16527 16528 16524 16523
f 16523 16524 16522 16521
f 16525 16526 16528 16527
o XL_BreachDoor_13-col
usemtl Door
v -1.9500 0.0000 -74.2000
v -1.7500 0.0000 -74.2000
v -1.9500 0.0000 -75.8000
v -1.7500 0.0000 -75.8000
v -1.9500 2.6000 -74.2000
v -1.7500 2.6000 -74.2000
v -1.9500 2.6000 -75.8000
v -1.7500 2.6000 -75.8000
f 16533 16535 16531 16529
f 16530 16532 16536 16534
f 16529 16530 16534 16533
f 16535 16536 16532 16531
f 16531 16532 16530 16529
f 16533 16534 16536 16535
o XL_BlastDoor_C6_C7_D0-col
usemtl Door
v 0.0750 0.0000 -70.1100
v 1.7250 0.0000 -70.1100
v 0.0750 0.0000 -70.1900
v 1.7250 0.0000 -70.1900
v 0.0750 2.8000 -70.1100
v 1.7250 2.8000 -70.1100
v 0.0750 2.8000 -70.1900
v 1.7250 2.8000 -70.1900
f 16541 16543 16539 16537
f 16538 16540 16544 16542
f 16537 16538 16542 16541
f 16543 16544 16540 16539
f 16539 16540 16538 16537
f 16541 16542 16544 16543
o XL_BreachWall_14-col
usemtl BreachWall
v -8.5500 0.0000 -69.9000
v -6.9500 0.0000 -69.9000
v -8.5500 0.0000 -70.1000
v -6.9500 0.0000 -70.1000
v -8.5500 2.4000 -69.9000
v -6.9500 2.4000 -69.9000
v -8.5500 2.4000 -70.1000
v -6.9500 2.4000 -70.1000
f 16549 16551 16547 16545
f 16546 16548 16552 16550
f 16545 16546 16550 16549
f 16551 16552 16548 16547
f 16547 16548 16546 16545
f 16549 16550 16552 16551
o XL_BreachWall_15-col
usemtl BreachWall
v 6.9500 0.0000 -69.9000
v 8.5500 0.0000 -69.9000
v 6.9500 0.0000 -70.1000
v 8.5500 0.0000 -70.1000
v 6.9500 2.4000 -69.9000
v 8.5500 2.4000 -69.9000
v 6.9500 2.4000 -70.1000
v 8.5500 2.4000 -70.1000
f 16557 16559 16555 16553
f 16554 16556 16560 16558
f 16553 16554 16558 16557
f 16559 16560 16556 16555
f 16555 16556 16554 16553
f 16557 16558 16560 16559
o XL_BreachDoor_16-col
usemtl Door
v 1.7500 4.0000 -4.2000
v 1.9500 4.0000 -4.2000
v 1.7500 4.0000 -5.8000
v 1.9500 4.0000 -5.8000
v 1.7500 6.6000 -4.2000
v 1.9500 6.6000 -4.2000
v 1.7500 6.6000 -5.8000
v 1.9500 6.6000 -5.8000
f 16565 16567 16563 16561
f 16562 16564 16568 16566
f 16561 16562 16566 16565
f 16567 16568 16564 16563
f 16563 16564 16562 16561
f 16565 16566 16568 16567
o XL_BreachWall_17-col
usemtl BreachWall
v 1.7500 4.0000 -17.2000
v 1.9500 4.0000 -17.2000
v 1.7500 4.0000 -18.8000
v 1.9500 4.0000 -18.8000
v 1.7500 6.6000 -17.2000
v 1.9500 6.6000 -17.2000
v 1.7500 6.6000 -18.8000
v 1.9500 6.6000 -18.8000
f 16573 16575 16571 16569
f 16570 16572 16576 16574
f 16569 16570 16574 16573
f 16575 16576 16572 16571
f 16571 16572 16570 16569
f 16573 16574 16576 16575
o XL_BreachDoor_18-col
usemtl Door
v 1.7500 4.0000 -14.2000
v 1.9500 4.0000 -14.2000
v 1.7500 4.0000 -15.8000
v 1.9500 4.0000 -15.8000
v 1.7500 6.6000 -14.2000
v 1.9500 6.6000 -14.2000
v 1.7500 6.6000 -15.8000
v 1.9500 6.6000 -15.8000
f 16581 16583 16579 16577
f 16578 16580 16584 16582
f 16577 16578 16582 16581
f 16583 16584 16580 16579
f 16579 16580 16578 16577
f 16581 16582 16584 16583
o XL_BlastDoor_C3_C4_D1-col
usemtl Door
v 0.0750 4.0000 -10.1100
v 1.7250 4.0000 -10.1100
v 0.0750 4.0000 -10.1900
v 1.7250 4.0000 -10.1900
v 0.0750 6.8000 -10.1100
v 1.7250 6.8000 -10.1100
v 0.0750 6.8000 -10.1900
v 1.7250 6.8000 -10.1900
f 16589 16591 16587 16585
f 16586 16588 16592 16590
f 16585 16586 16590 16589
f 16591 16592 16588 16587
f 16587 16588 16586 16585
f 16589 16590 16592 16591
o XL_BreachWall_19-col
usemtl BreachWall
v -8.5500 4.0000 -9.9000
v -6.9500 4.0000 -9.9000
v -8.5500 4.0000 -10.1000
v -6.9500 4.0000 -10.1000
v -8.5500 6.4000 -9.9000
v -6.9500 6.4000 -9.9000
v -8.5500 6.4000 -10.1000
v -6.9500 6.4000 -10.1000
f 16597 16599 16595 16593
f 16594 16596 16600 16598
f 16593 16594 16598 16597
f 16599 16600 16596 16595
f 16595 16596 16594 16593
f 16597 16598 16600 16599
o XL_BreachWall_20-col
usemtl BreachWall
v 6.9500 4.0000 -9.9000
v 8.5500 4.0000 -9.9000
v 6.9500 4.0000 -10.1000
v 8.5500 4.0000 -10.1000
v 6.9500 6.4000 -9.9000
v 8.5500 6.4000 -9.9000
v 6.9500 6.4000 -10.1000
v 8.5500 6.4000 -10.1000
f 16605 16607 16603 16601
f 16602 16604 16608 16606
f 16601 16602 16606 16605
f 16607 16608 16604 16603
f 16603 16604 16602 16601
f 16605 16606 16608 16607
o XL_BlastDoor_C4_C5_D1-col
usemtl Door
v 0.0750 4.0000 -30.1100
v 1.7250 4.0000 -30.1100
v 0.0750 4.0000 -30.1900
v 1.7250 4.0000 -30.1900
v 0.0750 6.8000 -30.1100
v 1.7250 6.8000 -30.1100
v 0.0750 6.8000 -30.1900
v 1.7250 6.8000 -30.1900
f 16613 16615 16611 16609
f 16610 16612 16616 16614
f 16609 16610 16614 16613
f 16615 16616 16612 16611
f 16611 16612 16610 16609
f 16613 16614 16616 16615
o XL_BreachWall_21-col
usemtl BreachWall
v -8.5500 4.0000 -29.9000
v -6.9500 4.0000 -29.9000
v -8.5500 4.0000 -30.1000
v -6.9500 4.0000 -30.1000
v -8.5500 6.4000 -29.9000
v -6.9500 6.4000 -29.9000
v -8.5500 6.4000 -30.1000
v -6.9500 6.4000 -30.1000
f 16621 16623 16619 16617
f 16618 16620 16624 16622
f 16617 16618 16622 16621
f 16623 16624 16620 16619
f 16619 16620 16618 16617
f 16621 16622 16624 16623
o XL_BreachWall_22-col
usemtl BreachWall
v 6.9500 4.0000 -29.9000
v 8.5500 4.0000 -29.9000
v 6.9500 4.0000 -30.1000
v 8.5500 4.0000 -30.1000
v 6.9500 6.4000 -29.9000
v 8.5500 6.4000 -29.9000
v 6.9500 6.4000 -30.1000
v 8.5500 6.4000 -30.1000
f 16629 16631 16627 16625
f 16626 16628 16632 16630
f 16625 16626 16630 16629
f 16631 16632 16628 16627
f 16627 16628 16626 16625
f 16629 16630 16632 16631
o XL_BreachDoor_23-col
usemtl Door
v -1.9500 4.0000 -44.2000
v -1.7500 4.0000 -44.2000
v -1.9500 4.0000 -45.8000
v -1.7500 4.0000 -45.8000
v -1.9500 6.6000 -44.2000
v -1.7500 6.6000 -44.2000
v -1.9500 6.6000 -45.8000
v -1.7500 6.6000 -45.8000
f 16637 16639 16635 16633
f 16634 16636 16640 16638
f 16633 16634 16638 16637
f 16639 16640 16636 16635
f 16635 16636 16634 16633
f 16637 16638 16640 16639
o XL_BreachWall_24-col
usemtl BreachWall
v 1.7500 4.0000 -47.2000
v 1.9500 4.0000 -47.2000
v 1.7500 4.0000 -48.8000
v 1.9500 4.0000 -48.8000
v 1.7500 6.6000 -47.2000
v 1.9500 6.6000 -47.2000
v 1.7500 6.6000 -48.8000
v 1.9500 6.6000 -48.8000
f 16645 16647 16643 16641
f 16642 16644 16648 16646
f 16641 16642 16646 16645
f 16647 16648 16644 16643
f 16643 16644 16642 16641
f 16645 16646 16648 16647
o XL_BreachWall_25-col
usemtl BreachWall
v -1.9500 4.0000 -57.2000
v -1.7500 4.0000 -57.2000
v -1.9500 4.0000 -58.8000
v -1.7500 4.0000 -58.8000
v -1.9500 6.6000 -57.2000
v -1.7500 6.6000 -57.2000
v -1.9500 6.6000 -58.8000
v -1.7500 6.6000 -58.8000
f 16653 16655 16651 16649
f 16650 16652 16656 16654
f 16649 16650 16654 16653
f 16655 16656 16652 16651
f 16651 16652 16650 16649
f 16653 16654 16656 16655
o XL_BreachWall_26-col
usemtl BreachWall
v 1.7500 4.0000 -57.2000
v 1.9500 4.0000 -57.2000
v 1.7500 4.0000 -58.8000
v 1.9500 4.0000 -58.8000
v 1.7500 6.6000 -57.2000
v 1.9500 6.6000 -57.2000
v 1.7500 6.6000 -58.8000
v 1.9500 6.6000 -58.8000
f 16661 16663 16659 16657
f 16658 16660 16664 16662
f 16657 16658 16662 16661
f 16663 16664 16660 16659
f 16659 16660 16658 16657
f 16661 16662 16664 16663
o XL_BlastDoor_C5_C6_D1-col
usemtl Door
v 0.0750 4.0000 -50.1100
v 1.7250 4.0000 -50.1100
v 0.0750 4.0000 -50.1900
v 1.7250 4.0000 -50.1900
v 0.0750 6.8000 -50.1100
v 1.7250 6.8000 -50.1100
v 0.0750 6.8000 -50.1900
v 1.7250 6.8000 -50.1900
f 16669 16671 16667 16665
f 16666 16668 16672 16670
f 16665 16666 16670 16669
f 16671 16672 16668 16667
f 16667 16668 16666 16665
f 16669 16670 16672 16671
o XL_BreachWall_27-col
usemtl BreachWall
v -8.5500 4.0000 -49.9000
v -6.9500 4.0000 -49.9000
v -8.5500 4.0000 -50.1000
v -6.9500 4.0000 -50.1000
v -8.5500 6.4000 -49.9000
v -6.9500 6.4000 -49.9000
v -8.5500 6.4000 -50.1000
v -6.9500 6.4000 -50.1000
f 16677 16679 16675 16673
f 16674 16676 16680 16678
f 16673 16674 16678 16677
f 16679 16680 16676 16675
f 16675 16676 16674 16673
f 16677 16678 16680 16679
o XL_BreachWall_28-col
usemtl BreachWall
v 6.9500 4.0000 -49.9000
v 8.5500 4.0000 -49.9000
v 6.9500 4.0000 -50.1000
v 8.5500 4.0000 -50.1000
v 6.9500 6.4000 -49.9000
v 8.5500 6.4000 -49.9000
v 6.9500 6.4000 -50.1000
v 8.5500 6.4000 -50.1000
f 16685 16687 16683 16681
f 16682 16684 16688 16686
f 16681 16682 16686 16685
f 16687 16688 16684 16683
f 16683 16684 16682 16681
f 16685 16686 16688 16687
o XL_BreachWall_29-col
usemtl BreachWall
v -1.9500 4.0000 -67.2000
v -1.7500 4.0000 -67.2000
v -1.9500 4.0000 -68.8000
v -1.7500 4.0000 -68.8000
v -1.9500 6.6000 -67.2000
v -1.7500 6.6000 -67.2000
v -1.9500 6.6000 -68.8000
v -1.7500 6.6000 -68.8000
f 16693 16695 16691 16689
f 16690 16692 16696 16694
f 16689 16690 16694 16693
f 16695 16696 16692 16691
f 16691 16692 16690 16689
f 16693 16694 16696 16695
o XL_BreachDoor_30-col
usemtl Door
v 1.7500 4.0000 -64.2000
v 1.9500 4.0000 -64.2000
v 1.7500 4.0000 -65.8000
v 1.9500 4.0000 -65.8000
v 1.7500 6.6000 -64.2000
v 1.9500 6.6000 -64.2000
v 1.7500 6.6000 -65.8000
v 1.9500 6.6000 -65.8000
f 16701 16703 16699 16697
f 16698 16700 16704 16702
f 16697 16698 16702 16701
f 16703 16704 16700 16699
f 16699 16700 16698 16697
f 16701 16702 16704 16703
o XL_BreachWall_31-col
usemtl BreachWall
v -1.9500 4.0000 -77.2000
v -1.7500 4.0000 -77.2000
v -1.9500 4.0000 -78.8000
v -1.7500 4.0000 -78.8000
v -1.9500 6.6000 -77.2000
v -1.7500 6.6000 -77.2000
v -1.9500 6.6000 -78.8000
v -1.7500 6.6000 -78.8000
f 16709 16711 16707 16705
f 16706 16708 16712 16710
f 16705 16706 16710 16709
f 16711 16712 16708 16707
f 16707 16708 16706 16705
f 16709 16710 16712 16711
o XL_BlastDoor_C6_C7_D1-col
usemtl Door
v 0.0750 4.0000 -70.1100
v 1.7250 4.0000 -70.1100
v 0.0750 4.0000 -70.1900
v 1.7250 4.0000 -70.1900
v 0.0750 6.8000 -70.1100
v 1.7250 6.8000 -70.1100
v 0.0750 6.8000 -70.1900
v 1.7250 6.8000 -70.1900
f 16717 16719 16715 16713
f 16714 16716 16720 16718
f 16713 16714 16718 16717
f 16719 16720 16716 16715
f 16715 16716 16714 16713
f 16717 16718 16720 16719
o XL_BreachWall_32-col
usemtl BreachWall
v -8.5500 4.0000 -69.9000
v -6.9500 4.0000 -69.9000
v -8.5500 4.0000 -70.1000
v -6.9500 4.0000 -70.1000
v -8.5500 6.4000 -69.9000
v -6.9500 6.4000 -69.9000
v -8.5500 6.4000 -70.1000
v -6.9500 6.4000 -70.1000
f 16725 16727 16723 16721
f 16722 16724 16728 16726
f 16721 16722 16726 16725
f 16727 16728 16724 16723
f 16723 16724 16722 16721
f 16725 16726 16728 16727
o XL_BreachWall_33-col
usemtl BreachWall
v 6.9500 4.0000 -69.9000
v 8.5500 4.0000 -69.9000
v 6.9500 4.0000 -70.1000
v 8.5500 4.0000 -70.1000
v 6.9500 6.4000 -69.9000
v 8.5500 6.4000 -69.9000
v 6.9500 6.4000 -70.1000
v 8.5500 6.4000 -70.1000
f 16733 16735 16731 16729
f 16730 16732 16736 16734
f 16729 16730 16734 16733
f 16735 16736 16732 16731
f 16731 16732 16730 16729
f 16733 16734 16736 16735
o XL_BreachDoor_34-col
usemtl Door
v -1.9500 8.0000 85.8000
v -1.7500 8.0000 85.8000
v -1.9500 8.0000 84.2000
v -1.7500 8.0000 84.2000
v -1.9500 10.6000 85.8000
v -1.7500 10.6000 85.8000
v -1.9500 10.6000 84.2000
v -1.7500 10.6000 84.2000
f 16741 16743 16739 16737
f 16738 16740 16744 16742
f 16737 16738 16742 16741
f 16743 16744 16740 16739
f 16739 16740 16738 16737
f 16741 16742 16744 16743
o XL_BreachWall_35-col
usemtl BreachWall
v -1.9500 8.0000 72.8000
v -1.7500 8.0000 72.8000
v -1.9500 8.0000 71.2000
v -1.7500 8.0000 71.2000
v -1.9500 10.6000 72.8000
v -1.7500 10.6000 72.8000
v -1.9500 10.6000 71.2000
v -1.7500 10.6000 71.2000
f 16749 16751 16747 16745
f 16746 16748 16752 16750
f 16745 16746 16750 16749
f 16751 16752 16748 16747
f 16747 16748 16746 16745
f 16749 16750 16752 16751
o XL_BreachDoor_36-col
usemtl Door
v 1.7500 8.0000 75.8000
v 1.9500 8.0000 75.8000
v 1.7500 8.0000 74.2000
v 1.9500 8.0000 74.2000
v 1.7500 10.6000 75.8000
v 1.9500 10.6000 75.8000
v 1.7500 10.6000 74.2000
v 1.9500 10.6000 74.2000
f 16757 16759 16755 16753
f 16754 16756 16760 16758
f 16753 16754 16758 16757
f 16759 16760 16756 16755
f 16755 16756 16754 16753
f 16757 16758 16760 16759
o XL_BlastDoor_C0_C1_D2-col
usemtl Door
v 0.0750 8.0000 79.8900
v 1.7250 8.0000 79.8900
v 0.0750 8.0000 79.8100
v 1.7250 8.0000 79.8100
v 0.0750 10.8000 79.8900
v 1.7250 10.8000 79.8900
v 0.0750 10.8000 79.8100
v 1.7250 10.8000 79.8100
f 16765 16767 16763 16761
f 16762 16764 16768 16766
f 16761 16762 16766 16765
f 16767 16768 16764 16763
f 16763 16764 16762 16761
f 16765 16766 16768 16767
o XL_BreachWall_37-col
usemtl BreachWall
v -8.5500 8.0000 80.1000
v -6.9500 8.0000 80.1000
v -8.5500 8.0000 79.9000
v -6.9500 8.0000 79.9000
v -8.5500 10.4000 80.1000
v -6.9500 10.4000 80.1000
v -8.5500 10.4000 79.9000
v -6.9500 10.4000 79.9000
f 16773 16775 16771 16769
f 16770 16772 16776 16774
f 16769 16770 16774 16773
f 16775 16776 16772 16771
f 16771 16772 16770 16769
f 16773 16774 16776 16775
o XL_BreachWall_38-col
usemtl BreachWall
v 6.9500 8.0000 80.1000
v 8.5500 8.0000 80.1000
v 6.9500 8.0000 79.9000
v 8.5500 8.0000 79.9000
v 6.9500 10.4000 80.1000
v 8.5500 10.4000 80.1000
v 6.9500 10.4000 79.9000
v 8.5500 10.4000 79.9000
f 16781 16783 16779 16777
f 16778 16780 16784 16782
f 16777 16778 16782 16781
f 16783 16784 16780 16779
f 16779 16780 16778 16777
f 16781 16782 16784 16783
o XL_BreachWall_39-col
usemtl BreachWall
v 1.7500 8.0000 62.8000
v 1.9500 8.0000 62.8000
v 1.7500 8.0000 61.2000
v 1.9500 8.0000 61.2000
v 1.7500 10.6000 62.8000
v 1.9500 10.6000 62.8000
v 1.7500 10.6000 61.2000
v 1.9500 10.6000 61.2000
f 16789 16791 16787 16785
f 16786 16788 16792 16790
f 16785 16786 16790 16789
f 16791 16792 16788 16787
f 16787 16788 16786 16785
f 16789 16790 16792 16791
o XL_BreachWall_40-col
usemtl BreachWall
v 1.7500 8.0000 42.8000
v 1.9500 8.0000 42.8000
v 1.7500 8.0000 41.2000
v 1.9500 8.0000 41.2000
v 1.7500 10.6000 42.8000
v 1.9500 10.6000 42.8000
v 1.7500 10.6000 41.2000
v 1.9500 10.6000 41.2000
f 16797 16799 16795 16793
f 16794 16796 16800 16798
f 16793 16794 16798 16797
f 16799 16800 16796 16795
f 16795 16796 16794 16793
f 16797 16798 16800 16799
o XL_BlastDoor_C1_C2_D2-col
usemtl Door
v 0.0750 8.0000 49.8900
v 1.7250 8.0000 49.8900
v 0.0750 8.0000 49.8100
v 1.7250 8.0000 49.8100
v 0.0750 10.8000 49.8900
v 1.7250 10.8000 49.8900
v 0.0750 10.8000 49.8100
v 1.7250 10.8000 49.8100
f 16805 16807 16803 16801
f 16802 16804 16808 16806
f 16801 16802 16806 16805
f 16807 16808 16804 16803
f 16803 16804 16802 16801
f 16805 16806 16808 16807
o XL_BreachWall_41-col
usemtl BreachWall
v -8.5500 8.0000 50.1000
v -6.9500 8.0000 50.1000
v -8.5500 8.0000 49.9000
v -6.9500 8.0000 49.9000
v -8.5500 10.4000 50.1000
v -6.9500 10.4000 50.1000
v -8.5500 10.4000 49.9000
v -6.9500 10.4000 49.9000
f 16813 16815 16811 16809
f 16810 16812 16816 16814
f 16809 16810 16814 16813
f 16815 16816 16812 16811
f 16811 16812 16810 16809
f 16813 16814 16816 16815
o XL_BreachWall_42-col
usemtl BreachWall
v 6.9500 8.0000 50.1000
v 8.5500 8.0000 50.1000
v 6.9500 8.0000 49.9000
v 8.5500 8.0000 49.9000
v 6.9500 10.4000 50.1000
v 8.5500 10.4000 50.1000
v 6.9500 10.4000 49.9000
v 8.5500 10.4000 49.9000
f 16821 16823 16819 16817
f 16818 16820 16824 16822
f 16817 16818 16822 16821
f 16823 16824 16820 16819
f 16819 16820 16818 16817
f 16821 16822 16824 16823
o XL_BreachDoor_43-col
usemtl Door
v -1.9500 8.0000 35.8000
v -1.7500 8.0000 35.8000
v -1.9500 8.0000 34.2000
v -1.7500 8.0000 34.2000
v -1.9500 10.6000 35.8000
v -1.7500 10.6000 35.8000
v -1.9500 10.6000 34.2000
v -1.7500 10.6000 34.2000
f 16829 16831 16827 16825
f 16826 16828 16832 16830
f 16825 16826 16830 16829
f 16831 16832 16828 16827
f 16827 16828 16826 16825
f 16829 16830 16832 16831
o XL_BreachWall_44-col
usemtl BreachWall
v 1.7500 8.0000 22.8000
v 1.9500 8.0000 22.8000
v 1.7500 8.0000 21.2000
v 1.9500 8.0000 21.2000
v 1.7500 10.6000 22.8000
v 1.9500 10.6000 22.8000
v 1.7500 10.6000 21.2000
v 1.9500 10.6000 21.2000
f 16837 16839 16835 16833
f 16834 16836 16840 16838
f 16833 16834 16838 16837
f 16839 16840 16836 16835
f 16835 16836 16834 16833
f 16837 16838 16840 16839
o XL_BreachDoor_45-col
usemtl Door
v 1.7500 8.0000 25.8000
v 1.9500 8.0000 25.8000
v 1.7500 8.0000 24.2000
v 1.9500 8.0000 24.2000
v 1.7500 10.6000 25.8000
v 1.9500 10.6000 25.8000
v 1.7500 10.6000 24.2000
v 1.9500 10.6000 24.2000
f 16845 16847 16843 16841
f 16842 16844 16848 16846
f 16841 16842 16846 16845
f 16847 16848 16844 16843
f 16843 16844 16842 16841
f 16845 16846 16848 16847
o XL_BlastDoor_C2_C3_D2-col
usemtl Door
v 0.0750 8.0000 9.8900
v 1.7250 8.0000 9.8900
v 0.0750 8.0000 9.8100
v 1.7250 8.0000 9.8100
v 0.0750 10.8000 9.8900
v 1.7250 10.8000 9.8900
v 0.0750 10.8000 9.8100
v 1.7250 10.8000 9.8100
f 16853 16855 16851 16849
f 16850 16852 16856 16854
f 16849 16850 16854 16853
f 16855 16856 16852 16851
f 16851 16852 16850 16849
f 16853 16854 16856 16855
o XL_BreachWall_46-col
usemtl BreachWall
v -8.5500 8.0000 10.1000
v -6.9500 8.0000 10.1000
v -8.5500 8.0000 9.9000
v -6.9500 8.0000 9.9000
v -8.5500 10.4000 10.1000
v -6.9500 10.4000 10.1000
v -8.5500 10.4000 9.9000
v -6.9500 10.4000 9.9000
f 16861 16863 16859 16857
f 16858 16860 16864 16862
f 16857 16858 16862 16861
f 16863 16864 16860 16859
f 16859 16860 16858 16857
f 16861 16862 16864 16863
o XL_BreachWall_47-col
usemtl BreachWall
v 6.9500 8.0000 10.1000
v 8.5500 8.0000 10.1000
v 6.9500 8.0000 9.9000
v 8.5500 8.0000 9.9000
v 6.9500 10.4000 10.1000
v 8.5500 10.4000 10.1000
v 6.9500 10.4000 9.9000
v 8.5500 10.4000 9.9000
f 16869 16871 16867 16865
f 16866 16868 16872 16870
f 16865 16866 16870 16869
f 16871 16872 16868 16867
f 16867 16868 16866 16865
f 16869 16870 16872 16871
o XL_BlastDoor_C3_C4_D2-col
usemtl Door
v 0.0750 8.0000 -10.1100
v 1.7250 8.0000 -10.1100
v 0.0750 8.0000 -10.1900
v 1.7250 8.0000 -10.1900
v 0.0750 10.8000 -10.1100
v 1.7250 10.8000 -10.1100
v 0.0750 10.8000 -10.1900
v 1.7250 10.8000 -10.1900
f 16877 16879 16875 16873
f 16874 16876 16880 16878
f 16873 16874 16878 16877
f 16879 16880 16876 16875
f 16875 16876 16874 16873
f 16877 16878 16880 16879
o XL_BreachWall_48-col
usemtl BreachWall
v -8.5500 8.0000 -9.9000
v -6.9500 8.0000 -9.9000
v -8.5500 8.0000 -10.1000
v -6.9500 8.0000 -10.1000
v -8.5500 10.4000 -9.9000
v -6.9500 10.4000 -9.9000
v -8.5500 10.4000 -10.1000
v -6.9500 10.4000 -10.1000
f 16885 16887 16883 16881
f 16882 16884 16888 16886
f 16881 16882 16886 16885
f 16887 16888 16884 16883
f 16883 16884 16882 16881
f 16885 16886 16888 16887
o XL_BreachWall_49-col
usemtl BreachWall
v 6.9500 8.0000 -9.9000
v 8.5500 8.0000 -9.9000
v 6.9500 8.0000 -10.1000
v 8.5500 8.0000 -10.1000
v 6.9500 10.4000 -9.9000
v 8.5500 10.4000 -9.9000
v 6.9500 10.4000 -10.1000
v 8.5500 10.4000 -10.1000
f 16893 16895 16891 16889
f 16890 16892 16896 16894
f 16889 16890 16894 16893
f 16895 16896 16892 16891
f 16891 16892 16890 16889
f 16893 16894 16896 16895
o XL_BreachWall_50-col
usemtl BreachWall
v -1.9500 8.0000 -37.2000
v -1.7500 8.0000 -37.2000
v -1.9500 8.0000 -38.8000
v -1.7500 8.0000 -38.8000
v -1.9500 10.6000 -37.2000
v -1.7500 10.6000 -37.2000
v -1.9500 10.6000 -38.8000
v -1.7500 10.6000 -38.8000
f 16901 16903 16899 16897
f 16898 16900 16904 16902
f 16897 16898 16902 16901
f 16903 16904 16900 16899
f 16899 16900 16898 16897
f 16901 16902 16904 16903
o XL_BreachWall_51-col
usemtl BreachWall
v 1.7500 8.0000 -37.2000
v 1.9500 8.0000 -37.2000
v 1.7500 8.0000 -38.8000
v 1.9500 8.0000 -38.8000
v 1.7500 10.6000 -37.2000
v 1.9500 10.6000 -37.2000
v 1.7500 10.6000 -38.8000
v 1.9500 10.6000 -38.8000
f 16909 16911 16907 16905
f 16906 16908 16912 16910
f 16905 16906 16910 16909
f 16911 16912 16908 16907
f 16907 16908 16906 16905
f 16909 16910 16912 16911
o XL_BlastDoor_C4_C5_D2-col
usemtl Door
v 0.0750 8.0000 -30.1100
v 1.7250 8.0000 -30.1100
v 0.0750 8.0000 -30.1900
v 1.7250 8.0000 -30.1900
v 0.0750 10.8000 -30.1100
v 1.7250 10.8000 -30.1100
v 0.0750 10.8000 -30.1900
v 1.7250 10.8000 -30.1900
f 16917 16919 16915 16913
f 16914 16916 16920 16918
f 16913 16914 16918 16917
f 16919 16920 16916 16915
f 16915 16916 16914 16913
f 16917 16918 16920 16919
o XL_BreachWall_52-col
usemtl BreachWall
v -8.5500 8.0000 -29.9000
v -6.9500 8.0000 -29.9000
v -8.5500 8.0000 -30.1000
v -6.9500 8.0000 -30.1000
v -8.5500 10.4000 -29.9000
v -6.9500 10.4000 -29.9000
v -8.5500 10.4000 -30.1000
v -6.9500 10.4000 -30.1000
f 16925 16927 16923 16921
f 16922 16924 16928 16926
f 16921 16922 16926 16925
f 16927 16928 16924 16923
f 16923 16924 16922 16921
f 16925 16926 16928 16927
o XL_BreachWall_53-col
usemtl BreachWall
v 6.9500 8.0000 -29.9000
v 8.5500 8.0000 -29.9000
v 6.9500 8.0000 -30.1000
v 8.5500 8.0000 -30.1000
v 6.9500 10.4000 -29.9000
v 8.5500 10.4000 -29.9000
v 6.9500 10.4000 -30.1000
v 8.5500 10.4000 -30.1000
f 16933 16935 16931 16929
f 16930 16932 16936 16934
f 16929 16930 16934 16933
f 16935 16936 16932 16931
f 16931 16932 16930 16929
f 16933 16934 16936 16935
o XL_BreachDoor_54-col
usemtl Door
v -1.9500 8.0000 -44.2000
v -1.7500 8.0000 -44.2000
v -1.9500 8.0000 -45.8000
v -1.7500 8.0000 -45.8000
v -1.9500 10.6000 -44.2000
v -1.7500 10.6000 -44.2000
v -1.9500 10.6000 -45.8000
v -1.7500 10.6000 -45.8000
f 16941 16943 16939 16937
f 16938 16940 16944 16942
f 16937 16938 16942 16941
f 16943 16944 16940 16939
f 16939 16940 16938 16937
f 16941 16942 16944 16943
o XL_BreachWall_55-col
usemtl BreachWall
v -1.9500 8.0000 -57.2000
v -1.7500 8.0000 -57.2000
v -1.9500 8.0000 -58.8000
v -1.7500 8.0000 -58.8000
v -1.9500 10.6000 -57.2000
v -1.7500 10.6000 -57.2000
v -1.9500 10.6000 -58.8000
v -1.7500 10.6000 -58.8000
f 16949 16951 16947 16945
f 16946 16948 16952 16950
f 16945 16946 16950 16949
f 16951 16952 16948 16947
f 16947 16948 16946 16945
f 16949 16950 16952 16951
o XL_BlastDoor_C5_C6_D2-col
usemtl Door
v 0.0750 8.0000 -50.1100
v 1.7250 8.0000 -50.1100
v 0.0750 8.0000 -50.1900
v 1.7250 8.0000 -50.1900
v 0.0750 10.8000 -50.1100
v 1.7250 10.8000 -50.1100
v 0.0750 10.8000 -50.1900
v 1.7250 10.8000 -50.1900
f 16957 16959 16955 16953
f 16954 16956 16960 16958
f 16953 16954 16958 16957
f 16959 16960 16956 16955
f 16955 16956 16954 16953
f 16957 16958 16960 16959
o XL_BreachWall_56-col
usemtl BreachWall
v -8.5500 8.0000 -49.9000
v -6.9500 8.0000 -49.9000
v -8.5500 8.0000 -50.1000
v -6.9500 8.0000 -50.1000
v -8.5500 10.4000 -49.9000
v -6.9500 10.4000 -49.9000
v -8.5500 10.4000 -50.1000
v -6.9500 10.4000 -50.1000
f 16965 16967 16963 16961
f 16962 16964 16968 16966
f 16961 16962 16966 16965
f 16967 16968 16964 16963
f 16963 16964 16962 16961
f 16965 16966 16968 16967
o XL_BreachWall_57-col
usemtl BreachWall
v 6.9500 8.0000 -49.9000
v 8.5500 8.0000 -49.9000
v 6.9500 8.0000 -50.1000
v 8.5500 8.0000 -50.1000
v 6.9500 10.4000 -49.9000
v 8.5500 10.4000 -49.9000
v 6.9500 10.4000 -50.1000
v 8.5500 10.4000 -50.1000
f 16973 16975 16971 16969
f 16970 16972 16976 16974
f 16969 16970 16974 16973
f 16975 16976 16972 16971
f 16971 16972 16970 16969
f 16973 16974 16976 16975
o XL_BreachDoor_58-col
usemtl Door
v 1.7500 8.0000 -74.2000
v 1.9500 8.0000 -74.2000
v 1.7500 8.0000 -75.8000
v 1.9500 8.0000 -75.8000
v 1.7500 10.6000 -74.2000
v 1.9500 10.6000 -74.2000
v 1.7500 10.6000 -75.8000
v 1.9500 10.6000 -75.8000
f 16981 16983 16979 16977
f 16978 16980 16984 16982
f 16977 16978 16982 16981
f 16983 16984 16980 16979
f 16979 16980 16978 16977
f 16981 16982 16984 16983
o XL_BlastDoor_C6_C7_D2-col
usemtl Door
v 0.0750 8.0000 -70.1100
v 1.7250 8.0000 -70.1100
v 0.0750 8.0000 -70.1900
v 1.7250 8.0000 -70.1900
v 0.0750 10.8000 -70.1100
v 1.7250 10.8000 -70.1100
v 0.0750 10.8000 -70.1900
v 1.7250 10.8000 -70.1900
f 16989 16991 16987 16985
f 16986 16988 16992 16990
f 16985 16986 16990 16989
f 16991 16992 16988 16987
f 16987 16988 16986 16985
f 16989 16990 16992 16991
o XL_BreachWall_59-col
usemtl BreachWall
v -8.5500 8.0000 -69.9000
v -6.9500 8.0000 -69.9000
v -8.5500 8.0000 -70.1000
v -6.9500 8.0000 -70.1000
v -8.5500 10.4000 -69.9000
v -6.9500 10.4000 -69.9000
v -8.5500 10.4000 -70.1000
v -6.9500 10.4000 -70.1000
f 16997 16999 16995 16993
f 16994 16996 17000 16998
f 16993 16994 16998 16997
f 16999 17000 16996 16995
f 16995 16996 16994 16993
f 16997 16998 17000 16999
o XL_BreachWall_60-col
usemtl BreachWall
v 6.9500 8.0000 -69.9000
v 8.5500 8.0000 -69.9000
v 6.9500 8.0000 -70.1000
v 8.5500 8.0000 -70.1000
v 6.9500 10.4000 -69.9000
v 8.5500 10.4000 -69.9000
v 6.9500 10.4000 -70.1000
v 8.5500 10.4000 -70.1000
f 17005 17007 17003 17001
f 17002 17004 17008 17006
f 17001 17002 17006 17005
f 17007 17008 17004 17003
f 17003 17004 17002 17001
f 17005 17006 17008 17007
o XL_Door_S17_D2-col
usemtl Door
v 0.0750 8.0000 -80.1100
v 1.7250 8.0000 -80.1100
v 0.0750 8.0000 -80.1900
v 1.7250 8.0000 -80.1900
v 0.0750 10.8000 -80.1100
v 1.7250 10.8000 -80.1100
v 0.0750 10.8000 -80.1900
v 1.7250 10.8000 -80.1900
f 17013 17015 17011 17009
f 17010 17012 17016 17014
f 17009 17010 17014 17013
f 17015 17016 17012 17011
f 17011 17012 17010 17009
f 17013 17014 17016 17015
o XL_Elevator_1-col
usemtl Door
v -4.8500 -0.1500 -11.1000
v -2.0500 -0.1500 -11.1000
v -4.8500 -0.1500 -13.9000
v -2.0500 -0.1500 -13.9000
v -4.8500 0.0000 -11.1000
v -2.0500 0.0000 -11.1000
v -4.8500 0.0000 -13.9000
v -2.0500 0.0000 -13.9000
v -4.8500 0.0000 -11.1000
v -2.0500 0.0000 -11.1000
v -4.8500 0.0000 -11.2000
v -2.0500 0.0000 -11.2000
v -4.8500 1.0000 -11.1000
v -2.0500 1.0000 -11.1000
v -4.8500 1.0000 -11.2000
v -2.0500 1.0000 -11.2000
v -4.8500 0.0000 -13.8000
v -2.0500 0.0000 -13.8000
v -4.8500 0.0000 -13.9000
v -2.0500 0.0000 -13.9000
v -4.8500 1.0000 -13.8000
v -2.0500 1.0000 -13.8000
v -4.8500 1.0000 -13.9000
v -2.0500 1.0000 -13.9000
f 17021 17023 17019 17017
f 17018 17020 17024 17022
f 17017 17018 17022 17021
f 17023 17024 17020 17019
f 17019 17020 17018 17017
f 17021 17022 17024 17023
f 17029 17031 17027 17025
f 17026 17028 17032 17030
f 17025 17026 17030 17029
f 17031 17032 17028 17027
f 17027 17028 17026 17025
f 17029 17030 17032 17031
f 17037 17039 17035 17033
f 17034 17036 17040 17038
f 17033 17034 17038 17037
f 17039 17040 17036 17035
f 17035 17036 17034 17033
f 17037 17038 17040 17039
o XL_ElevatorDoor_1_D0-col
usemtl Door
v -1.7300 0.0000 -13.4250
v -1.6500 0.0000 -13.4250
v -1.7300 0.0000 -15.2750
v -1.6500 0.0000 -15.2750
v -1.7300 2.6000 -13.4250
v -1.6500 2.6000 -13.4250
v -1.7300 2.6000 -15.2750
v -1.6500 2.6000 -15.2750
f 17045 17047 17043 17041
f 17042 17044 17048 17046
f 17041 17042 17046 17045
f 17047 17048 17044 17043
f 17043 17044 17042 17041
f 17045 17046 17048 17047
o XL_ElevatorDoor_1_D1-col
usemtl Door
v -1.7300 4.0000 -11.5750
v -1.6500 4.0000 -11.5750
v -1.7300 4.0000 -13.4250
v -1.6500 4.0000 -13.4250
v -1.7300 6.6000 -11.5750
v -1.6500 6.6000 -11.5750
v -1.7300 6.6000 -13.4250
v -1.6500 6.6000 -13.4250
f 17053 17055 17051 17049
f 17050 17052 17056 17054
f 17049 17050 17054 17053
f 17055 17056 17052 17051
f 17051 17052 17050 17049
f 17053 17054 17056 17055
o XL_ElevatorDoor_1_D2-col
usemtl Door
v -1.7300 8.0000 -11.5750
v -1.6500 8.0000 -11.5750
v -1.7300 8.0000 -13.4250
v -1.6500 8.0000 -13.4250
v -1.7300 10.6000 -11.5750
v -1.6500 10.6000 -11.5750
v -1.7300 10.6000 -13.4250
v -1.6500 10.6000 -13.4250
f 17061 17063 17059 17057
f 17058 17060 17064 17062
f 17057 17058 17062 17061
f 17063 17064 17060 17059
f 17059 17060 17058 17057
f 17061 17062 17064 17063
o XL_HangarShield_Port
usemtl Shield
v -10.2300 0.5000 79.0000
v -10.1700 0.5000 79.0000
v -10.2300 0.5000 51.0000
v -10.1700 0.5000 51.0000
v -10.2300 6.8000 79.0000
v -10.1700 6.8000 79.0000
v -10.2300 6.8000 51.0000
v -10.1700 6.8000 51.0000
f 17069 17071 17067 17065
f 17066 17068 17072 17070
f 17065 17066 17070 17069
f 17071 17072 17068 17067
f 17067 17068 17066 17065
f 17069 17070 17072 17071
o XL_HangarShield_Starboard
usemtl Shield
v 10.1700 0.5000 79.0000
v 10.2300 0.5000 79.0000
v 10.1700 0.5000 51.0000
v 10.2300 0.5000 51.0000
v 10.1700 6.8000 79.0000
v 10.2300 6.8000 79.0000
v 10.1700 6.8000 51.0000
v 10.2300 6.8000 51.0000
f 17077 17079 17075 17073
f 17074 17076 17080 17078
f 17073 17074 17078 17077
f 17079 17080 17076 17075
f 17075 17076 17074 17073
f 17077 17078 17080 17079
o XL_BreachPanel_1-col
usemtl BreachPanel
v -10.4500 0.3000 -23.4000
v -9.9500 0.3000 -23.4000
v -10.4500 0.3000 -26.6000
v -9.9500 0.3000 -26.6000
v -10.4500 3.3000 -23.4000
v -9.9500 3.3000 -23.4000
v -10.4500 3.3000 -26.6000
v -9.9500 3.3000 -26.6000
f 17085 17087 17083 17081
f 17082 17084 17088 17086
f 17081 17082 17086 17085
f 17087 17088 17084 17083
f 17083 17084 17082 17081
f 17085 17086 17088 17087
o XL_BreachPanel_2-col
usemtl BreachPanel
v 9.9500 0.3000 -33.4000
v 10.4500 0.3000 -33.4000
v 9.9500 0.3000 -36.6000
v 10.4500 0.3000 -36.6000
v 9.9500 3.3000 -33.4000
v 10.4500 3.3000 -33.4000
v 9.9500 3.3000 -36.6000
v 10.4500 3.3000 -36.6000
f 17093 17095 17091 17089
f 17090 17092 17096 17094
f 17089 17090 17094 17093
f 17095 17096 17092 17091
f 17091 17092 17090 17089
f 17093 17094 17096 17095
o XL_BreachPanel_3-col
usemtl BreachPanel
v -10.4500 4.3000 6.6000
v -9.9500 4.3000 6.6000
v -10.4500 4.3000 3.4000
v -9.9500 4.3000 3.4000
v -10.4500 7.3000 6.6000
v -9.9500 7.3000 6.6000
v -10.4500 7.3000 3.4000
v -9.9500 7.3000 3.4000
f 17101 17103 17099 17097
f 17098 17100 17104 17102
f 17097 17098 17102 17101
f 17103 17104 17100 17099
f 17099 17100 17098 17097
f 17101 17102 17104 17103
o XL_BreachPanel_4-col
usemtl BreachPanel
v -10.4500 4.3000 -83.4000
v -9.9500 4.3000 -83.4000
v -10.4500 4.3000 -86.6000
v -9.9500 4.3000 -86.6000
v -10.4500 7.3000 -83.4000
v -9.9500 7.3000 -83.4000
v -10.4500 7.3000 -86.6000
v -9.9500 7.3000 -86.6000
f 17109 17111 17107 17105
f 17106 17108 17112 17110
f 17105 17106 17110 17109
f 17111 17112 17108 17107
f 17107 17108 17106 17105
f 17109 17110 17112 17111
o XL_BreachPanel_5-col
usemtl BreachPanel
v 9.9500 8.3000 -43.4000
v 10.4500 8.3000 -43.4000
v 9.9500 8.3000 -46.6000
v 10.4500 8.3000 -46.6000
v 9.9500 11.3000 -43.4000
v 10.4500 11.3000 -43.4000
v 9.9500 11.3000 -46.6000
v 10.4500 11.3000 -46.6000
f 17117 17119 17115 17113
f 17114 17116 17120 17118
f 17113 17114 17118 17117
f 17119 17120 17116 17115
f 17115 17116 17114 17113
f 17117 17118 17120 17119
o XL_BreachPanel_6-col
usemtl BreachPanel
v -10.4500 8.3000 -63.4000
v -9.9500 8.3000 -63.4000
v -10.4500 8.3000 -66.6000
v -9.9500 8.3000 -66.6000
v -10.4500 11.3000 -63.4000
v -9.9500 11.3000 -63.4000
v -10.4500 11.3000 -66.6000
v -9.9500 11.3000 -66.6000
f 17125 17127 17123 17121
f 17122 17124 17128 17126
f 17121 17122 17126 17125
f 17127 17128 17124 17123
f 17123 17124 17122 17121
f 17125 17126 17128 17127
o XL_CargoBayDoor-col
usemtl Door
v 10.0000 0.2000 49.2000
v 10.1000 0.2000 49.2000
v 10.0000 0.2000 10.8000
v 10.1000 0.2000 10.8000
v 10.0000 6.8000 49.2000
v 10.1000 6.8000 49.2000
v 10.0000 6.8000 10.8000
v 10.1000 6.8000 10.8000
f 17133 17135 17131 17129
f 17130 17132 17136 17134
f 17129 17130 17134 17133
f 17135 17136 17132 17131
f 17131 17132 17130 17129
f 17133 17134 17136 17135
o XL_CargoBayShield
usemtl Shield
v 10.2500 0.2000 49.2000
v 10.3100 0.2000 49.2000
v 10.2500 0.2000 10.8000
v 10.3100 0.2000 10.8000
v 10.2500 6.8000 49.2000
v 10.3100 6.8000 49.2000
v 10.2500 6.8000 10.8000
v 10.3100 6.8000 10.8000
f 17141 17143 17139 17137
f 17138 17140 17144 17142
f 17137 17138 17142 17141
f 17143 17144 17140 17139
f 17139 17140 17138 17137
f 17141 17142 17144 17143
o XL_ReadyLockers-col
usemtl Furniture
v 1.4000 0.0000 8.6000
v 1.7500 0.0000 8.6000
v 1.4000 0.0000 7.2000
v 1.7500 0.0000 7.2000
v 1.4000 2.0000 8.6000
v 1.7500 2.0000 8.6000
v 1.4000 2.0000 7.2000
v 1.7500 2.0000 7.2000
v 1.4000 0.0000 -11.4000
v 1.7500 0.0000 -11.4000
v 1.4000 0.0000 -12.8000
v 1.7500 0.0000 -12.8000
v 1.4000 2.0000 -11.4000
v 1.7500 2.0000 -11.4000
v 1.4000 2.0000 -12.8000
v 1.7500 2.0000 -12.8000
v 1.4000 0.0000 -31.4000
v 1.7500 0.0000 -31.4000
v 1.4000 0.0000 -32.8000
v 1.7500 0.0000 -32.8000
v 1.4000 2.0000 -31.4000
v 1.7500 2.0000 -31.4000
v 1.4000 2.0000 -32.8000
v 1.7500 2.0000 -32.8000
v 1.4000 0.0000 -51.4000
v 1.7500 0.0000 -51.4000
v 1.4000 0.0000 -52.8000
v 1.7500 0.0000 -52.8000
v 1.4000 2.0000 -51.4000
v 1.7500 2.0000 -51.4000
v 1.4000 2.0000 -52.8000
v 1.7500 2.0000 -52.8000
v 1.4000 0.0000 -71.4000
v 1.7500 0.0000 -71.4000
v 1.4000 0.0000 -72.8000
v 1.7500 0.0000 -72.8000
v 1.4000 2.0000 -71.4000
v 1.7500 2.0000 -71.4000
v 1.4000 2.0000 -72.8000
v 1.7500 2.0000 -72.8000
v 1.4000 4.0000 8.6000
v 1.7500 4.0000 8.6000
v 1.4000 4.0000 7.2000
v 1.7500 4.0000 7.2000
v 1.4000 6.0000 8.6000
v 1.7500 6.0000 8.6000
v 1.4000 6.0000 7.2000
v 1.7500 6.0000 7.2000
v 1.4000 4.0000 -11.4000
v 1.7500 4.0000 -11.4000
v 1.4000 4.0000 -12.8000
v 1.7500 4.0000 -12.8000
v 1.4000 6.0000 -11.4000
v 1.7500 6.0000 -11.4000
v 1.4000 6.0000 -12.8000
v 1.7500 6.0000 -12.8000
v 1.4000 4.0000 -31.4000
v 1.7500 4.0000 -31.4000
v 1.4000 4.0000 -32.8000
v 1.7500 4.0000 -32.8000
v 1.4000 6.0000 -31.4000
v 1.7500 6.0000 -31.4000
v 1.4000 6.0000 -32.8000
v 1.7500 6.0000 -32.8000
v 1.4000 4.0000 -51.4000
v 1.7500 4.0000 -51.4000
v 1.4000 4.0000 -52.8000
v 1.7500 4.0000 -52.8000
v 1.4000 6.0000 -51.4000
v 1.7500 6.0000 -51.4000
v 1.4000 6.0000 -52.8000
v 1.7500 6.0000 -52.8000
v 1.4000 4.0000 -71.4000
v 1.7500 4.0000 -71.4000
v 1.4000 4.0000 -72.8000
v 1.7500 4.0000 -72.8000
v 1.4000 6.0000 -71.4000
v 1.7500 6.0000 -71.4000
v 1.4000 6.0000 -72.8000
v 1.7500 6.0000 -72.8000
v 1.4000 8.0000 88.6000
v 1.7500 8.0000 88.6000
v 1.4000 8.0000 87.2000
v 1.7500 8.0000 87.2000
v 1.4000 10.0000 88.6000
v 1.7500 10.0000 88.6000
v 1.4000 10.0000 87.2000
v 1.7500 10.0000 87.2000
v 1.4000 8.0000 78.6000
v 1.7500 8.0000 78.6000
v 1.4000 8.0000 77.2000
v 1.7500 8.0000 77.2000
v 1.4000 10.0000 78.6000
v 1.7500 10.0000 78.6000
v 1.4000 10.0000 77.2000
v 1.7500 10.0000 77.2000
v 1.4000 8.0000 48.6000
v 1.7500 8.0000 48.6000
v 1.4000 8.0000 47.2000
v 1.7500 8.0000 47.2000
v 1.4000 10.0000 48.6000
v 1.7500 10.0000 48.6000
v 1.4000 10.0000 47.2000
v 1.7500 10.0000 47.2000
v 1.4000 8.0000 8.6000
v 1.7500 8.0000 8.6000
v 1.4000 8.0000 7.2000
v 1.7500 8.0000 7.2000
v 1.4000 10.0000 8.6000
v 1.7500 10.0000 8.6000
v 1.4000 10.0000 7.2000
v 1.7500 10.0000 7.2000
v 1.4000 8.0000 -11.4000
v 1.7500 8.0000 -11.4000
v 1.4000 8.0000 -12.8000
v 1.7500 8.0000 -12.8000
v 1.4000 10.0000 -11.4000
v 1.7500 10.0000 -11.4000
v 1.4000 10.0000 -12.8000
v 1.7500 10.0000 -12.8000
v 1.4000 8.0000 -31.4000
v 1.7500 8.0000 -31.4000
v 1.4000 8.0000 -32.8000
v 1.7500 8.0000 -32.8000
v 1.4000 10.0000 -31.4000
v 1.7500 10.0000 -31.4000
v 1.4000 10.0000 -32.8000
v 1.7500 10.0000 -32.8000
v 1.4000 8.0000 -51.4000
v 1.7500 8.0000 -51.4000
v 1.4000 8.0000 -52.8000
v 1.7500 8.0000 -52.8000
v 1.4000 10.0000 -51.4000
v 1.7500 10.0000 -51.4000
v 1.4000 10.0000 -52.8000
v 1.7500 10.0000 -52.8000
v 1.4000 8.0000 -71.4000
v 1.7500 8.0000 -71.4000
v 1.4000 8.0000 -72.8000
v 1.7500 8.0000 -72.8000
v 1.4000 10.0000 -71.4000
v 1.7500 10.0000 -71.4000
v 1.4000 10.0000 -72.8000
v 1.7500 10.0000 -72.8000
f 17149 17151 17147 17145
f 17146 17148 17152 17150
f 17145 17146 17150 17149
f 17151 17152 17148 17147
f 17147 17148 17146 17145
f 17149 17150 17152 17151
f 17157 17159 17155 17153
f 17154 17156 17160 17158
f 17153 17154 17158 17157
f 17159 17160 17156 17155
f 17155 17156 17154 17153
f 17157 17158 17160 17159
f 17165 17167 17163 17161
f 17162 17164 17168 17166
f 17161 17162 17166 17165
f 17167 17168 17164 17163
f 17163 17164 17162 17161
f 17165 17166 17168 17167
f 17173 17175 17171 17169
f 17170 17172 17176 17174
f 17169 17170 17174 17173
f 17175 17176 17172 17171
f 17171 17172 17170 17169
f 17173 17174 17176 17175
f 17181 17183 17179 17177
f 17178 17180 17184 17182
f 17177 17178 17182 17181
f 17183 17184 17180 17179
f 17179 17180 17178 17177
f 17181 17182 17184 17183
f 17189 17191 17187 17185
f 17186 17188 17192 17190
f 17185 17186 17190 17189
f 17191 17192 17188 17187
f 17187 17188 17186 17185
f 17189 17190 17192 17191
f 17197 17199 17195 17193
f 17194 17196 17200 17198
f 17193 17194 17198 17197
f 17199 17200 17196 17195
f 17195 17196 17194 17193
f 17197 17198 17200 17199
f 17205 17207 17203 17201
f 17202 17204 17208 17206
f 17201 17202 17206 17205
f 17207 17208 17204 17203
f 17203 17204 17202 17201
f 17205 17206 17208 17207
f 17213 17215 17211 17209
f 17210 17212 17216 17214
f 17209 17210 17214 17213
f 17215 17216 17212 17211
f 17211 17212 17210 17209
f 17213 17214 17216 17215
f 17221 17223 17219 17217
f 17218 17220 17224 17222
f 17217 17218 17222 17221
f 17223 17224 17220 17219
f 17219 17220 17218 17217
f 17221 17222 17224 17223
f 17229 17231 17227 17225
f 17226 17228 17232 17230
f 17225 17226 17230 17229
f 17231 17232 17228 17227
f 17227 17228 17226 17225
f 17229 17230 17232 17231
f 17237 17239 17235 17233
f 17234 17236 17240 17238
f 17233 17234 17238 17237
f 17239 17240 17236 17235
f 17235 17236 17234 17233
f 17237 17238 17240 17239
f 17245 17247 17243 17241
f 17242 17244 17248 17246
f 17241 17242 17246 17245
f 17247 17248 17244 17243
f 17243 17244 17242 17241
f 17245 17246 17248 17247
f 17253 17255 17251 17249
f 17250 17252 17256 17254
f 17249 17250 17254 17253
f 17255 17256 17252 17251
f 17251 17252 17250 17249
f 17253 17254 17256 17255
f 17261 17263 17259 17257
f 17258 17260 17264 17262
f 17257 17258 17262 17261
f 17263 17264 17260 17259
f 17259 17260 17258 17257
f 17261 17262 17264 17263
f 17269 17271 17267 17265
f 17266 17268 17272 17270
f 17265 17266 17270 17269
f 17271 17272 17268 17267
f 17267 17268 17266 17265
f 17269 17270 17272 17271
f 17277 17279 17275 17273
f 17274 17276 17280 17278
f 17273 17274 17278 17277
f 17279 17280 17276 17275
f 17275 17276 17274 17273
f 17277 17278 17280 17279
f 17285 17287 17283 17281
f 17282 17284 17288 17286
f 17281 17282 17286 17285
f 17287 17288 17284 17283
f 17283 17284 17282 17281
f 17285 17286 17288 17287
o XL_EscapePod_1
usemtl Armor
v 10.4500 0.3500 -11.7500
v 12.6500 0.3500 -11.7500
v 10.4500 0.3500 -13.4500
v 12.6500 0.3500 -13.4500
v 10.4500 2.0500 -11.7500
v 12.6500 2.0500 -11.7500
v 10.4500 2.0500 -13.4500
v 12.6500 2.0500 -13.4500
v 12.6500 0.6000 -12.0000
v 13.1500 0.6000 -12.0000
v 12.6500 0.6000 -13.2000
v 13.1500 0.6000 -13.2000
v 12.6500 1.8000 -12.0000
v 13.1500 1.8000 -12.0000
v 12.6500 1.8000 -13.2000
v 13.1500 1.8000 -13.2000
f 17293 17295 17291 17289
f 17290 17292 17296 17294
f 17289 17290 17294 17293
f 17295 17296 17292 17291
f 17291 17292 17290 17289
f 17293 17294 17296 17295
f 17301 17303 17299 17297
f 17298 17300 17304 17302
f 17297 17298 17302 17301
f 17303 17304 17300 17299
f 17299 17300 17298 17297
f 17301 17302 17304 17303
o XL_EscapePod_2
usemtl Armor
v 10.4500 0.3500 -16.5500
v 12.6500 0.3500 -16.5500
v 10.4500 0.3500 -18.2500
v 12.6500 0.3500 -18.2500
v 10.4500 2.0500 -16.5500
v 12.6500 2.0500 -16.5500
v 10.4500 2.0500 -18.2500
v 12.6500 2.0500 -18.2500
v 12.6500 0.6000 -16.8000
v 13.1500 0.6000 -16.8000
v 12.6500 0.6000 -18.0000
v 13.1500 0.6000 -18.0000
v 12.6500 1.8000 -16.8000
v 13.1500 1.8000 -16.8000
v 12.6500 1.8000 -18.0000
v 13.1500 1.8000 -18.0000
f 17309 17311 17307 17305
f 17306 17308 17312 17310
f 17305 17306 17310 17309
f 17311 17312 17308 17307
f 17307 17308 17306 17305
f 17309 17310 17312 17311
f 17317 17319 17315 17313
f 17314 17316 17320 17318
f 17313 17314 17318 17317
f 17319 17320 17316 17315
f 17315 17316 17314 17313
f 17317 17318 17320 17319
o XL_EscapePod_3
usemtl Armor
v -12.6500 4.3500 -21.7500
v -10.4500 4.3500 -21.7500
v -12.6500 4.3500 -23.4500
v -10.4500 4.3500 -23.4500
v -12.6500 6.0500 -21.7500
v -10.4500 6.0500 -21.7500
v -12.6500 6.0500 -23.4500
v -10.4500 6.0500 -23.4500
v -13.1500 4.6000 -22.0000
v -12.6500 4.6000 -22.0000
v -13.1500 4.6000 -23.2000
v -12.6500 4.6000 -23.2000
v -13.1500 5.8000 -22.0000
v -12.6500 5.8000 -22.0000
v -13.1500 5.8000 -23.2000
v -12.6500 5.8000 -23.2000
f 17325 17327 17323 17321
f 17322 17324 17328 17326
f 17321 17322 17326 17325
f 17327 17328 17324 17323
f 17323 17324 17322 17321
f 17325 17326 17328 17327
f 17333 17335 17331 17329
f 17330 17332 17336 17334
f 17329 17330 17334 17333
f 17335 17336 17332 17331
f 17331 17332 17330 17329
f 17333 17334 17336 17335
o XL_EscapePod_4
usemtl Armor
v -12.6500 4.3500 -26.5500
v -10.4500 4.3500 -26.5500
v -12.6500 4.3500 -28.2500
v -10.4500 4.3500 -28.2500
v -12.6500 6.0500 -26.5500
v -10.4500 6.0500 -26.5500
v -12.6500 6.0500 -28.2500
v -10.4500 6.0500 -28.2500
v -13.1500 4.6000 -26.8000
v -12.6500 4.6000 -26.8000
v -13.1500 4.6000 -28.0000
v -12.6500 4.6000 -28.0000
v -13.1500 5.8000 -26.8000
v -12.6500 5.8000 -26.8000
v -13.1500 5.8000 -28.0000
v -12.6500 5.8000 -28.0000
f 17341 17343 17339 17337
f 17338 17340 17344 17342
f 17337 17338 17342 17341
f 17343 17344 17340 17339
f 17339 17340 17338 17337
f 17341 17342 17344 17343
f 17349 17351 17347 17345
f 17346 17348 17352 17350
f 17345 17346 17350 17349
f 17351 17352 17348 17347
f 17347 17348 17346 17345
f 17349 17350 17352 17351
o XL_EscapePod_5
usemtl Armor
v -12.6500 8.3500 28.2500
v -10.4500 8.3500 28.2500
v -12.6500 8.3500 26.5500
v -10.4500 8.3500 26.5500
v -12.6500 10.0500 28.2500
v -10.4500 10.0500 28.2500
v -12.6500 10.0500 26.5500
v -10.4500 10.0500 26.5500
v -13.1500 8.6000 28.0000
v -12.6500 8.6000 28.0000
v -13.1500 8.6000 26.8000
v -12.6500 8.6000 26.8000
v -13.1500 9.8000 28.0000
v -12.6500 9.8000 28.0000
v -13.1500 9.8000 26.8000
v -12.6500 9.8000 26.8000
f 17357 17359 17355 17353
f 17354 17356 17360 17358
f 17353 17354 17358 17357
f 17359 17360 17356 17355
f 17355 17356 17354 17353
f 17357 17358 17360 17359
f 17365 17367 17363 17361
f 17362 17364 17368 17366
f 17361 17362 17366 17365
f 17367 17368 17364 17363
f 17363 17364 17362 17361
f 17365 17366 17368 17367
o XL_EscapePod_6
usemtl Armor
v -12.6500 8.3500 23.4500
v -10.4500 8.3500 23.4500
v -12.6500 8.3500 21.7500
v -10.4500 8.3500 21.7500
v -12.6500 10.0500 23.4500
v -10.4500 10.0500 23.4500
v -12.6500 10.0500 21.7500
v -10.4500 10.0500 21.7500
v -13.1500 8.6000 23.2000
v -12.6500 8.6000 23.2000
v -13.1500 8.6000 22.0000
v -12.6500 8.6000 22.0000
v -13.1500 9.8000 23.2000
v -12.6500 9.8000 23.2000
v -13.1500 9.8000 22.0000
v -12.6500 9.8000 22.0000
f 17373 17375 17371 17369
f 17370 17372 17376 17374
f 17369 17370 17374 17373
f 17375 17376 17372 17371
f 17371 17372 17370 17369
f 17373 17374 17376 17375
f 17381 17383 17379 17377
f 17378 17380 17384 17382
f 17377 17378 17382 17381
f 17383 17384 17380 17379
f 17379 17380 17378 17377
f 17381 17382 17384 17383
o XL_Turret_1
usemtl Turret
v 1.4250 15.4000 -72.5000
v 1.3165 15.4000 -73.0453
v 1.0076 15.4000 -73.5076
v 0.5453 15.4000 -73.8165
v 0.0000 15.4000 -73.9250
v -0.5453 15.4000 -73.8165
v -1.0076 15.4000 -73.5076
v -1.3165 15.4000 -73.0453
v -1.4250 15.4000 -72.5000
v -1.3165 15.4000 -71.9547
v -1.0076 15.4000 -71.4924
v -0.5453 15.4000 -71.1835
v -0.0000 15.4000 -71.0750
v 0.5453 15.4000 -71.1835
v 1.0076 15.4000 -71.4924
v 1.3165 15.4000 -71.9547
v 1.4250 15.9250 -72.5000
v 1.3165 15.9250 -73.0453
v 1.0076 15.9250 -73.5076
v 0.5453 15.9250 -73.8165
v 0.0000 15.9250 -73.9250
v -0.5453 15.9250 -73.8165
v -1.0076 15.9250 -73.5076
v -1.3165 15.9250 -73.0453
v -1.4250 15.9250 -72.5000
v -1.3165 15.9250 -71.9547
v -1.0076 15.9250 -71.4924
v -0.5453 15.9250 -71.1835
v -0.0000 15.9250 -71.0750
v 0.5453 15.9250 -71.1835
v 1.0076 15.9250 -71.4924
v 1.3165 15.9250 -71.9547
v -1.2000 15.9250 -71.3000
v 1.2000 15.9250 -71.3000
v -1.2000 15.9250 -73.8500
v 1.2000 15.9250 -73.8500
v -0.8250 17.1250 -71.3000
v 0.8250 17.1250 -71.3000
v -0.8250 17.1250 -73.8500
v 0.8250 17.1250 -73.8500
v -0.6150 16.3750 -73.4000
v -0.3450 16.3750 -73.4000
v -0.6150 16.3750 -77.3000
v -0.3450 16.3750 -77.3000
v -0.6150 16.6450 -73.4000
v -0.3450 16.6450 -73.4000
v -0.6150 16.6450 -77.3000
v -0.3450 16.6450 -77.3000
v 0.3450 16.3750 -73.4000
v 0.6150 16.3750 -73.4000
v 0.3450 16.3750 -77.3000
v 0.6150 16.3750 -77.3000
v 0.3450 16.6450 -73.4000
v 0.6150 16.6450 -73.4000
v 0.3450 16.6450 -77.3000
v 0.6150 16.6450 -77.3000
f 17385 17386 17402 17401
f 17386 17387 17403 17402
f 17387 17388 17404 17403
f 17388 17389 17405 17404
f 17389 17390 17406 17405
f 17390 17391 17407 17406
f 17391 17392 17408 17407
f 17392 17393 17409 17408
f 17393 17394 17410 17409
f 17394 17395 17411 17410
f 17395 17396 17412 17411
f 17396 17397 17413 17412
f 17397 17398 17414 17413
f 17398 17399 17415 17414
f 17399 17400 17416 17415
f 17400 17385 17401 17416
f 17400 17399 17398 17397 17396 17395 17394 17393 17392 17391 17390 17389 17388 17387 17386 17385
f 17401 17402 17403 17404 17405 17406 17407 17408 17409 17410 17411 17412 17413 17414 17415 17416
f 17421 17423 17419 17417
f 17418 17420 17424 17422
f 17417 17418 17422 17421
f 17423 17424 17420 17419
f 17419 17420 17418 17417
f 17421 17422 17424 17423
f 17429 17431 17427 17425
f 17426 17428 17432 17430
f 17425 17426 17430 17429
f 17431 17432 17428 17427
f 17427 17428 17426 17425
f 17429 17430 17432 17431
f 17437 17439 17435 17433
f 17434 17436 17440 17438
f 17433 17434 17438 17437
f 17439 17440 17436 17435
f 17435 17436 17434 17433
f 17437 17438 17440 17439
o XL_Turret_2
usemtl Turret
v -1.4250 15.4000 76.5000
v -1.3165 15.4000 77.0453
v -1.0076 15.4000 77.5076
v -0.5453 15.4000 77.8165
v -0.0000 15.4000 77.9250
v 0.5453 15.4000 77.8165
v 1.0076 15.4000 77.5076
v 1.3165 15.4000 77.0453
v 1.4250 15.4000 76.5000
v 1.3165 15.4000 75.9547
v 1.0076 15.4000 75.4924
v 0.5453 15.4000 75.1835
v 0.0000 15.4000 75.0750
v -0.5453 15.4000 75.1835
v -1.0076 15.4000 75.4924
v -1.3165 15.4000 75.9547
v -1.4250 15.9250 76.5000
v -1.3165 15.9250 77.0453
v -1.0076 15.9250 77.5076
v -0.5453 15.9250 77.8165
v -0.0000 15.9250 77.9250
v 0.5453 15.9250 77.8165
v 1.0076 15.9250 77.5076
v 1.3165 15.9250 77.0453
v 1.4250 15.9250 76.5000
v 1.3165 15.9250 75.9547
v 1.0076 15.9250 75.4924
v 0.5453 15.9250 75.1835
v 0.0000 15.9250 75.0750
v -0.5453 15.9250 75.1835
v -1.0076 15.9250 75.4924
v -1.3165 15.9250 75.9547
v 1.2000 15.9250 75.3000
v -1.2000 15.9250 75.3000
v 1.2000 15.9250 77.8500
v -1.2000 15.9250 77.8500
v 0.8250 17.1250 75.3000
v -0.8250 17.1250 75.3000
v 0.8250 17.1250 77.8500
v -0.8250 17.1250 77.8500
v 0.6150 16.3750 77.4000
v 0.3450 16.3750 77.4000
v 0.6150 16.3750 81.3000
v 0.3450 16.3750 81.3000
v 0.6150 16.6450 77.4000
v 0.3450 16.6450 77.4000
v 0.6150 16.6450 81.3000
v 0.3450 16.6450 81.3000
v -0.3450 16.3750 77.4000
v -0.6150 16.3750 77.4000
v -0.3450 16.3750 81.3000
v -0.6150 16.3750 81.3000
v -0.3450 16.6450 77.4000
v -0.6150 16.6450 77.4000
v -0.3450 16.6450 81.3000
v -0.6150 16.6450 81.3000
f 17441 17442 17458 17457
f 17442 17443 17459 17458
f 17443 17444 17460 17459
f 17444 17445 17461 17460
f 17445 17446 17462 17461
f 17446 17447 17463 17462
f 17447 17448 17464 17463
f 17448 17449 17465 17464
f 17449 17450 17466 17465
f 17450 17451 17467 17466
f 17451 17452 17468 17467
f 17452 17453 17469 17468
f 17453 17454 17470 17469
f 17454 17455 17471 17470
f 17455 17456 17472 17471
f 17456 17441 17457 17472
f 17456 17455 17454 17453 17452 17451 17450 17449 17448 17447 17446 17445 17444 17443 17442 17441
f 17457 17458 17459 17460 17461 17462 17463 17464 17465 17466 17467 17468 17469 17470 17471 17472
f 17477 17479 17475 17473
f 17474 17476 17480 17478
f 17473 17474 17478 17477
f 17479 17480 17476 17475
f 17475 17476 17474 17473
f 17477 17478 17480 17479
f 17485 17487 17483 17481
f 17482 17484 17488 17486
f 17481 17482 17486 17485
f 17487 17488 17484 17483
f 17483 17484 17482 17481
f 17485 17486 17488 17487
f 17493 17495 17491 17489
f 17490 17492 17496 17494
f 17489 17490 17494 17493
f 17495 17496 17492 17491
f 17491 17492 17490 17489
f 17493 17494 17496 17495
o XL_Turret_3
usemtl Turret
v -10.2750 12.4000 66.0000
v -10.1665 12.4000 66.5453
v -9.8576 12.4000 67.0076
v -9.3953 12.4000 67.3165
v -8.8500 12.4000 67.4250
v -8.3047 12.4000 67.3165
v -7.8424 12.4000 67.0076
v -7.5335 12.4000 66.5453
v -7.4250 12.4000 66.0000
v -7.5335 12.4000 65.4547
v -7.8424 12.4000 64.9924
v -8.3047 12.4000 64.6835
v -8.8500 12.4000 64.5750
v -9.3953 12.4000 64.6835
v -9.8576 12.4000 64.9924
v -10.1665 12.4000 65.4547
v -10.2750 12.9250 66.0000
v -10.1665 12.9250 66.5453
v -9.8576 12.9250 67.0076
v -9.3953 12.9250 67.3165
v -8.8500 12.9250 67.4250
v -8.3047 12.9250 67.3165
v -7.8424 12.9250 67.0076
v -7.5335 12.9250 66.5453
v -7.4250 12.9250 66.0000
v -7.5335 12.9250 65.4547
v -7.8424 12.9250 64.9924
v -8.3047 12.9250 64.6835
v -8.8500 12.9250 64.5750
v -9.3953 12.9250 64.6835
v -9.8576 12.9250 64.9924
v -10.1665 12.9250 65.4547
v -7.6500 12.9250 64.8000
v -10.0500 12.9250 64.8000
v -7.6500 12.9250 67.3500
v -10.0500 12.9250 67.3500
v -8.0250 14.1250 64.8000
v -9.6750 14.1250 64.8000
v -8.0250 14.1250 67.3500
v -9.6750 14.1250 67.3500
v -8.2350 13.3750 66.9000
v -8.5050 13.3750 66.9000
v -8.2350 13.3750 70.8000
v -8.5050 13.3750 70.8000
v -8.2350 13.6450 66.9000
v -8.5050 13.6450 66.9000
v -8.2350 13.6450 70.8000
v -8.5050 13.6450 70.8000
v -9.1950 13.3750 66.9000
v -9.4650 13.3750 66.9000
v -9.1950 13.3750 70.8000
v -9.4650 13.3750 70.8000
v -9.1950 13.6450 66.9000
v -9.4650 13.6450 66.9000
v -9.1950 13.6450 70.8000
v -9.4650 13.6450 70.8000
f 17497 17498 17514 17513
f 17498 17499 17515 17514
f 17499 17500 17516 17515
f 17500 17501 17517 17516
f 17501 17502 17518 17517
f 17502 17503 17519 17518
f 17503 17504 17520 17519
f 17504 17505 17521 17520
f 17505 17506 17522 17521
f 17506 17507 17523 17522
f 17507 17508 17524 17523
f 17508 17509 17525 17524
f 17509 17510 17526 17525
f 17510 17511 17527 17526
f 17511 17512 17528 17527
f 17512 17497 17513 17528
f 17512 17511 17510 17509 17508 17507 17506 17505 17504 17503 17502 17501 17500 17499 17498 17497
f 17513 17514 17515 17516 17517 17518 17519 17520 17521 17522 17523 17524 17525 17526 17527 17528
f 17533 17535 17531 17529
f 17530 17532 17536 17534
f 17529 17530 17534 17533
f 17535 17536 17532 17531
f 17531 17532 17530 17529
f 17533 17534 17536 17535
f 17541 17543 17539 17537
f 17538 17540 17544 17542
f 17537 17538 17542 17541
f 17543 17544 17540 17539
f 17539 17540 17538 17537
f 17541 17542 17544 17543
f 17549 17551 17547 17545
f 17546 17548 17552 17550
f 17545 17546 17550 17549
f 17551 17552 17548 17547
f 17547 17548 17546 17545
f 17549 17550 17552 17551
o XL_Turret_4
usemtl Turret
v 7.4250 12.4000 66.0000
v 7.5335 12.4000 66.5453
v 7.8424 12.4000 67.0076
v 8.3047 12.4000 67.3165
v 8.8500 12.4000 67.4250
v 9.3953 12.4000 67.3165
v 9.8576 12.4000 67.0076
v 10.1665 12.4000 66.5453
v 10.2750 12.4000 66.0000
v 10.1665 12.4000 65.4547
v 9.8576 12.4000 64.9924
v 9.3953 12.4000 64.6835
v 8.8500 12.4000 64.5750
v 8.3047 12.4000 64.6835
v 7.8424 12.4000 64.9924
v 7.5335 12.4000 65.4547
v 7.4250 12.9250 66.0000
v 7.5335 12.9250 66.5453
v 7.8424 12.9250 67.0076
v 8.3047 12.9250 67.3165
v 8.8500 12.9250 67.4250
v 9.3953 12.9250 67.3165
v 9.8576 12.9250 67.0076
v 10.1665 12.9250 66.5453
v 10.2750 12.9250 66.0000
v 10.1665 12.9250 65.4547
v 9.8576 12.9250 64.9924
v 9.3953 12.9250 64.6835
v 8.8500 12.9250 64.5750
v 8.3047 12.9250 64.6835
v 7.8424 12.9250 64.9924
v 7.5335 12.9250 65.4547
v 10.0500 12.9250 64.8000
v 7.6500 12.9250 64.8000
v 10.0500 12.9250 67.3500
v 7.6500 12.9250 67.3500
v 9.6750 14.1250 64.8000
v 8.0250 14.1250 64.8000
v 9.6750 14.1250 67.3500
v 8.0250 14.1250 67.3500
v 9.4650 13.3750 66.9000
v 9.1950 13.3750 66.9000
v 9.4650 13.3750 70.8000
v 9.1950 13.3750 70.8000
v 9.4650 13.6450 66.9000
v 9.1950 13.6450 66.9000
v 9.4650 13.6450 70.8000
v 9.1950 13.6450 70.8000
v 8.5050 13.3750 66.9000
v 8.2350 13.3750 66.9000
v 8.5050 13.3750 70.8000
v 8.2350 13.3750 70.8000
v 8.5050 13.6450 66.9000
v 8.2350 13.6450 66.9000
v 8.5050 13.6450 70.8000
v 8.2350 13.6450 70.8000
f 17553 17554 17570 17569
f 17554 17555 17571 17570
f 17555 17556 17572 17571
f 17556 17557 17573 17572
f 17557 17558 17574 17573
f 17558 17559 17575 17574
f 17559 17560 17576 17575
f 17560 17561 17577 17576
f 17561 17562 17578 17577
f 17562 17563 17579 17578
f 17563 17564 17580 17579
f 17564 17565 17581 17580
f 17565 17566 17582 17581
f 17566 17567 17583 17582
f 17567 17568 17584 17583
f 17568 17553 17569 17584
f 17568 17567 17566 17565 17564 17563 17562 17561 17560 17559 17558 17557 17556 17555 17554 17553
f 17569 17570 17571 17572 17573 17574 17575 17576 17577 17578 17579 17580 17581 17582 17583 17584
f 17589 17591 17587 17585
f 17586 17588 17592 17590
f 17585 17586 17590 17589
f 17591 17592 17588 17587
f 17587 17588 17586 17585
f 17589 17590 17592 17591
f 17597 17599 17595 17593
f 17594 17596 17600 17598
f 17593 17594 17598 17597
f 17599 17600 17596 17595
f 17595 17596 17594 17593
f 17597 17598 17600 17599
f 17605 17607 17603 17601
f 17602 17604 17608 17606
f 17601 17602 17606 17605
f 17607 17608 17604 17603
f 17603 17604 17602 17601
f 17605 17606 17608 17607
o XL_Turret_5
usemtl Turret
v -10.2750 12.4000 33.0000
v -10.1665 12.4000 33.5453
v -9.8576 12.4000 34.0076
v -9.3953 12.4000 34.3165
v -8.8500 12.4000 34.4250
v -8.3047 12.4000 34.3165
v -7.8424 12.4000 34.0076
v -7.5335 12.4000 33.5453
v -7.4250 12.4000 33.0000
v -7.5335 12.4000 32.4547
v -7.8424 12.4000 31.9924
v -8.3047 12.4000 31.6835
v -8.8500 12.4000 31.5750
v -9.3953 12.4000 31.6835
v -9.8576 12.4000 31.9924
v -10.1665 12.4000 32.4547
v -10.2750 12.9250 33.0000
v -10.1665 12.9250 33.5453
v -9.8576 12.9250 34.0076
v -9.3953 12.9250 34.3165
v -8.8500 12.9250 34.4250
v -8.3047 12.9250 34.3165
v -7.8424 12.9250 34.0076
v -7.5335 12.9250 33.5453
v -7.4250 12.9250 33.0000
v -7.5335 12.9250 32.4547
v -7.8424 12.9250 31.9924
v -8.3047 12.9250 31.6835
v -8.8500 12.9250 31.5750
v -9.3953 12.9250 31.6835
v -9.8576 12.9250 31.9924
v -10.1665 12.9250 32.4547
v -7.6500 12.9250 31.8000
v -10.0500 12.9250 31.8000
v -7.6500 12.9250 34.3500
v -10.0500 12.9250 34.3500
v -8.0250 14.1250 31.8000
v -9.6750 14.1250 31.8000
v -8.0250 14.1250 34.3500
v -9.6750 14.1250 34.3500
v -8.2350 13.3750 33.9000
v -8.5050 13.3750 33.9000
v -8.2350 13.3750 37.8000
v -8.5050 13.3750 37.8000
v -8.2350 13.6450 33.9000
v -8.5050 13.6450 33.9000
v -8.2350 13.6450 37.8000
v -8.5050 13.6450 37.8000
v -9.1950 13.3750 33.9000
v -9.4650 13.3750 33.9000
v -9.1950 13.3750 37.8000
v -9.4650 13.3750 37.8000
v -9.1950 13.6450 33.9000
v -9.4650 13.6450 33.9000
v -9.1950 13.6450 37.8000
v -9.4650 13.6450 37.8000
f 17609 17610 17626 17625
f 17610 17611 17627 17626
f 17611 17612 17628 17627
f 17612 17613 17629 17628
f 17613 17614 17630 17629
f 17614 17615 17631 17630
f 17615 17616 17632 17631
f 17616 17617 17633 17632
f 17617 17618 17634 17633
f 17618 17619 17635 17634
f 17619 17620 17636 17635
f 17620 17621 17637 17636
f 17621 17622 17638 17637
f 17622 17623 17639 17638
f 17623 17624 17640 17639
f 17624 17609 17625 17640
f 17624 17623 17622 17621 17620 17619 17618 17617 17616 17615 17614 17613 17612 17611 17610 17609
f 17625 17626 17627 17628 17629 17630 17631 17632 17633 17634 17635 17636 17637 17638 17639 17640
f 17645 17647 17643 17641
f 17642 17644 17648 17646
f 17641 17642 17646 17645
f 17647 17648 17644 17643
f 17643 17644 17642 17641
f 17645 17646 17648 17647
f 17653 17655 17651 17649
f 17650 17652 17656 17654
f 17649 17650 17654 17653
f 17655 17656 17652 17651
f 17651 17652 17650 17649
f 17653 17654 17656 17655
f 17661 17663 17659 17657
f 17658 17660 17664 17662
f 17657 17658 17662 17661
f 17663 17664 17660 17659
f 17659 17660 17658 17657
f 17661 17662 17664 17663
o XL_Turret_6
usemtl Turret
v 7.4250 12.4000 33.0000
v 7.5335 12.4000 33.5453
v 7.8424 12.4000 34.0076
v 8.3047 12.4000 34.3165
v 8.8500 12.4000 34.4250
v 9.3953 12.4000 34.3165
v 9.8576 12.4000 34.0076
v 10.1665 12.4000 33.5453
v 10.2750 12.4000 33.0000
v 10.1665 12.4000 32.4547
v 9.8576 12.4000 31.9924
v 9.3953 12.4000 31.6835
v 8.8500 12.4000 31.5750
v 8.3047 12.4000 31.6835
v 7.8424 12.4000 31.9924
v 7.5335 12.4000 32.4547
v 7.4250 12.9250 33.0000
v 7.5335 12.9250 33.5453
v 7.8424 12.9250 34.0076
v 8.3047 12.9250 34.3165
v 8.8500 12.9250 34.4250
v 9.3953 12.9250 34.3165
v 9.8576 12.9250 34.0076
v 10.1665 12.9250 33.5453
v 10.2750 12.9250 33.0000
v 10.1665 12.9250 32.4547
v 9.8576 12.9250 31.9924
v 9.3953 12.9250 31.6835
v 8.8500 12.9250 31.5750
v 8.3047 12.9250 31.6835
v 7.8424 12.9250 31.9924
v 7.5335 12.9250 32.4547
v 10.0500 12.9250 31.8000
v 7.6500 12.9250 31.8000
v 10.0500 12.9250 34.3500
v 7.6500 12.9250 34.3500
v 9.6750 14.1250 31.8000
v 8.0250 14.1250 31.8000
v 9.6750 14.1250 34.3500
v 8.0250 14.1250 34.3500
v 9.4650 13.3750 33.9000
v 9.1950 13.3750 33.9000
v 9.4650 13.3750 37.8000
v 9.1950 13.3750 37.8000
v 9.4650 13.6450 33.9000
v 9.1950 13.6450 33.9000
v 9.4650 13.6450 37.8000
v 9.1950 13.6450 37.8000
v 8.5050 13.3750 33.9000
v 8.2350 13.3750 33.9000
v 8.5050 13.3750 37.8000
v 8.2350 13.3750 37.8000
v 8.5050 13.6450 33.9000
v 8.2350 13.6450 33.9000
v 8.5050 13.6450 37.8000
v 8.2350 13.6450 37.8000
f 17665 17666 17682 17681
f 17666 17667 17683 17682
f 17667 17668 17684 17683
f 17668 17669 17685 17684
f 17669 17670 17686 17685
f 17670 17671 17687 17686
f 17671 17672 17688 17687
f 17672 17673 17689 17688
f 17673 17674 17690 17689
f 17674 17675 17691 17690
f 17675 17676 17692 17691
f 17676 17677 17693 17692
f 17677 17678 17694 17693
f 17678 17679 17695 17694
f 17679 17680 17696 17695
f 17680 17665 17681 17696
f 17680 17679 17678 17677 17676 17675 17674 17673 17672 17671 17670 17669 17668 17667 17666 17665
f 17681 17682 17683 17684 17685 17686 17687 17688 17689 17690 17691 17692 17693 17694 17695 17696
f 17701 17703 17699 17697
f 17698 17700 17704 17702
f 17697 17698 17702 17701
f 17703 17704 17700 17699
f 17699 17700 17698 17697
f 17701 17702 17704 17703
f 17709 17711 17707 17705
f 17706 17708 17712 17710
f 17705 17706 17710 17709
f 17711 17712 17708 17707
f 17707 17708 17706 17705
f 17709 17710 17712 17711
f 17717 17719 17715 17713
f 17714 17716 17720 17718
f 17713 17714 17718 17717
f 17719 17720 17716 17715
f 17715 17716 17714 17713
f 17717 17718 17720 17719
o XL_Turret_7
usemtl Turret
v -10.2750 12.4000 -0.0000
v -10.1665 12.4000 0.5453
v -9.8576 12.4000 1.0076
v -9.3953 12.4000 1.3165
v -8.8500 12.4000 1.4250
v -8.3047 12.4000 1.3165
v -7.8424 12.4000 1.0076
v -7.5335 12.4000 0.5453
v -7.4250 12.4000 0.0000
v -7.5335 12.4000 -0.5453
v -7.8424 12.4000 -1.0076
v -8.3047 12.4000 -1.3165
v -8.8500 12.4000 -1.4250
v -9.3953 12.4000 -1.3165
v -9.8576 12.4000 -1.0076
v -10.1665 12.4000 -0.5453
v -10.2750 12.9250 -0.0000
v -10.1665 12.9250 0.5453
v -9.8576 12.9250 1.0076
v -9.3953 12.9250 1.3165
v -8.8500 12.9250 1.4250
v -8.3047 12.9250 1.3165
v -7.8424 12.9250 1.0076
v -7.5335 12.9250 0.5453
v -7.4250 12.9250 0.0000
v -7.5335 12.9250 -0.5453
v -7.8424 12.9250 -1.0076
v -8.3047 12.9250 -1.3165
v -8.8500 12.9250 -1.4250
v -9.3953 12.9250 -1.3165
v -9.8576 12.9250 -1.0076
v -10.1665 12.9250 -0.5453
v -7.6500 12.9250 -1.2000
v -10.0500 12.9250 -1.2000
v -7.6500 12.9250 1.3500
v -10.0500 12.9250 1.3500
v -8.0250 14.1250 -1.2000
v -9.6750 14.1250 -1.2000
v -8.0250 14.1250 1.3500
v -9.6750 14.1250 1.3500
v -8.2350 13.3750 0.9000
v -8.5050 13.3750 0.9000
v -8.2350 13.3750 4.8000
v -8.5050 13.3750 4.8000
v -8.2350 13.6450 0.9000
v -8.5050 13.6450 0.9000
v -8.2350 13.6450 4.8000
v -8.5050 13.6450 4.8000
v -9.1950 13.3750 0.9000
v -9.4650 13.3750 0.9000
v -9.1950 13.3750 4.8000
v -9.4650 13.3750 4.8000
v -9.1950 13.6450 0.9000
v -9.4650 13.6450 0.9000
v -9.1950 13.6450 4.8000
v -9.4650 13.6450 4.8000
f 17721 17722 17738 17737
f 17722 17723 17739 17738
f 17723 17724 17740 17739
f 17724 17725 17741 17740
f 17725 17726 17742 17741
f 17726 17727 17743 17742
f 17727 17728 17744 17743
f 17728 17729 17745 17744
f 17729 17730 17746 17745
f 17730 17731 17747 17746
f 17731 17732 17748 17747
f 17732 17733 17749 17748
f 17733 17734 17750 17749
f 17734 17735 17751 17750
f 17735 17736 17752 17751
f 17736 17721 17737 17752
f 17736 17735 17734 17733 17732 17731 17730 17729 17728 17727 17726 17725 17724 17723 17722 17721
f 17737 17738 17739 17740 17741 17742 17743 17744 17745 17746 17747 17748 17749 17750 17751 17752
f 17757 17759 17755 17753
f 17754 17756 17760 17758
f 17753 17754 17758 17757
f 17759 17760 17756 17755
f 17755 17756 17754 17753
f 17757 17758 17760 17759
f 17765 17767 17763 17761
f 17762 17764 17768 17766
f 17761 17762 17766 17765
f 17767 17768 17764 17763
f 17763 17764 17762 17761
f 17765 17766 17768 17767
f 17773 17775 17771 17769
f 17770 17772 17776 17774
f 17769 17770 17774 17773
f 17775 17776 17772 17771
f 17771 17772 17770 17769
f 17773 17774 17776 17775
o XL_Turret_8
usemtl Turret
v 7.4250 12.4000 -0.0000
v 7.5335 12.4000 0.5453
v 7.8424 12.4000 1.0076
v 8.3047 12.4000 1.3165
v 8.8500 12.4000 1.4250
v 9.3953 12.4000 1.3165
v 9.8576 12.4000 1.0076
v 10.1665 12.4000 0.5453
v 10.2750 12.4000 0.0000
v 10.1665 12.4000 -0.5453
v 9.8576 12.4000 -1.0076
v 9.3953 12.4000 -1.3165
v 8.8500 12.4000 -1.4250
v 8.3047 12.4000 -1.3165
v 7.8424 12.4000 -1.0076
v 7.5335 12.4000 -0.5453
v 7.4250 12.9250 -0.0000
v 7.5335 12.9250 0.5453
v 7.8424 12.9250 1.0076
v 8.3047 12.9250 1.3165
v 8.8500 12.9250 1.4250
v 9.3953 12.9250 1.3165
v 9.8576 12.9250 1.0076
v 10.1665 12.9250 0.5453
v 10.2750 12.9250 0.0000
v 10.1665 12.9250 -0.5453
v 9.8576 12.9250 -1.0076
v 9.3953 12.9250 -1.3165
v 8.8500 12.9250 -1.4250
v 8.3047 12.9250 -1.3165
v 7.8424 12.9250 -1.0076
v 7.5335 12.9250 -0.5453
v 10.0500 12.9250 -1.2000
v 7.6500 12.9250 -1.2000
v 10.0500 12.9250 1.3500
v 7.6500 12.9250 1.3500
v 9.6750 14.1250 -1.2000
v 8.0250 14.1250 -1.2000
v 9.6750 14.1250 1.3500
v 8.0250 14.1250 1.3500
v 9.4650 13.3750 0.9000
v 9.1950 13.3750 0.9000
v 9.4650 13.3750 4.8000
v 9.1950 13.3750 4.8000
v 9.4650 13.6450 0.9000
v 9.1950 13.6450 0.9000
v 9.4650 13.6450 4.8000
v 9.1950 13.6450 4.8000
v 8.5050 13.3750 0.9000
v 8.2350 13.3750 0.9000
v 8.5050 13.3750 4.8000
v 8.2350 13.3750 4.8000
v 8.5050 13.6450 0.9000
v 8.2350 13.6450 0.9000
v 8.5050 13.6450 4.8000
v 8.2350 13.6450 4.8000
f 17777 17778 17794 17793
f 17778 17779 17795 17794
f 17779 17780 17796 17795
f 17780 17781 17797 17796
f 17781 17782 17798 17797
f 17782 17783 17799 17798
f 17783 17784 17800 17799
f 17784 17785 17801 17800
f 17785 17786 17802 17801
f 17786 17787 17803 17802
f 17787 17788 17804 17803
f 17788 17789 17805 17804
f 17789 17790 17806 17805
f 17790 17791 17807 17806
f 17791 17792 17808 17807
f 17792 17777 17793 17808
f 17792 17791 17790 17789 17788 17787 17786 17785 17784 17783 17782 17781 17780 17779 17778 17777
f 17793 17794 17795 17796 17797 17798 17799 17800 17801 17802 17803 17804 17805 17806 17807 17808
f 17813 17815 17811 17809
f 17810 17812 17816 17814
f 17809 17810 17814 17813
f 17815 17816 17812 17811
f 17811 17812 17810 17809
f 17813 17814 17816 17815
f 17821 17823 17819 17817
f 17818 17820 17824 17822
f 17817 17818 17822 17821
f 17823 17824 17820 17819
f 17819 17820 17818 17817
f 17821 17822 17824 17823
f 17829 17831 17827 17825
f 17826 17828 17832 17830
f 17825 17826 17830 17829
f 17831 17832 17828 17827
f 17827 17828 17826 17825
f 17829 17830 17832 17831
o XL_Turret_9
usemtl Turret
v -7.4250 12.4000 -33.0000
v -7.5335 12.4000 -33.5453
v -7.8424 12.4000 -34.0076
v -8.3047 12.4000 -34.3165
v -8.8500 12.4000 -34.4250
v -9.3953 12.4000 -34.3165
v -9.8576 12.4000 -34.0076
v -10.1665 12.4000 -33.5453
v -10.2750 12.4000 -33.0000
v -10.1665 12.4000 -32.4547
v -9.8576 12.4000 -31.9924
v -9.3953 12.4000 -31.6835
v -8.8500 12.4000 -31.5750
v -8.3047 12.4000 -31.6835
v -7.8424 12.4000 -31.9924
v -7.5335 12.4000 -32.4547
v -7.4250 12.9250 -33.0000
v -7.5335 12.9250 -33.5453
v -7.8424 12.9250 -34.0076
v -8.3047 12.9250 -34.3165
v -8.8500 12.9250 -34.4250
v -9.3953 12.9250 -34.3165
v -9.8576 12.9250 -34.0076
v -10.1665 12.9250 -33.5453
v -10.2750 12.9250 -33.0000
v -10.1665 12.9250 -32.4547
v -9.8576 12.9250 -31.9924
v -9.3953 12.9250 -31.6835
v -8.8500 12.9250 -31.5750
v -8.3047 12.9250 -31.6835
v -7.8424 12.9250 -31.9924
v -7.5335 12.9250 -32.4547
v -10.0500 12.9250 -31.8000
v -7.6500 12.9250 -31.8000
v -10.0500 12.9250 -34.3500
v -7.6500 12.9250 -34.3500
v -9.6750 14.1250 -31.8000
v -8.0250 14.1250 -31.8000
v -9.6750 14.1250 -34.3500
v -8.0250 14.1250 -34.3500
v -9.4650 13.3750 -33.9000
v -9.1950 13.3750 -33.9000
v -9.4650 13.3750 -37.8000
v -9.1950 13.3750 -37.8000
v -9.4650 13.6450 -33.9000
v -9.1950 13.6450 -33.9000
v -9.4650 13.6450 -37.8000
v -9.1950 13.6450 -37.8000
v -8.5050 13.3750 -33.9000
v -8.2350 13.3750 -33.9000
v -8.5050 13.3750 -37.8000
v -8.2350 13.3750 -37.8000
v -8.5050 13.6450 -33.9000
v -8.2350 13.6450 -33.9000
v -8.5050 13.6450 -37.8000
v -8.2350 13.6450 -37.8000
f 17833 17834 17850 17849
f 17834 17835 17851 17850
f 17835 17836 17852 17851
f 17836 17837 17853 17852
f 17837 17838 17854 17853
f 17838 17839 17855 17854
f 17839 17840 17856 17855
f 17840 17841 17857 17856
f 17841 17842 17858 17857
f 17842 17843 17859 17858
f 17843 17844 17860 17859
f 17844 17845 17861 17860
f 17845 17846 17862 17861
f 17846 17847 17863 17862
f 17847 17848 17864 17863
f 17848 17833 17849 17864
f 17848 17847 17846 17845 17844 17843 17842 17841 17840 17839 17838 17837 17836 17835 17834 17833
f 17849 17850 17851 17852 17853 17854 17855 17856 17857 17858 17859 17860 17861 17862 17863 17864
f 17869 17871 17867 17865
f 17866 17868 17872 17870
f 17865 17866 17870 17869
f 17871 17872 17868 17867
f 17867 17868 17866 17865
f 17869 17870 17872 17871
f 17877 17879 17875 17873
f 17874 17876 17880 17878
f 17873 17874 17878 17877
f 17879 17880 17876 17875
f 17875 17876 17874 17873
f 17877 17878 17880 17879
f 17885 17887 17883 17881
f 17882 17884 17888 17886
f 17881 17882 17886 17885
f 17887 17888 17884 17883
f 17883 17884 17882 17881
f 17885 17886 17888 17887
o XL_Turret_10
usemtl Turret
v 10.2750 12.4000 -33.0000
v 10.1665 12.4000 -33.5453
v 9.8576 12.4000 -34.0076
v 9.3953 12.4000 -34.3165
v 8.8500 12.4000 -34.4250
v 8.3047 12.4000 -34.3165
v 7.8424 12.4000 -34.0076
v 7.5335 12.4000 -33.5453
v 7.4250 12.4000 -33.0000
v 7.5335 12.4000 -32.4547
v 7.8424 12.4000 -31.9924
v 8.3047 12.4000 -31.6835
v 8.8500 12.4000 -31.5750
v 9.3953 12.4000 -31.6835
v 9.8576 12.4000 -31.9924
v 10.1665 12.4000 -32.4547
v 10.2750 12.9250 -33.0000
v 10.1665 12.9250 -33.5453
v 9.8576 12.9250 -34.0076
v 9.3953 12.9250 -34.3165
v 8.8500 12.9250 -34.4250
v 8.3047 12.9250 -34.3165
v 7.8424 12.9250 -34.0076
v 7.5335 12.9250 -33.5453
v 7.4250 12.9250 -33.0000
v 7.5335 12.9250 -32.4547
v 7.8424 12.9250 -31.9924
v 8.3047 12.9250 -31.6835
v 8.8500 12.9250 -31.5750
v 9.3953 12.9250 -31.6835
v 9.8576 12.9250 -31.9924
v 10.1665 12.9250 -32.4547
v 7.6500 12.9250 -31.8000
v 10.0500 12.9250 -31.8000
v 7.6500 12.9250 -34.3500
v 10.0500 12.9250 -34.3500
v 8.0250 14.1250 -31.8000
v 9.6750 14.1250 -31.8000
v 8.0250 14.1250 -34.3500
v 9.6750 14.1250 -34.3500
v 8.2350 13.3750 -33.9000
v 8.5050 13.3750 -33.9000
v 8.2350 13.3750 -37.8000
v 8.5050 13.3750 -37.8000
v 8.2350 13.6450 -33.9000
v 8.5050 13.6450 -33.9000
v 8.2350 13.6450 -37.8000
v 8.5050 13.6450 -37.8000
v 9.1950 13.3750 -33.9000
v 9.4650 13.3750 -33.9000
v 9.1950 13.3750 -37.8000
v 9.4650 13.3750 -37.8000
v 9.1950 13.6450 -33.9000
v 9.4650 13.6450 -33.9000
v 9.1950 13.6450 -37.8000
v 9.4650 13.6450 -37.8000
f 17889 17890 17906 17905
f 17890 17891 17907 17906
f 17891 17892 17908 17907
f 17892 17893 17909 17908
f 17893 17894 17910 17909
f 17894 17895 17911 17910
f 17895 17896 17912 17911
f 17896 17897 17913 17912
f 17897 17898 17914 17913
f 17898 17899 17915 17914
f 17899 17900 17916 17915
f 17900 17901 17917 17916
f 17901 17902 17918 17917
f 17902 17903 17919 17918
f 17903 17904 17920 17919
f 17904 17889 17905 17920
f 17904 17903 17902 17901 17900 17899 17898 17897 17896 17895 17894 17893 17892 17891 17890 17889
f 17905 17906 17907 17908 17909 17910 17911 17912 17913 17914 17915 17916 17917 17918 17919 17920
f 17925 17927 17923 17921
f 17922 17924 17928 17926
f 17921 17922 17926 17925
f 17927 17928 17924 17923
f 17923 17924 17922 17921
f 17925 17926 17928 17927
f 17933 17935 17931 17929
f 17930 17932 17936 17934
f 17929 17930 17934 17933
f 17935 17936 17932 17931
f 17931 17932 17930 17929
f 17933 17934 17936 17935
f 17941 17943 17939 17937
f 17938 17940 17944 17942
f 17937 17938 17942 17941
f 17943 17944 17940 17939
f 17939 17940 17938 17937
f 17941 17942 17944 17943
o XL_Turret_11
usemtl Turret
v -7.4250 12.4000 -66.0000
v -7.5335 12.4000 -66.5453
v -7.8424 12.4000 -67.0076
v -8.3047 12.4000 -67.3165
v -8.8500 12.4000 -67.4250
v -9.3953 12.4000 -67.3165
v -9.8576 12.4000 -67.0076
v -10.1665 12.4000 -66.5453
v -10.2750 12.4000 -66.0000
v -10.1665 12.4000 -65.4547
v -9.8576 12.4000 -64.9924
v -9.3953 12.4000 -64.6835
v -8.8500 12.4000 -64.5750
v -8.3047 12.4000 -64.6835
v -7.8424 12.4000 -64.9924
v -7.5335 12.4000 -65.4547
v -7.4250 12.9250 -66.0000
v -7.5335 12.9250 -66.5453
v -7.8424 12.9250 -67.0076
v -8.3047 12.9250 -67.3165
v -8.8500 12.9250 -67.4250
v -9.3953 12.9250 -67.3165
v -9.8576 12.9250 -67.0076
v -10.1665 12.9250 -66.5453
v -10.2750 12.9250 -66.0000
v -10.1665 12.9250 -65.4547
v -9.8576 12.9250 -64.9924
v -9.3953 12.9250 -64.6835
v -8.8500 12.9250 -64.5750
v -8.3047 12.9250 -64.6835
v -7.8424 12.9250 -64.9924
v -7.5335 12.9250 -65.4547
v -10.0500 12.9250 -64.8000
v -7.6500 12.9250 -64.8000
v -10.0500 12.9250 -67.3500
v -7.6500 12.9250 -67.3500
v -9.6750 14.1250 -64.8000
v -8.0250 14.1250 -64.8000
v -9.6750 14.1250 -67.3500
v -8.0250 14.1250 -67.3500
v -9.4650 13.3750 -66.9000
v -9.1950 13.3750 -66.9000
v -9.4650 13.3750 -70.8000
v -9.1950 13.3750 -70.8000
v -9.4650 13.6450 -66.9000
v -9.1950 13.6450 -66.9000
v -9.4650 13.6450 -70.8000
v -9.1950 13.6450 -70.8000
v -8.5050 13.3750 -66.9000
v -8.2350 13.3750 -66.9000
v -8.5050 13.3750 -70.8000
v -8.2350 13.3750 -70.8000
v -8.5050 13.6450 -66.9000
v -8.2350 13.6450 -66.9000
v -8.5050 13.6450 -70.8000
v -8.2350 13.6450 -70.8000
f 17945 17946 17962 17961
f 17946 17947 17963 17962
f 17947 17948 17964 17963
f 17948 17949 17965 17964
f 17949 17950 17966 17965
f 17950 17951 17967 17966
f 17951 17952 17968 17967
f 17952 17953 17969 17968
f 17953 17954 17970 17969
f 17954 17955 17971 17970
f 17955 17956 17972 17971
f 17956 17957 17973 17972
f 17957 17958 17974 17973
f 17958 17959 17975 17974
f 17959 17960 17976 17975
f 17960 17945 17961 17976
f 17960 17959 17958 17957 17956 17955 17954 17953 17952 17951 17950 17949 17948 17947 17946 17945
f 17961 17962 17963 17964 17965 17966 17967 17968 17969 17970 17971 17972 17973 17974 17975 17976
f 17981 17983 17979 17977
f 17978 17980 17984 17982
f 17977 17978 17982 17981
f 17983 17984 17980 17979
f 17979 17980 17978 17977
f 17981 17982 17984 17983
f 17989 17991 17987 17985
f 17986 17988 17992 17990
f 17985 17986 17990 17989
f 17991 17992 17988 17987
f 17987 17988 17986 17985
f 17989 17990 17992 17991
f 17997 17999 17995 17993
f 17994 17996 18000 17998
f 17993 17994 17998 17997
f 17999 18000 17996 17995
f 17995 17996 17994 17993
f 17997 17998 18000 17999
o XL_Turret_12
usemtl Turret
v 10.2750 12.4000 -66.0000
v 10.1665 12.4000 -66.5453
v 9.8576 12.4000 -67.0076
v 9.3953 12.4000 -67.3165
v 8.8500 12.4000 -67.4250
v 8.3047 12.4000 -67.3165
v 7.8424 12.4000 -67.0076
v 7.5335 12.4000 -66.5453
v 7.4250 12.4000 -66.0000
v 7.5335 12.4000 -65.4547
v 7.8424 12.4000 -64.9924
v 8.3047 12.4000 -64.6835
v 8.8500 12.4000 -64.5750
v 9.3953 12.4000 -64.6835
v 9.8576 12.4000 -64.9924
v 10.1665 12.4000 -65.4547
v 10.2750 12.9250 -66.0000
v 10.1665 12.9250 -66.5453
v 9.8576 12.9250 -67.0076
v 9.3953 12.9250 -67.3165
v 8.8500 12.9250 -67.4250
v 8.3047 12.9250 -67.3165
v 7.8424 12.9250 -67.0076
v 7.5335 12.9250 -66.5453
v 7.4250 12.9250 -66.0000
v 7.5335 12.9250 -65.4547
v 7.8424 12.9250 -64.9924
v 8.3047 12.9250 -64.6835
v 8.8500 12.9250 -64.5750
v 9.3953 12.9250 -64.6835
v 9.8576 12.9250 -64.9924
v 10.1665 12.9250 -65.4547
v 7.6500 12.9250 -64.8000
v 10.0500 12.9250 -64.8000
v 7.6500 12.9250 -67.3500
v 10.0500 12.9250 -67.3500
v 8.0250 14.1250 -64.8000
v 9.6750 14.1250 -64.8000
v 8.0250 14.1250 -67.3500
v 9.6750 14.1250 -67.3500
v 8.2350 13.3750 -66.9000
v 8.5050 13.3750 -66.9000
v 8.2350 13.3750 -70.8000
v 8.5050 13.3750 -70.8000
v 8.2350 13.6450 -66.9000
v 8.5050 13.6450 -66.9000
v 8.2350 13.6450 -70.8000
v 8.5050 13.6450 -70.8000
v 9.1950 13.3750 -66.9000
v 9.4650 13.3750 -66.9000
v 9.1950 13.3750 -70.8000
v 9.4650 13.3750 -70.8000
v 9.1950 13.6450 -66.9000
v 9.4650 13.6450 -66.9000
v 9.1950 13.6450 -70.8000
v 9.4650 13.6450 -70.8000
f 18001 18002 18018 18017
f 18002 18003 18019 18018
f 18003 18004 18020 18019
f 18004 18005 18021 18020
f 18005 18006 18022 18021
f 18006 18007 18023 18022
f 18007 18008 18024 18023
f 18008 18009 18025 18024
f 18009 18010 18026 18025
f 18010 18011 18027 18026
f 18011 18012 18028 18027
f 18012 18013 18029 18028
f 18013 18014 18030 18029
f 18014 18015 18031 18030
f 18015 18016 18032 18031
f 18016 18001 18017 18032
f 18016 18015 18014 18013 18012 18011 18010 18009 18008 18007 18006 18005 18004 18003 18002 18001
f 18017 18018 18019 18020 18021 18022 18023 18024 18025 18026 18027 18028 18029 18030 18031 18032
f 18037 18039 18035 18033
f 18034 18036 18040 18038
f 18033 18034 18038 18037
f 18039 18040 18036 18035
f 18035 18036 18034 18033
f 18037 18038 18040 18039
f 18045 18047 18043 18041
f 18042 18044 18048 18046
f 18041 18042 18046 18045
f 18047 18048 18044 18043
f 18043 18044 18042 18041
f 18045 18046 18048 18047
f 18053 18055 18051 18049
f 18050 18052 18056 18054
f 18049 18050 18054 18053
f 18055 18056 18052 18051
f 18051 18052 18050 18049
f 18053 18054 18056 18055
o XL_PodSilo_1_Hatch-col
usemtl BreachPanel
v -5.2000 15.6000 17.0000
v -2.0000 15.6000 17.0000
v -5.2000 15.6000 8.8000
v -2.0000 15.6000 8.8000
v -5.2000 15.9000 17.0000
v -2.0000 15.9000 17.0000
v -5.2000 15.9000 8.8000
v -2.0000 15.9000 8.8000
f 18061 18063 18059 18057
f 18058 18060 18064 18062
f 18057 18058 18062 18061
f 18063 18064 18060 18059
f 18059 18060 18058 18057
f 18061 18062 18064 18063
o XL_PodSilo_2_Hatch-col
usemtl BreachPanel
v -1.6000 15.6000 17.0000
v 1.6000 15.6000 17.0000
v -1.6000 15.6000 8.8000
v 1.6000 15.6000 8.8000
v -1.6000 15.9000 17.0000
v 1.6000 15.9000 17.0000
v -1.6000 15.9000 8.8000
v 1.6000 15.9000 8.8000
f 18069 18071 18067 18065
f 18066 18068 18072 18070
f 18065 18066 18070 18069
f 18071 18072 18068 18067
f 18067 18068 18066 18065
f 18069 18070 18072 18071
o XL_PodSilo_3_Hatch-col
usemtl BreachPanel
v 2.0000 15.6000 17.0000
v 5.2000 15.6000 17.0000
v 2.0000 15.6000 8.8000
v 5.2000 15.6000 8.8000
v 2.0000 15.9000 17.0000
v 5.2000 15.9000 17.0000
v 2.0000 15.9000 8.8000
v 5.2000 15.9000 8.8000
f 18077 18079 18075 18073
f 18074 18076 18080 18078
f 18073 18074 18078 18077
f 18079 18080 18076 18075
f 18075 18076 18074 18073
f 18077 18078 18080 18079
o XL_PodSilo_4_Hatch-col
usemtl BreachPanel
v -5.2000 15.6000 8.4000
v -2.0000 15.6000 8.4000
v -5.2000 15.6000 0.2000
v -2.0000 15.6000 0.2000
v -5.2000 15.9000 8.4000
v -2.0000 15.9000 8.4000
v -5.2000 15.9000 0.2000
v -2.0000 15.9000 0.2000
f 18085 18087 18083 18081
f 18082 18084 18088 18086
f 18081 18082 18086 18085
f 18087 18088 18084 18083
f 18083 18084 18082 18081
f 18085 18086 18088 18087
o XL_PodSilo_5_Hatch-col
usemtl BreachPanel
v -1.6000 15.6000 8.4000
v 1.6000 15.6000 8.4000
v -1.6000 15.6000 0.2000
v 1.6000 15.6000 0.2000
v -1.6000 15.9000 8.4000
v 1.6000 15.9000 8.4000
v -1.6000 15.9000 0.2000
v 1.6000 15.9000 0.2000
f 18093 18095 18091 18089
f 18090 18092 18096 18094
f 18089 18090 18094 18093
f 18095 18096 18092 18091
f 18091 18092 18090 18089
f 18093 18094 18096 18095
o XL_PodSilo_6_Hatch-col
usemtl BreachPanel
v 2.0000 15.6000 8.4000
v 5.2000 15.6000 8.4000
v 2.0000 15.6000 0.2000
v 5.2000 15.6000 0.2000
v 2.0000 15.9000 8.4000
v 5.2000 15.9000 8.4000
v 2.0000 15.9000 0.2000
v 5.2000 15.9000 0.2000
f 18101 18103 18099 18097
f 18098 18100 18104 18102
f 18097 18098 18102 18101
f 18103 18104 18100 18099
f 18099 18100 18098 18097
f 18101 18102 18104 18103
o XL_PodSilo_7_Hatch-col
usemtl BreachPanel
v -5.2000 15.6000 -0.2000
v -2.0000 15.6000 -0.2000
v -5.2000 15.6000 -8.4000
v -2.0000 15.6000 -8.4000
v -5.2000 15.9000 -0.2000
v -2.0000 15.9000 -0.2000
v -5.2000 15.9000 -8.4000
v -2.0000 15.9000 -8.4000
f 18109 18111 18107 18105
f 18106 18108 18112 18110
f 18105 18106 18110 18109
f 18111 18112 18108 18107
f 18107 18108 18106 18105
f 18109 18110 18112 18111
o XL_PodSilo_8_Hatch-col
usemtl BreachPanel
v -1.6000 15.6000 -0.2000
v 1.6000 15.6000 -0.2000
v -1.6000 15.6000 -8.4000
v 1.6000 15.6000 -8.4000
v -1.6000 15.9000 -0.2000
v 1.6000 15.9000 -0.2000
v -1.6000 15.9000 -8.4000
v 1.6000 15.9000 -8.4000
f 18117 18119 18115 18113
f 18114 18116 18120 18118
f 18113 18114 18118 18117
f 18119 18120 18116 18115
f 18115 18116 18114 18113
f 18117 18118 18120 18119
o XL_PodSilo_9_Hatch-col
usemtl BreachPanel
v 2.0000 15.6000 -0.2000
v 5.2000 15.6000 -0.2000
v 2.0000 15.6000 -8.4000
v 5.2000 15.6000 -8.4000
v 2.0000 15.9000 -0.2000
v 5.2000 15.9000 -0.2000
v 2.0000 15.9000 -8.4000
v 5.2000 15.9000 -8.4000
f 18125 18127 18123 18121
f 18122 18124 18128 18126
f 18121 18122 18126 18125
f 18127 18128 18124 18123
f 18123 18124 18122 18121
f 18125 18126 18128 18127
